lon,lat,elev_m,bouguer_mGal,acc_raw,local_x_perp_m,local_y_along_m
131.855468,-25.862242,593.1,-131.275,2.00,15745.6,483896.9
131.784628,-25.790242,580.4,-132.665,2.00,23751.6,476817.3
131.918297,-25.801901,573.2,-125.443,2.00,22455.2,490175.9
131.945465,-25.696070,551.2,-138.482,2.00,34223.1,492891.0
131.671298,-25.704403,556.9,-141.555,2.00,33296.5,465491.3
131.881295,-25.616070,532.5,-134.006,2.00,43118.7,486478.0
131.954628,-25.956901,595.5,-127.278,2.00,5220.0,493806.8
131.871299,-25.948572,605.2,-127.894,2.00,6146.1,485479.0
131.797969,-25.959402,628.0,-129.945,2.00,4941.9,478150.6
131.714970,-25.950243,644.5,-131.081,2.00,5960.3,469855.8
131.670970,-25.907743,623.7,-134.499,2.00,10686.1,465458.5
131.661299,-25.838573,599.0,-135.466,2.00,18377.5,464492.0
131.684628,-25.773573,574.0,-136.940,2.00,25605.1,466823.5
131.726297,-25.726072,562.0,-135.038,2.00,30887.0,470987.8
131.767967,-25.675242,546.5,-140.964,2.00,36539.0,475152.2
131.791796,-25.621901,534.4,-136.284,2.00,42470.3,477533.7
131.804625,-25.561071,524.9,-119.044,2.00,49234.3,478815.8
126.584662,-25.608618,469.9,-32.449,0.10,43947.3,-42857.2
126.618002,-25.646948,486.1,-27.202,0.10,39685.2,-39525.3
126.664663,-25.706948,525.5,-6.518,0.10,33013.5,-34862.1
126.669663,-25.771948,547.4,-11.725,0.10,25785.8,-34362.4
126.686334,-25.850288,549.2,-20.358,0.10,17074.8,-32696.3
126.613005,-25.871949,529.2,-24.747,0.10,14666.2,-40024.7
126.526335,-25.886950,491.0,-32.829,0.10,12998.2,-48686.3
126.541337,-25.990290,487.5,-44.008,0.10,1507.3,-47187.1
126.551337,-26.075291,485.6,-38.937,0.10,-7944.4,-46187.7
128.609649,-25.588599,600.2,-81.545,0.10,46173.3,159516.0
128.556321,-25.725271,586.6,-59.176,0.10,30976.1,154186.5
128.572991,-25.756931,605.0,-57.781,0.10,27455.6,155852.5
128.610151,-25.811931,578.1,-55.108,0.10,21339.9,159566.2
128.657992,-25.861930,590.6,-60.845,0.10,15780.3,164347.4
128.689652,-25.925270,608.6,-51.921,0.10,8737.2,167511.4
128.607993,-25.945271,614.1,-47.758,0.10,6513.2,159350.5
128.532994,-25.965272,586.0,-42.415,0.10,4289.2,151855.3
128.471324,-25.998603,586.2,-32.887,0.10,582.9,145692.1
128.317995,-26.005274,567.9,-6.518,0.10,-158.8,130368.7
128.224656,-25.991935,533.0,-24.301,0.10,1324.4,121040.6
128.142997,-25.993606,520.6,-24.787,0.10,1138.6,112879.7
128.086327,-26.038607,504.2,17.715,0.10,-3865.3,107216.3
128.036328,-26.083607,497.4,31.390,0.10,-8869.1,102219.5
127.967999,-26.121938,501.6,1.830,0.10,-13131.3,95390.8
127.894659,-26.110279,484.2,-6.525,0.10,-11834.9,88061.3
127.833000,-26.095279,475.2,4.064,0.10,-10166.9,81899.2
127.761330,-26.073610,481.0,13.196,0.10,-7757.5,74736.7
127.694661,-26.095280,467.8,12.791,0.10,-10167.1,68073.9
127.628001,-26.075281,488.9,18.484,0.10,-7943.3,61412.0
127.549661,-26.058612,495.5,45.093,0.10,-6089.8,53582.9
127.483001,-26.031942,533.1,51.333,0.10,-3124.2,46921.0
127.418002,-26.021943,519.0,41.143,0.10,-2012.4,40425.1
127.351332,-26.048613,488.6,31.784,0.10,-4977.9,33762.3
127.294663,-26.045284,478.9,21.923,0.10,-4607.8,28098.9
127.219663,-26.060285,480.7,-7.045,0.10,-6275.8,20603.5
127.163004,-26.095285,481.4,-18.986,0.10,-10167.6,14941.1
127.101335,-26.141946,512.4,-16.738,0.10,-15356.1,8778.1
127.053005,-26.168617,482.2,-11.845,0.10,-18321.8,3948.1
126.988006,-26.186947,490.3,-0.989,0.10,-20360.0,-2547.8
126.924667,-26.205288,494.8,-2.780,0.10,-22399.4,-8877.8
126.849667,-26.220289,482.5,-16.204,0.10,-24067.4,-16373.2
126.788008,-26.211949,496.5,-25.041,0.10,-23140.1,-22535.2
126.718008,-26.190290,497.1,-32.740,0.10,-20731.7,-29530.9
126.654668,-26.165290,481.2,-37.000,0.10,-17951.8,-35861.0
126.584663,-25.706948,489.5,0.034,0.10,33013.5,-42857.1
127.142998,-25.555283,570.7,-59.966,3.00,49877.9,12941.8
126.543003,-25.635288,454.1,-22.036,3.00,40981.7,-47020.6
126.684662,-25.646947,526.7,-36.906,3.00,39685.3,-32863.4
126.779661,-25.653616,522.9,-52.114,3.00,38943.7,-23369.4
126.851331,-25.651946,485.8,-57.213,3.00,39129.4,-16206.9
126.951330,-25.651945,486.7,-65.453,3.00,39129.5,-6213.1
127.054660,-25.648614,512.0,-60.373,3.00,39499.9,4113.5
127.151329,-25.650283,549.9,-50.221,3.00,39314.4,13774.4
127.251328,-25.651942,535.9,-40.964,3.00,39129.9,23768.1
127.356328,-25.645281,504.4,9.602,3.00,39870.5,34261.6
127.457997,-25.651940,511.2,20.053,3.00,39130.1,44422.2
127.459658,-25.755281,502.7,35.311,3.00,27639.1,44588.2
127.346329,-25.748612,495.5,2.089,3.00,28380.7,33262.3
127.254659,-25.748613,523.0,-9.459,3.00,28380.6,24101.0
127.139660,-25.750284,547.9,-46.500,3.00,28194.7,12608.2
127.046331,-25.751944,536.5,-54.590,3.00,28010.2,3281.1
126.949661,-25.743615,496.6,-53.570,3.00,28936.3,-6379.9
126.851332,-25.751946,488.1,-52.710,3.00,28009.9,-16206.8
126.763002,-25.741947,522.4,-26.574,3.00,29121.8,-25034.3
126.598004,-25.798619,524.0,-17.387,3.00,22820.1,-41523.9
126.531334,-25.770289,487.5,-7.514,3.00,25970.3,-48186.7
126.748004,-25.851948,546.4,-23.897,3.00,16890.2,-26533.2
126.851333,-25.843617,506.6,-44.906,3.00,17816.6,-16206.7
126.954662,-25.845286,491.3,-50.150,3.00,17631.0,-5880.2
127.056332,-25.843615,525.5,-40.079,3.00,17816.8,4280.5
127.148001,-25.845284,538.0,-27.677,3.00,17631.2,13441.8
127.244661,-25.850283,493.3,1.600,3.00,17075.4,23101.8
127.339660,-25.848612,501.9,20.118,3.00,17261.2,32595.8
127.449659,-25.848611,540.2,25.477,3.00,17261.3,43588.9
127.458001,-25.956942,553.7,40.240,3.00,5215.4,44422.6
127.354661,-25.938613,512.5,36.511,3.00,7253.5,34095.0
127.249662,-25.948614,488.6,14.380,3.00,6141.5,23601.6
127.151332,-25.928615,523.4,-14.077,3.00,8365.2,13774.7
127.051333,-25.948616,523.2,-40.062,3.00,6141.2,3781.0
126.961333,-25.945286,502.0,-46.453,3.00,6511.5,-5213.5
126.856334,-25.945287,522.4,-37.275,3.00,6511.4,-15706.9
126.738005,-25.955288,558.5,-28.157,3.00,5399.3,-27532.4
126.649665,-25.940289,524.1,-31.891,3.00,7067.2,-36361.0
128.954646,-25.556926,642.9,-77.209,3.00,49695.2,193994.4
128.457990,-25.565271,589.1,-83.596,3.00,48767.3,144359.5
128.356320,-25.555272,562.5,-56.191,3.00,49879.1,134198.8
128.249651,-25.556933,556.4,-46.635,3.00,49694.4,123538.5
128.152992,-25.556933,560.7,-47.397,3.00,49694.4,113878.6
128.049653,-25.651935,588.3,-46.930,3.00,39130.7,103551.1
128.154653,-25.643604,604.6,-52.477,3.00,40057.0,114044.6
128.249652,-25.663603,586.7,-55.878,3.00,37833.2,123538.6
128.352991,-25.646932,592.1,-46.917,3.00,39687.0,133866.1
128.452991,-25.646931,583.5,-68.580,3.00,39687.1,143859.9
128.667989,-25.670269,613.7,-66.232,3.00,37092.0,165346.4
128.749649,-25.646928,634.9,-65.245,3.00,39687.4,173507.4
128.847988,-25.658598,634.0,-56.016,3.00,38389.8,183335.2
128.957987,-25.648597,627.1,-49.105,3.00,39501.8,194328.3
128.947988,-25.750267,619.4,-38.095,3.00,28196.6,193329.0
128.851319,-25.751928,614.4,-46.957,3.00,28011.9,183668.1
128.752990,-25.745269,612.3,-57.325,3.00,28752.4,173841.3
128.666320,-25.755270,597.5,-59.524,3.00,27640.3,165179.6
128.447992,-25.748602,568.2,-57.566,3.00,28381.8,143360.4
128.364652,-25.751932,588.9,-37.456,3.00,28011.5,135031.5
128.256323,-25.751933,578.0,-60.531,3.00,28011.4,124205.3
128.146324,-25.748604,564.8,-62.936,3.00,28381.6,113212.2
128.046324,-25.748605,572.5,-51.146,3.00,28381.4,103218.4
128.037995,-25.826936,545.0,-57.852,3.00,19671.4,102386.0
128.156325,-25.850275,536.8,-59.891,3.00,17076.3,114211.7
128.249654,-25.845274,539.3,-67.188,3.00,17632.3,123538.8
128.312994,-25.846933,544.4,-62.681,3.00,17447.9,129868.9
128.449653,-25.853602,559.1,-41.581,3.00,16706.3,143526.4
128.552992,-25.853601,572.9,-54.520,3.00,16706.4,153853.9
128.761321,-25.850269,601.0,-54.595,3.00,17076.9,174673.9
128.856320,-25.840268,611.7,-47.474,3.00,18189.0,184167.9
128.964649,-25.853598,665.9,-40.546,3.00,16706.8,194994.1
128.996321,-25.996928,642.1,-23.570,3.00,769.2,198159.3
128.954651,-25.946928,642.5,-35.896,3.00,6328.9,193994.9
128.867991,-25.950269,627.0,-36.169,3.00,5957.4,185334.2
128.749652,-25.948600,609.8,-43.385,3.00,6143.0,173507.7
128.452994,-25.948603,557.8,-48.300,3.00,6142.7,143860.2
128.352995,-25.948604,555.5,-42.726,3.00,6142.6,133866.5
128.249655,-25.950275,531.6,-48.782,3.00,5956.8,123538.9
128.142996,-25.937775,521.0,-62.534,3.00,7346.7,112879.6
128.044657,-25.951936,506.5,-43.102,3.00,5772.1,103051.8
128.314656,-26.008604,563.1,-6.775,3.00,-529.1,130035.0
128.746323,-26.000270,605.5,-10.472,3.00,397.6,173175.0
127.561325,-25.556939,558.5,-28.805,3.00,49693.7,54748.6
127.656325,-25.556938,558.0,-36.549,3.00,49693.8,64242.7
127.754654,-25.561937,521.1,-49.415,3.00,49138.0,74069.5
127.864653,-25.556936,533.3,-43.468,3.00,49694.1,85062.6
127.952994,-25.656936,571.6,-40.043,3.00,38574.6,93891.2
127.851325,-25.650277,541.0,-45.797,3.00,39315.0,83730.6
127.752995,-25.648607,520.4,-45.584,3.00,39500.7,73903.7
127.652996,-25.650278,538.5,-34.463,3.00,39314.9,63910.0
127.549657,-25.650279,520.1,2.278,3.00,39314.8,53582.5
127.547998,-25.746940,508.5,17.386,3.00,28566.6,53416.7
127.664657,-25.756939,524.6,-2.643,3.00,27454.7,65075.4
127.747996,-25.748608,525.6,-24.954,3.00,28381.1,73404.1
127.846326,-25.750277,540.9,-52.510,3.00,28195.5,83231.0
127.944655,-25.746936,561.9,-52.050,3.00,28567.0,93057.8
127.949656,-25.855277,534.4,-49.436,3.00,16520.1,93557.6
127.851327,-25.851938,518.3,-27.540,3.00,16891.3,83730.8
127.749658,-25.855279,521.7,-2.258,3.00,16519.8,73570.2
127.661328,-25.861939,532.4,0.260,3.00,15779.3,64742.7
127.547999,-25.858610,559.8,20.425,3.00,16149.4,53416.8
127.554660,-25.955281,532.3,50.164,3.00,5400.1,54082.5
127.651329,-25.953610,510.9,8.582,3.00,5585.9,63743.4
127.756328,-25.940609,507.2,-8.150,3.00,7031.6,74236.8
127.847998,-25.951938,496.5,-17.225,3.00,5771.8,83398.1
127.959657,-25.955277,502.9,-35.476,3.00,5400.6,94557.1
129.216315,-25.581924,657.6,-40.897,3.00,46915.5,220145.1
129.377983,-25.576922,684.6,-33.293,3.00,47471.7,236301.9
130.457976,-25.648583,671.0,-98.851,3.00,39503.4,344234.3
130.351307,-25.648584,657.9,-95.354,3.00,39503.3,333574.0
130.262978,-25.661915,688.8,-84.673,3.00,38020.9,324746.5
130.151309,-25.650256,697.8,-72.022,3.00,39317.4,313586.6
130.049639,-25.645257,705.9,-57.537,3.00,39873.2,303425.9
129.941310,-25.650258,683.8,-42.122,3.00,39317.1,292599.7
129.751312,-25.653589,687.2,-31.393,3.00,38946.7,273611.6
129.649642,-25.645260,685.0,-29.446,3.00,39872.9,263450.9
129.546313,-25.646921,673.0,-36.891,3.00,39688.2,253124.4
129.449644,-25.648592,668.9,-30.797,3.00,39502.4,243463.5
129.351314,-25.641923,660.8,-31.682,3.00,40243.9,233636.6
129.234645,-25.638594,652.5,-28.969,3.00,40614.1,221976.9
129.149646,-25.650265,641.6,-30.467,3.00,39316.4,213482.3
129.077986,-25.603595,648.0,-44.821,3.00,44505.8,206320.7
129.054648,-25.775266,619.7,-33.841,3.00,25416.9,203988.4
129.137987,-25.750265,621.8,-33.866,3.00,28196.9,212317.1
129.252986,-25.748594,641.1,-29.710,3.00,28382.7,223809.9
129.342986,-25.746924,653.9,-32.969,3.00,28568.4,232804.3
129.439645,-25.740263,666.5,-29.707,3.00,29309.0,242464.2
129.557984,-25.753592,661.6,-27.115,3.00,27826.9,254290.8
129.649643,-25.750261,660.1,-27.944,3.00,28197.3,263451.0
129.734643,-25.760260,663.1,-32.934,3.00,27085.5,271945.8
129.844642,-25.741919,664.2,-30.076,3.00,29124.9,282938.9
129.934641,-25.753588,678.3,-32.168,3.00,27827.4,291933.2
130.054640,-25.745257,679.3,-48.844,3.00,28753.7,303925.7
130.154640,-25.741916,676.8,-64.038,3.00,29125.2,313919.5
130.252979,-25.745255,677.2,-81.298,3.00,28753.9,323747.3
130.346308,-25.746915,689.4,-94.964,3.00,28569.4,333074.4
130.456307,-25.746914,713.8,-108.607,3.00,28569.5,344067.5
130.459639,-25.850254,668.2,-111.625,3.00,17078.6,344400.5
130.324640,-25.845255,675.0,-94.770,3.00,17634.5,330908.9
130.249640,-25.848586,689.4,-80.075,3.00,17264.1,323413.6
130.147981,-25.850257,692.5,-58.730,3.00,17078.3,313254.0
130.047982,-25.848588,694.0,-38.644,3.00,17263.8,303260.3
129.946312,-25.851919,704.7,-34.278,3.00,16893.5,293099.6
129.857983,-25.841919,699.7,-29.485,3.00,18005.4,284272.1
129.756314,-25.848590,707.8,-33.370,3.00,17263.6,274111.5
129.661314,-25.851921,681.9,-31.144,3.00,16893.2,264617.4
129.547985,-25.853592,696.6,-34.281,3.00,16707.4,253291.5
129.429646,-25.857423,671.8,-30.934,3.00,16281.4,241465.0
129.337987,-25.845264,656.4,-34.437,3.00,17633.5,232304.7
129.254647,-25.846925,646.1,-33.987,3.00,17448.8,223975.9
129.151318,-25.846926,634.9,-36.385,3.00,17448.6,213649.4
129.052989,-25.855267,631.4,-38.919,3.00,16521.2,203822.6
129.029650,-25.938597,646.2,-39.053,3.00,7255.3,201490.1
129.152989,-25.936926,664.6,-30.863,3.00,7441.1,213816.4
129.262988,-25.940265,670.4,-27.015,3.00,7069.8,224809.5
129.346318,-25.948595,697.0,-28.758,3.00,6143.6,233137.3
129.456317,-25.968594,715.4,-33.238,3.00,3919.8,244130.4
129.502987,-26.008593,700.5,-33.107,3.00,-527.9,248794.5
129.547986,-25.945263,706.7,-40.664,3.00,6514.1,253291.6
129.757985,-25.951921,707.7,-42.635,3.00,5773.7,274278.5
129.842984,-25.950260,715.6,-38.605,3.00,5958.4,282773.2
129.959643,-25.948589,747.6,-39.253,3.00,6144.2,294431.8
130.001314,-25.998589,784.9,-45.191,3.00,584.5,298596.4
130.044643,-25.948588,771.4,-42.494,3.00,6144.3,302926.6
130.154642,-25.946917,715.4,-61.480,3.00,6330.2,313919.7
130.256311,-25.948586,680.5,-74.898,3.00,6144.6,324080.3
130.366310,-25.956915,657.8,-99.067,3.00,5218.4,335073.3
130.451310,-25.950255,644.9,-107.639,3.00,5959.0,343568.1
130.497980,-25.991914,638.4,-109.720,3.00,1326.7,348232.2
129.852981,-25.645259,694.6,-35.228,3.00,39873.0,283772.2
129.644645,-25.930262,700.5,-38.922,3.00,8182.1,262951.5
130.747973,-25.561910,603.6,-105.846,3.00,49141.0,373216.0
130.546306,-25.651912,662.4,-104.757,3.00,39133.2,353061.8
130.656305,-25.653581,663.5,-109.675,3.00,38947.6,364054.9
130.731304,-25.648581,626.4,-114.610,3.00,39503.6,371550.1
130.859633,-25.649410,615.9,-116.157,3.00,39411.4,384375.1
130.957973,-25.643579,594.9,-124.298,3.00,40059.8,394203.0
131.049632,-25.636908,579.8,-123.638,3.00,40801.6,403363.2
131.146301,-25.646907,570.1,-127.201,3.00,39689.7,413024.1
131.247970,-25.641906,562.5,-126.379,3.00,40245.8,423184.7
131.351300,-25.648575,569.7,-126.954,3.00,39504.3,433511.3
131.452969,-25.648574,551.0,-135.964,3.00,39504.4,443671.9
131.551298,-25.646903,552.8,-132.539,3.00,39690.2,453498.8
131.650967,-25.656903,557.1,-140.580,3.00,38578.2,463459.5
131.554969,-25.751904,584.2,-137.251,3.00,28014.6,453865.6
131.447970,-25.750245,593.4,-139.991,3.00,28199.1,443172.4
131.357971,-25.746905,583.1,-142.521,3.00,28570.5,434178.0
131.239631,-25.743577,582.5,-136.549,3.00,28940.5,422351.4
131.152972,-25.746907,600.4,-131.232,3.00,28570.3,413690.8
131.051303,-25.746908,608.6,-127.569,3.00,28570.1,403530.2
130.944634,-25.745249,624.1,-129.224,3.00,28754.6,392869.9
130.852974,-25.745250,643.7,-129.438,3.00,28754.5,383709.6
130.724636,-25.756911,665.3,-122.649,3.00,27457.9,370883.8
130.646306,-25.746912,688.7,-118.324,3.00,28569.7,363055.6
130.552977,-25.748583,713.0,-115.609,3.00,28383.9,353728.5
130.649637,-25.851912,688.8,-122.321,3.00,16894.2,363388.5
130.767976,-25.856911,681.8,-124.661,3.00,16338.4,375215.1
130.846306,-25.849411,661.0,-125.559,3.00,17172.3,383043.2
130.946305,-25.851910,647.6,-131.748,3.00,16894.5,393036.9
131.049634,-25.848579,660.9,-134.530,3.00,17264.8,403363.4
131.146303,-25.846908,631.5,-136.499,3.00,17450.6,413024.3
131.357972,-25.850246,635.7,-140.282,3.00,17079.5,434178.1
131.457971,-25.841905,628.1,-136.374,3.00,18007.0,444171.8
131.550970,-25.843574,610.0,-133.028,3.00,17821.4,453466.0
131.662970,-25.938574,644.0,-132.550,3.00,7257.9,464659.0
131.563801,-25.920244,643.8,-124.857,3.00,9296.1,454748.3
131.499632,-25.996905,656.6,-126.819,3.00,771.7,448335.4
131.447972,-25.948576,637.5,-130.321,3.00,6145.7,443172.6
131.249634,-25.950247,622.3,-133.070,3.00,5959.9,423351.0
131.142974,-25.951908,656.8,-133.143,3.00,5775.2,412691.6
131.044635,-25.961909,748.6,-129.423,3.00,4663.1,402863.8
131.011306,-26.001910,746.0,-125.069,3.00,215.2,399533.0
130.944636,-25.953580,698.2,-127.444,3.00,5589.3,392870.1
130.864637,-25.950251,691.6,-125.535,3.00,5959.4,384875.2
130.754637,-25.951912,696.3,-121.310,3.00,5774.7,373882.0
130.646308,-25.951913,683.4,-118.222,3.00,5774.6,363055.8
130.546309,-25.945254,646.8,-115.679,3.00,6515.1,353062.1
131.192970,-25.613576,548.4,-117.446,3.00,43396.0,417688.1
131.084634,-25.883579,671.3,-133.486,3.00,13373.0,406861.3
130.737977,-25.898582,688.1,-120.740,3.00,11704.8,372217.0
130.546308,-25.886913,670.0,-116.811,3.00,13002.3,353062.0
131.337973,-25.938576,628.9,-136.980,3.00,7257.6,432179.5
126.569508,-26.138121,455.9,-35.353,1.00,-14930.8,-44371.7
126.562008,-26.140291,455.0,-35.717,1.00,-15172.1,-45121.2
126.554168,-26.143951,454.1,-37.782,1.00,-15579.0,-45904.8
126.547338,-26.147621,451.9,-39.302,1.00,-15987.1,-46587.3
126.541338,-26.149621,449.8,-40.473,1.00,-16209.5,-47187.0
126.535168,-26.153621,448.6,-42.518,1.00,-16654.3,-47803.6
126.528508,-26.157952,446.8,-43.998,1.00,-17135.9,-48469.2
126.521009,-26.160792,445.2,-45.132,1.00,-17451.7,-49218.6
126.514840,-26.254622,429.7,-68.136,1.00,-27885.1,-49835.1
126.519340,-26.258452,428.5,-68.108,1.00,-28311.0,-49385.4
126.525170,-26.261622,429.1,-67.854,1.00,-28663.4,-48802.8
126.526010,-26.267792,427.5,-68.912,1.00,-29349.5,-48718.8
126.530340,-26.265792,427.2,-67.239,1.00,-29127.1,-48286.1
126.536510,-26.261792,428.8,-64.823,1.00,-28682.3,-47669.5
126.543840,-26.260622,430.3,-63.800,1.00,-28552.2,-46936.9
126.547010,-26.262122,435.2,-63.595,1.00,-28719.0,-46620.1
126.542510,-26.267122,432.1,-64.999,1.00,-29275.0,-47069.8
126.537010,-26.271792,426.9,-66.909,1.00,-29794.3,-47619.5
126.531510,-26.276952,429.7,-68.365,1.00,-30368.1,-48169.1
126.526010,-26.281622,429.7,-69.732,1.00,-30887.3,-48718.8
126.520170,-26.287452,427.9,-71.901,1.00,-31535.6,-49302.4
126.514670,-26.292292,423.9,-72.932,1.00,-32073.8,-49852.1
126.552739,-26.257722,433.3,-61.432,1.00,-28229.8,-46047.6
126.558439,-26.260622,438.8,-61.517,1.00,-28552.2,-45477.9
126.563839,-26.263222,440.4,-61.452,1.00,-28841.4,-44938.3
126.570139,-26.266222,443.1,-61.518,1.00,-29174.9,-44308.6
126.577139,-26.269122,443.4,-60.613,1.00,-29497.4,-43609.1
126.583839,-26.271722,446.1,-59.778,1.00,-29786.5,-42939.5
126.591439,-26.275222,453.4,-59.417,1.00,-30175.7,-42180.0
126.597339,-26.277922,450.4,-59.003,1.00,-30475.9,-41590.3
126.602339,-26.280122,455.0,-58.313,1.00,-30720.6,-41090.6
126.608439,-26.282722,449.5,-57.518,1.00,-31009.7,-40481.0
126.614939,-26.285722,450.4,-57.041,1.00,-31343.2,-39831.4
126.620339,-26.288621,458.9,-57.639,1.00,-31665.6,-39291.8
126.625339,-26.291421,452.8,-57.920,1.00,-31976.9,-38792.1
126.632339,-26.294421,455.3,-58.425,1.00,-32310.5,-38092.5
126.633839,-26.295121,458.6,-58.750,1.00,-32388.4,-37942.6
126.630140,-26.299721,456.2,-60.235,1.00,-32899.9,-38312.3
126.625640,-26.304222,464.7,-61.813,1.00,-33400.3,-38762.0
126.623840,-26.306422,464.7,-61.655,1.00,-33645.0,-38941.9
126.630940,-26.307122,457.7,-62.158,1.00,-33722.8,-38232.3
126.638240,-26.308121,457.7,-62.183,1.00,-33833.9,-37502.8
126.644840,-26.308951,461.4,-61.892,1.00,-33926.2,-36843.2
126.651340,-26.312121,463.8,-61.890,1.00,-34278.7,-36193.6
126.656140,-26.314791,460.5,-61.505,1.00,-34575.6,-35713.9
126.661010,-26.319291,464.4,-62.295,1.00,-35075.9,-35227.2
126.667510,-26.322621,463.8,-61.578,1.00,-35446.2,-34577.6
126.673670,-26.325791,460.8,-61.029,1.00,-35798.7,-33962.0
126.680170,-26.327451,463.2,-60.136,1.00,-35983.3,-33312.4
126.686670,-26.330791,462.0,-59.170,1.00,-36354.7,-32662.8
126.690510,-26.332951,467.2,-58.732,1.00,-36594.9,-32279.0
126.685170,-26.338291,464.7,-61.806,1.00,-37188.6,-32812.7
126.680010,-26.343291,456.5,-63.454,1.00,-37744.6,-33328.3
126.674840,-26.349291,455.0,-64.695,1.00,-38411.8,-33845.0
126.670840,-26.354451,449.8,-65.240,1.00,-38985.6,-34244.8
126.665510,-26.359951,447.4,-65.111,1.00,-39597.1,-34777.4
126.660670,-26.365292,454.4,-64.636,1.00,-40191.0,-35261.1
126.657010,-26.369452,459.6,-64.311,1.00,-40653.6,-35626.9
126.653170,-26.375292,458.6,-63.510,1.00,-41303.0,-36010.7
126.649170,-26.380292,451.6,-63.017,1.00,-41858.9,-36410.4
126.578840,-26.353792,418.7,-68.277,1.00,-38912.3,-43439.1
126.583340,-26.348952,426.3,-67.422,1.00,-38374.1,-42989.4
126.588340,-26.343792,429.1,-66.233,1.00,-37800.3,-42489.7
126.593340,-26.338622,433.0,-66.458,1.00,-37225.5,-41990.0
126.600510,-26.330952,435.5,-65.335,1.00,-36372.6,-41273.4
126.605140,-26.325422,439.7,-63.742,1.00,-35757.7,-40810.7
126.610140,-26.325222,450.4,-62.390,1.00,-35735.4,-40311.0
126.615640,-26.314922,459.9,-61.247,1.00,-34590.1,-39761.4
126.619940,-26.310122,470.2,-62.268,1.00,-34056.4,-39331.6
126.557439,-26.252222,434.6,-60.419,1.00,-27618.2,-45577.9
126.561839,-26.247222,432.7,-58.133,1.00,-27062.2,-45138.1
126.566839,-26.241722,432.4,-55.266,1.00,-26450.7,-44638.4
126.572439,-26.236922,436.1,-51.973,1.00,-25916.9,-44078.8
126.578439,-26.231622,446.4,-49.625,1.00,-25327.6,-43479.2
126.583839,-26.226421,449.2,-46.733,1.00,-24749.3,-42939.5
126.587339,-26.223121,453.4,-43.973,1.00,-24382.3,-42589.7
126.643510,-26.385452,456.2,-63.404,1.00,-42432.7,-36976.1
126.637841,-26.390452,459.6,-63.609,1.00,-42988.7,-37542.6
126.632841,-26.395792,468.7,-64.158,1.00,-43582.5,-38042.3
126.627341,-26.400792,477.5,-64.421,1.00,-44138.4,-38592.0
126.622011,-26.406292,466.2,-64.379,1.00,-44750.0,-39124.7
126.617011,-26.411292,460.8,-62.628,1.00,-45306.0,-39624.3
126.611171,-26.416122,456.2,-61.596,1.00,-45843.1,-40208.0
126.606511,-26.421292,454.7,-60.895,1.00,-46417.9,-40673.7
126.572670,-26.351622,419.6,-68.065,1.00,-38671.0,-44055.7
126.566010,-26.349452,416.9,-68.239,1.00,-38429.7,-44721.3
126.559170,-26.347622,419.0,-69.017,1.00,-38226.2,-45404.9
126.552840,-26.344452,415.7,-68.156,1.00,-37873.7,-46037.5
126.546841,-26.343293,414.4,-69.146,1.00,-37744.8,-46637.0
126.538671,-26.340453,414.1,-70.519,1.00,-37429.1,-47453.5
126.531511,-26.339453,416.3,-70.385,1.00,-37317.9,-48169.0
126.524841,-26.338123,416.3,-69.444,1.00,-37170.0,-48835.6
126.517511,-26.335453,416.3,-69.597,1.00,-36873.1,-49568.2
126.517172,-26.442453,422.7,-62.344,1.00,-48770.9,-49602.1
126.524342,-26.445453,428.8,-61.667,1.00,-49104.5,-48885.5
126.531012,-26.447793,438.2,-60.395,1.00,-49364.7,-48218.9
126.538012,-26.450793,440.4,-58.859,1.00,-49698.3,-47519.4
126.565172,-26.449293,446.1,-57.265,1.00,-49531.5,-44805.0
126.569012,-26.445793,444.9,-57.955,1.00,-49142.3,-44421.3
126.570841,-26.440293,441.0,-58.176,1.00,-48530.8,-44238.5
126.577341,-26.439123,447.4,-58.626,1.00,-48400.7,-43588.9
126.583511,-26.435623,452.5,-59.194,1.00,-48011.5,-42972.3
126.590011,-26.432793,451.0,-59.451,1.00,-47696.8,-42322.7
126.596511,-26.429453,465.0,-60.365,1.00,-47325.4,-41673.1
126.602341,-26.425292,457.1,-59.943,1.00,-46862.7,-41090.4
126.603011,-26.423952,457.1,-60.005,1.00,-46713.7,-41023.5
126.596171,-26.420953,450.4,-60.844,1.00,-46380.2,-41707.1
126.589171,-26.417453,441.3,-61.511,1.00,-45991.1,-42406.6
126.583171,-26.414953,436.4,-62.278,1.00,-45713.1,-43006.2
126.575841,-26.411623,433.6,-64.108,1.00,-45342.8,-43738.8
126.573671,-26.407453,427.9,-64.958,1.00,-44879.1,-43955.7
126.567011,-26.406123,425.1,-65.052,1.00,-44731.2,-44621.2
126.561171,-26.404453,423.9,-66.755,1.00,-44545.5,-45204.9
126.555511,-26.401453,419.3,-67.697,1.00,-44211.9,-45770.5
126.547841,-26.401293,417.8,-68.240,1.00,-44194.2,-46537.1
126.540341,-26.402123,418.1,-68.046,1.00,-44286.4,-47286.6
126.533841,-26.403293,413.5,-66.441,1.00,-44416.5,-47936.2
126.518171,-26.413623,415.4,-65.107,1.00,-45565.2,-49502.2
126.523341,-26.408293,414.1,-64.923,1.00,-44972.5,-48985.5
126.529011,-26.402293,413.5,-65.141,1.00,-44305.3,-48418.9
126.533841,-26.397123,414.1,-69.644,1.00,-43730.5,-47936.2
126.538171,-26.393293,411.4,-71.728,1.00,-43304.6,-47503.5
126.543341,-26.387793,412.3,-71.796,1.00,-42693.0,-46986.8
126.548341,-26.382793,413.8,-69.918,1.00,-42137.0,-46487.1
126.555171,-26.377123,416.3,-69.483,1.00,-41506.6,-45804.5
126.559671,-26.372293,412.6,-68.531,1.00,-40969.5,-45354.8
126.564841,-26.366952,414.4,-68.580,1.00,-40375.6,-44838.1
126.570171,-26.362122,414.7,-68.215,1.00,-39838.5,-44305.4
126.574841,-26.357452,416.3,-68.472,1.00,-39319.3,-43838.7
126.770840,-26.449791,519.9,-54.154,1.00,-49586.9,-24251.0
126.765840,-26.446291,535.4,-55.296,1.00,-49197.7,-24750.7
126.762010,-26.443121,510.1,-54.419,1.00,-48845.2,-25133.4
126.760010,-26.441291,501.9,-54.262,1.00,-48641.7,-25333.3
126.755670,-26.438451,499.5,-54.274,1.00,-48325.9,-25767.0
126.753010,-26.435791,515.0,-54.936,1.00,-48030.2,-26032.9
126.750010,-26.433621,516.5,-55.181,1.00,-47788.9,-26332.7
126.745340,-26.429951,504.1,-54.878,1.00,-47380.8,-26799.4
126.743170,-26.426791,511.4,-54.951,1.00,-47029.4,-27016.3
126.737510,-26.423791,527.5,-55.791,1.00,-46695.8,-27581.9
126.734170,-26.420951,516.5,-55.459,1.00,-46380.0,-27915.7
126.730170,-26.417621,511.7,-54.171,1.00,-46009.7,-28315.5
126.725340,-26.414621,505.0,-54.287,1.00,-45676.2,-28798.2
126.720670,-26.411121,513.5,-55.288,1.00,-45287.0,-29264.9
126.716670,-26.408121,495.8,-55.646,1.00,-44953.4,-29664.6
126.711670,-26.404291,485.5,-55.795,1.00,-44527.5,-30164.3
126.708010,-26.400951,488.5,-56.211,1.00,-44156.1,-30530.1
126.704010,-26.397621,487.6,-55.899,1.00,-43785.8,-30929.8
126.699340,-26.394451,483.0,-57.335,1.00,-43433.4,-31396.5
126.695670,-26.391621,486.4,-57.878,1.00,-43118.7,-31763.3
126.691510,-26.388121,486.4,-58.667,1.00,-42729.5,-32179.1
126.686510,-26.384121,483.9,-59.757,1.00,-42284.7,-32678.7
126.682010,-26.380951,484.2,-60.501,1.00,-41932.2,-33128.5
126.677510,-26.377121,477.5,-60.546,1.00,-41506.3,-33578.2
126.674010,-26.374621,479.1,-61.099,1.00,-41228.4,-33928.0
126.670010,-26.371452,466.9,-61.825,1.00,-40876.0,-34327.7
126.667510,-26.369452,469.9,-62.656,1.00,-40653.6,-34577.6
126.665510,-26.367952,469.3,-64.829,1.00,-40486.8,-34777.4
126.660670,-26.364952,456.5,-64.355,1.00,-40153.2,-35261.1
126.537168,-26.154791,449.2,-42.553,1.00,-16784.4,-47603.7
126.536338,-26.161792,447.1,-43.980,1.00,-17562.9,-47686.6
126.536339,-26.168622,445.2,-45.064,1.00,-18322.3,-47686.5
126.535009,-26.175452,443.4,-46.700,1.00,-19081.8,-47819.5
126.532839,-26.181792,441.6,-49.633,1.00,-19786.8,-48036.3
126.528669,-26.187952,440.0,-53.334,1.00,-20471.7,-48453.1
126.524669,-26.196122,438.8,-56.533,1.00,-21380.2,-48852.8
126.523839,-26.202792,438.8,-57.870,1.00,-22121.8,-48935.8
126.524669,-26.209792,436.1,-59.595,1.00,-22900.2,-48852.8
126.524669,-26.216792,434.9,-60.714,1.00,-23678.6,-48852.8
126.522509,-26.223452,433.9,-62.011,1.00,-24419.1,-49068.7
126.519169,-26.229792,432.4,-63.034,1.00,-25124.1,-49402.5
126.514839,-26.234122,431.2,-64.703,1.00,-25605.6,-49835.2
126.775170,-26.452951,532.4,-54.580,1.00,-49938.3,-23818.2
126.582168,-26.132791,457.2,-33.804,0.10,-14338.1,-43106.5
129.142992,-26.172767,629.9,30.140,0.10,-18783.2,212817.3
128.381325,-26.018604,560.3,-1.247,0.10,-1641.1,136697.8
126.579668,-26.131951,458.8,-33.894,0.10,-14244.7,-43356.3
128.971321,-26.035268,656.9,-4.408,3.00,-3494.0,195660.8
129.056321,-26.041928,672.5,-6.962,3.00,-4234.6,204155.6
129.134650,-26.035267,701.5,-0.715,3.00,-3493.9,211983.6
129.201320,-26.040266,722.2,2.519,3.00,-4049.8,218646.5
129.272989,-26.043596,725.5,0.280,3.00,-4420.1,225809.0
129.344649,-26.036925,708.4,-7.202,3.00,-3678.3,232970.5
129.407988,-26.040264,701.5,-12.956,3.00,-4049.6,239300.5
129.486318,-26.040264,690.2,-27.528,3.00,-4049.6,247128.6
129.594647,-26.043593,698.9,-35.109,3.00,-4419.7,257954.8
129.662987,-26.045262,693.5,-40.210,3.00,-4605.3,264784.6
129.734646,-26.046921,713.5,-44.349,3.00,-4789.8,271946.1
129.824645,-26.048591,758.5,-41.166,3.00,-4975.5,280940.4
129.874645,-26.043590,758.8,-43.681,3.00,-4419.4,285937.3
129.967984,-26.048589,786.6,-46.431,3.00,-4975.3,295265.4
130.054644,-26.046919,814.3,-47.627,3.00,-4789.6,303926.1
130.116313,-26.056918,1042.2,-47.863,3.00,-5901.4,310089.1
130.169643,-26.061918,816.8,-57.569,3.00,-6457.4,315418.8
130.242982,-26.041917,724.8,-68.245,3.00,-4233.4,322748.2
130.321312,-26.056916,698.6,-77.352,3.00,-5901.2,330576.3
130.397981,-26.056915,662.2,-88.405,3.00,-5901.1,338238.5
130.451311,-26.058585,645.0,-96.509,3.00,-6086.8,343568.2
129.126321,-26.093597,660.5,26.644,3.00,-9979.9,211151.2
129.194651,-26.106927,693.2,27.074,3.00,-11462.1,217980.0
129.259650,-26.103596,797.3,27.253,3.00,-11091.8,224475.9
129.337990,-26.103595,753.5,21.972,3.00,-11091.6,232305.0
129.411319,-26.105265,746.5,17.958,3.00,-11277.3,239633.4
129.481318,-26.095264,725.9,7.001,3.00,-10165.3,246629.0
129.572988,-26.091923,693.4,-12.919,3.00,-9793.8,255790.3
129.667987,-26.095262,692.8,-32.944,3.00,-10165.1,265284.3
129.736317,-26.090262,700.3,-43.667,3.00,-9609.1,272113.1
129.879646,-26.106920,733.1,-37.172,3.00,-11461.4,286437.1
129.954645,-26.108590,725.5,-43.625,3.00,-11647.1,293932.3
130.047985,-26.115259,724.9,-43.279,3.00,-12388.6,303260.6
130.087984,-26.106919,724.4,-47.148,3.00,-11461.3,307258.0
130.201314,-26.125258,768.7,-56.690,3.00,-13500.5,318584.0
130.262983,-26.113587,960.5,-58.476,3.00,-12202.7,324747.0
130.329642,-26.103586,694.8,-75.493,3.00,-11090.6,331408.8
130.394642,-26.106916,666.6,-79.543,3.00,-11460.9,337904.8
130.469641,-26.095255,637.7,-92.838,3.00,-10164.3,345400.0
129.047992,-26.150268,629.9,17.121,3.00,-16281.4,203323.2
129.192991,-26.163597,656.2,54.553,3.00,-17763.6,217814.1
129.267991,-26.146926,685.8,38.250,3.00,-15909.8,225309.5
129.321320,-26.156926,679.8,24.529,3.00,-17021.8,230639.1
129.399650,-26.163595,678.1,24.587,3.00,-17763.3,238467.2
129.467989,-26.155264,671.7,18.973,3.00,-16837.0,245296.9
129.679648,-26.156923,675.2,-11.311,3.00,-17021.4,266449.7
129.754647,-26.158592,715.9,-19.049,3.00,-17207.0,273944.9
129.827987,-26.170261,704.1,-26.824,3.00,-18504.6,281274.4
129.912986,-26.160260,708.9,-34.454,3.00,-17392.5,289769.0
129.971316,-26.165260,699.9,-34.875,3.00,-17948.5,295598.4
129.034653,-26.218599,633.4,43.730,3.00,-23879.5,201990.1
129.189652,-26.216927,652.4,46.281,3.00,-23693.6,217480.4
129.256321,-26.200267,733.1,65.071,3.00,-21841.1,224143.2
129.321321,-26.215266,654.7,20.363,3.00,-23508.9,230639.2
129.389650,-26.215265,667.9,9.026,3.00,-23508.8,237467.8
129.471320,-26.220265,634.4,8.340,3.00,-24064.8,245629.8
129.541319,-26.220264,645.8,10.444,3.00,-24064.6,252625.3
129.622989,-26.218593,647.9,10.696,3.00,-23878.8,260787.3
129.686318,-26.223593,660.5,8.083,3.00,-24434.8,267116.3
129.752988,-26.223592,691.5,1.981,3.00,-24434.7,273779.1
129.834647,-26.220261,711.8,-5.521,3.00,-24064.3,281940.0
129.899647,-26.210261,727.1,-6.596,3.00,-22952.4,288436.0
129.961316,-26.203590,716.7,-18.570,3.00,-22210.6,294599.0
130.049646,-26.216919,701.8,-18.438,3.00,-23692.7,303426.6
130.132985,-26.221919,666.7,-29.387,3.00,-24248.7,311755.3
130.191315,-26.225258,646.8,-30.980,3.00,-24620.0,317584.7
130.261314,-26.215257,647.1,-39.518,3.00,-23507.9,324580.3
130.474643,-26.231916,612.6,-62.450,3.00,-25360.3,345899.9
129.036324,-26.273599,591.0,50.853,3.00,-29995.2,202157.1
129.186322,-26.261928,585.8,28.519,3.00,-28697.5,217147.6
129.249652,-26.268597,619.5,29.518,3.00,-29439.0,223476.7
129.329652,-26.271926,625.3,17.321,3.00,-29809.2,231471.8
129.396321,-26.261926,633.6,8.127,3.00,-28697.2,238134.5
129.472991,-26.271925,628.1,0.929,3.00,-29809.1,245796.8
129.554650,-26.268594,622.8,-1.040,3.00,-29438.7,253957.6
129.619649,-26.273594,630.4,9.341,3.00,-29994.7,260453.5
129.691319,-26.273593,647.2,20.257,3.00,-29994.6,267616.1
129.762988,-26.265262,697.0,10.890,3.00,-29068.2,274778.5
129.831318,-26.281922,716.4,1.345,3.00,-30920.7,281607.3
129.909647,-26.276921,757.4,-5.828,3.00,-30364.6,289435.3
129.991317,-26.276920,745.1,-10.093,3.00,-30364.5,297597.3
130.056316,-26.276920,766.5,-10.361,3.00,-30364.5,304093.1
130.131316,-26.278589,690.0,1.130,3.00,-30550.1,311588.5
130.212985,-26.265258,649.7,-19.683,3.00,-29067.7,319750.3
130.261315,-26.258588,631.5,-19.629,3.00,-28326.1,324580.4
130.352984,-26.268587,623.1,-11.194,3.00,-29437.9,333741.6
130.486313,-26.281916,608.3,-28.655,3.00,-30920.0,347066.2
130.396313,-26.211916,627.6,-50.501,3.00,-23136.4,338071.8
129.034654,-26.318599,563.2,28.093,3.00,-34999.0,201990.2
129.189653,-26.325268,559.6,25.547,3.00,-35740.6,217480.5
129.259653,-26.321927,588.0,24.785,3.00,-35369.1,224476.2
129.321322,-26.323597,582.1,18.593,3.00,-35554.7,230639.3
129.396322,-26.326926,594.1,13.183,3.00,-35924.9,238134.6
129.472991,-26.326925,609.1,2.347,3.00,-35924.8,245796.8
129.617990,-26.320264,617.8,-10.378,3.00,-35184.1,260287.7
129.694650,-26.335263,638.4,-11.104,3.00,-36851.9,267948.9
129.752989,-26.328593,685.3,-2.245,3.00,-36110.3,273779.2
129.829649,-26.333592,678.2,1.851,3.00,-36666.1,281440.5
129.902988,-26.340261,730.8,-4.911,3.00,-37407.7,288769.8
129.989648,-26.340261,731.7,-14.271,3.00,-37407.7,297430.5
130.054647,-26.331920,732.9,-15.150,3.00,-36480.2,303926.4
130.139646,-26.323589,680.8,0.702,3.00,-35553.9,312421.0
130.192986,-26.315259,654.2,1.104,3.00,-34627.6,317751.7
130.266315,-26.331918,639.0,5.652,3.00,-36480.0,325080.0
130.331315,-26.326917,622.9,14.710,3.00,-35923.9,331576.0
130.499644,-26.318586,603.9,-2.540,3.00,-34997.6,348398.5
129.021325,-26.380270,540.5,18.521,3.00,-41856.5,200658.1
129.164654,-26.381928,549.6,22.299,3.00,-42040.9,214982.2
129.242993,-26.383598,559.7,26.124,3.00,-42226.6,222811.2
129.314653,-26.385267,568.6,20.409,3.00,-42412.1,229972.8
129.389652,-26.383596,579.7,15.055,3.00,-42226.3,237468.0
129.477992,-26.380265,590.4,1.085,3.00,-41855.9,246296.6
129.551321,-26.391925,604.4,0.451,3.00,-43152.5,253624.9
129.624651,-26.388594,613.7,-8.286,3.00,-42782.1,260953.4
129.694650,-26.388593,624.1,-16.766,3.00,-42782.0,267948.9
129.777990,-26.386923,644.6,-23.037,3.00,-42596.3,276277.8
129.841319,-26.390262,666.4,-23.219,3.00,-42967.6,282606.8
129.914649,-26.385261,718.6,-20.107,3.00,-42411.5,289935.2
129.982988,-26.386921,717.7,-21.582,3.00,-42596.1,296764.9
130.062988,-26.385260,688.1,-22.190,3.00,-42411.4,304759.9
130.211317,-26.395259,650.0,-6.650,3.00,-43523.2,319583.6
130.279646,-26.398588,640.4,5.591,3.00,-43893.4,326412.3
130.349645,-26.390257,616.0,10.847,3.00,-42967.0,333407.9
129.041326,-26.443600,525.8,2.925,3.00,-48898.5,202657.0
129.242994,-26.443598,542.3,19.629,3.00,-48898.3,222811.3
129.317994,-26.443597,555.1,18.489,3.00,-48898.1,230306.7
129.396323,-26.450267,566.5,11.085,3.00,-49639.8,238134.7
129.476322,-26.445266,584.4,9.487,3.00,-49083.7,246129.7
129.542992,-26.441925,593.8,8.883,3.00,-48712.2,252792.5
129.619651,-26.445264,611.8,-2.534,3.00,-49083.5,260453.7
129.687991,-26.438594,614.2,-8.322,3.00,-48341.8,267283.5
129.766320,-26.448593,625.5,-16.632,3.00,-49453.7,275111.5
129.837990,-26.443592,641.5,-23.136,3.00,-48897.6,282274.1
129.912989,-26.436922,665.5,-33.480,3.00,-48155.9,289769.3
129.977989,-26.438591,670.6,-28.916,3.00,-48341.5,296265.3
130.052988,-26.428590,668.6,-30.139,3.00,-47229.4,303760.6
130.116318,-26.436920,650.5,-25.074,3.00,-48155.7,310089.6
130.202987,-26.438589,669.1,-12.987,3.00,-48341.3,318751.2
130.267987,-26.441918,660.5,-2.378,3.00,-48711.4,325247.1
130.351316,-26.446918,662.1,3.136,3.00,-49267.4,333574.9
130.496315,-26.443586,595.5,4.390,3.00,-48896.9,348065.8
129.101324,-26.381929,545.7,18.492,3.00,-42041.0,208653.1
130.517980,-26.048584,638.0,-100.997,3.00,-4974.7,350231.0
130.574640,-26.043584,638.5,-104.900,3.00,-4418.7,355893.4
130.634639,-26.045253,647.8,-113.869,3.00,-4604.3,361889.6
130.696309,-26.043583,647.8,-114.679,3.00,-4418.6,368052.8
130.756309,-26.048582,662.8,-117.800,3.00,-4974.5,374049.1
130.821308,-26.050252,682.1,-120.140,3.00,-5160.2,380545.0
130.884637,-26.041911,697.6,-121.233,3.00,-4232.7,386873.9
130.944637,-26.045250,718.8,-122.633,3.00,-4604.0,392870.2
131.007977,-26.050250,792.9,-119.058,3.00,-5160.0,399200.3
131.066306,-26.050249,769.7,-122.220,3.00,-5159.8,405029.6
131.129636,-26.058579,677.8,-125.813,3.00,-6086.1,411358.7
131.194635,-26.048578,647.7,-125.302,3.00,-4974.0,417854.5
131.251305,-26.053578,647.1,-125.698,3.00,-5530.0,423518.0
131.324634,-26.056907,659.2,-123.020,3.00,-5900.2,430846.4
131.391304,-26.055246,674.5,-121.873,3.00,-5715.5,437509.3
131.456303,-26.060246,670.2,-123.415,3.00,-6271.5,444005.1
131.521303,-26.058575,693.4,-121.932,3.00,-6085.6,450501.1
131.579632,-26.058575,690.4,-122.228,3.00,-6085.6,456330.4
131.632972,-26.058574,714.2,-121.038,3.00,-6085.5,461661.1
131.716301,-26.061904,670.8,-121.595,3.00,-6455.8,469988.8
131.782971,-26.055243,661.0,-120.830,3.00,-5715.1,476651.7
131.844630,-26.045242,642.1,-121.371,3.00,-4603.1,482813.8
131.909629,-26.041902,617.6,-122.013,3.00,-4231.7,489309.7
131.969629,-26.040241,611.1,-122.010,3.00,-4047.0,495305.9
130.522981,-26.106915,625.2,-96.278,3.00,-11460.8,350730.7
130.591310,-26.103584,641.3,-98.742,3.00,-11090.4,357559.4
130.641310,-26.105253,655.0,-103.058,3.00,-11276.0,362556.3
130.691310,-26.101913,650.7,-108.770,3.00,-10904.6,367553.2
130.754639,-26.101912,681.6,-107.740,3.00,-10904.5,373882.2
130.809639,-26.108582,699.7,-115.354,3.00,-11646.2,379378.8
130.881308,-26.101911,706.2,-116.198,3.00,-10904.4,386541.3
130.941308,-26.108581,721.8,-115.890,3.00,-11646.1,392537.5
131.001307,-26.106910,763.5,-115.937,3.00,-11460.3,398533.7
131.047977,-26.108580,809.9,-108.356,3.00,-11646.0,403197.8
131.131306,-26.105249,685.7,-117.368,3.00,-11275.6,411525.6
131.191306,-26.108579,667.4,-119.572,3.00,-11645.8,417521.9
131.322975,-26.100247,672.0,-120.440,3.00,-10719.4,430680.6
131.387974,-26.098577,692.1,-119.621,3.00,-10533.7,437176.5
131.459634,-26.108576,693.0,-117.944,3.00,-11645.5,444338.0
131.521303,-26.113576,690.9,-114.927,3.00,-12201.5,450501.1
131.571303,-26.111905,702.6,-113.966,3.00,-12015.7,455498.0
131.634632,-26.108575,736.0,-113.707,3.00,-11645.4,461827.0
131.707972,-26.111904,694.8,-112.743,3.00,-12015.6,469156.5
131.764631,-26.106903,699.6,-113.138,3.00,-11459.5,474818.8
131.831301,-26.103573,661.7,-113.297,3.00,-11089.2,481481.7
131.902970,-26.095242,626.7,-116.336,3.00,-10162.8,488644.2
131.961300,-26.098572,624.1,-119.217,3.00,-10533.1,494473.6
130.874639,-26.150252,745.3,-107.053,3.00,-16279.7,385874.8
131.089637,-26.161910,794.4,-105.790,3.00,-17576.0,407361.2
131.196306,-26.150249,711.1,-110.907,3.00,-16279.3,418021.5
131.261306,-26.151908,704.5,-112.374,3.00,-16463.8,424517.5
131.322975,-26.156908,693.9,-112.166,3.00,-17019.8,430680.6
131.382975,-26.160247,732.0,-109.113,3.00,-17391.1,436676.9
131.449634,-26.161906,734.2,-106.307,3.00,-17575.5,443338.7
131.512974,-26.161906,709.2,-104.858,3.00,-17575.5,449668.7
131.574633,-26.158575,706.2,-105.007,3.00,-17205.1,455830.8
131.644633,-26.163575,735.8,-103.404,3.00,-17761.1,462826.5
131.706302,-26.160244,748.3,-102.016,3.00,-17390.7,468989.6
131.834631,-26.156903,654.2,-103.909,3.00,-17019.2,481814.5
131.896301,-26.155242,641.7,-107.195,3.00,-16834.5,487977.7
131.967970,-26.153572,643.7,-110.340,3.00,-16648.8,495140.2
130.544642,-26.208585,641.5,-68.507,3.00,-22766.0,352895.5
130.612981,-26.210254,644.7,-67.954,3.00,-22951.6,359725.2
130.679641,-26.201914,666.0,-76.861,3.00,-22024.2,366387.0
130.742980,-26.203583,675.5,-79.578,3.00,-22209.8,372717.0
130.816310,-26.211912,728.2,-80.434,3.00,-23135.9,380045.5
130.879639,-26.211912,763.3,-87.247,3.00,-23135.9,386374.5
130.939639,-26.208581,741.4,-91.363,3.00,-22765.6,392370.7
131.006308,-26.206911,740.4,-94.186,3.00,-22579.9,399033.5
131.129637,-26.206910,693.1,-94.378,3.00,-22579.7,411358.8
131.234637,-26.206909,745.6,-92.014,3.00,-22579.6,421852.3
131.284636,-26.213578,720.9,-88.213,3.00,-23321.2,426849.1
131.351306,-26.213578,748.1,-87.320,3.00,-23321.2,433511.9
131.421305,-26.200247,822.1,-91.813,3.00,-21838.9,440507.5
131.467975,-26.203576,943.1,-89.474,3.00,-22209.0,445171.6
131.511304,-26.208576,748.2,-89.354,3.00,-22765.0,449501.8
131.579634,-26.206905,725.7,-92.416,3.00,-22579.2,456330.6
131.651303,-26.208575,741.3,-90.567,3.00,-22764.9,463493.1
131.709633,-26.206904,734.8,-89.290,3.00,-22579.1,469322.5
131.772972,-26.208574,690.0,-86.859,3.00,-22764.8,475652.4
131.822972,-26.195243,658.0,-96.947,3.00,-21282.4,480649.3
131.854632,-26.225243,691.1,-90.997,3.00,-24618.3,483813.4
131.939631,-26.211902,687.2,-94.367,3.00,-23134.8,492308.0
130.566312,-26.250255,604.2,-54.523,3.00,-27399.5,355061.2
130.632982,-26.245254,620.4,-59.260,3.00,-26843.4,361724.0
130.692981,-26.245254,632.6,-62.639,3.00,-26843.4,367720.2
130.749641,-26.241913,659.8,-65.508,3.00,-26471.9,373382.7
130.812980,-26.248583,685.4,-72.650,3.00,-27213.6,379712.7
130.871310,-26.246912,728.2,-75.857,3.00,-27027.8,385542.1
130.934639,-26.250251,710.6,-75.500,3.00,-27399.0,391871.0
130.991309,-26.255251,725.2,-81.118,3.00,-27955.0,397534.5
131.049639,-26.255250,699.1,-86.238,3.00,-27954.9,403363.9
131.109638,-26.256910,672.2,-88.607,3.00,-28139.5,409360.1
131.169638,-26.268579,682.3,-82.181,3.00,-29437.0,415356.4
131.342976,-26.255248,741.8,-71.649,3.00,-27954.7,432679.5
131.407976,-26.253577,839.2,-68.662,3.00,-27768.9,439175.4
131.464635,-26.263577,694.8,-62.631,3.00,-28880.8,444837.8
131.509635,-26.243576,732.4,-71.361,3.00,-26656.8,449335.0
131.597974,-26.260245,928.3,-70.439,3.00,-28510.3,458163.5
131.639634,-26.258575,754.8,-78.789,3.00,-28324.6,462326.9
131.702973,-26.256905,733.4,-78.392,3.00,-28138.9,468656.9
131.759633,-26.255244,692.1,-77.326,3.00,-27954.2,474319.4
131.809632,-26.241903,683.5,-83.432,3.00,-26470.8,479316.2
131.929632,-26.260242,710.7,-73.158,3.00,-28510.0,491308.7
130.566313,-26.290255,610.8,-19.509,3.00,-31847.3,355061.3
130.632982,-26.305254,612.4,-12.517,3.00,-33515.1,361724.0
130.694642,-26.298584,617.3,-22.822,3.00,-32773.4,367886.2
130.749641,-26.298583,652.1,-33.574,3.00,-32773.3,373382.7
130.844641,-26.306913,659.0,-43.623,3.00,-33699.6,382876.8
130.906310,-26.303582,706.2,-55.283,3.00,-33329.2,389039.9
131.052979,-26.303581,704.8,-73.471,3.00,-33329.1,403697.7
131.099639,-26.305250,653.7,-77.071,3.00,-33514.7,408360.8
131.169638,-26.305250,646.3,-78.885,3.00,-33514.7,415356.4
131.229638,-26.305249,654.7,-75.796,3.00,-33514.5,421352.7
131.462976,-26.306907,666.6,-58.706,3.00,-33698.9,444672.0
131.492975,-26.290247,723.8,-64.131,3.00,-31846.4,447670.1
131.574635,-26.298576,1029.0,-59.714,3.00,-32772.5,455831.0
131.647974,-26.300245,781.1,-60.138,3.00,-32958.1,463160.4
131.697974,-26.303575,782.8,-60.872,3.00,-33328.4,468157.3
131.772973,-26.298574,755.5,-65.727,3.00,-32772.3,475652.5
131.831303,-26.306904,783.8,-58.122,3.00,-33698.6,481481.9
131.889632,-26.298573,788.0,-55.031,3.00,-32772.2,487311.2
131.931302,-26.311903,772.4,-53.692,3.00,-34254.4,491475.6
130.529644,-26.346916,599.8,10.194,3.00,-38147.7,351396.6
130.584643,-26.348585,614.9,12.387,3.00,-38333.3,356893.1
130.647983,-26.353585,606.6,37.145,3.00,-38889.3,363223.2
130.712982,-26.348584,597.6,5.935,3.00,-38333.2,369719.1
130.776312,-26.350253,627.0,-13.274,3.00,-38518.8,376048.2
130.841311,-26.356913,657.3,-22.927,3.00,-39259.3,382544.0
130.911311,-26.348582,679.9,-38.667,3.00,-38333.0,389539.7
130.972980,-26.348582,697.0,-49.859,3.00,-38333.0,395702.8
131.031310,-26.353581,697.8,-57.814,3.00,-38888.8,401532.2
131.101309,-26.353580,706.4,-64.107,3.00,-38888.7,408527.7
131.166309,-26.363580,629.2,-65.743,3.00,-40000.7,415023.7
131.231308,-26.360249,636.4,-68.736,3.00,-39630.3,421519.6
131.296308,-26.361909,640.9,-66.231,3.00,-39814.8,428015.5
131.362977,-26.363578,644.4,-65.625,3.00,-40000.4,434678.3
131.426307,-26.361907,644.8,-62.902,3.00,-39814.6,441007.4
131.546306,-26.353576,650.5,-54.098,3.00,-38888.3,452999.9
131.602975,-26.356906,663.4,-49.301,3.00,-39258.5,458663.3
131.667975,-26.366905,634.5,-43.089,3.00,-40370.4,465159.2
131.721304,-26.360245,796.8,-43.601,3.00,-39629.8,470488.8
131.799634,-26.356904,772.2,-37.043,3.00,-39258.3,478317.0
131.889633,-26.336903,757.7,-49.205,3.00,-37034.3,487311.3
131.962972,-26.343573,636.4,-55.608,3.00,-37776.0,494640.7
130.581314,-26.396915,601.5,29.790,3.00,-43707.3,356560.4
130.649643,-26.398585,589.5,50.048,3.00,-43893.0,363389.1
130.712983,-26.393584,585.0,38.787,3.00,-43336.9,369719.2
130.832982,-26.400253,636.6,-7.191,3.00,-44078.5,381711.6
130.764642,-26.395254,606.4,13.177,3.00,-43522.6,374881.9
130.896311,-26.390252,639.7,-24.326,3.00,-42966.4,388040.6
130.971311,-26.395252,680.6,-37.991,3.00,-43522.4,395536.0
131.026310,-26.393581,671.5,-49.566,3.00,-43336.6,401032.5
131.092980,-26.395251,673.4,-57.401,3.00,-43522.3,407695.3
131.161309,-26.393580,623.3,-63.084,3.00,-43336.5,414524.0
131.219639,-26.393580,620.5,-66.569,3.00,-43336.5,420353.4
131.286308,-26.391909,617.8,-64.048,3.00,-43150.7,427016.2
131.349638,-26.403578,623.4,-61.969,3.00,-44448.2,433345.2
131.424637,-26.395248,634.7,-58.966,3.00,-43522.0,440840.5
131.494637,-26.395247,633.0,-57.704,3.00,-43521.9,447836.2
131.842974,-26.398574,702.6,-33.195,3.00,-43891.8,482648.3
131.906303,-26.400243,623.6,-37.574,3.00,-44077.4,488977.3
131.964633,-26.393573,621.9,-45.815,3.00,-43335.7,494806.7
130.576314,-26.433586,587.5,20.135,3.00,-47785.0,356060.7
130.639644,-26.431915,576.1,45.219,3.00,-47599.2,362389.8
130.706313,-26.435254,580.8,34.435,3.00,-47970.4,369052.6
130.771313,-26.431914,611.4,16.512,3.00,-47599.1,375548.6
130.836312,-26.438583,614.9,1.977,3.00,-48340.6,382044.4
130.901312,-26.438583,639.2,-13.649,3.00,-48340.6,388540.4
130.964641,-26.430252,642.4,-29.500,3.00,-47414.2,394869.4
131.032981,-26.436911,660.4,-43.700,3.00,-48154.7,401699.2
131.089640,-26.433581,637.7,-53.019,3.00,-47784.4,407361.5
131.161310,-26.436910,614.1,-57.109,3.00,-48154.6,414524.1
131.224639,-26.440250,610.7,-61.233,3.00,-48526.0,420853.1
131.284639,-26.443579,608.9,-62.600,3.00,-48896.1,426849.4
131.356308,-26.440248,634.7,-58.216,3.00,-48525.7,434011.8
131.421308,-26.440248,620.1,-56.224,3.00,-48525.7,440507.8
131.484637,-26.445247,622.2,-50.762,3.00,-49081.6,446836.8
131.551307,-26.446907,626.5,-43.508,3.00,-49266.2,453499.7
131.619636,-26.445246,606.0,-37.040,3.00,-49081.5,460328.3
131.682976,-26.441905,600.7,-27.719,3.00,-48710.0,466658.4
131.751305,-26.440245,621.1,-23.316,3.00,-48525.4,473487.1
129.541321,-26.318595,612.1,-1.031,3.00,-34998.6,252625.5
130.141317,-26.365259,703.4,-11.402,3.00,-40187.4,312588.0
130.522984,-26.390256,601.2,12.906,3.00,-42966.9,350731.0
130.004644,-26.001919,784.8,-46.178,3.00,214.2,298929.1
129.509647,-26.008593,696.3,-33.712,3.00,-527.9,249460.1
131.777972,-26.165243,696.6,-100.185,3.00,-17946.6,476152.1
130.984640,-26.303581,728.7,-66.078,3.00,-33329.1,396868.1
131.526302,-26.008575,666.2,-125.874,3.00,-525.9,451000.7
131.142977,-26.165249,697.9,-107.189,3.00,-17947.3,412691.9
128.817993,-26.078600,652.5,24.498,3.00,-8312.3,180337.5
128.824654,-26.150270,614.7,13.218,3.00,-16281.7,181003.2
128.899653,-26.141930,649.7,21.522,3.00,-15354.3,188498.5
128.829654,-26.213601,580.9,45.147,3.00,-23323.8,181502.9
128.907994,-26.215270,656.5,53.263,3.00,-23509.3,189332.1
128.979653,-26.211929,664.5,58.722,3.00,-23137.8,196493.5
128.759656,-26.283602,524.5,39.981,3.00,-31107.5,174507.5
128.827995,-26.280271,548.6,51.474,3.00,-30737.1,181337.1
128.902995,-26.281930,565.6,59.584,3.00,-30921.6,188832.5
128.969654,-26.281930,588.2,42.678,3.00,-30921.6,195494.2
128.764656,-26.336932,513.9,12.185,3.00,-37037.5,175007.1
128.829656,-26.341931,531.7,30.644,3.00,-37593.4,181503.1
128.899655,-26.345271,557.3,44.269,3.00,-37964.8,188498.7
128.967995,-26.343600,565.6,29.371,3.00,-37779.0,195328.5
128.764657,-26.403602,503.2,-14.622,3.00,-44450.9,175007.2
128.826327,-26.405272,514.0,-3.488,3.00,-44636.6,181170.4
128.899656,-26.408601,516.9,15.836,3.00,-45006.8,188498.8
128.967996,-26.405270,551.8,16.359,3.00,-44636.4,195328.6
128.976323,-26.140269,654.2,22.934,3.00,-15169.6,196160.7
128.752995,-26.216101,594.6,26.374,3.00,-23601.7,173841.8
131.266305,-26.096908,660.1,-123.648,3.00,-10348.1,425017.1
131.077978,-26.206910,700.0,-93.986,3.00,-22579.7,406196.1
130.994638,-26.166911,751.5,-108.048,3.00,-18132.1,397867.2
130.951308,-26.148581,742.9,-110.067,3.00,-16093.9,393536.9
130.814639,-26.141912,706.0,-108.176,3.00,-15352.3,379878.5
130.721310,-26.158583,670.6,-95.720,3.00,-17206.0,370551.4
130.672980,-26.158583,654.6,-94.489,3.00,-17206.0,365721.4
130.624641,-26.158584,640.9,-92.967,3.00,-17206.1,360890.4
130.526312,-26.166915,622.0,-83.202,3.00,-18132.5,351063.6
130.482982,-26.173585,626.2,-82.071,3.00,-18874.2,346733.3
130.381313,-26.165256,649.8,-70.018,3.00,-17948.0,336572.7
130.237984,-26.171917,667.1,-52.366,3.00,-18688.7,322248.7
130.189644,-26.176918,664.3,-47.412,3.00,-19244.8,317417.7
130.089645,-26.165259,679.2,-43.101,3.00,-17948.4,307424.0
130.041315,-26.158589,687.9,-43.386,3.00,-17206.7,302594.0
129.806316,-26.121921,704.3,-40.688,3.00,-13129.4,279108.6
129.612988,-26.150263,673.9,2.397,3.00,-16280.9,259787.8
129.567989,-26.156924,679.3,11.976,3.00,-17021.6,255290.7
129.047992,-26.095268,648.5,30.415,3.00,-10165.7,203323.2
129.002992,-26.093598,660.5,38.022,3.00,-9980.0,198826.0
128.912992,-26.075269,678.0,25.922,3.00,-7941.9,189831.6
130.409645,-26.373587,610.6,16.382,3.00,-41113.4,339404.2
130.416314,-26.331917,609.5,31.792,3.00,-36479.9,340070.7
130.406314,-26.290256,621.2,12.967,3.00,-31847.4,339071.3
130.362983,-26.210257,637.2,-54.753,3.00,-22951.9,334740.9
130.346313,-26.171916,654.7,-61.693,3.00,-18688.6,333074.9
129.131322,-26.223598,612.7,28.758,3.00,-24435.4,211651.0
129.122993,-26.265268,588.1,28.498,3.00,-29068.9,210818.7
129.122993,-26.308598,564.6,28.348,3.00,-33886.9,210818.7
129.121324,-26.351929,552.4,22.837,3.00,-38705.1,210651.9
129.144655,-26.435269,532.5,16.010,3.00,-47972.1,212983.5
131.184637,-26.228579,717.9,-85.307,3.00,-24989.2,416855.4
131.226307,-26.245249,686.0,-79.768,3.00,-26842.8,421019.8
131.307977,-26.290248,682.6,-67.646,3.00,-31846.5,429181.7
131.351307,-26.310248,675.6,-64.922,3.00,-34070.4,433512.0
131.397977,-26.323578,661.9,-63.554,3.00,-35552.6,438176.2
131.489636,-26.348577,645.7,-57.275,3.00,-38332.4,447336.4
131.564636,-26.396906,626.9,-45.445,3.00,-43706.3,454831.7
131.612976,-26.403576,623.4,-36.704,3.00,-44448.0,459662.7
131.687975,-26.393575,617.4,-34.524,3.00,-43335.9,467158.0
131.722975,-26.393575,628.8,-34.847,3.00,-43335.9,470655.8
131.771304,-26.398575,647.1,-31.055,3.00,-43891.9,475485.7
131.846304,-26.448574,602.5,-22.543,3.00,-49451.6,482981.1
131.897974,-26.446904,595.0,-28.146,3.00,-49265.9,488144.9
131.946304,-26.440243,599.2,-35.183,3.00,-48525.2,492974.9
126.598007,-26.050290,481.9,-38.551,3.00,-5164.4,-41523.6
126.714666,-26.051949,500.8,-34.674,3.00,-5348.9,-29864.9
126.831336,-26.055288,507.6,-31.616,3.00,-5720.2,-18205.1
126.948005,-26.051947,503.0,-28.534,3.00,-5348.6,-6545.4
127.061334,-26.050286,528.5,-24.592,3.00,-5164.0,4780.4
127.178003,-26.046945,498.3,-11.629,3.00,-4792.5,16440.1
127.401332,-26.043613,507.8,43.629,3.00,-4421.9,38759.2
126.721337,-26.150290,537.2,-28.882,3.00,-16283.9,-29198.2
126.828007,-26.145289,496.0,-20.411,3.00,-15727.8,-18537.8
126.949666,-26.145288,510.2,-23.288,3.00,-15727.7,-6379.4
127.179664,-26.150285,465.6,-9.441,3.00,-16283.3,16606.1
127.276334,-26.150285,463.4,-5.571,3.00,-16283.3,26267.1
127.394663,-26.148613,504.4,0.187,3.00,-16097.4,38092.7
126.606339,-26.248621,447.9,-50.220,3.00,-27217.8,-40690.9
126.666338,-26.208621,500.2,-32.208,3.00,-22770.0,-34694.7
126.826338,-26.258619,494.1,-19.277,3.00,-28329.5,-18704.6
126.954667,-26.256948,471.7,-1.473,3.00,-28143.7,-5879.7
127.044666,-26.245287,477.4,8.512,3.00,-26847.1,3114.7
127.168006,-26.248616,446.4,22.986,3.00,-27217.2,15441.0
127.391334,-26.248614,482.1,4.530,3.00,-27217.0,37760.0
126.599670,-26.326952,433.9,-65.429,3.00,-35927.8,-41357.4
126.699669,-26.326951,467.5,-55.532,3.00,-35927.7,-31363.7
126.833009,-26.348620,500.9,-37.087,3.00,-38337.2,-18037.9
126.943008,-26.361949,459.3,-18.676,3.00,-39819.3,-7044.8
127.049668,-26.360288,435.6,-15.301,3.00,-39634.6,3614.6
127.171337,-26.338617,436.8,-8.389,3.00,-37224.9,15773.9
127.284666,-26.348616,429.5,-18.415,3.00,-38336.7,27099.8
127.388005,-26.348615,442.2,-22.217,3.00,-38336.6,37427.3
126.839670,-26.448620,488.1,-51.936,3.00,-49456.7,-17372.2
126.964669,-26.445289,444.5,-41.837,3.00,-49086.3,-4880.1
127.131338,-26.451948,417.9,-32.971,3.00,-49826.7,11776.5
127.394667,-26.450285,412.8,-42.821,3.00,-49641.8,38093.1
127.296333,-26.043614,481.1,22.490,3.00,-4422.1,28265.8
127.624660,-26.043611,492.9,19.294,3.00,-4421.7,61078.1
127.728000,-26.046940,479.8,2.824,3.00,-4791.9,71405.7
127.834659,-26.043609,483.6,0.618,3.00,-4421.5,82065.0
127.959658,-26.043608,488.6,10.553,3.00,-4421.4,94557.2
128.054658,-26.045277,498.8,21.631,3.00,-4607.0,104051.3
128.177997,-26.046936,522.2,21.706,3.00,-4791.5,116377.6
128.284656,-26.050275,550.6,19.949,3.00,-5162.7,127036.9
128.507995,-26.043603,540.4,-34.037,3.00,-4420.8,149356.9
128.637994,-26.041931,608.4,-30.447,3.00,-4234.9,162348.8
128.749653,-26.036930,616.1,3.522,3.00,-3678.8,173507.8
127.618002,-26.145281,466.9,41.298,3.00,-15726.9,60412.8
127.724661,-26.150280,463.4,24.932,3.00,-16282.8,71072.1
127.836330,-26.140279,472.3,-14.851,3.00,-15170.7,82232.0
127.952999,-26.140278,507.4,-8.088,3.00,-15170.6,93891.7
128.057999,-26.141937,510.2,26.727,3.00,-15355.1,104385.2
128.186328,-26.148606,524.2,22.999,3.00,-16096.6,117210.2
128.282997,-26.158605,559.7,-2.762,3.00,-17208.5,126871.1
128.416326,-26.148604,538.0,-1.036,3.00,-16096.4,140195.7
128.511326,-26.148603,521.1,-3.363,3.00,-16096.3,149689.8
128.631325,-26.158602,539.5,12.602,3.00,-17208.1,161682.3
128.752994,-26.150271,594.5,-2.767,3.00,-16281.8,173841.7
127.613003,-26.243612,452.7,26.474,3.00,-26660.8,59913.2
127.724662,-26.250281,453.8,-6.581,3.00,-27402.4,71072.2
127.838001,-26.246940,467.2,-37.844,3.00,-27030.9,82399.0
127.951331,-26.248609,513.5,-28.099,3.00,-27216.5,93725.0
128.063000,-26.255278,529.9,-35.795,3.00,-27958.0,104885.0
128.189659,-26.243607,566.5,-35.337,3.00,-26660.3,117543.1
128.289658,-26.245276,567.3,-45.005,3.00,-26845.9,127536.8
128.509657,-26.246934,508.4,-18.435,3.00,-27030.2,149523.0
128.627996,-26.240273,508.8,-21.217,3.00,-26289.5,161349.6
127.618004,-26.350283,437.1,-29.721,3.00,-38522.1,60413.0
127.731333,-26.350281,447.6,-43.193,3.00,-38521.9,71738.8
127.843003,-26.351940,464.0,-48.987,3.00,-38706.3,82898.9
127.953002,-26.348609,505.9,-54.295,3.00,-38336.0,93892.0
128.174660,-26.351937,539.8,-52.117,3.00,-38706.0,116044.1
128.289660,-26.358606,560.9,-44.426,3.00,-39447.6,127537.0
128.411329,-26.348605,540.4,-30.830,3.00,-38335.5,139696.3
128.522998,-26.356934,497.2,-28.375,3.00,-39261.7,150856.3
128.627997,-26.351933,487.3,-16.489,3.00,-38705.6,161349.7
127.613005,-26.450283,424.5,-70.559,3.00,-49641.6,59913.4
127.948003,-26.445280,494.2,-64.495,3.00,-49085.3,93392.4
128.171332,-26.451938,519.4,-44.658,3.00,-49825.6,115711.5
128.298001,-26.446937,533.8,-34.497,3.00,-49269.5,128370.5
128.409660,-26.451936,508.6,-32.743,3.00,-49825.4,139529.5
128.624658,-26.451934,473.3,-30.865,3.00,-49825.2,161016.0
127.496332,-26.105282,513.6,47.435,3.00,-11279.2,48253.3
127.494663,-26.218613,503.4,21.666,3.00,-23881.1,48086.5
127.504664,-26.330283,442.0,-3.673,3.00,-36298.2,49086.0
127.283005,-26.243615,452.0,20.148,3.00,-26661.2,26933.8
126.701341,-26.445292,509.8,-58.632,3.00,-49086.6,-31196.6
127.054669,-26.443618,430.4,-32.294,3.00,-48900.5,4114.4
128.391328,-26.246935,544.7,-39.824,3.00,-27030.3,137697.5
127.498006,-26.436944,419.4,-63.835,3.00,-48158.4,48420.6
128.064661,-26.360278,545.4,-55.945,3.00,-39633.5,105051.0
127.051335,-26.170287,482.2,-11.817,3.00,-18507.5,3781.2
126.848007,-26.218619,482.5,-16.032,3.00,-23881.7,-16539.1
128.746323,-26.005270,605.0,-6.977,3.00,-158.4,173175.0
131.999996,-25.820570,567.1,-123.208,1.00,20379.3,498340.8
131.999997,-25.856770,570.5,-123.929,1.00,16354.0,498340.9
131.999997,-25.865570,574.1,-123.088,1.00,15375.5,498340.9
131.999997,-25.874770,575.9,-123.047,1.00,14352.5,498340.9
131.999996,-25.811970,565.5,-124.634,1.00,21335.6,498340.8
131.999896,-25.802470,563.1,-124.990,1.00,22391.9,498330.8
131.999696,-25.793570,561.5,-124.392,1.00,23381.6,498310.8
131.999696,-25.784570,558.0,-124.154,1.00,24382.3,498310.8
131.990188,-25.958021,594.8,-129.281,0.50,5095.4,497360.6
131.981848,-25.956911,592.9,-129.116,0.50,5218.9,496527.1
131.973518,-25.956081,592.2,-128.461,0.50,5311.2,495694.6
131.962408,-25.956351,591.3,-127.280,0.50,5281.1,494584.3
131.945738,-25.956911,591.8,-128.358,0.50,5218.9,492918.3
131.937408,-25.956631,593.1,-128.390,0.50,5250.0,492085.8
131.926298,-25.953291,593.4,-128.445,0.50,5621.4,490975.5
131.917958,-25.949681,596.1,-129.602,0.50,6022.8,490142.0
131.906848,-25.948021,599.9,-129.424,0.50,6207.4,489031.7
131.898508,-25.947741,602.4,-127.552,0.50,6238.5,488198.3
131.887399,-25.948022,602.7,-127.314,0.50,6207.3,487088.0
131.879079,-25.947472,603.2,-127.854,0.50,6268.4,486256.6
131.867969,-25.947742,605.1,-128.736,0.50,6238.4,485146.2
131.859629,-25.950242,607.6,-129.893,0.50,5960.4,484312.8
131.848519,-25.954132,612.1,-130.129,0.50,5527.9,483202.4
131.834629,-25.956902,617.3,-129.953,0.50,5219.9,481814.3
131.970737,-25.870241,573.7,-125.132,0.50,14856.1,495416.7
131.962407,-25.873301,574.8,-123.476,0.50,14515.9,494584.2
131.954067,-25.874411,577.2,-124.724,0.50,14392.5,493750.7
131.942957,-25.878571,576.7,-127.944,0.50,13929.9,492640.4
131.934617,-25.882191,580.4,-128.982,0.50,13527.4,491806.9
131.926288,-25.886081,582.3,-129.263,0.50,13094.8,490974.5
131.915178,-25.890521,584.0,-129.420,0.50,12601.1,489864.2
131.909628,-25.895791,587.1,-128.650,0.50,12015.1,489309.6
131.901298,-25.899971,589.8,-128.457,0.50,11550.3,488477.1
131.890178,-25.904401,593.8,-128.989,0.50,11057.7,487365.8
131.884628,-25.910241,593.9,-129.753,0.50,10408.3,486811.1
131.876288,-25.915522,600.0,-128.758,0.50,9821.1,485977.6
131.867958,-25.922472,601.0,-129.193,0.50,9048.3,485145.1
131.865179,-25.929972,606.1,-128.879,0.50,8214.4,484867.4
131.865189,-25.938572,605.4,-129.655,0.50,7258.1,484868.4
131.859619,-25.945792,608.6,-129.514,0.50,6455.2,484311.8
131.992958,-25.982461,596.1,-128.438,0.50,2377.8,497637.4
131.987408,-25.977461,597.0,-127.553,0.50,2933.8,497082.7
131.979078,-25.974131,594.3,-129.018,0.50,3304.1,496250.3
131.973518,-25.972461,595.6,-129.091,0.50,3489.8,495694.6
131.962408,-25.967741,594.0,-129.355,0.50,4014.6,494584.3
131.954068,-25.963301,594.4,-127.298,0.50,4508.3,493750.8
131.945738,-25.961351,591.7,-128.305,0.50,4725.2,492918.3
131.934628,-25.963851,592.3,-127.823,0.50,4447.2,491808.0
131.926298,-25.965801,594.7,-128.424,0.50,4230.4,490975.5
131.915189,-25.968301,596.8,-129.287,0.50,3952.4,489865.3
131.906859,-25.970791,599.7,-128.664,0.50,3675.5,489032.8
131.895739,-25.972742,603.6,-128.826,0.50,3458.5,487921.5
131.979068,-25.965241,593.7,-129.059,0.50,4292.6,496249.3
131.887409,-25.969962,605.9,-128.800,0.50,3767.7,487089.0
131.879069,-25.965802,610.0,-128.394,0.50,4230.2,486255.6
131.870739,-25.961632,609.0,-127.753,0.50,4693.9,485423.1
131.862409,-25.956912,608.7,-128.943,0.50,5218.8,484590.6
131.854069,-25.956912,613.6,-130.359,0.50,5218.8,483757.1
131.840189,-25.958852,615.2,-130.082,0.50,5003.0,482370.0
131.665189,-25.831353,593.7,-136.408,0.50,19180.3,464880.8
131.670739,-25.824413,590.2,-136.105,0.50,19952.0,465435.5
131.656849,-25.821353,587.0,-137.013,0.50,20292.2,464047.3
131.654069,-25.828853,591.9,-136.837,0.50,19458.3,463769.5
131.642959,-25.830523,596.3,-137.009,0.50,19272.6,462659.2
131.634629,-25.828023,595.1,-136.350,0.50,19550.6,461826.7
131.637399,-25.819973,592.7,-135.927,0.50,20445.7,462103.5
131.645739,-25.820523,596.4,-136.571,0.50,20384.5,462937.0
131.659629,-25.830243,591.5,-136.787,0.50,19303.7,464325.1
131.654069,-25.847193,600.1,-135.337,0.50,17419.0,463769.5
131.667960,-25.910523,623.4,-134.585,0.50,10377.0,465157.7
131.667960,-25.900803,620.0,-134.342,0.50,11457.8,465157.7
131.667960,-25.891913,617.6,-133.816,0.50,12446.3,465157.7
131.667960,-25.883023,614.3,-133.049,0.50,13434.8,465157.7
131.667959,-25.873303,607.2,-134.615,0.50,14515.7,465157.6
131.667969,-25.869413,605.1,-134.719,0.50,14948.2,465158.6
131.667959,-25.861913,601.4,-134.026,0.50,15782.2,465157.6
131.670739,-25.853023,600.0,-135.487,0.50,16770.7,465435.5
131.673519,-25.844133,598.1,-135.703,0.50,17759.2,465713.3
131.676299,-25.835523,594.3,-135.179,0.50,18716.6,465991.1
131.679069,-25.824963,591.7,-134.175,0.50,19890.8,466267.9
131.684629,-25.816083,585.8,-136.214,0.50,20878.2,466823.6
131.687399,-25.807463,582.9,-136.592,0.50,21836.7,467100.4
131.687399,-25.798583,580.0,-136.470,0.50,22824.1,467100.4
131.690178,-25.790243,578.5,-136.886,0.50,23751.5,467378.2
131.692958,-25.781633,576.2,-137.341,0.50,24708.9,467656.0
131.698518,-25.773023,574.6,-136.924,0.50,25666.3,468211.6
131.698508,-25.764133,570.9,-136.170,0.50,26654.8,468210.6
131.701298,-25.755522,568.3,-134.910,0.50,27612.3,468489.5
131.662399,-25.860243,602.2,-134.233,0.50,15967.9,464602.0
131.651289,-25.861073,605.5,-134.836,0.50,15875.6,463491.7
131.640190,-25.862183,612.4,-133.179,0.50,15752.1,462382.5
131.631850,-25.861914,617.3,-133.155,0.50,15782.1,461549.0
131.623520,-25.860804,617.1,-132.457,0.50,15905.5,460716.5
131.612410,-25.864414,616.6,-131.548,0.50,15504.1,459606.2
131.604080,-25.868864,620.5,-130.620,0.50,15009.3,458773.7
131.592960,-25.871914,621.2,-129.927,0.50,14670.1,457662.4
131.584630,-25.877184,620.7,-129.556,0.50,14084.1,456829.9
131.673519,-25.864973,604.1,-134.432,0.50,15441.9,465713.3
131.684619,-25.861913,603.2,-134.877,0.50,15782.2,466822.6
131.692959,-25.858853,599.9,-133.366,0.50,16122.4,467656.1
131.701289,-25.855523,598.7,-131.690,0.50,16492.7,468488.6
131.712409,-25.852743,596.8,-132.218,0.50,16801.8,469599.9
131.717959,-25.850253,597.8,-131.515,0.50,17078.7,470154.5
131.720739,-25.863023,605.6,-133.734,0.50,15658.7,470432.4
131.662410,-25.915523,626.8,-134.551,0.50,9821.0,464603.1
131.656850,-25.922744,631.9,-133.975,0.50,9018.1,464047.4
131.651300,-25.929964,638.1,-133.491,0.50,8215.2,463492.8
131.648520,-25.934684,642.8,-132.613,0.50,7690.4,463214.9
131.637410,-25.937744,649.3,-131.539,0.50,7350.1,462104.6
131.629081,-25.941914,653.7,-132.070,0.50,6886.5,461272.2
131.623521,-25.948024,652.6,-131.466,0.50,6207.1,460716.6
131.617961,-25.956364,652.1,-130.621,0.50,5279.7,460160.9
131.612401,-25.961084,643.5,-131.151,0.50,4754.9,459605.3
131.601291,-25.964694,651.5,-130.323,0.50,4353.4,458495.0
131.592961,-25.968294,652.2,-130.019,0.50,3953.1,457662.5
131.584631,-25.971914,649.9,-129.955,0.50,3550.6,456830.0
131.573521,-25.975245,647.7,-129.953,0.50,3180.2,455719.7
131.565191,-25.979135,648.1,-129.138,0.50,2747.7,454887.2
131.556852,-25.982465,650.0,-128.001,0.50,2377.4,454053.8
131.545742,-25.986355,649.2,-127.922,0.50,1944.8,452943.5
131.537402,-25.989965,650.2,-126.805,0.50,1543.4,452110.0
131.529082,-25.993855,653.5,-126.456,0.50,1110.9,451278.5
131.520742,-25.995805,656.1,-127.166,0.50,894.1,450445.0
131.512412,-25.998865,664.8,-124.940,0.50,553.8,449612.6
131.654070,-25.911364,628.1,-133.353,0.50,10283.5,463769.6
131.642970,-25.911354,632.1,-132.280,0.50,10284.6,462660.3
131.634630,-25.911084,637.5,-131.403,0.50,10314.6,461826.8
131.629070,-25.910804,638.8,-131.593,0.50,10345.7,461271.1
131.631850,-25.901084,635.1,-131.995,0.50,11426.6,461549.0
131.634620,-25.890244,623.0,-132.273,0.50,12631.9,461825.8
131.645740,-25.889974,627.7,-132.962,0.50,12661.9,462937.1
131.656850,-25.889403,622.2,-133.266,0.50,12725.4,464047.4
131.665180,-25.889403,618.4,-133.500,0.50,12725.4,464879.9
131.709628,-25.748302,566.6,-135.027,0.50,28415.1,469322.0
131.715178,-25.741632,564.0,-136.761,0.50,29156.8,469876.6
131.720738,-25.734962,561.9,-136.290,0.50,29898.5,470432.3
131.642960,-25.941914,643.7,-132.256,0.50,6886.5,462659.3
131.640190,-25.946074,647.5,-131.862,0.50,6423.9,462382.5
131.637411,-25.952474,651.8,-131.526,0.50,5712.2,462104.7
131.637401,-25.960804,658.8,-131.237,0.50,4786.0,462103.7
131.731847,-25.719682,558.7,-133.384,0.50,31597.5,471542.5
131.737397,-25.712192,557.1,-134.120,0.50,32430.4,472097.1
131.745737,-25.704972,555.0,-135.446,0.50,33233.2,472930.6
131.751297,-25.699962,553.8,-136.932,0.50,33790.3,473486.3
131.756847,-25.692752,551.6,-139.699,0.50,34592.0,474040.9
131.765187,-25.685522,548.7,-141.885,0.50,35396.0,474874.4
131.770737,-25.678582,546.3,-141.790,0.50,36167.6,475429.1
131.776296,-25.671631,544.4,-141.024,0.50,36940.6,475984.6
131.779066,-25.663301,546.3,-140.727,0.50,37866.8,476261.5
131.784626,-25.654411,545.5,-139.898,0.50,38855.3,476817.1
131.787406,-25.645791,539.6,-139.882,0.50,39813.8,477094.9
131.790176,-25.637471,536.5,-140.395,0.50,40739.0,477371.8
131.792956,-25.631081,537.1,-139.076,0.50,41449.5,477649.6
131.798506,-25.607191,537.6,-132.401,0.50,44106.0,478204.2
131.790176,-25.610241,535.9,-132.684,0.50,43766.8,477371.8
131.790186,-25.619411,537.2,-135.965,0.50,42747.2,477372.8
131.790176,-25.601911,533.6,-130.028,0.50,44693.1,477371.8
131.790185,-25.593291,530.1,-127.305,0.50,45651.6,477372.7
131.787405,-25.583581,525.3,-123.987,0.50,46731.3,477094.8
131.790185,-25.575241,525.5,-121.343,0.50,47658.6,477372.7
131.792955,-25.566631,525.8,-119.996,0.50,48616.0,477649.5
131.795735,-25.558851,520.6,-118.568,0.50,49481.1,477927.3
131.737400,-25.962473,643.5,-129.235,0.50,4600.4,472097.4
131.773520,-25.998583,641.7,-127.165,0.50,585.2,475707.2
131.762400,-25.998573,644.6,-127.027,0.50,586.3,474595.9
131.754070,-26.002743,651.0,-126.929,0.50,122.6,473763.4
131.754070,-25.998853,650.4,-126.815,0.50,555.1,473763.4
131.748520,-25.998863,661.8,-126.908,0.50,554.0,473208.7
131.740180,-25.998853,670.0,-127.644,0.50,555.1,472375.3
131.737410,-25.998853,672.8,-127.416,0.50,555.1,472098.4
131.779070,-25.998853,639.2,-127.714,0.50,555.1,476261.9
131.787400,-25.998853,638.1,-127.881,0.50,555.1,477094.3
131.795740,-25.998573,637.7,-127.756,0.50,586.3,477927.8
131.804080,-25.998853,639.5,-128.165,0.50,555.1,478761.3
131.809620,-25.999132,649.8,-128.057,0.50,524.1,479315.0
131.815180,-25.994692,647.8,-128.186,0.50,1017.8,479870.6
131.817960,-25.998852,643.0,-127.735,0.50,555.2,480148.4
131.829070,-25.998572,633.5,-127.528,0.50,586.4,481258.8
131.837409,-25.998572,628.3,-127.305,0.50,586.4,482092.1
131.845739,-25.998302,628.8,-127.087,0.50,616.4,482924.6
131.851289,-25.998852,625.2,-127.350,0.50,555.2,483479.3
131.859619,-25.998582,622.8,-127.045,0.50,585.3,484311.8
131.867959,-25.998572,618.4,-126.430,0.50,586.4,485145.2
131.876299,-25.998572,614.9,-125.637,0.50,586.4,485978.7
131.892959,-25.998572,609.5,-126.952,0.50,586.4,487643.7
131.901299,-25.998582,607.4,-126.793,0.50,585.3,488477.2
131.909629,-25.998852,605.0,-125.880,0.50,555.2,489309.7
131.917959,-25.998582,604.0,-126.383,0.50,585.3,490142.1
131.926289,-25.998301,602.1,-126.781,0.50,616.5,490974.6
131.934629,-25.998571,599.9,-127.197,0.50,586.5,491808.1
131.940179,-25.998861,599.9,-128.710,0.50,554.2,492362.8
131.948519,-25.998851,600.7,-128.644,0.50,555.4,493196.3
131.809630,-25.990522,636.1,-128.537,0.50,1481.5,479316.0
131.809620,-25.981082,629.6,-129.424,0.50,2531.2,479315.0
131.809629,-25.972182,630.0,-129.477,0.50,3520.8,479315.9
131.809629,-25.966072,626.6,-129.769,0.50,4200.2,479315.9
131.817959,-25.963572,624.4,-130.097,0.50,4478.2,480148.3
131.817969,-25.958302,626.1,-129.920,0.50,5064.2,480149.3
131.956849,-25.998571,600.8,-128.748,0.50,586.5,494028.7
131.965178,-25.998851,599.9,-128.799,0.50,555.4,494861.1
131.973508,-25.998571,599.7,-127.659,0.50,586.5,495693.6
131.981848,-25.998571,599.8,-128.239,0.50,586.5,496527.1
131.990178,-25.998301,603.6,-128.084,0.50,616.5,497359.6
131.998518,-25.998851,600.8,-128.940,0.50,555.4,498193.1
131.765180,-25.992743,642.5,-128.016,0.50,1234.5,474873.7
131.759630,-25.986353,642.4,-128.714,0.50,1945.1,474319.1
131.754080,-25.979403,643.1,-128.605,0.50,2717.9,473764.4
131.748520,-25.973573,642.0,-128.789,0.50,3366.1,473208.7
131.745740,-25.964683,641.0,-129.095,0.50,4354.7,472930.9
131.729070,-25.958853,646.2,-129.921,0.50,5002.9,471264.9
131.720740,-25.953583,644.5,-130.748,0.50,5588.9,470432.5
131.712410,-25.948573,644.7,-131.316,0.50,6146.0,469600.0
131.704080,-25.943863,641.7,-132.224,0.50,6669.7,468767.5
131.695740,-25.939413,636.4,-133.352,0.50,7164.6,467934.0
131.676300,-25.920803,628.3,-134.407,0.50,9233.9,465991.2
131.745740,-25.959133,639.7,-129.528,0.50,4971.8,472930.9
131.754080,-25.955803,634.6,-129.294,0.50,5342.1,473764.4
131.765190,-25.956353,630.9,-129.807,0.50,5280.9,474874.7
131.776290,-25.958303,629.3,-130.491,0.50,5064.1,475984.0
131.784619,-25.960243,631.2,-130.846,0.50,4848.4,476816.4
131.795739,-25.958852,628.4,-130.249,0.50,5003.0,477927.7
131.804069,-25.957742,627.4,-129.979,0.50,5126.5,478760.2
131.826289,-25.957472,622.3,-130.114,0.50,5156.5,480980.8
131.834629,-25.959402,618.3,-129.646,0.50,4941.9,481814.3
131.679070,-25.927463,632.2,-134.154,0.50,8493.3,466268.0
131.681860,-25.935803,635.3,-133.454,0.50,7566.0,466546.9
131.684620,-25.943023,642.0,-132.023,0.50,6763.1,466822.7
131.690180,-25.951633,644.7,-131.167,0.50,5805.8,467378.4
131.692960,-25.959963,646.9,-130.686,0.50,4879.5,467656.2
131.698520,-25.967473,653.3,-128.743,0.50,4044.4,468211.8
131.698520,-25.976903,657.2,-127.794,0.50,2995.9,468211.8
131.698520,-25.986073,661.8,-126.757,0.50,1976.2,468211.8
131.698511,-25.994963,669.7,-125.993,0.50,987.7,468210.9
131.695741,-25.999694,672.9,-125.562,0.50,461.6,467934.1
131.698511,-25.998853,668.8,-126.201,0.50,555.1,468210.9
131.684631,-25.998584,677.1,-125.798,0.50,585.0,466823.8
131.676301,-25.998864,686.0,-126.162,0.50,553.9,465991.3
131.692961,-25.998854,675.9,-125.507,0.50,555.0,467656.3
131.720740,-25.999693,685.0,-126.843,0.50,461.7,470432.5
131.770739,-25.903302,611.5,-132.879,0.50,11179.9,475429.3
131.684630,-25.926073,631.1,-134.380,0.50,8647.9,466823.7
131.690180,-25.933293,634.0,-133.550,0.50,7845.1,467378.4
131.801299,-25.951912,623.8,-131.248,0.50,5774.7,478483.4
131.792959,-25.945522,624.0,-131.663,0.50,6485.3,477649.9
131.784629,-25.938302,621.3,-131.882,0.50,7288.1,476817.4
131.765179,-25.903022,612.2,-132.627,0.50,11211.1,474873.6
131.767959,-25.948303,627.9,-130.096,0.50,6176.0,475151.4
131.779069,-25.944413,625.1,-130.621,0.50,6608.6,476261.8
131.787399,-25.934972,621.7,-131.670,0.50,7658.4,477094.2
131.787409,-25.931912,621.6,-131.689,0.50,7998.6,477095.2
131.784629,-25.925242,617.9,-131.167,0.50,8740.3,476817.4
131.776299,-25.918022,615.9,-131.329,0.50,9543.1,475984.9
131.770739,-25.910802,614.6,-132.318,0.50,10346.0,475429.3
131.756849,-25.896073,611.6,-133.289,0.50,11983.8,474041.1
131.751289,-25.890523,610.8,-132.806,0.50,12600.9,473485.5
131.745739,-25.883023,607.7,-133.674,0.50,13434.8,472930.8
131.740179,-25.876353,604.4,-132.428,0.50,14176.5,472375.2
131.734629,-25.866913,601.5,-132.442,0.50,15226.2,471820.5
131.712399,-25.864693,603.3,-132.981,0.50,15473.0,469598.9
131.709629,-25.872463,607.2,-132.635,0.50,14609.1,469322.1
131.704069,-25.880243,610.7,-133.142,0.50,13744.0,468766.4
131.698519,-25.888853,612.7,-133.750,0.50,12786.6,468211.7
131.695740,-25.896913,616.7,-134.373,0.50,11890.3,467934.0
131.690180,-25.905243,622.4,-134.683,0.50,10964.1,467378.4
131.687410,-25.913023,623.6,-134.855,0.50,10099.0,467101.5
131.679080,-25.904693,619.9,-135.016,0.50,11025.2,466269.0
131.779069,-25.932182,619.0,-131.260,0.50,7968.6,476261.8
131.767969,-25.929963,619.9,-130.732,0.50,8215.4,475152.4
131.759629,-25.927743,622.7,-131.022,0.50,8462.2,474319.0
131.748509,-25.924683,623.2,-131.902,0.50,8802.5,473207.6
131.740179,-25.920803,623.7,-131.926,0.50,9233.9,472375.2
131.734619,-25.915253,623.8,-131.816,0.50,9851.0,471819.5
131.695730,-25.913293,624.5,-134.537,0.50,10069.0,467933.0
131.704070,-25.913023,624.4,-133.664,0.50,10099.0,468766.5
131.715180,-25.913853,624.8,-132.808,0.50,10006.7,469876.8
131.726289,-25.914413,623.0,-132.506,0.50,9944.4,470987.0
131.742959,-25.911073,620.0,-132.142,0.50,10315.8,472653.0
131.754069,-25.907193,615.9,-132.064,0.50,10747.3,473763.3
131.992956,-25.768850,555.0,-123.463,0.50,26130.3,497637.2
131.990176,-25.777460,556.9,-124.409,0.50,25172.9,497359.4
131.987396,-25.786350,559.0,-124.925,0.50,24184.4,497081.5
131.981846,-25.793290,560.4,-124.911,0.50,23412.7,496526.9
131.973506,-25.799680,562.5,-124.569,0.50,22702.2,495693.4
131.965186,-25.806350,561.7,-125.114,0.50,21960.5,494861.9
131.959616,-25.811070,564.6,-125.472,0.50,21435.7,494305.3
131.951287,-25.816080,566.8,-125.098,0.50,20878.6,493472.9
131.942957,-25.821631,568.1,-126.103,0.50,20261.3,492640.4
131.934627,-25.827191,572.1,-126.148,0.50,19643.1,491807.9
131.926297,-25.832461,573.2,-126.973,0.50,19057.1,490975.4
131.917967,-25.837471,577.2,-127.222,0.50,18500.0,490142.9
131.909627,-25.841351,577.3,-128.129,0.50,18068.6,489309.5
131.901287,-25.845521,580.0,-128.573,0.50,17604.9,488476.0
131.890187,-25.848851,581.7,-129.981,0.50,17234.6,487366.7
131.881848,-25.852461,583.9,-130.565,0.50,16833.2,486533.3
131.873518,-25.856071,584.8,-131.386,0.50,16431.8,485700.8
131.862408,-25.859691,591.5,-130.164,0.50,16029.2,484590.5
131.854078,-25.864132,591.5,-131.758,0.50,15535.4,483758.0
131.845728,-25.867742,595.6,-133.786,0.50,15134.0,482923.5
131.837408,-25.871082,598.0,-134.744,0.50,14762.6,482092.0
131.829068,-25.875242,600.6,-134.883,0.50,14300.1,481258.6
131.820738,-25.879972,601.0,-135.200,0.50,13774.1,480426.1
131.809628,-25.881632,602.5,-135.456,0.50,13589.5,479315.8
131.801299,-25.884132,602.8,-135.198,0.50,13311.5,478483.4
131.792959,-25.890522,606.6,-134.220,0.50,12601.0,477649.9
131.784629,-25.894412,608.6,-132.612,0.50,12168.4,476817.4
131.776289,-25.897742,609.3,-133.425,0.50,11798.2,475983.9
131.756859,-25.881362,606.7,-133.390,0.50,13619.5,474042.1
131.759619,-25.873022,602.7,-134.425,0.50,14546.9,474318.0
131.762409,-25.864402,598.9,-136.589,0.50,15505.4,474596.8
131.767958,-25.856082,596.0,-135.867,0.50,16430.5,475151.3
131.770738,-25.847462,593.9,-135.125,0.50,17389.0,475429.2
131.773518,-25.839682,588.6,-135.293,0.50,18254.1,475707.0
131.776298,-25.830522,590.1,-135.759,0.50,19272.7,475984.8
131.779068,-25.821352,587.7,-135.565,0.50,20292.3,476261.7
131.784618,-25.813572,585.3,-135.456,0.50,21157.4,476816.3
131.787398,-25.804972,582.4,-134.153,0.50,22113.7,477094.1
131.790178,-25.796352,579.4,-133.542,0.50,23072.2,477372.0
131.792958,-25.787742,579.9,-132.591,0.50,24029.6,477649.8
131.795737,-25.782192,582.0,-131.277,0.50,24646.7,477927.5
131.790187,-25.774412,574.3,-131.653,0.50,25511.8,477372.9
131.862405,-25.590240,527.8,-126.207,0.50,45990.8,484590.2
131.792957,-25.766912,572.2,-132.736,0.50,26345.8,477649.7
131.798517,-25.758022,567.6,-133.477,0.50,27334.3,478205.3
131.801297,-25.749402,565.5,-134.222,0.50,28292.8,478483.2
131.804077,-25.741631,564.1,-134.875,0.50,29156.9,478761.0
131.806847,-25.733021,563.9,-135.475,0.50,30114.3,479037.8
131.812397,-25.724681,560.6,-136.362,0.50,31041.7,479592.5
131.815177,-25.716081,556.1,-139.247,0.50,31997.9,479870.3
131.817966,-25.707471,554.5,-140.931,0.50,32955.3,480149.0
131.820736,-25.699131,550.6,-142.831,0.50,33882.7,480425.9
131.823516,-25.690241,548.5,-144.424,0.50,34871.2,480703.7
131.826286,-25.681361,548.3,-145.095,0.50,35858.6,480980.5
131.829076,-25.673581,545.2,-145.620,0.50,36723.7,481259.4
131.834626,-25.664691,542.4,-145.876,0.50,37712.3,481814.0
131.837406,-25.656071,539.0,-144.724,0.50,38670.8,482091.8
131.840176,-25.648021,537.3,-143.246,0.50,39565.9,482368.7
131.842956,-25.639131,536.0,-142.068,0.50,40554.4,482646.5
131.848515,-25.630521,535.7,-140.405,0.50,41511.8,483202.0
131.851285,-25.622181,535.1,-137.670,0.50,42439.2,483478.9
131.854075,-25.613571,532.3,-134.318,0.50,43396.5,483757.7
131.856845,-25.605240,529.6,-131.157,0.50,44322.9,484034.5
131.862405,-25.596630,527.7,-128.208,0.50,45280.3,484590.2
131.984614,-25.610789,531.9,-125.517,0.50,43705.9,496803.5
131.973514,-25.607189,528.4,-124.075,0.50,44106.2,495694.2
131.965184,-25.604680,533.0,-123.115,0.50,44385.2,494861.7
131.954064,-25.603290,529.8,-122.834,0.50,44539.7,493750.4
131.945734,-25.601630,527.0,-122.786,0.50,44724.3,492917.9
131.934624,-25.599960,529.2,-122.679,0.50,44910.0,491807.6
131.926284,-25.598290,530.6,-123.143,0.50,45095.7,490974.1
131.915184,-25.596910,528.8,-123.684,0.50,45249.2,489864.8
131.904065,-25.594970,529.0,-124.430,0.50,45464.9,488753.6
131.895735,-25.593570,530.0,-125.444,0.50,45620.5,487921.1
131.887405,-25.591630,530.7,-125.723,0.50,45836.3,487088.6
131.876285,-25.590520,529.6,-125.527,0.50,45959.7,485977.3
131.854065,-25.589410,531.5,-126.596,0.50,46083.1,483756.7
131.842965,-25.587741,535.5,-126.772,0.50,46268.7,482647.4
131.834615,-25.586351,532.3,-126.247,0.50,46423.3,481812.9
131.823515,-25.584971,531.2,-126.581,0.50,46576.7,480703.6
131.812405,-25.584681,539.7,-126.591,0.50,46609.0,479593.3
131.801285,-25.584681,526.3,-125.097,0.50,46609.0,478482.0
131.809625,-25.598301,529.2,-130.086,0.50,45094.5,479315.5
131.823505,-25.584411,533.1,-126.083,0.50,46639.0,480702.6
131.806845,-25.606911,539.5,-132.850,0.50,44137.1,479037.6
131.798516,-25.616901,537.9,-135.164,0.50,43026.3,478205.2
131.798516,-25.626351,537.3,-137.767,0.50,41975.5,478205.2
131.804075,-25.600801,535.5,-130.846,0.50,44816.5,478760.8
131.804065,-25.592191,531.1,-127.974,0.50,45773.9,478759.8
131.812405,-25.589961,531.0,-127.635,0.50,46021.9,479593.3
131.829075,-25.580241,532.6,-124.645,0.50,47102.7,481259.3
131.837405,-25.573291,528.5,-123.202,0.50,47875.5,482091.7
131.840175,-25.565510,525.8,-120.407,0.50,48740.7,482368.6
131.845735,-25.558300,526.2,-117.842,0.50,49542.4,482924.2
131.806855,-25.559131,525.1,-117.764,0.50,49450.0,479038.6
131.801285,-25.569681,534.0,-120.317,0.50,48276.9,478482.0
131.801295,-25.577181,538.2,-122.701,0.50,47442.9,478483.0
131.987393,-25.555239,520.0,-111.656,0.50,49882.8,497081.2
131.987394,-25.564409,523.0,-113.076,0.50,48863.1,497081.3
131.987394,-25.573569,524.5,-114.101,0.50,47844.6,497081.3
131.987394,-25.582459,528.7,-114.916,0.50,46856.0,497081.3
131.990174,-25.590519,532.0,-117.571,0.50,45959.8,497359.2
131.984624,-25.601079,529.2,-121.694,0.50,44785.6,496804.5
131.987394,-25.590799,530.5,-117.736,0.50,45928.7,497081.3
131.998514,-25.590239,526.2,-117.403,0.50,45990.9,498192.7
131.648620,-25.933554,642.6,-132.620,6.00,7816.1,463224.9
131.643300,-25.941094,648.7,-131.254,6.00,6977.6,462693.3
131.640960,-25.946324,652.0,-131.027,6.00,6396.1,462459.4
131.647461,-25.951834,667.6,-131.805,6.00,5783.4,463109.1
131.637591,-25.953854,659.5,-130.104,6.00,5558.8,462122.7
131.635181,-25.962584,668.4,-129.516,6.00,4588.1,461881.9
131.635701,-25.971374,670.6,-129.622,6.00,3610.7,461933.8
131.635061,-25.979914,670.6,-129.598,6.00,2661.1,461869.9
131.634791,-25.989744,676.1,-129.213,6.00,1568.0,461842.9
131.632231,-25.998484,670.4,-127.414,6.00,596.2,461587.0
131.787485,-25.584631,526.2,-123.813,6.00,46614.5,477102.8
131.704836,-25.582752,531.2,-119.712,6.00,46823.5,468843.0
131.695056,-25.581622,532.2,-121.003,6.00,46949.1,467865.7
131.687626,-25.575682,529.9,-119.817,6.00,47609.6,467123.1
131.674696,-25.569632,533.5,-118.523,6.00,48282.3,465830.9
131.669696,-25.577722,540.3,-118.249,6.00,47382.8,465331.2
131.670786,-25.586372,533.9,-118.231,6.00,46420.9,465440.2
131.672456,-25.593572,535.5,-119.662,6.00,45620.3,465607.1
131.679846,-25.603442,543.1,-121.958,6.00,44522.8,466345.6
131.681087,-25.611082,539.2,-123.396,6.00,43673.3,466469.6
131.682597,-25.621332,539.2,-126.978,6.00,42533.6,466620.5
131.677247,-25.629542,540.4,-130.974,6.00,41620.6,466085.9
131.586210,-25.875714,624.9,-128.567,6.00,14247.6,456987.8
131.509970,-25.817074,602.1,-137.243,6.00,20768.0,449368.5
131.490300,-25.805565,618.0,-135.482,6.00,22047.8,447402.7
131.482290,-25.799875,619.1,-135.482,6.00,22680.5,446602.2
131.474140,-25.795415,615.0,-135.677,6.00,23176.4,445787.7
131.465170,-25.791295,617.0,-136.788,6.00,23634.5,444891.3
131.456520,-25.786695,617.8,-135.000,6.00,24146.0,444026.8
131.448630,-25.782765,615.8,-136.682,6.00,24583.0,443238.3
131.440250,-25.777335,614.3,-137.143,6.00,25186.8,442400.8
131.430980,-25.773265,617.5,-136.827,6.00,25639.4,441474.4
131.421760,-25.770465,614.5,-137.703,6.00,25950.7,440553.0
131.411890,-25.769225,612.1,-138.531,6.00,26088.6,439566.6
131.402990,-25.767065,611.2,-138.271,6.00,26328.8,438677.1
131.394150,-25.763335,602.0,-138.207,6.00,26743.5,437793.7
131.384550,-25.759415,600.3,-139.011,6.00,27179.4,436834.3
131.382920,-25.758395,608.7,-139.351,6.00,27292.8,436671.4
131.384050,-25.748965,594.2,-138.180,6.00,28341.4,436784.3
131.385520,-25.740675,587.2,-137.103,6.00,29263.2,436931.2
131.385750,-25.729655,592.8,-135.752,6.00,30488.6,436954.2
131.389020,-25.719545,579.0,-133.813,6.00,31612.8,437281.0
131.390090,-25.711035,580.6,-133.924,6.00,32559.0,437387.9
131.673908,-25.708783,574.2,-139.893,6.00,32809.4,465752.2
131.545929,-25.713234,581.8,-137.437,6.00,32314.5,452962.2
131.555789,-25.711334,574.1,-137.446,6.00,32525.8,453947.6
131.565089,-25.708653,574.8,-136.486,6.00,32823.9,454877.0
131.574488,-25.706543,571.3,-136.942,6.00,33058.5,455816.3
131.584288,-25.705733,570.9,-137.830,6.00,33148.6,456795.7
131.592708,-25.708653,571.7,-138.146,6.00,32823.9,457637.2
131.601528,-25.711063,575.7,-139.695,6.00,32555.9,458518.6
131.609008,-25.716013,571.3,-139.617,6.00,32005.5,459266.2
131.617318,-25.720683,575.6,-138.833,6.00,31486.2,460096.7
131.625738,-25.725953,582.7,-138.460,6.00,30900.2,460938.1
131.634318,-25.724693,570.5,-137.739,6.00,31040.3,461795.6
131.644028,-25.722923,567.9,-137.783,6.00,31237.2,462766.0
131.653268,-25.719713,569.0,-137.877,6.00,31594.1,463689.4
131.662488,-25.716683,568.3,-137.351,6.00,31931.0,464610.9
131.676068,-25.714523,566.8,-138.712,6.00,32171.2,465968.0
131.682528,-25.713432,567.1,-138.506,6.00,32292.5,466613.6
131.690818,-25.716282,561.1,-137.401,6.00,31975.6,467442.1
131.700178,-25.719102,566.1,-136.511,6.00,31662.0,468377.5
131.707528,-25.724572,562.8,-135.176,6.00,31053.8,469112.1
131.716688,-25.731932,561.8,-136.394,6.00,30235.4,470027.5
131.673658,-25.700662,562.7,-139.217,6.00,33712.5,465727.2
131.672727,-25.691622,563.2,-139.830,6.00,34717.7,465634.1
131.673357,-25.683192,567.7,-141.002,6.00,35655.0,465697.1
131.671977,-25.675762,565.5,-141.615,6.00,36481.2,465559.2
131.667947,-25.668142,555.6,-142.303,6.00,37328.5,465156.4
131.664717,-25.660012,556.8,-141.989,6.00,38232.5,464833.6
131.664347,-25.651312,548.7,-139.981,6.00,39199.9,464796.7
131.666217,-25.645422,543.4,-138.430,6.00,39854.9,464983.5
131.666857,-25.637512,542.6,-134.996,6.00,40734.4,465047.5
131.671757,-25.630642,540.7,-131.883,6.00,41498.3,465537.2
131.671266,-25.557562,530.1,-119.476,6.00,49624.5,465488.1
131.397780,-25.723195,585.7,-135.320,6.00,31206.9,438156.5
131.405910,-25.726355,586.2,-137.345,6.00,30855.5,438969.0
131.416090,-25.727175,582.0,-136.929,6.00,30764.4,439986.3
131.425800,-25.727825,586.9,-137.495,6.00,30692.1,440956.7
131.434940,-25.724215,594.7,-137.759,6.00,31093.5,441870.2
131.444620,-25.721335,589.3,-136.455,6.00,31413.7,442837.6
131.453789,-25.718645,583.1,-136.104,6.00,31712.8,443753.9
131.463689,-25.715614,579.2,-136.958,6.00,32049.9,444743.3
131.473139,-25.712384,577.2,-137.236,6.00,32409.0,445687.7
131.481309,-25.710674,574.8,-136.933,6.00,32599.2,446504.2
131.490489,-25.711694,578.5,-136.887,6.00,32485.8,447421.6
131.500619,-25.710474,574.4,-137.128,6.00,32621.4,448434.0
131.508779,-25.711014,577.5,-137.380,6.00,32561.4,449249.5
131.519569,-25.715184,576.4,-137.491,6.00,32097.7,450327.8
131.526679,-25.717234,578.7,-137.543,6.00,31869.7,451038.4
131.536759,-25.714594,578.1,-137.539,6.00,32163.3,452045.8
131.796945,-25.555321,526.4,-116.604,6.00,49873.6,478048.2
131.796425,-25.557541,526.7,-117.012,6.00,49626.8,477996.3
131.795855,-25.559191,526.5,-117.396,6.00,49443.3,477939.3
131.795015,-25.560941,526.8,-117.736,6.00,49248.7,477855.4
131.794575,-25.562551,527.5,-117.906,6.00,49069.7,477811.4
131.793825,-25.563791,528.5,-118.169,6.00,48931.8,477736.4
131.793095,-25.565701,530.5,-118.590,6.00,48719.4,477663.5
131.792785,-25.568171,531.5,-118.942,6.00,48444.8,477632.5
131.792525,-25.570071,532.6,-118.939,6.00,48233.5,477606.5
131.791665,-25.571111,536.0,-119.659,6.00,48117.9,477520.6
131.791225,-25.572141,532.6,-119.654,6.00,48003.3,477476.6
131.790395,-25.574051,532.6,-119.805,6.00,47791.0,477393.6
131.789555,-25.575961,532.7,-120.019,6.00,47578.6,477309.7
131.788725,-25.577441,532.9,-120.197,6.00,47414.0,477226.8
131.788055,-25.579201,528.8,-121.331,6.00,47218.3,477159.8
131.787305,-25.580951,527.8,-121.999,6.00,47023.7,477084.8
131.787465,-25.582921,527.2,-122.778,6.00,46804.7,477100.8
131.787695,-25.584301,528.0,-122.532,6.00,46651.2,477123.8
131.788575,-25.586261,528.9,-124.343,6.00,46433.3,477211.8
131.788775,-25.588411,528.7,-124.987,6.00,46194.2,477231.7
131.789425,-25.589941,528.9,-125.785,6.00,46024.1,477296.7
131.790025,-25.591601,528.9,-126.365,6.00,45839.5,477356.7
131.790625,-25.593261,530.0,-126.875,6.00,45654.9,477416.6
131.791095,-25.595391,530.8,-127.654,6.00,45418.1,477463.6
131.791925,-25.596941,531.6,-128.294,6.00,45245.7,477546.6
131.791196,-25.598541,532.2,-128.987,6.00,45067.8,477473.7
131.790486,-25.600221,531.3,-129.614,6.00,44881.0,477402.7
131.789766,-25.601911,532.5,-130.042,6.00,44693.1,477330.8
131.789256,-25.603231,533.8,-130.224,6.00,44546.3,477279.8
131.788816,-25.605181,536.2,-130.622,6.00,44329.5,477235.8
131.788216,-25.606781,538.3,-131.089,6.00,44151.6,477175.9
131.788016,-25.608661,542.2,-131.867,6.00,43942.5,477155.9
131.788276,-25.610331,537.6,-132.404,6.00,43756.8,477181.9
131.788626,-25.612091,534.3,-133.080,6.00,43561.1,477216.9
131.789466,-25.613661,535.8,-133.633,6.00,43386.5,477300.8
131.789726,-25.615771,538.7,-134.304,6.00,43151.9,477326.8
131.789536,-25.617151,537.8,-134.880,6.00,42998.5,477307.8
131.789986,-25.619131,539.0,-135.384,6.00,42778.3,477352.8
131.790336,-25.621141,538.6,-135.997,6.00,42554.8,477387.8
131.791126,-25.622771,540.7,-136.578,6.00,42373.5,477466.7
131.790526,-25.624301,537.9,-137.041,6.00,42203.4,477406.7
131.790956,-25.626461,537.1,-137.579,6.00,41963.2,477449.7
131.791166,-25.628481,536.0,-138.211,6.00,41738.6,477470.7
131.792256,-25.629871,534.8,-138.814,6.00,41584.1,477579.6
131.792436,-25.631581,535.3,-139.376,6.00,41393.9,477597.6
131.791786,-25.633601,534.9,-139.898,6.00,41169.3,477532.7
131.791496,-25.635241,535.2,-140.084,6.00,40986.9,477503.7
131.791136,-25.636841,535.2,-140.377,6.00,40809.0,477467.7
131.790506,-25.638771,535.1,-140.628,6.00,40594.4,477404.7
131.790476,-25.640691,535.4,-140.730,6.00,40380.9,477401.7
131.790016,-25.642381,536.7,-140.596,6.00,40193.0,477355.8
131.788336,-25.643361,537.1,-140.478,6.00,40084.0,477187.9
131.786906,-25.644451,537.5,-140.343,6.00,39962.8,477045.0
131.785766,-25.646111,537.2,-140.267,6.00,39778.3,476931.0
131.785556,-25.648041,538.5,-140.211,6.00,39563.7,476910.0
131.785426,-25.650001,540.6,-140.180,6.00,39345.7,476897.1
131.784886,-25.651151,541.7,-140.239,6.00,39217.8,476843.1
131.783866,-25.652871,545.2,-140.055,6.00,39026.6,476741.2
131.782696,-25.654461,544.6,-139.924,6.00,38849.8,476624.2
131.782206,-25.656521,544.2,-139.986,6.00,38620.7,476575.3
131.782276,-25.658331,544.6,-140.237,6.00,38419.5,476582.3
131.781686,-25.659291,545.6,-140.185,6.00,38312.7,476523.3
131.780826,-25.661071,545.6,-140.266,6.00,38114.8,476437.3
131.779966,-25.662841,546.3,-140.409,6.00,37918.0,476351.4
131.779046,-25.664821,545.2,-140.419,6.00,37697.8,476259.5
131.778276,-25.666411,544.5,-140.387,6.00,37521.0,476182.5
131.778246,-25.668221,544.4,-140.443,6.00,37319.7,476179.5
131.777836,-25.670051,545.6,-140.452,6.00,37116.2,476138.5
131.776966,-25.671761,545.5,-140.613,6.00,36926.1,476051.6
131.775616,-25.672841,545.8,-140.698,6.00,36806.0,475916.7
131.774296,-25.674371,546.6,-140.760,6.00,36635.9,475784.7
131.773326,-25.675521,546.7,-140.824,6.00,36508.0,475687.8
131.772077,-25.677182,547.1,-141.096,6.00,36323.3,475563.0
131.770417,-25.678562,547.8,-141.258,6.00,36169.9,475397.1
131.769237,-25.679662,548.1,-141.377,6.00,36047.6,475279.2
131.768167,-25.681252,547.9,-141.583,6.00,35870.8,475172.2
131.766767,-25.682602,549.4,-141.352,6.00,35720.6,475032.3
131.765387,-25.684142,549.8,-141.462,6.00,35549.4,474894.4
131.764747,-25.685452,549.8,-141.447,6.00,35403.7,474830.4
131.763167,-25.687052,550.2,-141.310,6.00,35225.8,474672.5
131.761857,-25.688282,550.2,-141.060,6.00,35089.1,474541.6
131.761077,-25.689642,551.0,-140.610,6.00,34937.8,474463.7
131.759687,-25.691152,550.2,-140.268,6.00,34769.9,474324.8
131.758077,-25.692462,550.6,-139.743,6.00,34624.3,474163.9
131.756957,-25.693912,551.6,-138.995,6.00,34463.0,474051.9
131.755487,-25.695162,551.6,-138.342,6.00,34324.0,473905.0
131.754817,-25.695662,551.9,-137.621,6.00,34268.4,473838.1
131.753377,-25.697912,552.5,-137.163,6.00,34018.2,473694.1
131.751727,-25.699592,552.8,-136.954,6.00,33831.4,473529.2
131.750287,-25.701792,553.3,-136.633,6.00,33586.8,473385.3
131.749047,-25.703132,554.2,-136.090,6.00,33437.8,473261.4
131.746397,-25.704762,554.5,-135.805,6.00,33256.6,472996.6
131.746307,-25.702922,555.1,-135.140,6.00,33461.2,472987.6
131.744747,-25.705262,556.0,-135.122,6.00,33201.0,472831.7
131.743087,-25.706332,555.7,-134.895,6.00,33082.0,472665.8
131.742257,-25.708212,555.4,-134.779,6.00,32872.9,472582.8
131.740667,-25.709612,555.3,-134.737,6.00,32717.3,472423.9
131.739417,-25.710782,555.9,-134.424,6.00,32587.2,472299.0
131.738817,-25.712002,556.2,-134.099,6.00,32451.5,472239.0
131.737477,-25.713422,556.3,-134.020,6.00,32293.6,472105.1
131.736157,-25.715172,556.6,-133.862,6.00,32099.0,471973.2
131.734727,-25.717022,557.3,-133.756,6.00,31893.3,471830.3
131.734227,-25.718452,558.1,-133.611,6.00,31734.3,471780.3
131.732207,-25.719962,558.0,-133.442,6.00,31566.4,471578.5
131.731047,-25.721002,557.7,-133.499,6.00,31450.8,471462.5
131.730127,-25.722272,559.7,-133.403,6.00,31309.5,471370.6
131.728967,-25.723542,560.3,-133.889,6.00,31168.3,471254.7
131.728727,-25.725082,560.8,-134.536,6.00,30997.1,471230.7
131.728097,-25.727782,561.9,-135.026,6.00,30696.9,471167.7
131.728007,-25.728822,562.5,-135.248,6.00,30581.2,471158.7
131.726337,-25.730272,562.0,-135.477,6.00,30420.0,470991.8
131.725077,-25.731412,562.2,-135.628,6.00,30293.2,470865.9
131.723957,-25.732892,563.3,-135.647,6.00,30128.6,470754.0
131.722618,-25.734112,563.4,-135.799,6.00,29993.0,470620.1
131.721518,-25.735442,563.8,-135.895,6.00,29845.1,470510.2
131.720408,-25.736772,563.9,-135.937,6.00,29697.2,470399.3
131.718848,-25.738462,564.7,-135.839,6.00,29509.3,470243.4
131.717418,-25.739712,563.7,-136.130,6.00,29370.3,470100.5
131.715458,-25.740822,564.6,-136.298,6.00,29246.9,469904.6
131.714428,-25.742242,564.7,-136.592,6.00,29089.0,469801.7
131.713818,-25.743602,565.5,-136.613,6.00,28937.8,469740.7
131.711988,-25.744542,566.0,-136.412,6.00,28833.2,469557.8
131.710368,-25.746182,566.0,-136.095,6.00,28650.9,469395.9
131.709428,-25.747552,565.9,-135.711,6.00,28498.5,469302.0
131.708058,-25.748902,566.2,-135.251,6.00,28348.4,469165.0
131.706898,-25.750192,565.9,-135.113,6.00,28205.0,469049.1
131.705028,-25.751782,567.0,-134.893,6.00,28028.2,468862.2
131.704258,-25.752832,568.2,-134.710,6.00,27911.4,468785.3
131.703038,-25.754322,568.7,-134.641,6.00,27745.7,468663.4
131.702718,-25.755862,569.3,-134.578,6.00,27574.5,468631.4
131.701858,-25.757862,570.6,-134.722,6.00,27352.1,468545.4
131.701158,-25.759462,572.1,-134.897,6.00,27174.2,468475.5
131.700838,-25.761992,573.1,-135.219,6.00,26892.9,468443.5
131.700278,-25.763072,573.4,-135.500,6.00,26772.8,468387.5
131.700158,-25.764903,574.0,-135.489,6.00,26569.2,468375.5
131.699468,-25.766613,573.8,-135.671,6.00,26379.0,468306.6
131.698778,-25.768273,573.6,-136.120,6.00,26194.5,468237.6
131.698058,-25.769933,573.3,-136.669,6.00,26009.9,468165.7
131.697438,-25.771503,573.4,-136.817,6.00,25835.3,468103.7
131.697158,-25.773463,574.4,-136.869,6.00,25617.4,468075.7
131.696558,-25.775173,574.5,-136.833,6.00,25427.2,468015.8
131.695958,-25.776883,575.9,-136.541,6.00,25237.1,467955.8
131.694998,-25.778933,576.7,-136.554,6.00,25009.1,467859.9
131.694598,-25.780393,577.3,-136.681,6.00,24846.8,467819.9
131.693998,-25.782043,577.6,-136.959,6.00,24663.3,467759.9
131.693838,-25.784103,577.2,-137.074,6.00,24434.2,467743.9
131.693238,-25.786033,577.5,-137.089,6.00,24219.6,467684.0
131.693128,-25.787303,578.0,-136.839,6.00,24078.4,467673.0
131.692258,-25.788953,578.4,-136.689,6.00,23895.0,467586.0
131.691658,-25.791093,579.2,-136.651,6.00,23657.0,467526.1
131.690968,-25.792713,579.1,-136.763,6.00,23476.9,467457.1
131.690218,-25.794713,579.2,-136.905,6.00,23254.5,467382.2
131.689958,-25.795943,579.7,-136.922,6.00,23117.7,467356.2
131.689358,-25.797103,580.8,-136.722,6.00,22988.7,467296.2
131.688779,-25.799333,580.6,-136.882,6.00,22740.7,467238.3
131.688509,-25.801093,582.5,-136.413,6.00,22545.0,467211.4
131.687449,-25.802823,581.9,-136.463,6.00,22352.7,467105.4
131.687369,-25.803863,582.1,-136.477,6.00,22237.0,467097.4
131.686439,-25.805933,583.5,-136.525,6.00,22006.9,467004.5
131.685759,-25.808023,584.6,-136.340,6.00,21774.5,466936.5
131.684379,-25.810693,585.2,-136.168,6.00,21477.6,466798.6
131.684119,-25.812203,586.1,-136.111,6.00,21309.7,466772.6
131.683679,-25.813323,586.7,-136.100,6.00,21185.1,466728.7
131.683349,-25.814823,587.3,-135.985,6.00,21018.3,466695.7
131.683109,-25.816693,587.7,-135.857,6.00,20810.4,466671.7
131.682779,-25.818263,588.5,-135.544,6.00,20635.8,466638.7
131.681819,-25.819823,589.4,-135.140,6.00,20462.4,466542.8
131.681269,-25.821183,589.9,-135.070,6.00,20311.1,466487.8
131.680879,-25.823093,591.6,-134.540,6.00,20098.8,466448.8
131.680399,-25.824023,593.3,-133.691,6.00,19995.3,466400.9
131.234722,-25.754837,587.3,-135.558,6.00,27688.5,421860.8
131.224692,-25.752957,588.0,-134.748,6.00,27897.5,420858.4
131.228172,-25.761747,591.0,-137.217,6.00,26920.1,421206.2
131.230882,-25.769437,591.3,-138.979,6.00,26065.0,421477.0
131.234432,-25.777667,592.1,-139.149,6.00,25149.9,421831.8
131.229622,-25.785377,590.3,-138.623,6.00,24292.6,421351.1
131.225972,-25.793847,593.1,-136.897,6.00,23350.8,420986.3
131.225952,-25.802767,594.6,-137.372,6.00,22358.9,420984.3
131.226532,-25.811687,596.5,-137.703,6.00,21367.0,421042.3
131.227842,-25.820697,598.7,-138.140,6.00,20365.2,421173.2
131.227252,-25.829137,601.2,-138.418,6.00,19426.7,421114.2
131.227503,-25.838317,602.4,-137.781,6.00,18405.9,421139.3
131.228393,-25.847157,602.5,-137.533,6.00,17423.0,421228.3
131.228203,-25.855927,606.0,-136.107,6.00,16447.8,421209.3
131.227353,-25.864137,607.3,-135.878,6.00,15534.9,421124.3
131.228613,-25.874007,608.4,-135.710,6.00,14437.4,421250.2
131.228863,-25.882707,611.3,-135.992,6.00,13470.0,421275.2
131.228373,-25.891487,613.7,-135.029,6.00,12493.7,421226.3
131.222923,-25.898797,617.0,-134.608,6.00,11680.9,420681.6
131.218033,-25.906597,619.6,-134.360,6.00,10813.5,420192.9
131.213014,-25.914927,621.9,-133.893,6.00,9887.3,419691.3
131.212774,-25.922638,622.0,-133.204,6.00,9029.9,419667.3
131.212494,-25.930778,622.0,-132.732,6.00,8124.7,419639.3
131.215474,-25.940938,623.9,-132.616,6.00,6995.0,419937.2
131.216204,-25.949468,620.5,-132.904,6.00,6046.5,420010.1
131.217514,-25.958648,623.9,-131.846,6.00,5025.7,420141.0
131.218604,-25.967108,625.0,-130.672,6.00,4085.0,420250.0
131.220364,-25.975898,627.6,-130.053,6.00,3107.6,420425.9
131.221544,-25.985198,632.5,-129.378,6.00,2073.5,420543.8
131.223634,-25.994178,633.9,-128.907,6.00,1075.0,420752.7
131.225704,-25.998578,636.1,-128.490,6.00,585.7,420959.5
131.222752,-25.743957,585.8,-133.536,6.00,28898.3,420664.5
131.220342,-25.735997,582.0,-133.021,6.00,29783.4,420423.7
131.220281,-25.727367,578.2,-133.689,6.00,30743.0,420417.6
131.219291,-25.717987,578.6,-135.411,6.00,31786.0,420318.6
131.215141,-25.710197,578.7,-134.664,6.00,32652.2,419903.9
131.215911,-25.701097,576.8,-134.989,6.00,33664.1,419980.8
131.217051,-25.692667,575.7,-134.312,6.00,34601.5,420094.8
131.216581,-25.684096,575.0,-132.086,6.00,35554.5,420047.8
131.213991,-25.674296,573.2,-131.310,6.00,36644.2,419788.9
131.211791,-25.666046,572.4,-129.789,6.00,37561.6,419569.1
131.209961,-25.663376,572.6,-129.302,6.00,37858.5,419386.2
131.208121,-25.660696,571.3,-128.876,6.00,38156.5,419202.3
131.204631,-25.658306,571.1,-128.723,6.00,38422.2,418853.5
131.201791,-25.656337,569.4,-128.414,6.00,38641.2,418569.7
131.199931,-25.653557,569.0,-127.632,6.00,38950.3,418383.8
131.200661,-25.650106,569.1,-126.140,6.00,39334.0,418456.8
131.201621,-25.646766,568.6,-125.474,6.00,39705.4,418552.7
131.202431,-25.643266,570.6,-124.522,6.00,40094.6,418633.7
131.201791,-25.640676,567.5,-123.419,6.00,40382.6,418569.7
131.199181,-25.637896,566.4,-122.825,6.00,40691.7,418308.9
131.199261,-25.633986,565.7,-121.579,6.00,41126.5,418316.9
131.198671,-25.630776,565.2,-120.509,6.00,41483.4,418257.9
131.197821,-25.626976,565.6,-119.756,6.00,41906.0,418172.9
131.195830,-25.624006,564.8,-118.575,6.00,42236.2,417974.0
131.194270,-25.621056,564.5,-117.273,6.00,42564.2,417818.1
131.193440,-25.617716,564.0,-116.058,6.00,42935.6,417735.1
131.192060,-25.614286,564.5,-114.583,6.00,43317.0,417597.2
131.192310,-25.610486,562.2,-113.523,6.00,43739.6,417622.2
131.192320,-25.606656,562.0,-112.617,6.00,44165.5,417623.2
131.191270,-25.603706,561.5,-111.642,6.00,44493.5,417518.3
131.192730,-25.600186,561.2,-110.953,6.00,44884.9,417664.2
131.193620,-25.596496,560.3,-110.784,6.00,45295.2,417753.1
131.194320,-25.593326,560.5,-110.085,6.00,45647.7,417823.1
131.196500,-25.590146,558.5,-109.499,6.00,46001.3,418040.9
131.198260,-25.586976,559.0,-109.060,6.00,46353.8,418216.8
131.199730,-25.584056,558.8,-108.840,6.00,46678.5,418363.7
131.200800,-25.580266,558.3,-108.145,6.00,47099.9,418470.7
131.201330,-25.576696,557.4,-107.791,6.00,47496.9,418523.6
131.202600,-25.573306,557.5,-107.258,6.00,47873.8,418650.6
131.203930,-25.569776,555.9,-106.893,6.00,48266.3,418783.5
131.204990,-25.566386,548.4,-108.171,6.00,48643.3,418889.4
131.205400,-25.563486,556.4,-106.739,6.00,48965.7,418930.4
131.204870,-25.559096,555.4,-107.288,6.00,49453.9,418877.4
131.205420,-25.556086,556.6,-107.013,6.00,49788.6,418932.4
131.631121,-25.998174,670.6,-127.388,6.00,630.6,461476.1
131.630921,-25.989154,676.4,-128.107,6.00,1633.6,461456.1
131.962607,-25.873221,571.8,-124.368,6.00,14524.8,494604.2
131.720499,-25.862963,606.7,-133.443,6.00,15665.4,470408.4
131.638420,-25.937944,649.2,-131.735,6.00,7327.9,462205.6
131.618161,-25.955694,651.0,-130.727,6.00,5354.2,460180.9
131.714628,-25.742142,564.1,-136.680,6.00,29100.1,469821.6
131.732747,-25.719692,559.1,-133.196,6.00,31596.4,471632.4
131.746299,-25.883073,606.8,-133.916,6.00,13429.3,472986.8
131.712089,-25.863783,604.4,-132.757,6.00,15574.2,469567.9
131.863298,-25.859571,586.9,-131.184,6.00,16042.6,484679.4
131.784299,-25.894232,612.7,-131.912,6.00,12188.5,476784.4
130.637816,-25.742292,673.9,-117.726,6.00,29083.4,362207.1
130.644166,-25.737582,670.2,-117.625,6.00,29607.1,362841.7
130.652726,-25.738612,669.5,-117.602,6.00,29492.6,363697.2
130.660666,-25.733542,663.7,-117.245,6.00,30056.4,364490.7
130.669166,-25.729812,658.9,-118.475,6.00,30471.1,365340.2
130.677216,-25.727271,656.9,-118.652,6.00,30753.7,366144.7
130.688916,-25.728181,657.2,-117.986,6.00,30652.5,367314.0
130.697415,-25.727751,654.9,-118.247,6.00,30700.3,368163.3
130.707655,-25.726891,653.7,-118.355,6.00,30795.9,369186.7
130.716885,-25.727281,652.6,-119.179,6.00,30752.6,370109.1
130.726595,-25.725851,648.0,-120.334,6.00,30911.6,371079.5
130.735995,-25.724891,646.7,-121.468,6.00,31018.3,372019.0
130.746525,-25.724951,657.4,-121.987,6.00,31011.6,373071.3
130.757425,-25.724931,647.4,-122.950,6.00,31013.9,374160.6
130.766985,-25.723441,645.6,-123.251,6.00,31179.6,375116.0
130.777295,-25.722801,635.6,-123.943,6.00,31250.7,376146.4
130.786325,-25.722210,631.8,-124.630,6.00,31316.4,377048.8
130.795625,-25.721370,629.8,-125.068,6.00,31409.8,377978.3
130.804675,-25.719560,626.7,-124.709,6.00,31611.1,378882.7
130.813364,-25.714640,631.1,-124.166,6.00,32158.2,379751.1
130.819864,-25.709740,629.4,-123.883,6.00,32703.0,380400.7
130.829354,-25.706980,633.9,-124.196,6.00,33009.9,381349.1
130.945044,-25.784699,637.7,-130.218,6.00,24368.0,392910.9
130.945134,-25.775309,631.2,-130.345,6.00,25412.1,392919.9
130.943254,-25.766579,632.8,-129.706,6.00,26382.8,392732.0
130.941324,-25.758359,630.3,-129.710,6.00,27296.8,392539.1
130.936634,-25.749839,629.8,-128.595,6.00,28244.2,392070.4
130.932454,-25.742579,633.1,-127.859,6.00,29051.5,391652.7
130.930724,-25.734069,633.7,-127.508,6.00,29997.8,391479.8
130.929704,-25.725319,629.6,-127.397,6.00,30970.7,391377.9
130.930414,-25.716369,626.0,-126.830,6.00,31965.9,391448.8
130.930273,-25.706919,618.4,-126.334,6.00,33016.7,391434.7
130.932783,-25.699679,610.2,-126.289,6.00,33821.8,391685.6
130.934033,-25.695959,608.0,-126.356,6.00,34235.4,391810.5
130.935283,-25.692359,603.9,-126.696,6.00,34635.7,391935.4
130.938233,-25.684419,604.3,-127.076,6.00,35518.6,392230.2
130.941333,-25.676289,601.9,-126.347,6.00,36422.6,392540.0
130.944473,-25.667469,601.8,-124.902,6.00,37403.4,392853.8
130.946463,-25.663349,596.3,-125.294,6.00,37861.5,393052.7
130.633046,-25.749202,679.1,-119.259,6.00,28315.1,361730.4
130.628306,-25.756802,682.9,-119.338,6.00,27470.0,361256.7
130.621526,-25.762132,687.6,-119.532,6.00,26877.3,360579.1
130.619537,-25.771052,693.2,-120.402,6.00,25885.5,360380.4
130.615407,-25.779242,698.9,-121.276,6.00,24974.8,359967.6
130.610657,-25.786802,698.8,-123.182,6.00,24134.1,359492.9
130.606567,-25.794762,720.8,-122.414,6.00,23249.0,359084.2
130.608837,-25.802102,720.6,-123.270,6.00,22432.8,359311.0
130.609897,-25.809862,720.1,-123.010,6.00,21570.0,359417.0
130.606417,-25.816943,710.2,-122.826,6.00,20782.6,359069.2
130.602947,-25.824083,708.0,-123.077,6.00,19988.7,358722.4
130.597317,-25.831023,706.0,-122.683,6.00,19217.0,358159.7
130.590067,-25.834703,702.7,-122.127,6.00,18807.8,357435.2
130.580528,-25.838633,706.1,-121.900,6.00,18370.8,356481.9
130.572778,-25.842733,704.1,-121.539,6.00,17914.9,355707.4
130.563988,-25.847003,696.3,-120.449,6.00,17440.1,354828.9
130.555818,-25.851543,694.4,-119.475,6.00,16935.3,354012.4
130.549238,-25.858443,687.9,-118.616,6.00,16168.0,353354.8
130.541218,-25.862483,679.0,-118.092,6.00,15718.8,352553.3
130.533188,-25.866533,675.9,-116.665,6.00,15268.4,351750.8
130.525168,-25.870563,670.8,-115.652,6.00,14820.3,350949.3
130.515618,-25.874924,671.5,-115.540,6.00,14335.4,349994.9
130.509259,-25.880874,666.2,-115.435,6.00,13673.8,349359.4
130.504169,-25.887794,666.8,-114.880,6.00,12904.3,348850.7
130.498149,-25.895594,664.1,-114.115,6.00,12037.0,348249.1
130.492439,-25.902474,662.3,-111.868,6.00,11272.0,347678.4
130.489009,-25.910834,658.7,-112.325,6.00,10342.4,347335.6
130.484039,-25.918314,658.9,-112.439,6.00,9510.7,346839.0
130.481329,-25.925504,654.8,-112.714,6.00,8711.2,346568.1
130.478229,-25.933434,653.6,-112.266,6.00,7829.4,346258.3
130.472310,-25.941824,650.1,-111.585,6.00,6896.5,345666.8
130.468790,-25.950284,651.3,-110.549,6.00,5955.8,345315.0
130.464950,-25.956734,651.3,-109.637,6.00,5238.6,344931.2
130.460020,-25.965895,650.2,-109.430,6.00,4219.9,344438.5
130.458800,-25.974375,647.8,-108.486,6.00,3277.0,344316.6
130.455180,-25.982695,646.4,-106.674,6.00,2351.8,343954.8
130.450230,-25.990085,642.0,-105.497,6.00,1530.1,343460.2
130.444260,-25.996455,646.9,-105.417,6.00,821.8,342863.5
130.434310,-25.996445,651.2,-104.062,6.00,822.9,341869.1
130.426840,-25.998475,649.9,-103.655,6.00,597.2,341122.6
130.416341,-25.998535,653.9,-100.351,6.00,590.5,340073.3
130.406231,-25.997675,654.9,-99.713,6.00,686.1,339063.0
130.971391,-25.555228,583.5,-106.902,6.00,49884.0,395544.0
130.971852,-25.559758,584.5,-107.475,6.00,49380.3,395590.0
130.972432,-25.564478,579.2,-109.182,6.00,48855.4,395648.0
130.973562,-25.567838,578.1,-110.646,6.00,48481.8,395760.9
130.976012,-25.571748,577.1,-111.348,6.00,48047.0,396005.8
130.979062,-25.573958,578.3,-111.505,6.00,47801.3,396310.6
130.978932,-25.578338,578.2,-113.622,6.00,47314.3,396297.6
130.979362,-25.583098,580.1,-114.700,6.00,46785.0,396340.6
130.979772,-25.587858,585.6,-115.555,6.00,46255.7,396381.6
130.976682,-25.590558,580.1,-116.099,6.00,45955.5,396072.7
130.973592,-25.593258,581.1,-115.833,6.00,45655.2,395763.9
130.970502,-25.595948,584.5,-116.347,6.00,45356.1,395455.1
130.970542,-25.600088,583.5,-118.277,6.00,44895.8,395459.1
130.969642,-25.604788,587.3,-119.501,6.00,44373.2,395369.2
130.968982,-25.608758,585.8,-120.968,6.00,43931.7,395303.2
130.968882,-25.613198,586.5,-122.758,6.00,43438.0,395293.2
130.968782,-25.617628,587.1,-123.948,6.00,42945.4,395283.2
130.966562,-25.621128,588.0,-123.846,6.00,42556.2,395061.4
130.964352,-25.624618,590.7,-123.799,6.00,42168.2,394840.5
130.961642,-25.628779,591.0,-124.268,6.00,41705.5,394569.7
130.960342,-25.632429,592.5,-124.216,6.00,41299.6,394439.8
130.958592,-25.636119,592.5,-124.671,6.00,40889.3,394264.9
130.955983,-25.640339,593.1,-123.767,6.00,40420.1,394004.1
130.954243,-25.644549,594.9,-124.346,6.00,39951.9,393830.2
130.951803,-25.647769,593.8,-124.562,6.00,39593.9,393586.4
130.950423,-25.651999,597.0,-124.294,6.00,39123.5,393448.5
130.948733,-25.656479,597.4,-124.434,6.00,38625.4,393279.6
130.947143,-25.660549,596.3,-124.957,6.00,38172.8,393120.7
130.936463,-25.659919,598.5,-124.122,6.00,38242.9,392053.3
130.926543,-25.660389,600.1,-122.913,6.00,38190.6,391062.0
130.917843,-25.661999,601.8,-123.461,6.00,38011.6,390192.5
130.908253,-25.665169,604.5,-123.447,6.00,37659.1,389234.1
130.900163,-25.668889,606.0,-122.803,6.00,37245.5,388425.6
130.893683,-25.675189,611.5,-122.345,6.00,36544.9,387778.0
130.885043,-25.678379,609.4,-123.162,6.00,36190.2,386914.5
130.875604,-25.681510,610.0,-123.555,6.00,35842.1,385971.2
130.866394,-25.681080,610.2,-122.841,6.00,35889.9,385050.8
130.857154,-25.683850,611.3,-122.478,6.00,35581.9,384127.3
130.851294,-25.691660,616.4,-123.295,6.00,34713.4,383541.7
130.842504,-25.695170,623.4,-123.361,6.00,34323.1,382663.3
130.835384,-25.699960,629.5,-123.005,6.00,33790.5,381951.7
130.952284,-25.778769,632.6,-130.404,6.00,25027.4,393634.5
130.957054,-25.783499,628.3,-130.712,6.00,24501.4,394111.2
130.961814,-25.788219,628.6,-130.585,6.00,23976.6,394586.9
130.965834,-25.796629,631.1,-131.089,6.00,23041.4,394988.6
130.969844,-25.805029,638.9,-131.740,6.00,22107.4,395389.4
130.975054,-25.812109,643.2,-132.649,6.00,21320.1,395910.0
130.980094,-25.819209,649.9,-132.742,6.00,20530.6,396413.7
130.989304,-25.815539,658.1,-132.728,6.00,20938.7,397334.2
130.991434,-25.811959,661.6,-132.465,6.00,21336.8,397547.0
130.995584,-25.809089,655.5,-132.123,6.00,21655.9,397961.8
131.000614,-25.807449,649.6,-131.980,6.00,21838.3,398464.5
131.004484,-25.805069,649.1,-131.342,6.00,22102.9,398851.2
131.013624,-25.803289,643.1,-130.037,6.00,22300.9,399764.7
131.021794,-25.807499,640.8,-130.467,6.00,21832.7,400581.2
131.028924,-25.814139,643.2,-131.533,6.00,21094.4,401293.7
131.038624,-25.817819,642.4,-131.918,6.00,20685.2,402263.1
131.044754,-25.824079,645.5,-133.166,6.00,19989.1,402875.7
131.051544,-25.830339,644.9,-133.835,6.00,19293.0,403554.3
131.058354,-25.837089,647.8,-134.556,6.00,18542.5,404234.9
131.065984,-25.843219,652.3,-134.662,6.00,17860.8,404997.4
131.073084,-25.849118,652.1,-135.345,6.00,17204.9,405707.0
131.080294,-25.854758,655.9,-134.968,6.00,16577.8,406427.5
131.088424,-25.860818,658.8,-134.581,6.00,15903.9,407240.0
131.096344,-25.865258,661.7,-134.027,6.00,15410.2,408031.5
131.102954,-25.871788,665.3,-134.191,6.00,14684.1,408692.1
131.110214,-25.878558,660.4,-134.006,6.00,13931.3,409417.7
131.116454,-25.884848,658.2,-134.092,6.00,13231.9,410041.3
131.123594,-25.892088,654.8,-134.374,6.00,12426.9,410754.8
131.131874,-25.891928,646.5,-134.993,6.00,12444.7,411582.3
131.141264,-25.889388,640.8,-135.341,6.00,12727.1,412520.8
131.149414,-25.883928,638.0,-135.444,6.00,13334.2,413335.2
131.157544,-25.878478,634.3,-135.542,6.00,13940.2,414147.7
131.166123,-25.876318,631.4,-135.557,6.00,14180.4,415005.1
131.175123,-25.873008,625.4,-136.057,6.00,14548.5,415904.6
131.183163,-25.868028,622.1,-137.065,6.00,15102.2,416708.1
131.193483,-25.864427,618.0,-138.503,6.00,15502.6,417739.4
131.201283,-25.861557,619.2,-137.667,6.00,15821.8,418518.9
131.212303,-25.859957,620.6,-137.454,6.00,15999.7,419620.3
131.221403,-25.861487,608.6,-137.051,6.00,15829.5,420529.7
131.228933,-25.860887,603.8,-136.768,6.00,15896.3,421282.2
130.931474,-25.725569,626.2,-127.799,6.00,30942.9,391554.7
130.645926,-25.747452,685.4,-119.029,6.00,28509.7,363017.6
130.646026,-25.747092,685.1,-118.458,6.00,28549.7,363027.6
131.380883,-25.996976,658.9,-128.916,6.00,763.8,436467.8
131.372153,-25.997676,652.4,-129.441,6.00,686.0,435595.4
131.661820,-25.916743,626.2,-135.008,6.00,9685.4,464544.1
131.655470,-25.923514,631.0,-134.101,6.00,8932.5,463909.5
131.650840,-25.930174,636.8,-133.481,6.00,8191.9,463446.8
131.631511,-25.998194,667.4,-128.019,6.00,628.4,461515.1
131.622041,-25.998604,660.9,-128.863,6.00,582.8,460568.7
131.611751,-25.998784,659.4,-128.683,6.00,562.8,459540.3
131.601861,-25.998784,658.1,-129.006,6.00,562.8,458551.9
131.591991,-25.998784,656.3,-128.664,6.00,562.8,457565.5
131.582262,-25.998815,655.9,-128.181,6.00,559.4,456593.2
131.571682,-25.998805,655.0,-127.953,6.00,560.5,455535.9
131.562062,-25.998515,654.2,-127.883,6.00,592.7,454574.5
131.551932,-25.998705,653.1,-127.462,6.00,571.6,453562.1
131.541802,-25.998935,652.2,-127.264,6.00,546.0,452549.7
131.532002,-25.998675,654.3,-127.152,6.00,574.9,451570.4
131.522202,-25.998405,664.3,-125.821,6.00,605.0,450591.0
131.511592,-25.998505,658.8,-126.139,6.00,593.8,449530.6
131.500982,-25.998555,656.4,-127.019,6.00,588.3,448470.3
131.490382,-25.998955,659.5,-127.571,6.00,543.8,447410.9
131.480222,-25.998825,668.4,-128.253,6.00,558.2,446395.6
131.472292,-25.998976,669.5,-128.735,6.00,541.5,445603.1
131.462992,-25.997906,662.0,-128.482,6.00,660.4,444673.6
131.453683,-25.998116,655.2,-128.579,6.00,637.1,443743.3
131.443373,-25.997966,651.7,-128.505,6.00,653.8,442712.9
131.433683,-25.998306,651.6,-128.422,6.00,616.0,441744.5
131.423993,-25.998636,650.2,-128.325,6.00,579.3,440776.1
131.413783,-25.998586,650.7,-128.310,6.00,584.8,439755.8
131.408633,-25.998406,649.4,-127.849,6.00,604.8,439241.1
131.403783,-25.998886,650.5,-128.212,6.00,551.5,438756.4
131.393643,-25.998046,654.8,-128.175,6.00,644.9,437743.0
131.383773,-25.998846,662.4,-127.986,6.00,555.9,436756.6
131.373253,-25.989896,648.2,-130.858,6.00,1551.1,435705.3
131.373573,-25.980896,644.1,-132.434,6.00,2551.9,435737.3
131.373883,-25.971936,638.5,-133.251,6.00,3548.2,435768.2
131.374883,-25.962966,636.1,-134.523,6.00,4545.6,435868.2
131.374653,-25.953596,635.0,-135.538,6.00,5587.5,435845.2
131.374593,-25.944896,632.4,-136.129,6.00,6554.9,435839.2
131.376062,-25.935156,640.6,-136.638,6.00,7637.9,435986.0
131.376162,-25.926336,638.1,-136.859,6.00,8618.7,435996.0
131.376262,-25.917436,639.7,-137.543,6.00,9608.3,436006.0
131.376242,-25.908986,639.4,-137.726,6.00,10547.9,436004.0
131.376472,-25.900106,639.8,-138.204,6.00,11535.3,436027.0
131.376712,-25.891216,640.2,-138.289,6.00,12523.8,436051.0
131.378522,-25.881076,638.5,-138.580,6.00,13651.3,436231.9
131.378692,-25.872236,636.6,-138.944,6.00,14634.3,436248.8
131.378862,-25.863406,634.4,-139.565,6.00,15616.2,436265.8
131.379662,-25.854076,627.6,-140.471,6.00,16653.6,436345.8
131.379271,-25.844756,622.1,-141.151,6.00,17689.9,436306.7
131.379481,-25.836306,623.0,-142.490,6.00,18629.5,436327.7
131.379681,-25.827826,621.7,-143.427,6.00,19572.5,436347.7
131.380991,-25.818116,617.2,-144.834,6.00,20652.2,436478.6
131.381221,-25.807926,613.1,-145.872,6.00,21785.2,436501.6
131.380851,-25.800036,614.5,-146.188,6.00,22662.6,436464.6
131.381741,-25.791585,611.1,-145.893,6.00,23602.3,436553.6
131.381311,-25.782565,609.1,-144.824,6.00,24605.3,436510.6
131.381131,-25.773535,603.8,-142.898,6.00,25609.4,436492.6
131.381951,-25.764505,598.0,-141.263,6.00,26613.4,436574.5
131.382920,-25.758395,603.4,-140.333,6.00,27292.8,436671.4
131.493410,-25.807135,607.3,-136.323,6.00,21873.2,447713.5
131.501540,-25.813374,595.6,-138.149,6.00,21179.5,448526.0
131.508710,-25.817884,594.4,-138.264,6.00,20678.0,449242.6
131.517790,-25.820644,595.0,-138.016,6.00,20371.1,450150.0
131.525990,-25.825434,597.4,-138.568,6.00,19838.4,450969.5
131.534190,-25.830304,600.1,-137.498,6.00,19296.9,451789.0
131.542190,-25.835994,602.4,-136.859,6.00,18664.2,452588.5
131.550010,-25.840584,604.1,-134.420,6.00,18153.8,453370.0
131.557400,-25.846854,606.5,-134.294,6.00,17456.7,454108.6
131.564080,-25.853224,608.3,-133.570,6.00,16748.3,454776.2
131.570750,-25.859584,611.7,-133.256,6.00,16041.1,455442.8
131.576000,-25.867214,614.2,-132.713,6.00,15192.7,455967.4
131.580780,-25.874434,619.2,-131.486,6.00,14389.9,456445.1
131.585960,-25.876354,619.7,-129.690,6.00,14176.4,456962.8
131.578330,-25.882474,620.5,-132.755,6.00,13495.9,456200.3
131.571300,-25.888824,621.5,-133.785,6.00,12789.8,455497.7
131.564721,-25.894974,622.0,-131.660,6.00,12106.0,454840.2
131.561591,-25.903244,626.5,-132.584,6.00,11186.4,454527.4
131.570371,-25.903664,626.2,-134.403,6.00,11139.7,455404.9
131.580700,-25.902864,627.7,-134.260,6.00,11228.6,456437.1
131.590550,-25.902534,627.9,-132.911,6.00,11265.3,457421.5
131.600390,-25.902194,627.4,-132.159,6.00,11303.1,458404.9
131.610800,-25.901694,629.9,-132.091,6.00,11358.7,459445.3
131.620410,-25.903774,634.7,-131.887,6.00,11127.4,460405.7
131.630130,-25.905224,633.8,-132.375,6.00,10966.2,461377.1
131.639990,-25.906214,631.5,-132.796,6.00,10856.1,462362.5
131.649210,-25.906524,626.0,-133.312,6.00,10821.7,463283.9
131.659890,-25.908313,621.9,-134.502,6.00,10622.7,464351.2
131.551791,-25.905924,625.0,-132.843,6.00,10888.4,453548.0
131.543621,-25.910635,625.5,-131.566,6.00,10364.5,452731.5
131.535451,-25.915345,626.3,-131.020,6.00,9840.8,451915.0
131.526871,-25.920405,625.2,-129.734,6.00,9278.2,451057.6
131.518811,-25.925215,627.0,-129.657,6.00,8743.3,450252.1
131.510901,-25.930655,627.8,-129.540,6.00,8138.4,449461.6
131.502981,-25.936355,626.7,-129.716,6.00,7504.6,448670.0
131.495042,-25.942065,630.7,-129.357,6.00,6869.7,447876.6
131.487102,-25.947295,636.6,-128.472,6.00,6288.1,447083.1
131.479222,-25.952065,636.1,-128.508,6.00,5757.7,446295.6
131.468772,-25.954055,642.0,-129.083,6.00,5536.4,445251.3
131.459302,-25.956035,645.0,-129.456,6.00,5316.3,444304.9
131.450052,-25.954806,644.2,-129.842,6.00,5452.9,443380.4
131.440802,-25.953586,645.0,-130.113,6.00,5588.6,442456.0
131.435212,-25.947846,644.5,-130.137,6.00,6226.9,441897.3
131.435502,-25.939606,649.6,-130.756,6.00,7143.1,441926.3
131.434652,-25.931056,661.4,-131.462,6.00,8093.8,441841.4
131.433792,-25.922536,665.9,-132.115,6.00,9041.2,441755.4
131.432942,-25.914016,666.1,-132.964,6.00,9988.6,441670.5
131.429422,-25.956756,643.4,-129.538,6.00,5236.1,441318.7
131.430792,-25.964416,645.8,-129.938,6.00,4384.4,441455.6
131.437092,-25.968516,647.0,-129.326,6.00,3928.5,442085.2
131.444512,-25.962306,646.2,-129.707,6.00,4619.0,442826.8
131.442802,-25.970576,647.4,-129.711,6.00,3699.4,442655.9
131.440942,-25.978066,648.2,-129.348,6.00,2866.5,442470.0
131.434463,-25.985046,648.1,-130.000,6.00,2090.4,441822.5
131.424963,-25.989406,647.3,-129.879,6.00,1605.6,440873.1
131.416933,-25.992796,648.8,-129.679,6.00,1228.6,440070.6
131.407863,-25.998656,648.4,-128.055,6.00,577.0,439164.1
131.787615,-25.584461,529.9,-123.074,6.00,46633.4,477115.8
131.777315,-25.583881,533.2,-120.804,6.00,46697.9,476086.5
131.766496,-25.583131,529.5,-119.185,6.00,46781.3,475005.2
131.757596,-25.583171,529.8,-118.199,6.00,46776.9,474115.8
131.747256,-25.583321,535.2,-118.462,6.00,46760.2,473082.4
131.736926,-25.583461,533.7,-117.999,6.00,46744.6,472050.1
131.727556,-25.583342,529.0,-117.797,6.00,46757.9,471113.6
131.718136,-25.582922,531.5,-117.518,6.00,46804.6,470172.2
131.708326,-25.582382,532.3,-117.687,6.00,46864.6,469191.8
131.705076,-25.582912,534.9,-118.960,6.00,46805.7,468867.0
131.999895,-25.710800,544.6,-136.491,6.00,32585.2,498330.7
131.996295,-25.728580,549.3,-132.811,6.00,30608.1,497970.9
130.637466,-25.741422,675.3,-117.390,6.00,29180.2,362172.2
131.228213,-25.860437,605.7,-136.306,6.00,15946.3,421210.3
130.931404,-25.725659,626.2,-127.805,6.00,30932.9,391547.7
131.223024,-25.998518,631.0,-129.494,6.00,592.4,420691.7
131.373593,-25.998576,653.7,-129.247,6.00,585.9,435739.3
130.492095,-25.555042,628.0,-94.671,6.00,49904.7,347644.1
130.501675,-25.555982,628.1,-95.633,6.00,49800.1,348601.5
130.507725,-25.560642,634.5,-95.503,6.00,49282.0,349206.1
130.515675,-25.564892,633.2,-97.253,6.00,48809.4,350000.6
130.521935,-25.571122,626.8,-98.829,6.00,48116.7,350626.2
130.528215,-25.577522,633.6,-98.474,6.00,47405.0,351253.8
130.535215,-25.584402,637.3,-97.462,6.00,46640.0,351953.4
130.543725,-25.588562,635.3,-97.494,6.00,46177.4,352803.9
130.550495,-25.593082,640.1,-97.013,6.00,45674.8,353480.4
130.558635,-25.597332,641.4,-97.061,6.00,45202.2,354293.9
130.567585,-25.601232,644.9,-97.047,6.00,44768.6,355188.4
130.573195,-25.607742,649.9,-96.977,6.00,44044.7,355749.0
130.577845,-25.615502,647.7,-97.077,6.00,43181.8,356213.7
130.583175,-25.624412,645.7,-98.903,6.00,42191.1,356746.4
130.589975,-25.629712,647.3,-102.737,6.00,41601.7,357426.0
130.598235,-25.631762,648.8,-103.242,6.00,41373.8,358251.5
130.607365,-25.634692,648.9,-103.678,6.00,41048.0,359163.9
130.611305,-25.641082,648.6,-105.070,6.00,40337.5,359557.7
130.616845,-25.648112,654.1,-106.664,6.00,39555.8,360111.3
130.622545,-25.655532,660.5,-107.885,6.00,38730.7,360681.0
130.624615,-25.662772,665.7,-108.027,6.00,37925.6,360887.9
130.628795,-25.670482,668.0,-110.126,6.00,37068.3,361305.6
130.632985,-25.678192,672.2,-111.917,6.00,36211.0,361724.3
130.632355,-25.686482,671.7,-111.926,6.00,35289.2,361661.4
130.634586,-25.694642,665.0,-112.903,6.00,34381.9,361884.3
130.636836,-25.702802,669.0,-113.881,6.00,33474.5,362109.2
130.639066,-25.710972,663.8,-114.555,6.00,32566.0,362332.1
130.640166,-25.719452,667.0,-115.454,6.00,31623.1,362442.0
130.641276,-25.727932,669.7,-115.996,6.00,30680.2,362552.9
130.642376,-25.736422,673.0,-116.890,6.00,29736.1,362662.9
130.848618,-26.035621,690.9,-121.906,6.00,-3533.3,383274.3
130.848578,-26.026941,691.2,-122.045,6.00,-2568.1,383270.3
130.849567,-26.018501,686.9,-121.904,6.00,-1629.6,383369.1
130.855157,-26.010161,679.2,-124.429,6.00,-702.3,383927.8
130.858387,-26.002211,684.6,-125.340,6.00,181.7,384250.6
130.862187,-25.993761,696.3,-125.033,6.00,1121.3,384630.3
130.867197,-25.985601,693.5,-125.083,6.00,2028.7,385131.0
130.870607,-25.978111,684.6,-124.092,6.00,2861.5,385471.8
130.874837,-25.969821,680.6,-125.712,6.00,3783.3,385894.6
130.879127,-25.961631,679.0,-125.819,6.00,4694.0,386323.3
130.883257,-25.952881,675.3,-125.327,6.00,5667.0,386736.0
130.886816,-25.944191,673.2,-126.067,6.00,6633.3,387091.7
130.889696,-25.936130,674.5,-126.948,6.00,7529.6,387379.5
130.890286,-25.927630,674.9,-126.867,6.00,8474.8,387438.5
130.890876,-25.919060,670.3,-126.601,6.00,9427.7,387497.5
130.890416,-25.910080,668.3,-126.700,6.00,10426.2,387451.5
130.888336,-25.901580,666.8,-126.546,6.00,11371.4,387243.6
130.885826,-25.892650,666.6,-127.174,6.00,12364.4,386992.8
130.881856,-25.884320,672.7,-127.374,6.00,13290.6,386596.0
130.877036,-25.876620,673.7,-127.007,6.00,14146.8,386114.3
130.872216,-25.868870,668.2,-126.993,6.00,15008.6,385632.6
130.869076,-25.860600,665.5,-127.385,6.00,15928.2,385318.8
130.863376,-25.853370,666.7,-127.223,6.00,16732.1,384749.2
130.861145,-25.844770,666.1,-125.870,6.00,17688.4,384526.2
130.858915,-25.836230,666.9,-126.239,6.00,18638.0,384303.3
130.856875,-25.827310,663.0,-126.555,6.00,19629.8,384099.5
130.864705,-25.822000,657.1,-127.416,6.00,20220.3,384882.0
130.872535,-25.816690,657.7,-128.222,6.00,20810.7,385664.5
130.879385,-25.810430,652.0,-129.025,6.00,21506.8,386349.1
130.886245,-25.804160,651.6,-129.318,6.00,22204.0,387034.6
130.894225,-25.799060,660.9,-129.247,6.00,22771.1,387832.2
130.902195,-25.793950,657.1,-129.350,6.00,23339.3,388628.7
130.909254,-25.788070,654.6,-129.365,6.00,23993.1,389334.1
130.915684,-25.781730,646.6,-129.809,6.00,24698.1,389976.7
130.921634,-25.775340,642.5,-129.698,6.00,25408.6,390571.4
130.929394,-25.769179,638.9,-129.739,6.00,26093.7,391346.9
130.938184,-25.765279,637.1,-129.678,6.00,26527.4,392225.3
130.945494,-25.784809,637.4,-130.317,6.00,24355.7,392955.9
131.363773,-25.998606,650.7,-129.868,6.00,582.6,434757.9
131.353963,-25.998357,648.2,-130.169,6.00,610.3,433777.5
131.343623,-25.998567,644.9,-130.672,6.00,586.9,432744.1
131.333584,-25.998637,643.1,-131.077,6.00,579.2,431740.8
131.323764,-25.998477,643.8,-130.824,6.00,596.9,430759.4
131.314234,-25.998477,642.5,-130.443,6.00,596.9,429807.0
131.304154,-25.998637,642.1,-130.678,6.00,579.2,428799.7
131.294074,-25.998797,645.4,-130.424,6.00,561.4,427792.3
131.283974,-25.998957,642.4,-130.493,6.00,543.6,426782.9
131.274154,-25.998827,637.5,-130.135,6.00,558.0,425801.5
131.264494,-25.998047,632.2,-130.077,6.00,644.8,424836.1
131.255034,-25.998667,630.9,-129.389,6.00,575.8,423890.7
131.244714,-25.999568,631.5,-129.126,6.00,475.6,422859.3
131.234934,-25.998758,629.8,-129.491,6.00,565.7,421882.0
129.689982,-25.656130,680.6,-30.300,6.00,38664.2,267482.4
129.690032,-25.649330,683.4,-31.052,6.00,39420.3,267487.4
129.699092,-25.645700,684.2,-31.500,6.00,39824.0,268392.9
129.705192,-25.638730,685.9,-32.794,6.00,40599.0,269002.5
129.710912,-25.631080,689.0,-34.638,6.00,41449.6,269574.1
129.718402,-25.626040,698.2,-34.809,6.00,42010.0,270322.7
129.727941,-25.624080,691.3,-34.071,6.00,42228.0,271276.0
129.737491,-25.622119,693.6,-33.401,6.00,42446.0,272230.4
129.747611,-25.619539,695.6,-34.160,6.00,42732.9,273241.8
129.755031,-25.614089,695.7,-36.801,6.00,43338.9,273983.3
129.763831,-25.609449,697.3,-35.519,6.00,43854.9,274862.8
129.770891,-25.603359,698.6,-37.015,6.00,44532.1,275568.3
129.778081,-25.596819,705.3,-38.488,6.00,45259.3,276286.9
129.785561,-25.591379,711.3,-38.821,6.00,45864.2,277034.4
129.790301,-25.583419,723.2,-38.817,6.00,46749.3,277508.1
129.798870,-25.579119,719.6,-39.413,6.00,47227.4,278364.5
129.807120,-25.573489,712.0,-39.644,6.00,47853.5,279189.0
129.815520,-25.569849,713.5,-39.931,6.00,48258.2,280028.5
129.825800,-25.568878,706.0,-40.697,6.00,48366.2,281055.8
129.834910,-25.566528,705.5,-41.446,6.00,48627.5,281966.3
129.843550,-25.561478,708.7,-41.374,6.00,49189.0,282829.7
129.850820,-25.558508,713.3,-43.027,6.00,49519.3,283556.3
129.517726,-25.940633,717.5,-37.087,6.00,7028.9,250267.5
129.677862,-25.652060,682.5,-31.017,6.00,39116.8,266271.2
129.669252,-25.654070,682.3,-31.012,6.00,38893.3,265410.7
129.662352,-25.660520,682.2,-30.101,6.00,38176.0,264721.1
129.657882,-25.668200,676.5,-29.188,6.00,37322.1,264274.4
129.654183,-25.676440,672.8,-30.610,6.00,36405.8,263904.8
129.650153,-25.685351,671.6,-28.926,6.00,35415.0,263502.0
129.646283,-25.693341,676.6,-29.831,6.00,34526.5,263115.2
129.643363,-25.701361,671.6,-27.832,6.00,33634.7,262823.4
129.638613,-25.708891,661.9,-28.700,6.00,32797.4,262348.7
129.634443,-25.717781,662.8,-29.612,6.00,31808.9,261932.0
129.631783,-25.726101,660.9,-30.497,6.00,30883.8,261666.1
129.631933,-25.734771,655.6,-30.693,6.00,29919.7,261681.1
129.627804,-25.752011,660.1,-31.154,6.00,28002.7,261268.5
129.625514,-25.760771,661.2,-30.782,6.00,27028.6,261039.6
129.626464,-25.769871,665.8,-29.503,6.00,26016.8,261134.6
129.626174,-25.778781,665.1,-30.133,6.00,25026.0,261105.6
129.625424,-25.787741,664.0,-31.388,6.00,24029.7,261030.6
129.620514,-25.794871,665.1,-32.892,6.00,23236.9,260539.9
129.613944,-25.801391,664.4,-33.394,6.00,22511.9,259883.3
129.607804,-25.808091,666.8,-35.310,6.00,21766.9,259269.7
129.598865,-25.815052,663.8,-35.334,6.00,20992.9,258376.4
129.593865,-25.820952,664.4,-35.808,6.00,20336.8,257876.7
129.587265,-25.828322,666.5,-36.423,6.00,19517.3,257217.1
129.581235,-25.835502,668.7,-35.546,6.00,18718.9,256614.5
129.576055,-25.843212,672.3,-35.545,6.00,17861.6,256096.8
129.575295,-25.851832,677.2,-35.420,6.00,16903.1,256020.8
129.573375,-25.860272,678.5,-37.884,6.00,15964.6,255829.0
129.566785,-25.867152,687.8,-35.613,6.00,15199.6,255170.4
129.560205,-25.874032,685.6,-36.805,6.00,14434.6,254512.8
129.552686,-25.880072,688.9,-36.387,6.00,13763.0,253761.3
129.546326,-25.886902,692.4,-36.199,6.00,13003.5,253125.7
129.541526,-25.895282,695.2,-36.370,6.00,12071.7,252646.0
129.537666,-25.903173,698.7,-36.393,6.00,11194.3,252260.3
129.534296,-25.911293,697.8,-36.567,6.00,10291.4,251923.5
129.530976,-25.920223,701.5,-35.910,6.00,9298.4,251591.7
129.526636,-25.928173,705.9,-36.179,6.00,8414.4,251158.0
129.520936,-25.935043,713.3,-36.201,6.00,7650.5,250588.3
129.513997,-25.952033,717.6,-37.138,6.00,5761.3,249894.8
129.510067,-25.961053,720.2,-37.140,6.00,4758.3,249502.1
129.505387,-25.968713,715.0,-36.833,6.00,3906.6,249034.4
129.498487,-25.975303,710.1,-35.678,6.00,3173.8,248344.8
129.492027,-25.982033,708.8,-34.714,6.00,2425.4,247699.2
129.483837,-25.983863,705.1,-32.451,6.00,2221.9,246880.7
129.473317,-25.981204,706.9,-32.596,6.00,2517.6,245829.4
129.465377,-25.981014,708.9,-33.071,6.00,2538.7,245035.8
129.457337,-25.987924,706.6,-29.249,6.00,1770.4,244232.3
129.451608,-25.994244,703.1,-27.438,6.00,1067.6,243659.8
129.445868,-26.000644,700.7,-25.689,6.00,356.0,243086.2
129.439868,-26.009204,697.7,-30.199,6.00,-595.8,242486.5
129.434908,-26.016684,696.0,-29.286,6.00,-1427.6,241990.8
129.690592,-25.656550,680.6,-30.330,6.00,38617.5,267543.4
129.215904,-25.556794,658.7,-48.264,6.00,49709.9,220104.0
129.219074,-25.565544,655.8,-44.181,6.00,48736.9,220420.8
129.222245,-25.574454,656.3,-42.723,6.00,47746.2,220737.7
129.222975,-25.583454,656.5,-41.836,6.00,46745.4,220810.7
129.223295,-25.591334,654.6,-38.669,6.00,45869.2,220842.6
129.216125,-25.597694,655.5,-36.380,6.00,45162.0,220126.1
129.212585,-25.606084,657.5,-34.337,6.00,44229.1,219772.3
129.210545,-25.615284,663.4,-33.106,6.00,43206.1,219568.4
129.206145,-25.622414,662.6,-32.948,6.00,42413.2,219128.7
129.202735,-25.629774,654.1,-31.825,6.00,41594.8,218787.9
129.201975,-25.638054,654.2,-30.370,6.00,40674.2,218712.0
129.197576,-25.646484,645.0,-30.224,6.00,39736.8,218272.3
129.194536,-25.654504,638.8,-31.455,6.00,38845.0,217968.5
129.192536,-25.663085,635.4,-28.763,6.00,37890.8,217768.6
129.191366,-25.672175,632.1,-28.369,6.00,36880.1,217651.7
129.188706,-25.680255,629.5,-28.813,6.00,35981.6,217385.9
129.188416,-25.689705,629.2,-28.150,6.00,34930.8,217356.9
129.186936,-25.699335,632.9,-28.783,6.00,33860.0,217209.0
129.185146,-25.708135,630.8,-32.118,6.00,32881.5,217030.1
129.182576,-25.715705,634.5,-30.897,6.00,32039.8,216773.3
129.174606,-25.721775,638.2,-30.472,6.00,31364.8,215976.8
129.174647,-25.730725,638.5,-32.863,6.00,30369.6,215980.9
129.171417,-25.738705,639.2,-34.693,6.00,29482.3,215658.1
129.165577,-25.746015,629.9,-33.610,6.00,28669.4,215074.4
129.167507,-25.744145,629.2,-32.838,6.00,28877.4,215267.3
129.158307,-25.751845,630.8,-33.962,6.00,28021.2,214347.9
129.151127,-25.758585,630.1,-33.967,6.00,27271.7,213630.3
129.143097,-25.763835,631.0,-34.092,6.00,26687.9,212827.8
129.137797,-25.771156,632.0,-33.143,6.00,25873.9,212298.1
129.133627,-25.778986,634.4,-35.319,6.00,25003.2,211881.4
129.131668,-25.788746,633.3,-35.007,6.00,23918.0,211685.6
129.127788,-25.796356,634.8,-35.849,6.00,23071.8,211297.9
129.127418,-25.805176,638.7,-38.754,6.00,22091.0,211260.9
129.126118,-25.814486,635.0,-38.635,6.00,21055.8,211131.0
129.120628,-25.821366,636.6,-39.357,6.00,20290.8,210582.3
129.118228,-25.830706,633.2,-39.395,6.00,19252.2,210342.4
129.113508,-25.838206,632.2,-38.974,6.00,18418.3,209870.7
129.105498,-25.843726,634.2,-39.784,6.00,17804.5,209070.2
129.102298,-25.851906,633.5,-39.436,6.00,16894.9,208750.4
129.094909,-25.858746,632.2,-39.296,6.00,16134.3,208012.0
129.088259,-25.864986,633.6,-38.963,6.00,15440.5,207347.4
129.084429,-25.873187,641.2,-37.225,6.00,14528.6,206964.6
129.085379,-25.882087,652.2,-36.498,6.00,13538.9,207059.6
129.089699,-25.890487,668.8,-36.454,6.00,12604.9,207491.3
129.086809,-25.898717,667.5,-37.019,6.00,11689.8,207202.5
129.080569,-25.905597,655.2,-35.758,6.00,10924.7,206578.9
129.077859,-25.909937,649.0,-36.256,6.00,10442.1,206308.0
129.070929,-25.916097,647.4,-36.808,6.00,9757.2,205615.5
129.064129,-25.922827,647.0,-38.349,6.00,9008.8,204935.9
129.057900,-25.929877,647.0,-38.531,6.00,8224.9,204313.4
129.050550,-25.935877,646.8,-39.526,6.00,7557.7,203578.8
129.042960,-25.942327,648.0,-40.061,6.00,6840.5,202820.3
129.036750,-25.947797,646.6,-39.901,6.00,6232.3,202199.7
129.028410,-25.954147,647.1,-37.474,6.00,5526.2,201366.2
129.021970,-25.959348,645.9,-36.887,6.00,4947.9,200722.6
129.013870,-25.966148,645.6,-36.746,6.00,4191.8,199913.1
129.006010,-25.970448,645.0,-34.541,6.00,3713.6,199127.6
128.999871,-25.982148,641.6,-33.888,6.00,2412.6,198514.1
129.000421,-25.985058,640.0,-29.863,6.00,2089.1,198569.0
129.000601,-25.998508,646.0,-23.836,6.00,593.5,198587.0
129.001451,-25.998918,646.6,-23.719,6.00,547.9,198672.0
129.087409,-25.873447,656.4,-32.515,6.00,14499.6,207262.5
129.096959,-25.911347,654.1,-34.579,6.00,10285.4,208216.9
129.110139,-25.915917,652.4,-34.352,6.00,9777.2,209534.0
129.119139,-25.919056,654.4,-34.365,6.00,9428.2,210433.5
129.128859,-25.921466,655.8,-33.959,6.00,9160.2,211404.9
129.138779,-25.922876,662.8,-34.052,6.00,9003.4,212396.3
129.148559,-25.924246,669.6,-33.355,6.00,8851.1,213373.7
129.158319,-25.926116,670.3,-33.409,6.00,8643.1,214349.1
129.168099,-25.926836,668.5,-30.742,6.00,8563.1,215326.5
129.177699,-25.929636,670.2,-29.854,6.00,8251.7,216285.9
129.186019,-25.933446,670.1,-28.754,6.00,7828.1,217117.3
129.194349,-25.938956,670.3,-28.825,6.00,7215.4,217949.8
129.197529,-25.942936,665.2,-27.984,6.00,6772.8,218267.6
129.205385,-25.647084,647.1,-28.526,6.00,39670.1,219052.7
129.207216,-25.655854,644.2,-30.889,6.00,38694.9,219235.7
129.208646,-25.664374,640.3,-27.390,6.00,37747.5,219378.6
129.211236,-25.672974,637.0,-26.523,6.00,36791.2,219637.5
129.215326,-25.681444,632.5,-27.772,6.00,35849.4,220046.2
129.217296,-25.690304,635.8,-28.268,6.00,34864.2,220243.1
129.220836,-25.698724,641.8,-29.380,6.00,33928.0,220596.9
129.224436,-25.706914,641.1,-28.477,6.00,33017.3,220956.7
129.225416,-25.715734,640.1,-29.824,6.00,32036.5,221054.6
129.229506,-25.723925,644.8,-28.227,6.00,31125.7,221463.4
129.233476,-25.731745,645.7,-28.831,6.00,30256.2,221860.1
129.236656,-25.739845,637.3,-29.582,6.00,29355.5,222177.9
129.242976,-25.746414,653.5,-30.116,6.00,28625.1,222809.5
129.247966,-25.752884,642.3,-30.893,6.00,27905.6,223308.2
129.247396,-25.761365,635.8,-30.749,6.00,26962.6,223251.2
129.251266,-25.768695,637.5,-31.118,6.00,26147.5,223638.0
129.259786,-25.773984,644.5,-31.244,6.00,25559.4,224489.5
129.265017,-25.781274,645.8,-32.192,6.00,24748.8,225012.3
129.266577,-25.789514,656.0,-32.403,6.00,23832.6,225168.2
129.263887,-25.797835,653.7,-33.053,6.00,22907.3,224899.3
129.257247,-25.804315,647.6,-34.097,6.00,22186.8,224235.7
129.253747,-25.811675,651.0,-35.827,6.00,21368.4,223886.0
129.250597,-25.820235,644.7,-36.410,6.00,20416.6,223571.1
129.250567,-25.829095,651.1,-35.152,6.00,19431.4,223568.2
129.249357,-25.837725,646.6,-34.839,6.00,18471.8,223447.2
129.246237,-25.845865,648.6,-34.400,6.00,17566.6,223135.4
129.243807,-25.854095,659.5,-33.024,6.00,16651.5,222892.6
129.244108,-25.862595,652.4,-32.251,6.00,15706.3,222922.7
129.244408,-25.871135,652.1,-34.267,6.00,14756.7,222952.6
129.244708,-25.879835,649.6,-29.503,6.00,13789.3,222982.6
129.243728,-25.889305,649.5,-30.500,6.00,12736.3,222884.7
129.245078,-25.897585,655.3,-29.463,6.00,11815.6,223019.6
129.248468,-25.904805,669.4,-29.039,6.00,11012.8,223358.4
129.251858,-25.912035,671.7,-29.524,6.00,10208.9,223697.2
129.243318,-25.917685,666.0,-29.844,6.00,9580.6,222843.7
129.235508,-25.923555,670.0,-28.113,6.00,8927.9,222063.2
129.225838,-25.925176,669.8,-27.918,6.00,8747.6,221096.8
129.215828,-25.925856,669.0,-27.997,6.00,8672.0,220096.4
129.206709,-25.928546,666.6,-28.715,6.00,8372.9,219185.1
129.204549,-25.936216,665.7,-28.159,6.00,7520.1,218969.2
129.201489,-25.936246,662.6,-29.468,6.00,7516.7,218663.4
129.200449,-25.951576,665.1,-29.321,6.00,5812.1,218559.5
129.202779,-25.954406,665.8,-27.479,6.00,5497.4,218792.3
129.208729,-25.961496,664.9,-28.307,6.00,4709.0,219386.9
129.207479,-25.969016,666.9,-26.656,6.00,3872.9,219262.0
129.202609,-25.976036,670.3,-24.390,6.00,3092.3,218775.3
129.203199,-25.984846,675.9,-22.007,6.00,2112.6,218834.3
129.207919,-25.993146,679.0,-8.393,6.00,1189.7,219306.0
129.210629,-25.999016,687.8,1.488,6.00,537.0,219576.8
129.211919,-26.005516,692.5,4.717,6.00,-185.8,219705.7
129.222329,-26.001276,689.6,-0.880,6.00,285.7,220746.1
129.231069,-25.997616,691.8,-14.508,6.00,692.7,221619.6
129.240259,-25.993186,682.1,-21.624,6.00,1185.3,222538.0
129.248649,-25.991336,682.2,-24.647,6.00,1391.0,223376.5
129.259059,-25.992296,681.0,-24.809,6.00,1284.2,224416.8
129.268859,-25.991325,683.5,-25.930,6.00,1392.2,225396.2
129.278869,-25.989215,686.0,-27.473,6.00,1626.8,226396.6
129.288789,-25.988405,689.3,-28.035,6.00,1716.9,227388.0
129.298969,-25.987585,689.8,-28.281,6.00,1808.1,228405.4
129.308389,-25.988965,689.4,-28.587,6.00,1654.6,229346.8
129.318258,-25.989615,688.8,-29.152,6.00,1582.4,230333.1
129.328218,-25.989825,689.2,-28.920,6.00,1559.0,231328.4
129.337928,-25.990685,691.7,-27.490,6.00,1463.4,232298.8
129.348088,-25.991215,692.9,-27.011,6.00,1404.4,233314.2
129.357698,-25.992675,692.6,-26.920,6.00,1242.1,234274.6
129.366648,-25.989815,693.6,-29.687,6.00,1560.1,235169.1
129.373108,-25.983314,694.2,-29.929,6.00,2283.0,235814.7
129.378718,-25.975754,702.5,-28.723,6.00,3123.6,236375.3
129.385628,-25.968744,713.7,-29.971,6.00,3903.1,237065.9
129.391498,-25.965634,712.1,-31.528,6.00,4248.9,237652.5
129.215204,-25.556794,660.0,-48.016,6.00,49709.9,220034.0
129.218684,-25.565634,657.1,-43.933,6.00,48726.9,220381.8
129.221925,-25.574454,657.4,-42.522,6.00,47746.2,220705.7
129.222745,-25.583454,655.9,-41.961,6.00,46745.4,220787.7
129.223505,-25.591334,655.3,-38.528,6.00,45869.2,220863.6
129.216855,-25.597694,656.7,-36.145,6.00,45162.0,220199.0
129.212965,-25.606084,658.1,-34.222,6.00,44229.1,219810.3
129.209915,-25.615284,665.9,-32.622,6.00,43206.1,219505.5
129.205055,-25.622414,668.1,-31.867,6.00,42413.2,219019.8
129.202925,-25.629774,658.7,-30.925,6.00,41594.8,218806.9
129.202395,-25.638364,651.9,-30.843,6.00,40639.7,218753.9
129.197955,-25.646484,647.2,-29.798,6.00,39736.8,218310.2
129.195156,-25.654504,641.7,-30.892,6.00,38845.0,218030.5
129.192766,-25.663085,638.5,-28.159,6.00,37890.8,217791.6
129.191536,-25.672175,635.1,-27.775,6.00,36880.1,217668.7
129.189136,-25.680255,632.3,-28.267,6.00,35981.6,217428.9
129.188426,-25.689705,632.0,-27.605,6.00,34930.8,217357.9
129.186866,-25.699335,636.5,-28.089,6.00,33860.0,217202.0
129.184926,-25.708135,632.4,-31.801,6.00,32881.5,217008.1
129.182596,-25.715705,634.9,-30.813,6.00,32039.8,216775.3
129.174696,-25.721765,642.2,-29.676,6.00,31365.9,215985.7
129.174977,-25.730725,639.5,-32.685,6.00,30369.6,216013.8
129.166207,-25.744595,630.8,-33.341,6.00,28827.3,215137.4
129.167477,-25.743905,629.2,-32.821,6.00,28904.1,215264.3
129.712625,-25.954281,705.6,-42.922,6.00,5511.3,269745.3
129.569595,-25.865612,687.8,-35.504,6.00,15370.9,255451.2
129.574405,-25.873342,685.6,-34.422,6.00,14511.3,255931.9
129.580345,-25.880312,684.7,-35.156,6.00,13736.3,256525.5
129.585335,-25.887692,688.0,-37.572,6.00,12915.7,257024.2
129.590595,-25.894652,692.8,-38.318,6.00,12141.8,257549.9
129.597915,-25.901022,697.8,-36.724,6.00,11433.4,258281.4
129.603236,-25.908232,688.8,-36.822,6.00,10631.7,258813.2
129.608576,-25.915552,695.8,-37.220,6.00,9817.8,259346.9
129.616486,-25.918072,694.0,-38.864,6.00,9537.6,260137.4
129.624756,-25.923532,699.9,-38.701,6.00,8930.4,260963.9
129.635425,-25.926102,708.2,-40.174,6.00,8644.7,262030.1
129.643525,-25.926562,696.8,-37.685,6.00,8593.5,262839.6
129.651875,-25.930922,699.8,-39.125,6.00,8108.7,263674.1
129.660205,-25.935562,692.8,-41.467,6.00,7592.8,264506.6
129.670005,-25.937402,690.4,-42.321,6.00,7388.2,265486.0
129.679185,-25.938441,690.0,-41.498,6.00,7272.6,266403.4
129.688945,-25.939871,693.9,-43.337,6.00,7113.6,267378.8
129.698925,-25.941641,697.8,-43.670,6.00,6916.8,268376.2
129.708695,-25.941531,699.1,-42.694,6.00,6929.1,269352.6
129.727055,-25.949191,706.6,-42.754,6.00,6077.3,271187.4
129.732525,-25.954361,725.7,-39.327,6.00,5502.4,271734.1
129.732645,-25.956711,707.7,-43.506,6.00,5241.1,271746.1
129.739745,-25.960271,707.3,-41.646,6.00,4845.3,272455.7
129.749125,-25.963931,706.0,-43.164,6.00,4438.3,273393.1
129.755565,-25.969631,709.3,-43.025,6.00,3804.5,274036.7
129.759415,-25.977181,713.0,-44.161,6.00,2965.0,274421.4
129.766015,-25.982831,716.4,-44.831,6.00,2336.7,275081.0
129.774105,-25.986151,716.5,-43.335,6.00,1967.5,275889.5
129.782205,-25.989611,729.1,-43.134,6.00,1582.8,276699.0
129.789365,-25.995191,732.8,-44.569,6.00,962.3,277414.6
129.798555,-25.997831,731.8,-41.504,6.00,668.8,278333.0
129.807815,-26.001011,736.7,-41.007,6.00,315.2,279258.4
129.815385,-26.005751,739.6,-40.790,6.00,-211.9,280015.0
129.824965,-26.009370,739.1,-41.097,6.00,-614.3,280972.4
129.832895,-26.013600,744.6,-43.041,6.00,-1084.7,281764.9
129.836775,-26.015210,747.6,-42.460,6.00,-1263.7,282152.6
129.842405,-26.013170,745.5,-40.874,6.00,-1036.8,282715.3
129.851825,-26.009670,742.8,-42.133,6.00,-647.7,283656.7
129.860575,-26.008120,745.9,-42.874,6.00,-475.3,284531.2
129.869445,-26.003480,747.6,-41.646,6.00,40.6,285417.6
129.877235,-25.998320,743.6,-39.940,6.00,614.4,286196.1
129.884214,-25.993320,740.6,-39.322,6.00,1170.4,286893.6
129.891434,-25.989870,737.4,-40.665,6.00,1554.0,287615.2
129.896644,-25.983780,735.9,-42.652,6.00,2231.2,288135.8
129.905384,-25.978530,738.7,-43.191,6.00,2815.0,289009.3
129.912144,-25.973800,738.7,-42.397,6.00,3340.9,289684.9
129.920704,-25.969379,742.4,-40.677,6.00,3832.5,290540.3
129.924624,-25.961319,737.6,-38.659,6.00,4728.7,290932.1
129.932194,-25.957139,735.9,-38.776,6.00,5193.5,291688.6
129.941334,-25.952879,736.0,-37.708,6.00,5667.2,292602.1
129.950053,-25.949629,738.2,-38.929,6.00,6028.6,293473.4
129.958783,-25.946379,740.1,-39.321,6.00,6390.0,294345.9
129.969243,-25.944189,747.0,-39.537,6.00,6633.5,295391.2
129.977183,-25.940099,743.0,-39.409,6.00,7088.3,296184.7
129.986643,-25.938859,738.2,-39.378,6.00,7226.2,297130.2
129.995673,-25.938409,740.8,-40.273,6.00,7276.2,298032.6
130.003473,-25.933088,740.3,-39.048,6.00,7867.9,298812.1
130.010523,-25.927398,738.8,-39.019,6.00,8500.6,299516.7
130.017953,-25.921528,729.4,-38.030,6.00,9153.3,300259.2
130.027273,-25.922678,726.8,-39.073,6.00,9025.4,301190.6
130.036683,-25.925218,728.1,-40.914,6.00,8743.0,302131.1
130.046573,-25.927668,733.6,-41.245,6.00,8470.5,303119.5
130.053383,-25.934068,742.7,-42.981,6.00,7758.9,303800.0
130.058883,-25.940618,744.9,-43.970,6.00,7030.6,304349.7
130.064733,-25.946228,742.4,-47.078,6.00,6406.8,304934.3
130.071623,-25.952308,738.0,-49.805,6.00,5730.7,305622.9
130.079843,-25.957478,737.9,-49.686,6.00,5155.8,306444.4
130.089893,-25.955978,725.8,-51.510,6.00,5322.6,307448.8
130.097512,-25.959768,723.7,-52.854,6.00,4901.2,308210.2
130.105992,-25.961068,720.5,-54.139,6.00,4756.6,309057.7
130.115542,-25.957298,718.3,-53.707,6.00,5175.8,310012.1
130.124182,-25.956808,715.8,-53.886,6.00,5230.3,310875.5
130.134002,-25.955977,712.6,-57.195,6.00,5322.7,311856.9
130.143332,-25.956537,712.0,-59.097,6.00,5260.5,312789.4
130.153332,-25.954767,709.0,-61.785,6.00,5457.3,313788.7
130.162092,-25.957087,711.5,-63.276,6.00,5199.3,314664.2
130.171122,-25.959707,714.6,-64.809,6.00,4908.0,315566.6
130.181072,-25.959857,708.5,-66.003,6.00,4891.3,316561.0
130.188272,-25.964067,707.3,-67.563,6.00,4423.2,317280.6
130.192432,-25.972267,709.0,-68.492,6.00,3511.4,317696.3
130.196082,-25.980227,711.0,-68.920,6.00,2626.3,318061.1
130.199022,-25.988877,713.0,-68.913,6.00,1664.4,318354.9
130.207162,-25.993367,710.5,-69.750,6.00,1165.2,319168.4
129.172697,-25.737025,640.6,-34.221,6.00,29669.1,215786.0
129.174407,-25.728575,640.4,-32.212,6.00,30608.7,215956.9
129.174557,-25.723775,637.5,-30.466,6.00,31142.4,215971.9
129.186876,-25.700745,634.0,-29.862,6.00,33703.2,217203.0
129.187936,-25.692015,633.9,-26.774,6.00,34674.0,217308.9
129.189076,-25.682815,630.4,-27.999,6.00,35697.0,217422.9
129.192446,-25.665845,637.0,-27.802,6.00,37583.9,217759.6
129.194296,-25.656224,641.0,-30.340,6.00,38653.7,217944.5
129.197276,-25.648014,644.2,-29.766,6.00,39566.7,218242.4
129.201645,-25.641614,650.1,-29.925,6.00,40278.3,218679.0
129.202825,-25.631074,656.5,-30.275,6.00,41450.3,218796.9
129.204235,-25.623324,666.4,-31.857,6.00,42312.1,218937.8
129.208565,-25.616854,664.7,-32.999,6.00,43031.5,219370.6
129.212715,-25.607864,658.9,-34.202,6.00,44031.1,219785.3
129.222145,-25.590024,654.9,-37.959,6.00,46014.8,220727.7
129.222695,-25.585484,656.4,-40.133,6.00,46519.7,220782.7
129.222235,-25.577094,658.9,-42.987,6.00,47452.6,220736.7
129.219784,-25.568424,657.6,-43.100,6.00,48416.7,220491.8
127.859478,-26.303954,476.6,-47.900,0.27,-33370.5,84545.4
127.859248,-26.322544,476.0,-49.126,0.27,-35437.7,84522.4
127.859158,-26.340674,474.3,-52.160,0.27,-37453.6,84513.4
127.858578,-26.358254,469.5,-53.912,0.27,-39408.4,84455.5
127.858799,-26.376475,465.6,-56.788,0.27,-41434.5,84477.5
127.858469,-26.393535,464.5,-58.511,0.27,-43331.5,84444.6
127.857659,-26.413215,467.4,-62.335,0.27,-45519.8,84363.6
127.858399,-26.431305,466.7,-62.402,0.27,-47531.3,84437.6
127.858309,-26.448715,463.8,-60.703,0.27,-49467.2,84428.6
127.889598,-26.303744,498.2,-52.795,0.27,-33347.2,87555.5
127.889228,-26.322134,501.9,-51.602,0.27,-35392.1,87518.6
127.889268,-26.340264,497.0,-52.488,0.27,-37408.0,87522.6
127.889258,-26.357944,484.6,-54.654,0.27,-39374.0,87521.6
127.889248,-26.376134,478.5,-59.558,0.27,-41396.6,87520.6
127.888379,-26.393954,474.3,-59.904,0.27,-43378.1,87433.7
127.889609,-26.412284,474.6,-62.318,0.27,-45416.3,87556.6
127.888309,-26.429355,474.0,-63.857,0.27,-47314.5,87426.7
127.888559,-26.448335,479.4,-65.615,0.27,-49425.0,87451.7
127.919637,-26.305854,519.2,-49.881,0.27,-33581.8,90557.6
127.919618,-26.340874,514.0,-53.079,0.27,-37475.9,90555.7
127.919428,-26.358394,499.6,-57.516,0.27,-39424.0,90536.7
127.918748,-26.377164,495.4,-63.468,0.27,-41511.1,90468.7
127.918198,-26.394624,489.2,-63.998,0.27,-43452.6,90413.8
127.918169,-26.412824,486.0,-63.544,0.27,-45476.3,90410.9
127.918459,-26.431314,485.0,-63.153,0.27,-47532.3,90439.9
127.918439,-26.449574,481.6,-66.176,0.27,-49562.8,90437.9
127.949987,-26.304563,509.6,-45.140,0.27,-33438.3,93590.7
127.949107,-26.321903,520.7,-47.773,0.27,-35366.4,93502.8
127.949448,-26.340003,514.5,-52.033,0.27,-37379.0,93536.8
127.948688,-26.358254,503.0,-58.349,0.27,-39408.4,93460.9
127.948718,-26.376654,496.7,-60.607,0.27,-41454.4,93463.9
127.948108,-26.395424,498.2,-64.431,0.27,-43541.5,93402.9
127.948958,-26.412044,492.7,-65.262,0.27,-45389.6,93487.9
127.948949,-26.431064,493.2,-65.371,0.27,-47504.5,93487.0
127.948019,-26.449254,492.0,-64.621,0.27,-49527.2,93394.0
127.980317,-26.304583,503.6,-43.475,0.27,-33440.5,96621.8
127.979247,-26.322433,510.4,-46.602,0.27,-35425.3,96514.9
127.978987,-26.341013,516.3,-52.643,0.27,-37491.3,96488.9
127.978868,-26.358563,515.1,-54.687,0.27,-39442.8,96477.0
127.979108,-26.376173,507.2,-57.806,0.27,-41400.9,96501.0
127.978768,-26.394893,506.2,-59.170,0.27,-43482.5,96467.0
127.977808,-26.413034,509.5,-62.110,0.27,-45499.7,96371.1
127.978458,-26.430974,504.8,-64.269,0.27,-47494.5,96436.0
127.978489,-26.449474,498.9,-64.760,0.27,-49551.6,96439.1
128.009627,-26.304323,513.9,-40.169,0.27,-33411.6,99551.0
128.009677,-26.322653,523.7,-49.240,0.27,-35449.8,99556.0
128.009577,-26.340253,546.5,-53.668,0.27,-37406.8,99546.0
128.009687,-26.359183,532.9,-54.921,0.27,-39511.7,99557.0
128.008758,-26.377423,520.4,-58.475,0.27,-41539.9,99464.2
128.008808,-26.393783,514.6,-57.773,0.27,-43359.1,99469.2
128.008688,-26.413413,520.8,-58.609,0.27,-45541.8,99457.2
128.009288,-26.430463,511.9,-59.365,0.27,-47437.7,99517.1
128.008058,-26.449634,513.0,-64.706,0.27,-49569.4,99394.2
128.039647,-26.305122,529.8,-47.569,0.27,-33500.4,102551.1
128.039837,-26.323563,532.8,-51.124,0.27,-35551.0,102570.1
128.039197,-26.341443,539.9,-53.966,0.27,-37539.1,102506.2
128.039227,-26.360043,546.2,-55.601,0.27,-39607.4,102509.2
128.039207,-26.378273,540.1,-55.900,0.27,-41634.4,102507.2
128.038818,-26.394653,527.4,-57.216,0.27,-43455.8,102468.3
128.038518,-26.432323,521.5,-61.210,0.27,-47644.5,102438.3
128.038138,-26.450623,518.1,-65.620,0.27,-49679.4,102400.3
128.069536,-26.305492,549.1,-48.299,0.27,-33541.6,105538.2
128.069327,-26.323842,544.3,-51.867,0.27,-35582.0,105517.3
128.069197,-26.341172,542.0,-54.529,0.27,-37509.0,105504.3
128.069307,-26.359592,541.9,-56.325,0.27,-39557.2,105515.3
128.068847,-26.377243,550.5,-57.369,0.27,-41519.9,105469.3
128.068517,-26.395913,541.2,-57.564,0.27,-43595.9,105436.4
128.068708,-26.413413,534.1,-57.770,0.27,-45541.8,105455.4
128.068938,-26.431433,532.6,-58.096,0.27,-47545.6,105478.4
128.068838,-26.449943,537.7,-59.391,0.27,-49603.8,105468.4
128.099906,-26.304842,549.0,-50.395,0.27,-33469.3,108573.3
128.099436,-26.323542,558.7,-53.082,0.27,-35548.6,108526.3
128.099527,-26.340992,559.0,-56.024,0.27,-37489.0,108535.4
128.099367,-26.359772,553.3,-55.804,0.27,-39577.2,108519.4
128.099757,-26.377522,552.2,-58.016,0.27,-41550.9,108558.4
128.098947,-26.395902,547.4,-57.474,0.27,-43594.7,108477.5
128.099147,-26.413362,548.4,-57.901,0.27,-45536.2,108497.5
128.098568,-26.432073,548.6,-56.238,0.27,-47616.7,108439.6
128.098648,-26.450373,541.9,-55.337,0.27,-49651.6,108447.6
128.129426,-26.306442,563.9,-51.094,0.27,-33647.2,111523.5
128.128996,-26.324262,557.0,-53.316,0.27,-35628.7,111480.5
128.128396,-26.343382,562.1,-53.561,0.27,-37754.7,111420.6
128.128567,-26.359332,557.0,-54.442,0.27,-39528.3,111437.6
128.128027,-26.378682,553.5,-55.702,0.27,-41679.9,111383.7
128.128727,-26.396232,552.1,-53.816,0.27,-43631.4,111453.6
128.128937,-26.412732,540.5,-52.659,0.27,-45466.1,111474.6
128.128697,-26.431682,537.3,-47.563,0.27,-47573.3,111450.6
128.127598,-26.450192,532.9,-47.851,0.27,-49631.5,111340.8
128.159676,-26.306101,545.6,-52.754,0.27,-33609.3,114546.6
128.159666,-26.324111,549.0,-53.272,0.27,-35611.9,114545.6
128.159616,-26.342002,541.4,-54.477,0.27,-37601.3,114540.6
128.159586,-26.359912,541.0,-52.871,0.27,-39592.8,114537.6
128.159597,-26.377782,541.0,-50.693,0.27,-41579.8,114538.7
128.159037,-26.396252,536.8,-45.828,0.27,-43633.6,114482.8
128.158537,-26.414302,532.3,-43.821,0.27,-45640.7,114432.8
128.159267,-26.432422,524.0,-43.555,0.27,-47655.5,114505.7
128.158927,-26.450102,517.9,-45.366,0.27,-49621.5,114471.8
128.189756,-26.306721,561.6,-51.860,0.27,-33678.2,117552.8
128.189806,-26.324371,555.6,-52.282,0.27,-35640.8,117557.7
128.190216,-26.342461,547.6,-51.583,0.27,-37652.3,117598.7
128.189036,-26.359961,535.1,-46.453,0.27,-39598.2,117480.8
128.189266,-26.377531,531.2,-44.419,0.27,-41551.9,117503.8
128.189037,-26.396192,523.6,-42.710,0.27,-43626.9,117480.9
128.190077,-26.413852,518.5,-41.145,0.27,-45590.6,117584.8
128.188487,-26.432552,513.5,-42.326,0.27,-47670.0,117425.9
128.189107,-26.450832,511.7,-44.510,0.27,-49702.6,117487.9
128.220225,-26.305171,558.7,-49.289,0.27,-33505.9,120597.8
128.220116,-26.324911,544.6,-47.340,0.27,-35700.9,120586.9
128.219036,-26.341391,537.2,-48.884,0.27,-37533.4,120478.9
128.218766,-26.360051,533.6,-47.776,0.27,-39608.2,120452.0
128.219186,-26.378981,528.6,-43.937,0.27,-41713.2,120493.9
128.218856,-26.396361,523.1,-42.407,0.27,-43645.7,120460.9
128.218027,-26.415061,521.4,-41.731,0.27,-45725.1,120378.1
128.219677,-26.432571,523.1,-42.313,0.27,-47672.1,120543.0
128.219457,-26.451082,508.5,-45.341,0.27,-49730.4,120521.0
128.249975,-26.306710,552.7,-47.739,0.27,-33677.0,123570.9
128.249615,-26.323861,556.2,-48.942,0.27,-35584.1,123534.9
128.250116,-26.341551,560.5,-47.761,0.27,-37551.1,123585.0
128.248646,-26.361511,549.9,-44.319,0.27,-39770.6,123438.1
128.249206,-26.378231,548.4,-44.481,0.27,-41629.8,123494.1
128.250286,-26.396011,534.8,-41.286,0.27,-43606.8,123602.0
128.249326,-26.415001,532.7,-41.073,0.27,-45718.4,123506.1
128.248507,-26.432121,518.5,-42.756,0.27,-47622.1,123424.2
128.249467,-26.451131,512.1,-44.129,0.27,-49735.9,123520.2
128.280135,-26.306600,569.1,-48.145,0.27,-33664.8,126585.1
128.279995,-26.324610,573.2,-47.698,0.27,-35667.4,126571.1
128.279775,-26.342320,578.1,-46.555,0.27,-37636.7,126549.1
128.279496,-26.360510,559.4,-46.075,0.27,-39659.3,126521.2
128.279646,-26.378261,552.4,-41.600,0.27,-41633.1,126536.2
128.279966,-26.396731,537.4,-35.695,0.27,-43686.9,126568.2
128.279366,-26.414381,530.8,-36.369,0.27,-45649.5,126508.2
128.279126,-26.432501,527.3,-38.866,0.27,-47664.3,126484.2
128.279427,-26.451081,527.4,-41.178,0.27,-49730.3,126514.3
128.310255,-26.306730,579.1,-44.178,0.27,-33679.2,129595.2
128.309355,-26.324940,579.9,-45.367,0.27,-35704.1,129505.2
128.309715,-26.343230,564.4,-44.627,0.27,-37737.8,129541.2
128.310435,-26.360650,558.0,-40.607,0.27,-39674.9,129613.2
128.309646,-26.379830,547.4,-38.240,0.27,-41807.6,129534.3
128.310016,-26.396510,545.4,-34.841,0.27,-43662.3,129571.3
128.309896,-26.415350,532.7,-28.504,0.27,-45757.2,129559.3
128.309296,-26.432651,530.5,-33.587,0.27,-47681.0,129499.3
128.309896,-26.451491,537.0,-39.983,0.27,-49775.9,129559.3
128.340465,-26.306680,574.6,-45.986,0.27,-33673.7,132614.3
128.340065,-26.324800,566.2,-45.785,0.27,-35688.5,132574.3
128.340345,-26.342240,562.7,-44.317,0.27,-37627.8,132602.3
128.339925,-26.361150,553.8,-38.033,0.27,-39730.5,132560.3
128.339785,-26.378660,548.7,-35.148,0.27,-41677.5,132546.4
128.339686,-26.396680,537.9,-32.576,0.27,-43681.2,132536.5
128.339006,-26.415180,559.0,-27.360,0.27,-45738.3,132468.5
128.339476,-26.433270,546.6,-34.448,0.27,-47749.8,132515.5
128.338356,-26.450940,578.9,-37.231,0.27,-49714.6,132403.5
128.370354,-26.306459,561.8,-45.367,0.27,-33649.1,135601.4
128.370175,-26.324869,551.0,-42.411,0.27,-35696.2,135583.5
128.370325,-26.343510,549.9,-37.526,0.27,-37769.0,135598.5
128.369755,-26.361490,551.8,-34.461,0.27,-39768.3,135541.5
128.369495,-26.379500,550.9,-32.415,0.27,-41770.9,135515.5
128.369215,-26.396940,541.4,-29.156,0.27,-43710.1,135487.5
128.369516,-26.416240,555.3,-32.853,0.27,-45856.2,135517.6
128.369776,-26.433710,527.2,-32.970,0.27,-47798.8,135543.6
128.369316,-26.451950,533.4,-34.081,0.27,-49827.0,135497.6
128.400644,-26.306649,638.3,-42.000,0.27,-33670.2,138628.5
128.400564,-26.324789,557.0,-39.875,0.27,-35687.3,138620.5
128.400415,-26.343339,541.6,-34.074,0.27,-37750.0,138605.6
128.400185,-26.360469,540.9,-30.655,0.27,-39654.7,138582.6
128.399915,-26.378639,547.0,-22.756,0.27,-41675.1,138555.6
128.399465,-26.397670,551.4,-32.370,0.27,-43791.3,138510.7
128.400475,-26.415610,541.6,-33.505,0.27,-45786.1,138611.6
128.399926,-26.434010,525.7,-31.985,0.27,-47832.1,138556.7
128.398856,-26.452230,531.8,-33.586,0.27,-49858.1,138449.8
128.430314,-26.307389,531.4,-33.410,0.27,-33752.5,141593.7
128.430594,-26.325339,528.6,-30.145,0.27,-35748.5,141621.6
128.430774,-26.343249,531.8,-25.226,0.27,-37740.0,141639.6
128.430485,-26.360859,547.3,-18.135,0.27,-39698.1,141610.7
128.429895,-26.379449,545.9,-28.698,0.27,-41765.2,141551.8
128.430415,-26.396939,656.3,-33.225,0.27,-43710.0,141603.7
128.430005,-26.415619,523.6,-31.780,0.27,-45787.1,141562.8
128.429795,-26.433609,507.6,-33.581,0.27,-47787.5,141541.8
128.430056,-26.451719,496.8,-34.024,0.27,-49801.3,141567.9
128.460534,-26.325979,518.9,-22.252,0.27,-35819.6,144613.8
128.459524,-26.343679,556.4,-20.884,0.27,-37787.8,144512.8
128.459574,-26.360879,656.8,-26.804,0.27,-39700.3,144517.8
128.460365,-26.380209,524.4,-28.119,0.27,-41849.7,144596.9
128.459615,-26.398029,508.8,-30.733,0.27,-43831.2,144521.9
128.459435,-26.415549,504.0,-32.060,0.27,-45779.3,144503.9
128.460735,-26.434499,521.2,-34.245,0.27,-47886.5,144633.9
128.460095,-26.451409,493.6,-33.289,0.27,-49766.8,144569.9
128.490434,-26.360848,501.5,-27.300,0.27,-39696.9,147601.9
128.489264,-26.379569,510.8,-28.146,0.27,-41778.6,147485.0
128.490235,-26.397459,499.6,-30.725,0.27,-43767.8,147582.0
128.489885,-26.416619,491.2,-32.840,0.27,-45898.3,147547.1
128.489995,-26.433349,487.0,-34.256,0.27,-47758.6,147558.1
128.490795,-26.451119,479.0,-32.737,0.27,-49734.5,147638.0
128.520304,-26.380228,489.8,-31.417,0.27,-41851.8,150587.1
128.520774,-26.397618,483.9,-34.211,0.27,-43785.5,150634.0
128.520535,-26.415618,481.7,-33.911,0.27,-45787.0,150610.2
128.519725,-26.433619,477.4,-33.187,0.27,-47788.6,150529.2
128.519725,-26.452119,472.2,-32.871,0.27,-49845.7,150529.2
128.549654,-26.415858,477.1,-31.510,0.27,-45813.7,153520.3
128.549895,-26.433998,474.2,-30.831,0.27,-47830.8,153544.3
128.549765,-26.452048,467.6,-32.954,0.27,-49837.8,153531.4
128.579925,-26.452098,465.5,-32.494,0.27,-49843.4,156545.5
128.601660,-25.556440,593.6,-88.298,0.40,49749.2,158717.6
128.605940,-25.564260,593.9,-86.045,0.40,48879.7,159145.4
128.608910,-25.572690,593.2,-84.669,0.40,47942.3,159442.2
128.611510,-25.580870,595.4,-83.018,0.40,47032.7,159702.0
128.611910,-25.589930,596.3,-82.117,0.40,46025.3,159742.0
128.609610,-25.598790,591.7,-80.483,0.40,45040.1,159512.1
128.607830,-25.607650,592.1,-78.710,0.40,44054.9,159334.3
128.605860,-25.616120,593.1,-74.595,0.40,43113.1,159137.4
128.603320,-25.624840,586.9,-73.264,0.40,42143.5,158883.5
128.600770,-25.633760,588.5,-71.893,0.40,41151.6,158628.7
128.602020,-25.642820,588.6,-71.354,0.40,40144.2,158753.6
128.605050,-25.650190,591.2,-70.621,0.40,39324.7,159056.4
128.605850,-25.660080,590.9,-68.123,0.40,38225.0,159136.4
128.606840,-25.669800,598.6,-66.772,0.40,37144.2,159235.3
128.604460,-25.677650,592.6,-66.400,0.40,36271.3,158997.5
128.599540,-25.685980,596.3,-66.158,0.40,35345.0,158505.8
128.597780,-25.694210,598.5,-66.638,0.40,34429.9,158329.9
128.595590,-25.702930,599.0,-66.520,0.40,33460.3,158111.0
128.597190,-25.712030,600.3,-65.332,0.40,32448.4,158270.9
128.600240,-25.720990,602.3,-65.905,0.40,31452.1,158575.7
128.600470,-25.729510,602.0,-64.766,0.40,30504.7,158598.7
128.602250,-25.738150,597.8,-64.215,0.40,29544.0,158776.6
128.603490,-25.747470,596.8,-64.848,0.40,28507.6,158900.5
128.602330,-25.756600,591.9,-63.507,0.40,27492.4,158784.6
128.596410,-25.773420,606.0,-60.477,0.40,25622.1,158193.0
128.594310,-25.782080,604.2,-60.304,0.40,24659.2,157983.1
128.596510,-25.790830,592.5,-60.990,0.40,23686.2,158203.0
128.599590,-25.799400,585.5,-58.241,0.40,22733.3,158510.8
128.603260,-25.808690,580.1,-55.956,0.40,21700.3,158877.5
128.611050,-25.815380,577.3,-56.041,0.40,20956.4,159656.1
128.617040,-25.823600,575.0,-55.279,0.40,20042.4,160254.7
128.622580,-25.831090,576.5,-55.629,0.40,19209.5,160808.3
128.630100,-25.836590,577.4,-57.939,0.40,18598.0,161559.9
128.639210,-25.838060,575.7,-57.879,0.40,18434.5,162470.3
128.647540,-25.843770,576.5,-63.269,0.40,17799.6,163302.8
128.654500,-25.852300,578.8,-63.629,0.40,16851.1,163998.4
128.658080,-25.859730,582.7,-62.021,0.40,16024.9,164356.1
128.663400,-25.867830,588.0,-60.924,0.40,15124.2,164887.8
128.668340,-25.874370,588.2,-59.871,0.40,14397.0,165381.5
128.667310,-25.883920,594.6,-58.257,0.40,13335.1,165278.6
128.673860,-25.891160,598.1,-56.495,0.40,12530.1,165933.2
128.680770,-25.896590,598.7,-54.125,0.40,11926.3,166623.7
128.684410,-25.905440,599.4,-55.572,0.40,10942.2,166987.5
128.688050,-25.913910,598.1,-56.313,0.40,10000.4,167351.3
128.691280,-25.922420,600.7,-54.819,0.40,9054.1,167674.1
128.694750,-25.930480,603.2,-53.224,0.40,8157.9,168020.9
128.701010,-25.937670,601.2,-52.120,0.40,7358.4,168646.5
128.708370,-25.943520,605.5,-48.851,0.40,6707.9,169382.0
128.708640,-25.951640,603.3,-47.968,0.40,5805.0,169409.0
128.711100,-25.960150,598.7,-43.894,0.40,4858.7,169654.9
128.716360,-25.967040,595.4,-41.450,0.40,4092.6,170180.5
128.722440,-25.973690,594.2,-38.182,0.40,3353.1,170788.2
128.729160,-25.979610,593.8,-35.937,0.40,2694.9,171459.7
128.731710,-25.982760,593.5,-31.181,0.40,2344.6,171714.6
128.729270,-25.985460,593.2,-31.418,0.40,2044.4,171470.7
128.724960,-25.987880,593.6,-33.641,0.40,1775.3,171040.0
128.720720,-25.990410,594.3,-32.731,0.40,1494.0,170616.3
128.716870,-25.993510,593.3,-29.883,0.40,1149.3,170231.5
128.716980,-25.997690,592.2,-25.475,0.40,684.5,170242.5
128.715830,-26.002170,592.2,-23.160,0.40,186.3,170127.6
128.712330,-26.005390,591.7,-24.649,0.40,-171.7,169777.8
128.708800,-26.008610,592.5,-26.718,0.40,-529.8,169425.0
128.705000,-26.012000,591.4,-28.124,0.40,-906.7,169045.2
128.701160,-26.014650,591.3,-29.386,0.40,-1201.4,168661.5
128.696960,-26.017470,589.4,-29.334,0.40,-1515.0,168241.7
128.693330,-26.020760,588.2,-29.168,0.40,-1880.8,167879.0
128.689850,-26.024240,587.2,-28.569,0.40,-2267.8,167531.2
128.686320,-26.027810,584.4,-28.824,0.40,-2664.7,167178.4
128.683390,-26.031820,582.1,-29.353,0.40,-3110.6,166885.6
128.681230,-26.035970,581.3,-28.634,0.40,-3572.1,166669.7
128.679350,-26.040250,582.6,-28.161,0.40,-4048.0,166481.8
128.677210,-26.044430,579.4,-28.442,0.40,-4512.8,166268.0
128.674280,-26.048270,576.8,-30.802,0.40,-4939.8,165975.1
128.671480,-26.051870,577.0,-31.017,0.40,-5340.1,165695.3
128.668210,-26.055630,573.2,-31.794,0.40,-5758.2,165368.5
128.665350,-26.059180,570.6,-32.460,0.40,-6152.9,165082.7
128.662220,-26.062870,568.5,-33.019,0.40,-6563.2,164769.9
128.659160,-26.066490,566.3,-33.278,0.40,-6965.8,164464.1
128.655720,-26.069840,564.5,-33.142,0.40,-7338.3,164120.3
128.651320,-26.071910,563.3,-32.371,0.40,-7568.4,163680.6
128.646650,-26.074070,562.6,-31.497,0.40,-7808.6,163213.9
128.642150,-26.076160,563.3,-31.081,0.40,-8041.0,162764.1
128.637560,-26.078300,562.3,-33.431,0.40,-8279.0,162305.4
128.633190,-26.080360,560.6,-32.656,0.40,-8508.0,161868.7
128.628590,-26.082490,559.2,-30.891,0.40,-8744.9,161409.0
128.624140,-26.084620,556.6,-30.381,0.40,-8981.7,160964.2
128.619290,-26.086890,554.5,-30.015,0.40,-9234.1,160479.5
128.615100,-26.088870,552.0,-29.287,0.40,-9454.3,160060.8
128.610730,-26.090920,549.9,-29.299,0.40,-9682.2,159624.1
128.606160,-26.093080,549.4,-29.035,0.40,-9922.4,159167.4
128.601710,-26.095180,549.6,-28.647,0.40,-10155.9,158722.6
128.597180,-26.097360,549.1,-27.226,0.40,-10398.3,158269.9
128.592700,-26.099500,547.0,-25.365,0.40,-10636.3,157822.2
128.588020,-26.101680,545.5,-23.086,0.40,-10878.7,157354.5
128.583830,-26.103850,543.9,-20.823,0.40,-11120.0,156935.7
128.579450,-26.106500,542.0,-17.498,0.40,-11414.7,156498.0
128.575610,-26.109150,540.6,-12.498,0.40,-11709.3,156114.3
128.571560,-26.112040,539.1,-7.307,0.40,-12030.7,155709.5
128.567550,-26.114910,537.3,-3.675,0.40,-12349.8,155308.8
128.563550,-26.117460,536.2,-3.639,0.40,-12633.4,154909.0
128.558970,-26.119390,537.8,-0.835,0.40,-12848.0,154451.3
128.554210,-26.121070,533.6,0.420,0.40,-13034.8,153975.6
128.549550,-26.123050,533.1,0.192,0.40,-13254.9,153509.9
128.547390,-26.127050,531.0,1.793,0.40,-13699.7,153294.0
128.545260,-26.131010,533.7,3.000,0.40,-14140.1,153081.1
128.542070,-26.134750,528.0,1.286,0.40,-14555.9,152762.3
128.538930,-26.138450,526.8,-2.043,0.40,-14967.3,152448.5
128.535920,-26.142050,525.8,-3.248,0.40,-15367.6,152147.7
128.533060,-26.145730,524.3,-3.480,0.40,-15776.8,151861.9
128.531370,-26.149820,523.8,-2.717,0.40,-16231.6,151693.0
128.529610,-26.154150,524.5,0.172,0.40,-16713.1,151517.1
128.527890,-26.158130,524.1,2.311,0.40,-17155.7,151345.2
128.526380,-26.162090,520.9,4.250,0.40,-17596.0,151194.3
128.524640,-26.166370,519.4,5.235,0.40,-18071.9,151020.4
128.522960,-26.170470,517.8,3.470,0.40,-18527.8,150852.5
128.521380,-26.174870,517.6,3.421,0.40,-19017.1,150694.6
128.521270,-26.179190,516.4,2.868,0.40,-19497.4,150683.6
128.521460,-26.183060,516.1,2.849,0.40,-19927.7,150702.6
128.521860,-26.192740,514.2,2.320,0.40,-21004.1,150742.6
128.522370,-26.201770,512.9,2.976,0.40,-22008.2,150793.6
128.522820,-26.210650,512.5,1.320,0.40,-22995.6,150838.5
128.520980,-26.219180,510.3,1.015,0.40,-23944.1,150654.6
128.516710,-26.227810,510.6,-2.398,0.40,-24903.7,150227.9
128.514230,-26.235880,507.9,-8.137,0.40,-25801.1,149980.1
128.513270,-26.240610,506.7,-9.872,0.40,-26327.0,149884.1
128.512590,-26.244860,506.6,-14.306,0.40,-26799.6,149816.2
128.511630,-26.249430,508.5,-20.046,0.40,-27307.8,149720.2
128.510610,-26.253320,508.2,-22.701,0.40,-27740.3,149618.3
128.509770,-26.257080,505.8,-26.492,0.40,-28158.4,149534.3
128.508570,-26.261560,505.5,-29.817,0.40,-28656.5,149414.4
128.507510,-26.265760,507.1,-30.131,0.40,-29123.6,149308.5
128.506750,-26.270330,510.0,-31.994,0.40,-29631.7,149232.5
128.507000,-26.274720,507.6,-33.003,0.40,-30119.9,149257.5
128.507480,-26.278980,506.1,-33.193,0.40,-30593.6,149305.5
128.508950,-26.288020,504.0,-32.365,0.40,-31598.8,149452.4
128.509710,-26.292460,502.3,-31.441,0.40,-32092.5,149528.3
128.509970,-26.296180,505.8,-30.816,0.40,-32506.1,149554.3
128.509990,-26.301060,502.4,-30.477,0.40,-33048.7,149556.3
128.508150,-26.309590,502.5,-31.091,0.40,-33997.2,149372.4
128.506360,-26.316960,502.9,-31.650,0.40,-34816.7,149193.5
128.503560,-26.325320,503.6,-30.545,0.40,-35746.3,148913.7
128.499650,-26.333880,504.5,-29.109,0.40,-36698.2,148523.0
128.508030,-26.282890,507.6,-33.082,0.40,-31028.3,149360.4
128.514830,-26.231700,508.3,-6.172,0.40,-25336.3,150040.0
128.518760,-26.223430,511.6,-0.825,0.40,-24416.7,150432.8
128.522050,-26.197070,515.6,1.874,0.40,-21485.6,150761.6
128.504390,-26.320930,505.4,-30.926,0.40,-35258.2,148996.7
128.501810,-26.329580,506.2,-30.141,0.40,-36220.0,148738.8
128.497660,-26.338330,504.2,-28.549,0.40,-37193.0,148324.1
128.495690,-26.342430,507.1,-29.226,0.40,-37648.9,148127.2
128.493960,-26.346480,507.4,-29.246,0.40,-38099.2,147954.3
128.492090,-26.350640,506.6,-28.977,0.40,-38561.8,147767.4
128.490240,-26.354750,504.6,-28.089,0.40,-39018.8,147582.5
128.488490,-26.358730,502.8,-26.843,0.40,-39461.4,147407.6
128.486630,-26.362770,503.0,-27.515,0.40,-39910.6,147221.8
128.484880,-26.366800,505.8,-27.579,0.40,-40358.7,147046.9
128.483000,-26.371080,506.9,-26.635,0.40,-40834.6,146859.0
128.480960,-26.375230,507.9,-26.435,0.40,-41296.1,146655.1
128.477100,-26.378000,511.0,-26.660,0.40,-41604.1,146269.4
128.473270,-26.380840,513.4,-27.146,0.40,-41919.9,145886.6
128.470260,-26.384510,513.2,-28.291,0.40,-42328.0,145585.8
128.467700,-26.388460,511.0,-29.317,0.40,-42767.2,145329.9
128.465600,-26.392530,509.4,-30.134,0.40,-43219.7,145120.1
128.463790,-26.396610,507.4,-30.625,0.40,-43673.4,144939.2
128.461590,-26.400670,506.1,-31.379,0.40,-44124.9,144719.3
128.459530,-26.405010,505.7,-32.201,0.40,-44607.5,144513.4
128.457820,-26.408950,506.1,-31.996,0.40,-45045.6,144342.5
128.455930,-26.412880,506.3,-32.673,0.40,-45482.6,144153.7
128.453880,-26.417300,506.5,-32.427,0.40,-45974.0,143948.8
128.452200,-26.421460,505.9,-32.744,0.40,-46436.6,143780.9
128.450590,-26.425920,504.8,-32.867,0.40,-46932.5,143620.0
128.448850,-26.430400,502.7,-33.196,0.40,-47430.7,143446.1
128.445980,-26.438740,499.3,-33.852,0.40,-48358.1,143159.3
128.445130,-26.443150,496.3,-33.298,0.40,-48848.4,143074.3
128.443930,-26.447850,493.4,-33.980,0.40,-49371.1,142954.4
128.442930,-26.452160,492.2,-34.123,0.40,-49850.3,142854.5
128.692600,-26.215360,524.3,32.862,0.40,-23519.3,167806.0
128.691150,-26.217110,520.9,33.179,0.40,-23713.9,167661.1
128.689890,-26.219120,518.6,32.572,0.40,-23937.4,167535.2
128.688470,-26.220950,517.1,31.937,0.40,-24140.9,167393.3
128.687000,-26.222820,515.8,28.803,0.40,-24348.9,167246.4
128.685890,-26.224800,514.7,25.695,0.40,-24569.0,167135.4
128.684810,-26.226870,513.1,22.921,0.40,-24799.2,167027.5
128.683360,-26.228720,511.4,19.412,0.40,-25004.9,166882.6
128.681980,-26.230640,510.4,16.966,0.40,-25218.4,166744.7
128.680760,-26.232460,509.3,14.717,0.40,-25420.8,166622.7
128.679450,-26.234450,508.1,12.746,0.40,-25642.1,166491.8
128.677980,-26.236380,506.9,11.959,0.40,-25856.7,166344.9
128.676530,-26.238110,506.0,9.848,0.40,-26049.0,166200.0
128.674940,-26.239920,505.1,5.757,0.40,-26250.3,166041.1
128.673530,-26.241720,504.2,2.722,0.40,-26450.4,165900.2
128.672070,-26.243600,503.4,0.315,0.40,-26659.5,165754.3
128.670810,-26.245590,502.4,-0.976,0.40,-26880.8,165628.4
128.669190,-26.247300,501.4,-2.340,0.40,-27070.9,165466.5
128.667540,-26.249110,500.6,-3.486,0.40,-27272.2,165301.6
128.664260,-26.252650,499.0,-5.754,0.40,-27665.8,164973.8
128.661020,-26.256300,498.6,-9.479,0.40,-28071.7,164650.0
128.659010,-26.258330,498.3,-11.567,0.40,-28297.4,164449.1
128.657330,-26.260500,498.1,-13.251,0.40,-28538.7,164281.2
128.655750,-26.263210,497.2,-13.734,0.40,-28840.0,164123.3
128.653120,-26.267070,496.6,-16.653,0.40,-29269.2,163860.5
128.650260,-26.270210,495.8,-19.350,0.40,-29618.4,163574.6
128.647790,-26.273650,495.4,-20.743,0.40,-30000.9,163327.8
128.644490,-26.276720,496.7,-22.501,0.40,-30342.3,162998.0
128.641660,-26.280200,496.8,-23.267,0.40,-30729.2,162715.2
128.638170,-26.283890,498.3,-24.092,0.40,-31139.5,162366.4
128.693110,-26.214300,539.3,32.597,0.40,-23401.5,167857.0
128.693850,-26.212890,554.8,31.412,0.40,-23244.7,167930.9
128.694860,-26.212090,574.8,30.012,0.40,-23155.7,168031.9
128.695140,-26.210960,616.6,28.598,0.40,-23030.1,168059.8
128.696850,-26.208730,709.6,28.019,0.40,-22782.1,168230.7
128.698480,-26.206720,682.8,26.818,0.40,-22558.6,168393.6
128.699910,-26.205100,706.8,25.104,0.40,-22378.5,168536.6
128.702070,-26.203410,721.0,24.010,0.40,-22190.6,168752.4
128.703550,-26.202040,718.4,23.400,0.40,-22038.2,168900.3
128.705390,-26.200910,702.4,23.415,0.40,-21912.6,169084.2
128.706230,-26.198840,701.4,23.035,0.40,-21682.4,169168.2
128.707610,-26.197500,690.3,22.666,0.40,-21533.4,169306.1
128.711350,-26.196400,694.2,22.978,0.40,-21411.1,169679.8
128.721160,-26.190720,599.4,18.379,0.40,-20779.5,170660.2
128.723950,-26.186610,593.1,15.969,0.40,-20322.5,170939.1
128.726750,-26.182980,590.8,8.635,0.40,-19918.9,171218.9
128.729310,-26.179140,588.1,2.709,0.40,-19491.9,171474.7
128.732700,-26.174470,584.4,1.177,0.40,-18972.6,171813.5
128.736430,-26.169390,580.6,-0.773,0.40,-18407.7,172186.3
128.757040,-26.145910,587.1,-2.511,0.40,-15796.9,174246.0
128.760190,-26.142140,589.2,-2.589,0.40,-15377.7,174560.8
128.763280,-26.138510,602.8,-1.763,0.40,-14974.0,174869.6
128.766330,-26.134810,593.0,-1.844,0.40,-14562.6,175174.4
128.769560,-26.131300,594.8,-0.504,0.40,-14172.3,175497.2
128.772620,-26.127730,597.0,1.041,0.40,-13775.3,175803.1
128.775600,-26.124100,599.5,2.325,0.40,-13371.7,176100.9
128.778720,-26.120590,602.1,6.127,0.40,-12981.4,176412.7
128.781410,-26.117280,604.6,8.843,0.40,-12613.3,176681.5
128.784870,-26.113410,609.3,12.475,0.40,-12183.0,177027.3
128.787890,-26.109890,610.3,13.860,0.40,-11791.6,177329.1
128.790910,-26.106220,613.2,15.870,0.40,-11383.5,177630.9
128.794010,-26.102500,616.2,17.133,0.40,-10969.9,177940.7
128.797050,-26.099200,620.9,20.091,0.40,-10602.9,178244.5
128.799120,-26.096700,631.6,20.371,0.40,-10325.0,178451.4
128.799140,-26.096710,630.5,19.979,0.40,-10326.1,178453.4
128.803250,-26.094570,673.1,21.123,0.40,-10088.1,178864.2
128.806630,-26.090240,641.7,23.597,0.40,-9606.6,179201.9
128.809830,-26.087210,638.3,23.360,0.40,-9269.7,179521.7
128.812070,-26.083510,640.3,22.759,0.40,-8858.3,179745.6
128.813490,-26.079320,654.5,23.121,0.40,-8392.4,179887.5
128.815740,-26.076560,654.4,23.400,0.40,-8085.5,180112.4
128.818310,-26.073710,659.3,23.827,0.40,-7768.6,180369.2
128.821340,-26.068290,747.2,22.491,0.40,-7165.9,180672.0
128.823460,-26.064970,680.9,22.264,0.40,-6796.7,180883.9
128.827510,-26.059520,665.2,21.337,0.40,-6190.7,181288.7
128.877400,-26.001290,633.3,-22.360,0.40,284.2,186274.6
128.877960,-25.996390,632.0,-25.932,0.40,829.0,186330.5
128.881100,-25.987870,631.1,-27.834,0.40,1776.4,186644.3
128.882360,-25.980530,631.1,-32.343,0.40,2592.6,186770.3
128.883850,-25.972530,627.6,-35.622,0.40,3482.1,186919.2
128.885030,-25.963870,627.6,-35.843,0.40,4445.1,187037.1
128.886680,-25.955540,625.8,-36.565,0.40,5371.3,187202.0
128.888480,-25.946650,628.4,-37.526,0.40,6359.8,187381.9
128.889720,-25.936780,636.3,-40.330,0.40,7457.3,187505.8
128.893060,-25.924610,643.1,-41.718,0.40,8810.6,187839.6
128.895100,-25.920380,644.5,-42.718,0.40,9280.9,188043.5
128.900500,-25.912710,641.7,-43.243,0.40,10133.8,188583.1
128.905850,-25.905160,634.0,-44.322,0.40,10973.3,189117.8
128.636250,-26.286870,499.5,-24.261,0.40,-31470.9,162174.5
128.629830,-26.293870,497.9,-24.462,0.40,-32249.3,161532.9
128.624040,-26.300700,494.3,-24.640,0.40,-33008.7,160954.3
128.617690,-26.306940,491.5,-23.953,0.40,-33702.6,160319.6
128.610620,-26.314430,501.0,-25.292,0.40,-34535.4,159613.1
128.605420,-26.321850,492.0,-23.913,0.40,-35360.5,159093.4
128.599820,-26.328310,488.6,-22.967,0.40,-36078.8,158533.8
128.591430,-26.337350,496.2,-23.608,0.40,-37084.0,157695.3
128.585530,-26.343770,485.4,-23.464,0.40,-37797.9,157105.6
128.579950,-26.350200,487.3,-23.267,0.40,-38512.9,156548.0
128.574010,-26.356900,487.0,-19.297,0.40,-39257.9,155954.4
128.569310,-26.363400,485.6,-15.415,0.40,-39980.6,155484.6
128.562150,-26.371470,486.2,-18.956,0.40,-40878.0,154769.1
128.752420,-26.151120,584.9,-3.633,0.40,-16376.2,173784.3
128.748590,-26.155820,581.4,-6.019,0.40,-16898.8,173401.5
128.745800,-26.159040,579.6,-6.399,0.40,-17256.8,173122.7
128.743120,-26.162360,579.2,-5.872,0.40,-17626.0,172854.9
128.740140,-26.166240,579.9,-2.655,0.40,-18057.4,172557.1
128.917200,-26.250200,578.2,54.314,0.40,-27393.4,190252.1
128.911050,-26.262900,565.2,54.040,0.40,-28805.6,189637.5
128.909070,-26.267190,564.0,55.369,0.40,-29282.6,189439.6
128.907410,-26.271530,562.1,56.573,0.40,-29765.2,189273.7
128.905020,-26.275480,560.1,56.512,0.40,-30204.4,189034.9
128.902760,-26.279680,557.8,57.859,0.40,-30671.4,188809.0
128.900320,-26.283700,555.5,57.744,0.40,-31118.4,188565.1
128.897910,-26.287860,554.4,57.859,0.40,-31581.0,188324.3
128.895300,-26.291660,552.7,56.924,0.40,-32003.5,188063.5
128.892540,-26.295550,549.4,55.058,0.40,-32436.1,187787.6
128.889730,-26.299260,546.3,52.903,0.40,-32848.6,187506.8
128.887400,-26.303410,545.2,47.749,0.40,-33310.1,187273.9
128.885090,-26.307600,543.8,45.908,0.40,-33776.0,187043.1
128.883150,-26.311750,542.4,46.403,0.40,-34237.4,186849.2
128.880730,-26.315870,541.9,43.903,0.40,-34695.5,186607.4
128.878530,-26.320150,541.1,44.163,0.40,-35171.5,186387.5
128.876390,-26.324200,539.4,46.585,0.40,-35621.8,186173.6
128.873510,-26.327990,537.5,45.522,0.40,-36043.2,185885.8
128.870990,-26.332060,535.7,42.021,0.40,-36495.8,185634.0
128.868400,-26.335860,533.8,41.793,0.40,-36918.3,185375.1
128.866640,-26.340130,532.2,40.639,0.40,-37393.1,185199.2
128.864320,-26.344190,529.1,39.416,0.40,-37844.6,184967.4
128.862440,-26.348600,528.1,37.526,0.40,-38335.0,184779.5
128.860920,-26.353110,526.8,31.581,0.40,-38836.4,184627.6
128.859290,-26.357370,525.4,29.615,0.40,-39310.1,184464.7
128.856490,-26.361240,523.8,25.109,0.40,-39740.5,184184.9
128.853720,-26.365370,522.9,22.309,0.40,-40199.7,183908.0
128.851160,-26.369160,521.8,20.647,0.40,-40621.1,183652.2
128.848590,-26.373140,520.4,18.075,0.40,-41063.7,183395.3
128.846100,-26.377010,519.0,15.722,0.40,-41494.0,183146.5
128.843440,-26.380900,518.2,14.419,0.40,-41926.6,182880.7
128.840230,-26.384460,516.7,11.860,0.40,-42322.4,182559.9
128.837230,-26.388060,515.3,6.274,0.40,-42722.7,182260.0
128.834370,-26.391940,514.1,2.469,0.40,-43154.1,181974.2
128.831660,-26.395740,513.4,1.009,0.40,-43576.7,181703.4
128.828720,-26.399380,511.4,-1.759,0.40,-43981.4,181409.6
128.825920,-26.403010,511.4,-4.040,0.40,-44385.1,181129.8
128.823100,-26.406780,510.1,-6.997,0.40,-44804.3,180847.9
128.820140,-26.410700,507.9,-8.791,0.40,-45240.2,180552.1
128.817220,-26.414410,507.6,-11.435,0.40,-45652.7,180260.3
128.814240,-26.418210,504.6,-12.322,0.40,-46075.2,179962.5
128.811390,-26.421950,504.5,-14.501,0.40,-46491.1,179677.6
128.808630,-26.425670,503.2,-15.267,0.40,-46904.7,179401.8
128.805690,-26.429570,513.8,-15.694,0.40,-47338.4,179108.0
128.802590,-26.433380,517.0,-16.351,0.40,-47762.1,178798.2
128.797330,-26.439700,512.4,-14.984,0.40,-48464.8,178272.5
128.790000,-26.448170,506.5,-16.368,0.40,-49406.6,177540.0
128.951160,-26.110810,688.4,34.812,0.40,-11893.9,193646.0
128.949960,-26.115480,743.5,33.925,0.40,-12413.2,193526.1
128.948500,-26.119840,789.1,34.332,0.40,-12898.0,193380.2
128.947500,-26.125030,892.4,32.847,0.40,-13475.1,193280.2
128.946390,-26.128780,939.3,30.807,0.40,-13892.1,193169.3
128.945970,-26.133490,765.7,31.718,0.40,-14415.8,193127.3
128.945290,-26.138170,753.2,31.463,0.40,-14936.2,193059.4
128.943910,-26.142140,691.2,29.755,0.40,-15377.7,192921.4
128.943950,-26.143800,673.2,28.527,0.40,-15562.2,192925.4
128.942870,-26.147990,662.9,26.326,0.40,-16028.1,192817.5
128.941760,-26.152700,657.4,23.450,0.40,-16551.9,192706.6
128.940880,-26.157090,648.3,20.091,0.40,-17040.0,192618.6
128.952330,-26.104570,684.8,33.855,0.40,-11200.1,193762.9
128.953440,-26.100790,677.7,32.839,0.40,-10779.7,193873.9
128.954580,-26.096090,674.5,33.281,0.40,-10257.1,193987.8
128.955490,-26.092020,678.9,32.948,0.40,-9804.6,194078.7
128.956590,-26.087220,668.8,28.682,0.40,-9270.8,194188.7
128.957710,-26.082680,673.7,26.364,0.40,-8766.0,194300.6
128.958810,-26.078420,669.9,26.648,0.40,-8292.3,194410.5
128.959700,-26.073790,672.4,27.044,0.40,-7777.5,194499.5
128.928460,-26.231070,658.7,56.218,0.40,-25266.2,191377.4
128.960660,-26.069480,675.9,27.713,0.40,-7298.2,194595.4
128.929630,-26.226400,649.3,55.877,0.40,-24746.9,191494.3
128.930570,-26.222190,644.7,55.061,0.40,-24278.8,191588.3
128.961820,-26.064600,674.7,22.949,0.40,-6755.6,194711.3
128.962780,-26.060960,670.0,22.497,0.40,-6350.8,194807.3
128.931410,-26.217550,647.0,54.267,0.40,-23762.9,191672.2
128.921370,-26.238120,621.3,55.536,0.40,-26050.1,190668.8
128.963850,-26.056410,667.1,18.017,0.40,-5844.9,194914.2
128.925230,-26.235010,722.5,56.441,0.40,-25704.3,191054.6
128.964750,-26.051970,664.9,10.273,0.40,-5351.2,195004.2
128.965770,-26.047660,662.1,4.627,0.40,-4872.0,195106.1
128.966750,-26.043230,659.4,0.385,0.40,-4379.4,195204.0
128.967870,-26.038660,656.8,-1.596,0.40,-3871.2,195316.0
128.968790,-26.034460,654.8,-5.597,0.40,-3404.2,195407.9
128.969810,-26.029810,653.1,-7.836,0.40,-2887.1,195509.8
128.970900,-26.025570,651.5,-10.919,0.40,-2415.7,195618.8
128.971880,-26.021020,649.8,-11.994,0.40,-1909.7,195716.7
128.972920,-26.016700,648.3,-12.945,0.40,-1429.4,195820.6
128.973970,-26.012230,647.4,-15.349,0.40,-932.3,195925.6
128.974960,-26.008060,645.4,-19.468,0.40,-468.6,196024.5
128.976070,-26.003410,642.6,-22.861,0.40,48.4,196135.5
128.977020,-25.999010,641.8,-25.578,0.40,537.7,196230.4
128.978210,-25.994390,643.0,-27.340,0.40,1051.4,196349.3
128.979040,-25.989660,640.0,-30.453,0.40,1577.4,196432.3
128.980020,-25.986080,638.5,-32.507,0.40,1975.4,196530.2
128.981090,-25.981390,638.8,-35.193,0.40,2496.9,196637.1
128.982200,-25.977190,638.4,-36.863,0.40,2964.0,196748.1
128.983290,-25.972530,638.0,-36.828,0.40,3482.1,196857.0
128.984300,-25.968200,636.2,-37.200,0.40,3963.6,196957.9
128.985410,-25.962560,637.2,-41.249,0.40,4590.7,197068.9
128.987140,-25.954230,637.5,-41.796,0.40,5517.0,197241.8
128.989080,-25.945230,636.4,-42.854,0.40,6517.7,197435.6
128.990890,-25.936720,646.4,-44.103,0.40,7464.0,197616.5
128.992640,-25.927740,633.5,-44.715,0.40,8462.5,197791.4
128.994610,-25.918850,632.9,-44.841,0.40,9451.1,197988.3
128.996300,-25.910160,634.9,-42.989,0.40,10417.3,198157.2
128.998340,-25.901060,638.1,-41.722,0.40,11429.2,198361.1
129.000250,-25.891750,639.1,-41.494,0.40,12464.4,198552.0
129.002370,-25.881080,639.7,-41.788,0.40,13650.9,198763.8
129.004510,-25.871480,638.4,-40.323,0.40,14718.4,198977.7
129.006730,-25.861070,634.1,-39.581,0.40,15875.9,199199.6
128.918710,-26.246010,609.7,55.302,0.40,-26927.5,190403.0
128.931700,-26.213220,647.0,53.412,0.40,-23281.4,191701.2
128.931840,-26.208650,643.3,51.234,0.40,-22773.2,191715.2
128.932680,-26.204700,641.5,49.709,0.40,-22334.0,191799.1
128.933110,-26.200190,645.3,47.501,0.40,-21832.5,191842.1
128.934280,-26.195350,650.1,44.468,0.40,-21294.3,191959.0
128.935640,-26.193010,652.4,42.536,0.40,-21034.1,192095.0
128.938100,-26.188370,661.4,38.347,0.40,-20518.2,192340.8
128.034900,-25.975300,500.0,-36.985,1.60,3174.1,102076.7
128.060600,-25.974300,505.6,-37.640,1.60,3285.3,104645.1
128.091000,-25.973100,506.0,-45.637,1.60,3418.7,107683.3
128.119500,-25.974200,513.9,-49.469,1.60,3296.4,110531.5
128.150500,-25.977400,519.2,-51.285,1.60,2940.6,113629.6
128.180400,-25.974200,520.2,-51.996,1.60,3296.4,116617.7
128.210500,-25.977600,524.8,-47.061,1.60,2918.4,119625.9
128.241700,-25.978600,533.7,-44.421,1.60,2807.2,122743.9
128.270700,-25.974600,536.5,-45.190,1.60,3251.9,125642.1
128.301900,-25.973600,548.4,-41.835,1.60,3363.1,128760.2
128.329500,-25.974300,559.4,-39.751,1.60,3285.3,131518.5
128.360400,-25.975800,562.8,-37.923,1.60,3118.5,134606.6
128.392300,-25.974300,561.3,-41.942,1.60,3285.3,137794.6
128.421100,-25.974800,550.7,-43.428,1.60,3229.7,140672.8
127.881000,-25.989300,490.5,-6.021,1.60,1617.4,86696.3
127.911000,-25.989700,497.4,-8.857,1.60,1572.9,89694.4
127.939900,-25.990200,497.4,-12.931,1.60,1517.3,92582.6
127.972500,-25.989700,494.8,-13.595,1.60,1572.9,95840.6
128.000900,-25.990400,497.4,-16.581,1.60,1495.1,98678.8
128.030300,-25.990500,501.2,-25.106,1.60,1483.9,101617.0
128.059400,-25.990100,504.7,-26.876,1.60,1528.4,104525.2
128.090800,-25.991000,508.0,-23.734,1.60,1428.3,107663.3
128.118800,-25.988300,515.2,-34.185,1.60,1728.6,110461.5
128.150900,-25.991100,519.6,-35.889,1.60,1417.2,113669.6
128.180700,-25.990400,524.2,-38.864,1.60,1495.1,116647.7
128.210600,-25.991700,529.5,-33.331,1.60,1350.5,119635.9
128.240600,-25.991800,533.5,-30.923,1.60,1339.4,122634.0
128.270600,-25.992100,543.9,-29.999,1.60,1306.0,125632.1
128.300600,-25.992200,550.9,-33.897,1.60,1294.9,128630.3
128.330500,-25.992300,556.4,-33.309,1.60,1283.8,131618.4
128.360400,-25.992300,557.9,-31.714,1.60,1283.8,134606.6
128.391100,-25.992900,551.9,-34.096,1.60,1217.1,137674.7
128.420500,-25.992400,546.4,-38.096,1.60,1272.7,140612.9
127.880800,-26.007300,490.4,-1.439,1.60,-384.1,86676.3
127.913900,-26.008800,490.0,-1.620,1.60,-550.9,89984.2
127.942100,-26.008100,493.6,1.003,1.60,-473.1,92802.5
127.970900,-26.010000,491.6,-2.741,1.60,-684.4,95680.7
128.001600,-26.008200,495.8,-6.510,1.60,-484.2,98748.8
128.031200,-26.009000,500.7,-13.328,1.60,-573.2,101707.0
128.060500,-26.010400,503.2,-4.139,1.60,-728.8,104635.2
128.081400,-26.006600,506.1,-8.946,1.60,-306.3,106723.9
128.136300,-26.012200,524.5,-11.882,1.60,-929.0,112210.5
128.154700,-25.998100,527.7,-24.192,1.60,638.9,114049.3
128.180600,-25.998600,529.0,-24.696,1.60,583.3,116637.7
128.217500,-26.007100,539.2,-11.769,1.60,-361.9,120325.4
128.242900,-26.011700,549.4,-3.057,1.60,-873.4,122863.9
128.270200,-26.005600,556.3,-7.954,1.60,-195.1,125592.2
128.298500,-26.007400,559.0,-8.769,1.60,-395.2,128420.4
128.330000,-26.010000,565.9,-7.493,1.60,-684.4,131568.5
128.360600,-26.010700,563.1,-12.631,1.60,-762.2,134626.6
128.390400,-26.010600,555.8,-17.655,1.60,-751.1,137604.7
128.420300,-26.010900,545.1,-28.138,1.60,-784.4,140592.9
127.880700,-26.024700,485.9,0.350,1.60,-2318.9,86666.3
127.912600,-26.025500,488.0,1.221,1.60,-2407.9,89854.3
127.939200,-26.025600,488.4,11.096,1.60,-2419.0,92512.7
127.967800,-26.026500,489.5,7.475,1.60,-2519.1,95370.9
128.000800,-26.026200,494.6,2.415,1.60,-2485.7,98668.9
128.030300,-26.027400,500.7,4.637,1.60,-2619.1,101617.0
128.060500,-26.027000,501.0,8.068,1.60,-2574.7,104635.2
128.090400,-26.027300,507.3,10.362,1.60,-2608.0,107623.3
128.120500,-26.026200,509.1,2.565,1.60,-2485.7,110631.4
128.150500,-26.027400,516.3,2.405,1.60,-2619.1,113629.6
128.180500,-26.027500,526.3,-0.066,1.60,-2630.3,116627.7
128.210400,-26.028200,538.6,4.464,1.60,-2708.1,119615.9
128.240500,-26.027900,550.2,7.084,1.60,-2674.7,122624.0
128.261400,-26.032900,555.8,12.359,1.60,-3230.7,124712.7
128.281300,-26.031600,562.7,9.074,1.60,-3086.2,126701.5
128.318000,-26.036500,570.4,9.966,1.60,-3631.0,130369.2
128.344100,-26.036200,569.2,10.588,1.60,-3597.7,132977.6
128.394500,-26.033000,561.3,5.594,1.60,-3241.8,138014.5
128.419600,-26.027100,546.3,-11.034,1.60,-2585.8,140522.9
127.880200,-26.044000,483.9,4.683,1.60,-4465.0,86616.3
127.912000,-26.044100,486.3,8.427,1.60,-4476.1,89794.4
127.940600,-26.043900,489.4,11.107,1.60,-4453.9,92652.6
127.970400,-26.044400,490.7,10.751,1.60,-4509.5,95630.7
128.000100,-26.044700,498.1,12.447,1.60,-4542.8,98598.9
128.030400,-26.045100,499.8,16.697,1.60,-4587.3,101627.0
128.060700,-26.045100,499.5,22.450,1.60,-4587.3,104655.1
128.090300,-26.045200,506.2,18.698,1.60,-4598.4,107613.3
128.120300,-26.045300,507.4,17.339,1.60,-4609.5,110611.5
128.150200,-26.045500,520.9,17.293,1.60,-4631.8,113599.6
128.180300,-26.045700,521.9,17.708,1.60,-4654.0,116607.7
128.210400,-26.045900,531.5,17.120,1.60,-4676.3,119615.9
128.240400,-26.034900,540.5,20.160,1.60,-3453.1,122614.0
128.270400,-26.046200,551.3,21.870,1.60,-4709.6,125612.2
128.299900,-26.046000,560.9,19.143,1.60,-4687.4,128560.3
128.330000,-26.046100,562.7,17.069,1.60,-4698.5,131568.5
128.359600,-26.047100,567.3,13.333,1.60,-4809.7,134526.6
128.383500,-26.052600,559.5,11.820,1.60,-5421.3,136915.2
128.420300,-26.046900,546.6,9.231,1.60,-4787.4,140592.9
127.880800,-26.061300,482.4,6.748,1.60,-6388.7,86676.3
127.910500,-26.062800,484.1,8.699,1.60,-6555.4,89644.4
127.940100,-26.063300,487.4,6.842,1.60,-6611.0,92602.6
127.970400,-26.062500,490.2,9.174,1.60,-6522.1,95630.7
128.000300,-26.062600,495.1,21.064,1.60,-6533.2,98618.9
128.030300,-26.062900,496.5,26.354,1.60,-6566.6,101617.0
128.060100,-26.062900,498.1,29.744,1.60,-6566.6,104595.2
128.090300,-26.063200,505.7,28.650,1.60,-6599.9,107613.3
128.120300,-26.063300,510.8,26.941,1.60,-6611.0,110611.5
128.150100,-26.063500,515.2,22.851,1.60,-6633.3,113589.6
128.180200,-26.063600,520.4,20.318,1.60,-6644.4,116597.7
128.210100,-26.063500,527.4,19.965,1.60,-6633.3,119585.9
128.240100,-26.064000,533.2,12.870,1.60,-6688.9,122584.0
128.270100,-26.064200,543.1,17.231,1.60,-6711.1,125582.2
128.300200,-26.064400,547.4,12.443,1.60,-6733.4,128590.3
128.330300,-26.064400,552.5,10.755,1.60,-6733.4,131598.4
128.360200,-26.064600,554.3,10.795,1.60,-6755.6,134586.6
128.390600,-26.064600,550.2,10.685,1.60,-6755.6,137624.7
128.418000,-26.064600,549.5,0.693,1.60,-6755.6,140363.0
127.879400,-26.079700,480.8,2.714,1.60,-8434.6,86536.4
127.910200,-26.080200,486.5,4.468,1.60,-8490.2,89614.5
127.940100,-26.080100,487.3,6.747,1.60,-8479.1,92602.6
127.974200,-26.080100,490.2,14.611,1.60,-8479.1,96010.5
128.000100,-26.080700,495.5,25.224,1.60,-8545.8,98598.9
128.030100,-26.080700,495.2,30.097,1.60,-8545.8,101597.0
128.060200,-26.081100,498.3,33.160,1.60,-8590.3,104605.2
128.090100,-26.081300,505.0,31.069,1.60,-8612.6,107593.3
128.120300,-26.081300,510.6,30.869,1.60,-8612.6,110611.5
128.150100,-26.081700,515.8,25.109,1.60,-8657.0,113589.6
128.180100,-26.081700,520.7,24.214,1.60,-8657.0,116587.7
128.210400,-26.082200,527.3,19.194,1.60,-8712.6,119615.9
128.240000,-26.081900,538.3,13.076,1.60,-8679.3,122574.0
128.270000,-26.082100,543.5,11.253,1.60,-8701.5,125572.2
128.300100,-26.082700,548.7,4.887,1.60,-8768.2,128580.3
128.330100,-26.082400,562.0,2.502,1.60,-8734.9,131578.5
128.364100,-26.083800,559.2,4.088,1.60,-8890.5,134976.4
128.390100,-26.082900,543.4,0.250,1.60,-8790.5,137574.7
128.419500,-26.082400,554.8,-3.702,1.60,-8734.9,140512.9
127.879800,-26.098200,479.3,-3.180,1.60,-10491.7,86576.3
127.910600,-26.098700,484.2,0.010,1.60,-10547.3,89654.4
127.941200,-26.100000,489.0,2.979,1.60,-10691.9,92712.5
127.970000,-26.098600,493.8,10.752,1.60,-10536.2,95590.8
127.999900,-26.098700,495.4,24.305,1.60,-10547.3,98578.9
128.029900,-26.098900,495.7,30.221,1.60,-10569.6,101577.1
128.060000,-26.099100,500.0,32.025,1.60,-10591.8,104585.2
128.089900,-26.099300,504.6,30.926,1.60,-10614.1,107573.3
128.120100,-26.099500,512.0,33.132,1.60,-10636.3,110591.5
128.150000,-26.099700,514.5,30.875,1.60,-10658.5,113579.6
128.180200,-26.100100,520.8,28.122,1.60,-10703.0,116597.7
128.240000,-26.100200,547.6,10.573,1.60,-10714.1,122574.0
128.269800,-26.100500,555.7,8.332,1.60,-10747.5,125552.2
128.299900,-26.100600,554.8,9.229,1.60,-10758.6,128560.3
128.330000,-26.100700,572.4,7.846,1.60,-10769.7,131568.5
128.360000,-26.100700,563.0,5.262,1.60,-10769.7,134566.6
128.390200,-26.100800,541.3,1.119,1.60,-10780.9,137584.7
128.421200,-26.099900,543.6,0.785,1.60,-10680.8,140682.8
127.881800,-26.116300,477.8,-9.408,1.60,-12504.4,86776.2
127.909700,-26.109900,488.1,-3.417,1.60,-11792.7,89564.5
127.939800,-26.116100,493.6,-1.868,1.60,-12482.1,92572.6
127.969800,-26.116500,498.6,5.446,1.60,-12526.6,95570.8
127.999800,-26.116700,500.0,17.265,1.60,-12548.9,98568.9
128.029800,-26.117000,502.6,26.079,1.60,-12582.2,101567.1
128.059800,-26.117200,504.2,30.281,1.60,-12604.5,104565.2
128.090000,-26.117200,508.2,31.598,1.60,-12604.5,107583.3
128.119900,-26.117200,512.3,32.592,1.60,-12604.5,110571.5
128.149900,-26.117800,516.5,30.887,1.60,-12671.2,113569.6
128.180000,-26.118100,522.9,28.499,1.60,-12704.5,116577.8
128.209000,-26.117800,532.9,22.158,1.60,-12671.2,119476.0
128.247900,-26.116600,547.2,11.726,1.60,-12537.7,123363.5
128.269900,-26.118200,550.9,10.537,1.60,-12715.6,125562.2
128.299700,-26.118700,556.6,9.766,1.60,-12771.2,128540.3
128.329900,-26.118700,571.2,9.859,1.60,-12771.2,131558.5
128.360500,-26.119600,557.8,2.006,1.60,-12871.3,134616.6
128.389900,-26.118800,544.1,-1.133,1.60,-12782.4,137554.8
128.420100,-26.119500,533.4,0.679,1.60,-12860.2,140572.9
127.880000,-26.133800,476.3,-20.484,1.60,-14450.3,86596.3
127.902300,-26.135800,483.7,-15.222,1.60,-14672.7,88825.0
127.941100,-26.133800,506.0,-8.036,1.60,-14450.3,92702.6
127.969600,-26.134700,506.5,-3.151,1.60,-14550.4,95550.8
127.999700,-26.135000,507.4,9.467,1.60,-14583.7,98558.9
128.029500,-26.134900,507.4,20.600,1.60,-14572.6,101537.1
128.059700,-26.135200,510.1,28.476,1.60,-14606.0,104555.2
128.089700,-26.135400,514.6,30.345,1.60,-14628.2,107553.3
128.119700,-26.135600,515.1,31.226,1.60,-14650.4,110551.5
128.149300,-26.136000,520.3,29.454,1.60,-14694.9,113509.7
128.178700,-26.136500,523.8,27.898,1.60,-14750.5,116447.8
128.209500,-26.135800,530.1,24.698,1.60,-14672.7,119525.9
128.360000,-26.134300,573.8,-2.455,1.60,-14505.9,134566.6
128.389400,-26.136900,552.4,1.325,1.60,-14795.0,137504.8
127.879400,-26.151500,476.3,-31.507,1.60,-16418.4,86536.4
127.909500,-26.150000,490.5,-19.225,1.60,-16251.6,89544.5
127.969500,-26.152700,515.1,-8.275,1.60,-16551.9,95540.8
128.000300,-26.150700,518.7,3.861,1.60,-16329.5,98618.9
128.029800,-26.153000,514.8,15.094,1.60,-16585.2,101567.1
128.059700,-26.153300,513.6,21.708,1.60,-16618.6,104555.2
128.089600,-26.153600,517.9,25.699,1.60,-16651.9,107543.4
128.119500,-26.153700,518.8,27.703,1.60,-16663.1,110531.5
128.149400,-26.153800,524.1,26.026,1.60,-16674.2,113519.6
128.179800,-26.153900,525.9,21.788,1.60,-16685.3,116557.8
128.209400,-26.154200,531.5,16.899,1.60,-16718.7,119515.9
128.239400,-26.156200,544.2,10.838,1.60,-16941.1,122514.1
128.269600,-26.156200,557.8,3.294,1.60,-16941.1,125532.2
128.300100,-26.156600,566.1,-5.804,1.60,-16985.5,128580.3
128.330400,-26.154900,571.3,-5.833,1.60,-16796.5,131608.4
128.359700,-26.155000,567.5,-2.193,1.60,-16807.6,134536.6
128.389600,-26.155000,550.6,-2.963,1.60,-16807.6,137524.8
127.879100,-26.170100,476.9,-34.498,1.60,-18486.7,86506.4
127.909400,-26.170200,488.2,-21.865,1.60,-18497.8,89534.5
127.935500,-26.172000,505.6,-18.490,1.60,-18697.9,92142.9
127.970800,-26.167100,526.5,-11.907,1.60,-18153.1,95670.7
128.006200,-26.171600,531.9,-0.101,1.60,-18653.5,99208.5
128.029400,-26.171100,524.3,9.735,1.60,-18597.9,101527.1
128.059400,-26.171400,519.7,16.802,1.60,-18631.2,104525.2
128.089400,-26.171500,522.0,18.957,1.60,-18642.3,107523.4
128.119300,-26.171600,528.3,18.138,1.60,-18653.5,110511.5
128.149400,-26.172000,530.0,16.525,1.60,-18697.9,113519.6
128.179800,-26.171600,534.8,11.621,1.60,-18653.5,116557.8
128.209300,-26.172000,535.6,10.761,1.60,-18697.9,119505.9
128.239100,-26.172400,542.1,5.963,1.60,-18742.4,122484.1
128.269200,-26.172400,556.8,-3.966,1.60,-18742.4,125492.2
128.299700,-26.172800,570.7,-21.814,1.60,-18786.9,128540.3
128.329200,-26.172900,577.4,-24.556,1.60,-18798.0,131488.5
128.359400,-26.173000,561.5,-16.407,1.60,-18809.1,134506.6
128.390700,-26.173300,552.9,-17.068,1.60,-18842.5,137634.7
127.879200,-26.188000,483.7,-30.372,1.60,-20477.1,86516.4
127.911000,-26.188900,490.7,-23.300,1.60,-20577.1,89694.4
127.939200,-26.188600,504.7,-20.357,1.60,-20543.8,92512.7
128.029200,-26.188900,536.1,4.465,1.60,-20577.1,101507.1
128.057000,-26.188500,537.6,11.718,1.60,-20532.6,104285.4
128.089300,-26.189600,532.0,9.243,1.60,-20655.0,107513.4
128.119200,-26.189600,533.5,5.432,1.60,-20655.0,110501.5
128.149700,-26.189700,536.1,4.699,1.60,-20666.1,113549.6
128.209400,-26.190100,544.9,2.034,1.60,-20710.6,119515.9
128.239100,-26.190400,546.5,-4.705,1.60,-20743.9,122484.1
128.269200,-26.190600,560.6,-23.348,1.60,-20766.2,125492.2
128.299300,-26.190700,588.5,-31.986,1.60,-20777.3,128500.4
128.329400,-26.190900,583.5,-35.014,1.60,-20799.5,131508.5
128.359400,-26.190900,568.9,-32.736,1.60,-20799.5,134506.6
128.389600,-26.191000,561.1,-30.542,1.60,-20810.6,137524.8
127.879000,-26.206200,482.4,-29.799,1.60,-22500.8,86496.4
127.908900,-26.206400,490.3,-29.468,1.60,-22523.0,89484.5
127.937800,-26.207200,504.0,-22.228,1.60,-22612.0,92372.8
127.980900,-26.208600,519.4,-13.088,1.60,-22767.7,96680.1
128.039000,-26.200300,536.9,0.089,1.60,-21844.7,102486.5
128.058600,-26.207500,535.7,-11.007,1.60,-22645.4,104445.3
128.089100,-26.207600,537.3,-7.026,1.60,-22656.5,107493.4
128.118900,-26.207700,535.5,-9.427,1.60,-22667.6,110471.5
128.149100,-26.208100,543.8,-9.851,1.60,-22712.1,113489.7
128.179200,-26.207900,543.8,-11.061,1.60,-22689.8,116497.8
128.209400,-26.208400,548.7,-12.198,1.60,-22745.4,119515.9
128.239000,-26.208700,549.3,-16.070,1.60,-22778.8,122474.1
128.269500,-26.208500,558.7,-33.989,1.60,-22756.5,125522.2
128.299200,-26.208600,577.2,-38.944,1.60,-22767.7,128490.4
128.329500,-26.208800,575.3,-40.426,1.60,-22789.9,131518.5
128.359200,-26.208500,573.2,-38.925,1.60,-22756.5,134486.7
128.388200,-26.208500,558.7,-35.938,1.60,-22756.5,137384.9
127.878800,-26.224100,484.6,-32.865,1.60,-24491.2,86476.4
127.908800,-26.224400,490.8,-28.497,1.60,-24524.5,89474.6
127.938700,-26.224800,499.7,-25.891,1.60,-24569.0,92462.7
127.968800,-26.224900,507.9,-20.542,1.60,-24580.1,95470.8
127.999000,-26.225200,516.2,-14.499,1.60,-24613.5,98489.0
128.059400,-26.225500,528.5,-17.477,1.60,-24646.9,104525.2
128.088600,-26.225600,536.3,-26.968,1.60,-24658.0,107443.4
128.119200,-26.226200,546.2,-29.522,1.60,-24724.7,110501.5
128.149300,-26.226100,550.0,-28.627,1.60,-24713.6,113509.7
128.179200,-26.226400,556.5,-29.090,1.60,-24746.9,116497.8
128.209300,-26.225900,555.8,-28.733,1.60,-24691.3,119505.9
128.239100,-26.226700,555.4,-34.045,1.60,-24780.3,122484.1
128.269100,-26.226700,554.5,-41.097,1.60,-24780.3,125482.2
128.299200,-26.226900,569.8,-43.177,1.60,-24802.5,128490.4
128.329200,-26.227300,571.8,-44.607,1.60,-24847.0,131488.5
128.359500,-26.227300,560.0,-42.908,1.60,-24847.0,134516.6
128.388900,-26.227800,549.1,-38.209,1.60,-24902.6,137454.8
127.878900,-26.242300,480.8,-37.506,1.60,-26514.9,86486.4
127.908000,-26.242500,490.5,-34.811,1.60,-26537.2,89394.6
127.939100,-26.240800,507.2,-27.838,1.60,-26348.1,92502.7
127.968600,-26.242900,513.4,-24.018,1.60,-26581.7,95450.8
127.999000,-26.243100,524.3,-18.599,1.60,-26603.9,98489.0
128.029000,-26.243400,520.9,-18.475,1.60,-26637.3,101487.1
128.059000,-26.243900,524.4,-31.733,1.60,-26692.8,104485.2
128.088800,-26.243900,533.1,-38.077,1.60,-26692.8,107463.4
128.118900,-26.243700,545.4,-39.657,1.60,-26670.6,110471.5
128.148900,-26.244400,558.1,-39.823,1.60,-26748.4,113469.7
128.178800,-26.244600,573.1,-39.753,1.60,-26770.7,116457.8
128.209000,-26.244900,570.3,-41.167,1.60,-26804.0,119476.0
128.239200,-26.244800,562.4,-42.486,1.60,-26792.9,122494.1
128.267400,-26.244500,564.8,-43.213,1.60,-26759.6,125312.3
128.297500,-26.245400,570.2,-46.141,1.60,-26859.6,128320.5
128.329000,-26.245100,567.8,-44.979,1.60,-26826.3,131468.5
128.358100,-26.245000,574.6,-43.735,1.60,-26815.2,134376.7
128.389100,-26.245500,547.1,-40.538,1.60,-26870.8,137474.8
128.419300,-26.245400,537.2,-39.549,1.60,-26859.6,140492.9
127.878000,-26.258800,481.5,-40.562,1.60,-28349.7,86396.5
127.906600,-26.262200,486.4,-35.746,1.60,-28727.7,89254.7
127.938900,-26.259300,508.5,-31.781,1.60,-28405.2,92482.7
127.967900,-26.264300,507.9,-28.113,1.60,-28961.2,95380.9
127.997900,-26.260300,527.3,-22.130,1.60,-28516.4,98379.0
128.028600,-26.261600,520.1,-25.770,1.60,-28661.0,101447.1
128.057900,-26.261600,532.7,-33.508,1.60,-28661.0,104375.3
128.088700,-26.261700,530.8,-42.368,1.60,-28672.1,107453.4
128.119200,-26.262800,541.0,-44.192,1.60,-28794.4,110501.5
128.148800,-26.262100,549.6,-43.981,1.60,-28716.6,113459.7
128.178900,-26.262400,574.8,-43.935,1.60,-28750.0,116467.8
128.208500,-26.262300,572.2,-45.771,1.60,-28738.8,119426.0
128.239200,-26.262600,579.6,-45.398,1.60,-28772.2,122494.1
128.268400,-26.262300,576.0,-43.825,1.60,-28738.8,125412.3
128.298900,-26.262300,571.0,-45.016,1.60,-28738.8,128460.4
128.329200,-26.263300,583.3,-43.852,1.60,-28850.0,131488.5
128.359100,-26.263300,558.0,-42.666,1.60,-28850.0,134476.7
128.389200,-26.263600,548.2,-39.237,1.60,-28883.4,137484.8
128.419200,-26.263500,536.4,-41.121,1.60,-28872.3,140482.9
127.878700,-26.277300,480.7,-48.351,1.60,-30406.8,86466.4
127.908500,-26.278400,487.3,-47.632,1.60,-30529.1,89444.6
127.938100,-26.279100,494.9,-40.393,1.60,-30606.9,92402.7
127.968200,-26.278500,504.3,-35.306,1.60,-30540.2,95410.9
127.998500,-26.279300,512.1,-29.617,1.60,-30629.1,98439.0
128.028500,-26.279500,524.8,-31.721,1.60,-30651.4,101437.1
128.057500,-26.281000,540.3,-36.032,1.60,-30818.2,104335.3
128.087000,-26.279200,541.9,-43.916,1.60,-30618.0,107283.5
130.371497,-26.082179,683.3,-80.691,0.10,-8710.3,335591.7
130.376607,-26.086799,677.3,-80.605,0.10,-9224.0,336102.4
130.380763,-26.094711,674.4,-79.679,0.10,-10103.8,336517.8
130.383640,-26.103702,674.1,-79.174,0.10,-11103.5,336805.3
130.388738,-26.111776,668.8,-78.629,0.10,-12001.3,337314.8
130.392222,-26.120374,662.3,-78.487,0.10,-12957.4,337662.9
130.392588,-26.129483,659.6,-76.953,0.10,-13970.3,337699.5
130.390606,-26.138496,653.8,-76.904,0.10,-14972.5,337501.4
130.388760,-26.147313,652.6,-74.386,0.10,-15952.9,337317.0
130.390084,-26.156602,650.7,-71.856,0.10,-16985.8,337449.3
130.347467,-26.180065,648.1,-60.210,0.10,-19594.7,333190.2
130.351558,-26.188441,645.6,-59.263,0.10,-20526.1,333599.1
130.355914,-26.196717,647.9,-56.821,0.10,-21446.3,334034.4
130.360002,-26.204817,639.1,-55.646,0.10,-22347.0,334442.9
130.364489,-26.213122,636.2,-53.409,0.10,-23270.5,334891.4
130.368767,-26.221036,633.8,-48.456,0.10,-24150.5,335318.9
130.373300,-26.229406,631.2,-44.966,0.10,-25081.2,335771.9
130.377699,-26.237542,629.1,-38.545,0.10,-25985.9,336211.5
130.382195,-26.245859,627.1,-31.226,0.10,-26910.7,336660.9
130.386542,-26.253902,625.5,-23.250,0.10,-27805.0,337095.3
130.390964,-26.262087,622.6,-17.456,0.10,-28715.1,337537.2
130.395432,-26.270336,622.7,-7.535,0.10,-29632.4,337983.7
130.399889,-26.278576,624.0,0.948,0.10,-30548.6,338429.2
130.404311,-26.286729,622.2,10.762,0.10,-31455.2,338871.1
130.408630,-26.294694,621.0,16.064,0.10,-32340.9,339302.7
130.413341,-26.303300,619.1,15.173,0.10,-33297.8,339773.5
130.417576,-26.310807,615.1,17.153,0.10,-34132.6,340196.8
130.418830,-26.320168,614.1,24.308,0.10,-35173.5,340322.1
130.416721,-26.328486,609.8,31.587,0.10,-36098.4,340111.3
130.414179,-26.337314,609.7,30.744,0.10,-37080.0,339857.3
130.412697,-26.346804,610.3,30.314,0.10,-38135.3,339709.2
130.411790,-26.355446,609.9,24.681,0.10,-39096.2,339618.5
130.410851,-26.364703,611.2,19.985,0.10,-40125.5,339524.7
130.409918,-26.373690,610.5,16.678,0.10,-41124.8,339431.4
130.408982,-26.382605,609.9,11.151,0.10,-42116.1,339337.9
130.407837,-26.391513,607.0,7.889,0.10,-43106.7,339223.5
130.406171,-26.400538,609.1,5.946,0.10,-44110.2,339057.0
130.405332,-26.409379,607.9,3.243,0.10,-45093.3,338973.1
130.406330,-26.418430,606.0,3.954,0.10,-46099.7,339072.9
130.408247,-26.427374,604.3,3.344,0.10,-47094.2,339264.5
130.411368,-26.435915,607.2,1.795,0.10,-48043.9,339576.4
130.414125,-26.444415,606.2,-0.123,0.10,-48989.1,339851.9
130.413941,-26.453233,609.0,1.365,0.10,-49969.6,339833.5
130.657774,-26.452983,570.1,35.203,0.10,-49941.8,364201.7
130.665970,-26.447611,571.4,38.789,0.10,-49344.5,365020.8
130.674217,-26.442280,571.9,41.624,0.10,-48751.7,365845.0
130.682408,-26.436927,573.9,39.424,0.10,-48156.5,366663.6
130.690606,-26.431542,573.4,40.159,0.10,-47557.7,367482.9
130.698935,-26.426347,578.0,40.952,0.10,-46980.0,368315.2
130.705620,-26.419693,574.9,41.603,0.10,-46240.1,368983.3
130.712331,-26.413103,579.4,42.053,0.10,-45507.4,369654.0
130.720611,-26.407662,579.7,39.324,0.10,-44902.4,370481.5
130.728913,-26.402433,583.4,37.146,0.10,-44320.9,371311.2
130.738140,-26.398922,587.4,31.911,0.10,-43930.5,372233.3
130.747021,-26.394656,586.1,22.555,0.10,-43456.1,373120.9
130.756156,-26.390679,591.0,15.231,0.10,-43013.9,374033.8
130.765852,-26.388475,601.1,9.448,0.10,-42768.9,375002.8
130.776001,-26.388791,616.5,4.839,0.10,-42804.0,376017.1
130.786137,-26.389667,626.2,1.675,0.10,-42901.4,377030.0
130.795684,-26.386726,633.7,-2.052,0.10,-42574.4,377984.2
130.805319,-26.383727,621.2,-5.243,0.10,-42240.9,378947.1
130.814884,-26.380673,625.9,-8.397,0.10,-41901.3,379903.0
130.824580,-26.377615,633.0,-11.570,0.10,-41561.3,380872.0
130.834148,-26.374537,633.9,-14.909,0.10,-41219.0,381828.2
130.843714,-26.371431,638.6,-18.724,0.10,-40873.6,382784.2
130.853314,-26.368170,646.2,-21.869,0.10,-40511.0,383743.6
130.862785,-26.364682,650.8,-24.594,0.10,-40123.2,384690.1
130.863631,-26.356502,662.6,-28.842,0.10,-39213.6,384774.6
130.862999,-26.347418,665.8,-32.560,0.10,-38203.5,384711.5
130.863415,-26.338122,659.5,-35.175,0.10,-37169.9,384753.1
130.864267,-26.329168,657.4,-38.617,0.10,-36174.2,384838.2
130.864136,-26.320098,660.0,-42.562,0.10,-35165.7,384825.1
130.864204,-26.310988,662.0,-45.530,0.10,-34152.7,384831.9
130.869124,-26.303671,664.3,-49.975,0.10,-33339.1,385323.6
130.876801,-26.297787,669.9,-55.157,0.10,-32684.8,386090.8
130.884267,-26.291635,674.5,-61.038,0.10,-32000.7,386837.0
130.891545,-26.285297,680.2,-66.171,0.10,-31296.0,387564.3
130.897741,-26.278153,687.3,-71.835,0.10,-30501.6,388183.5
130.903904,-26.270888,694.0,-74.529,0.10,-29693.8,388799.5
130.912448,-26.266242,700.2,-75.583,0.10,-29177.2,389653.3
130.918460,-26.259458,701.6,-76.696,0.10,-28422.8,390254.2
130.923415,-26.251484,704.3,-77.884,0.10,-27536.1,390749.3
130.926984,-26.243300,708.8,-80.860,0.10,-26626.1,391106.0
130.932900,-26.235992,714.5,-83.222,0.10,-25813.5,391697.3
130.936888,-26.227627,721.4,-85.698,0.10,-24883.4,392095.8
130.940115,-26.219050,728.1,-88.012,0.10,-23929.7,392418.3
130.941921,-26.210123,737.2,-90.946,0.10,-22937.0,392598.8
130.943910,-26.200975,749.3,-95.014,0.10,-21919.8,392797.6
130.947300,-26.192418,756.7,-99.250,0.10,-20968.3,393136.4
130.951565,-26.184137,759.6,-101.649,0.10,-20047.5,393562.6
130.956299,-26.176220,755.0,-104.720,0.10,-19167.2,394035.7
130.962618,-26.169132,752.8,-107.938,0.10,-18379.0,394667.2
130.968985,-26.161957,747.0,-109.758,0.10,-17581.2,395303.5
130.978083,-26.161077,746.8,-109.864,0.10,-17483.4,396212.8
130.986993,-26.163339,749.2,-109.440,0.10,-17734.9,397103.2
130.992149,-26.154966,741.6,-111.101,0.10,-16803.8,397618.5
130.994442,-26.146219,743.2,-112.375,0.10,-15831.2,397847.6
130.995884,-26.137237,744.5,-113.341,0.10,-14832.5,397991.8
130.996054,-26.128050,747.0,-114.615,0.10,-13810.9,398008.7
130.996984,-26.119002,747.9,-115.735,0.10,-12804.8,398101.7
130.999538,-26.110244,756.8,-116.038,0.10,-11831.0,398356.9
130.998723,-26.101360,763.2,-116.723,0.10,-10843.1,398275.5
130.999968,-26.092215,760.5,-116.850,0.10,-9826.2,398399.9
131.002152,-26.083198,769.9,-115.703,0.10,-8823.6,398618.2
131.004471,-26.074816,780.5,-116.444,0.10,-7891.6,398849.9
131.007271,-26.066108,789.4,-117.132,0.10,-6923.3,399129.8
131.009983,-26.057363,794.0,-118.220,0.10,-5950.9,399400.8
131.014071,-26.049207,785.9,-119.235,0.10,-5044.0,399809.3
131.020947,-26.043638,775.1,-119.662,0.10,-4424.7,400496.5
131.030597,-26.041033,779.6,-120.148,0.10,-4135.1,401460.9
131.039438,-26.036816,770.8,-121.463,0.10,-3666.2,402344.5
130.343219,-26.171615,654.5,-61.604,0.10,-18655.1,332765.7
128.959597,-26.056144,681.5,18.520,0.30,-5815.3,194489.2
126.568093,-26.131083,456.0,-36.094,0.30,-14148.2,-44513.1
126.568092,-26.131083,456.0,-36.107,0.30,-14148.2,-44513.2
126.532140,-25.792010,494.6,-10.738,0.30,23555.0,-48106.2
126.535723,-25.566769,456.3,-34.988,0.30,48600.7,-47748.1
126.736338,-25.569866,540.1,-54.653,0.30,48256.3,-27699.0
126.710132,-25.569498,524.7,-51.338,0.30,48297.2,-30318.0
126.685704,-25.569699,513.5,-49.937,0.30,48274.9,-32759.3
126.659584,-25.568235,507.5,-44.307,0.30,48437.7,-35369.7
126.635339,-25.568122,502.1,-42.174,0.30,48450.2,-37792.7
126.611412,-25.567528,495.5,-40.983,0.30,48516.3,-40183.9
126.585850,-25.567010,494.6,-39.994,0.30,48573.9,-42738.5
126.559975,-25.566941,470.6,-37.520,0.30,48581.6,-45324.4
126.535773,-25.588831,461.8,-32.147,0.30,46147.5,-47743.1
126.561227,-25.589379,466.3,-34.062,0.30,46086.6,-45199.3
126.585924,-25.589499,483.3,-35.661,0.30,46073.2,-42731.1
126.610816,-25.590381,482.3,-38.622,0.30,45975.1,-40243.5
126.636104,-25.591013,488.1,-43.140,0.30,45904.9,-37716.2
126.661364,-25.591602,501.6,-44.506,0.30,45839.4,-35191.8
126.685004,-25.591141,514.1,-48.529,0.30,45890.6,-32829.3
126.709725,-25.591828,515.4,-50.716,0.30,45814.3,-30358.7
126.735536,-25.592248,519.9,-51.976,0.30,45767.5,-27779.2
126.734790,-25.614641,524.5,-51.929,0.30,43277.6,-27853.7
126.709534,-25.615082,517.0,-49.048,0.30,43228.5,-30377.8
126.684455,-25.613297,507.5,-45.046,0.30,43427.0,-32884.1
126.659375,-25.613329,499.4,-41.608,0.30,43423.4,-35390.6
126.634993,-25.613571,488.0,-36.448,0.30,43396.5,-37827.3
126.609922,-25.612576,477.6,-32.989,0.30,43507.2,-40332.8
126.585866,-25.612130,472.7,-32.163,0.30,43556.8,-42736.9
126.560068,-25.612470,463.3,-30.035,0.30,43519.0,-45315.1
126.535689,-25.611747,461.0,-27.086,0.30,43599.4,-47751.5
126.535728,-25.634273,459.1,-20.651,0.30,41094.6,-47747.6
126.534419,-25.656654,467.7,-10.814,0.30,38605.9,-47878.4
126.534668,-25.679249,469.8,0.490,0.30,36093.5,-47853.5
126.534355,-25.702820,474.9,1.105,0.30,33472.5,-47884.8
126.533081,-25.723204,479.1,-0.576,0.30,31205.9,-48012.1
126.532863,-25.747262,481.3,-4.739,0.30,28530.8,-48033.9
126.532420,-25.770365,485.8,-8.040,0.30,25961.8,-48078.2
126.531500,-25.814087,493.1,-16.145,0.30,21100.2,-48170.1
126.530711,-25.837228,490.6,-20.290,0.30,18527.0,-48249.0
126.529885,-25.859580,491.1,-23.864,0.30,16041.6,-48331.5
126.529802,-25.882891,493.8,-31.059,0.30,13449.5,-48339.8
126.530384,-25.904545,502.9,-32.998,0.30,11041.7,-48281.7
126.529318,-25.927353,496.3,-40.686,0.30,8505.6,-48388.2
126.528695,-25.950251,488.6,-44.137,0.30,5959.4,-48450.5
126.527131,-25.973006,487.9,-44.189,0.30,3429.2,-48606.8
126.527950,-25.995294,482.7,-42.070,0.30,950.9,-48524.9
126.527415,-26.018734,481.6,-40.980,0.30,-1655.5,-48578.4
126.526521,-26.040217,479.1,-39.473,0.30,-4044.3,-48667.7
126.551619,-26.063502,485.7,-39.534,0.30,-6633.5,-46159.5
126.551229,-26.040644,482.3,-39.637,0.30,-4091.8,-46198.5
126.552469,-26.017279,490.1,-43.488,0.30,-1493.7,-46074.5
126.552437,-25.995068,490.3,-43.175,0.30,976.0,-46077.7
126.553295,-25.972937,499.0,-42.921,0.30,3436.9,-45992.0
126.549706,-25.949732,508.9,-42.021,0.30,6017.1,-46350.7
126.544038,-25.927260,513.9,-38.444,0.30,8515.9,-46917.1
126.546865,-25.906935,508.4,-33.495,0.30,10776.0,-46634.6
126.554828,-25.882181,512.2,-27.652,0.30,13528.5,-45838.8
126.555030,-25.860027,499.1,-21.685,0.30,15991.9,-45818.6
126.555856,-25.837287,500.7,-20.219,0.30,18520.5,-45736.1
126.556132,-25.815184,496.5,-16.072,0.30,20978.2,-45708.5
126.557130,-25.791945,511.3,-12.725,0.30,23562.3,-45608.7
126.557076,-25.769749,505.2,-10.290,0.30,26030.3,-45614.1
126.558159,-25.747066,496.0,-6.635,0.30,28552.6,-45505.9
126.557832,-25.725264,480.9,-1.102,0.30,30976.8,-45538.6
126.558834,-25.702077,474.1,-0.176,0.30,33555.1,-45438.4
126.560146,-25.680558,474.1,-3.648,0.30,35947.9,-45307.3
126.559373,-25.657186,463.6,-13.755,0.30,38546.8,-45384.6
126.559830,-25.635387,460.3,-23.672,0.30,40970.7,-45338.9
126.585283,-25.635717,472.2,-26.255,0.30,40934.0,-42795.2
126.609317,-25.635754,490.2,-28.774,0.30,40929.9,-40393.3
126.584279,-25.657063,478.0,-19.084,0.30,38560.4,-42895.5
126.584295,-25.679873,475.6,-6.554,0.30,36024.1,-42893.9
126.583953,-25.702350,484.2,-1.052,0.30,33524.8,-42928.1
126.582973,-25.724574,492.6,-3.206,0.30,31053.6,-43026.0
126.582447,-25.748770,504.4,-7.770,0.30,28363.1,-43078.6
126.582380,-25.770330,502.9,-11.590,0.30,25965.7,-43085.3
126.582525,-25.792770,520.5,-15.902,0.30,23470.5,-43070.8
126.580203,-25.815189,504.7,-17.122,0.30,20977.6,-43302.9
126.581364,-25.838746,507.7,-21.520,0.30,18358.2,-43186.8
126.605281,-25.860997,519.2,-23.369,0.30,15884.0,-40796.6
126.579805,-25.859990,507.4,-23.004,0.30,15996.0,-43342.6
126.579521,-25.882584,509.2,-27.955,0.30,13483.7,-43371.0
126.578930,-25.901821,516.8,-30.344,0.30,11344.6,-43430.1
126.577395,-25.954560,509.6,-37.450,0.30,5480.3,-43583.5
126.578359,-25.973533,496.1,-37.393,0.30,3370.6,-43487.2
126.576644,-25.996133,494.0,-42.104,0.30,857.6,-43658.5
126.577478,-26.018870,491.0,-39.661,0.30,-1670.7,-43575.2
126.576035,-26.041539,496.2,-42.353,0.30,-4191.3,-43719.4
126.576289,-26.064252,476.4,-40.153,0.30,-6716.9,-43694.0
126.518999,-26.424591,415.4,-62.578,0.30,-46784.8,-49419.5
126.918548,-26.452888,457.2,-45.359,0.30,-49931.3,-9489.3
126.517819,-26.445765,430.4,-62.086,0.30,-49139.2,-49537.4
126.518939,-26.400570,411.2,-65.205,0.30,-44113.8,-49425.5
126.519084,-26.378865,415.0,-68.993,0.30,-41700.3,-49411.0
126.520005,-26.356453,409.9,-71.660,0.30,-39208.2,-49318.9
126.520112,-26.334408,413.9,-70.462,0.30,-36756.9,-49308.2
126.520637,-26.310500,424.8,-71.248,0.30,-34098.4,-49255.8
126.521190,-26.288732,425.7,-72.419,0.30,-31677.9,-49200.5
126.521819,-26.266291,425.8,-69.680,0.30,-29182.6,-49137.6
126.546708,-26.266505,429.3,-65.238,0.30,-29206.4,-46650.3
126.546054,-26.288653,432.0,-68.079,0.30,-31669.2,-46715.6
126.545798,-26.311322,426.0,-71.759,0.30,-34189.8,-46741.2
126.545151,-26.333323,418.3,-69.978,0.30,-36636.2,-46805.9
126.544790,-26.356447,409.9,-69.901,0.30,-39207.5,-46842.0
126.544397,-26.379054,417.4,-71.032,0.30,-41721.3,-46881.2
126.544095,-26.401354,418.4,-66.932,0.30,-44200.9,-46911.4
126.543514,-26.423872,427.6,-59.799,0.30,-46704.8,-46969.5
126.542991,-26.446694,443.3,-57.571,0.30,-49242.5,-47021.8
126.568550,-26.447068,442.3,-57.751,0.30,-49284.1,-44467.4
126.592726,-26.447449,451.4,-57.975,0.30,-49326.5,-42051.3
126.617836,-26.447840,477.6,-58.890,0.30,-49369.9,-39541.9
126.642863,-26.448614,489.8,-59.116,0.30,-49456.0,-37040.7
126.669570,-26.449982,511.3,-59.696,0.30,-49608.1,-34371.7
126.693027,-26.449450,515.5,-58.399,0.30,-49549.0,-32027.5
126.717616,-26.449222,525.1,-57.516,0.30,-49523.6,-29570.1
126.743469,-26.450137,517.9,-54.971,0.30,-49625.4,-26986.4
126.768567,-26.450864,521.1,-54.213,0.30,-49706.2,-24478.1
126.793322,-26.450106,501.4,-53.114,0.30,-49621.9,-22004.2
126.818797,-26.450923,506.5,-52.661,0.30,-49712.8,-19458.2
126.843790,-26.451698,491.5,-51.132,0.30,-49798.9,-16960.5
126.868865,-26.452039,483.9,-48.604,0.30,-49836.8,-14454.5
126.893694,-26.452507,471.2,-47.169,0.30,-49888.9,-11973.2
126.943598,-26.452999,451.8,-43.622,0.30,-49943.6,-6985.9
126.968373,-26.452884,441.6,-41.865,0.30,-49930.8,-4509.9
126.969718,-26.431169,450.7,-37.998,0.30,-47516.2,-4375.5
126.944371,-26.430820,458.7,-40.045,0.30,-47477.4,-6908.6
126.919069,-26.430504,460.9,-42.193,0.30,-47442.3,-9437.3
126.894199,-26.429082,475.5,-43.001,0.30,-47284.1,-11922.7
126.869509,-26.429547,487.1,-45.434,0.30,-47335.9,-14390.2
126.848750,-26.429356,479.1,-50.561,0.30,-47314.6,-16464.8
126.819109,-26.428581,486.3,-53.465,0.30,-47228.4,-19427.1
126.794188,-26.427334,484.8,-53.682,0.30,-47089.8,-21917.6
126.768845,-26.427853,494.8,-53.924,0.30,-47147.5,-24450.3
126.743617,-26.427270,515.1,-54.480,0.30,-47082.7,-26971.6
126.717805,-26.426728,520.3,-56.824,0.30,-47022.4,-29551.2
126.719173,-26.404099,486.6,-55.903,0.30,-44506.2,-29414.5
126.693945,-26.426272,504.5,-57.645,0.30,-46971.7,-31935.7
126.668868,-26.426254,505.9,-59.700,0.30,-46969.7,-34441.9
126.644345,-26.425765,485.1,-60.767,0.30,-46915.3,-36892.6
126.618262,-26.425190,463.6,-60.493,0.30,-46851.4,-39499.3
126.594088,-26.424925,451.8,-60.375,0.30,-46821.9,-41915.2
126.568396,-26.424766,433.9,-60.519,0.30,-46804.2,-44482.8
126.569308,-26.401874,424.7,-65.877,0.30,-44258.8,-44391.7
126.569207,-26.379544,416.4,-69.777,0.30,-41775.8,-44401.8
126.570432,-26.356457,410.6,-67.725,0.30,-39208.6,-44279.4
126.571781,-26.266789,441.6,-61.870,0.30,-29238.0,-44144.5
126.570785,-26.289818,468.9,-60.539,0.30,-31798.7,-44244.1
126.570638,-26.334940,431.5,-68.594,0.30,-36816.0,-44258.8
126.570966,-26.334936,426.1,-69.304,0.30,-36815.6,-44226.0
126.594453,-26.357150,422.0,-70.259,0.30,-39285.7,-41878.7
126.595029,-26.357252,422.6,-67.891,0.30,-39297.0,-41821.2
126.595275,-26.357984,423.5,-66.433,0.30,-39378.4,-41796.6
126.619786,-26.403041,460.4,-60.690,0.30,-44388.5,-39347.0
126.619137,-26.379757,446.1,-67.279,0.30,-41799.5,-39411.9
126.644223,-26.403684,478.3,-62.849,0.30,-44460.0,-36904.8
126.669670,-26.404191,491.9,-60.410,0.30,-44516.4,-34361.7
126.695491,-26.404134,486.4,-58.320,0.30,-44510.1,-31781.2
126.719825,-26.404577,490.8,-56.222,0.30,-44559.3,-29349.3
126.744770,-26.404766,491.5,-56.331,0.30,-44580.3,-26856.4
126.769418,-26.405541,484.7,-56.115,0.30,-44666.5,-24393.1
126.796593,-26.406052,469.7,-54.674,0.30,-44723.3,-21677.3
126.820067,-26.406133,461.5,-50.075,0.30,-44732.3,-19331.3
126.843821,-26.405738,465.5,-44.680,0.30,-44688.4,-16957.4
126.870035,-26.406771,460.5,-39.801,0.30,-44803.3,-14337.6
126.896165,-26.407234,465.5,-37.595,0.30,-44854.8,-11726.2
126.920353,-26.408166,462.9,-35.340,0.30,-44958.4,-9308.9
126.945818,-26.407566,452.9,-32.546,0.30,-44891.7,-6764.0
126.970473,-26.408270,444.6,-30.385,0.30,-44970.0,-4300.0
126.971467,-26.384919,443.7,-22.693,0.30,-42373.4,-4200.7
127.021336,-26.341721,440.4,-13.143,0.30,-37570.0,783.1
126.994482,-26.408614,442.4,-27.971,0.30,-45008.2,-1900.6
126.994842,-26.431123,443.1,-35.745,0.30,-47511.1,-1864.6
127.846803,-26.439880,465.8,-59.010,0.30,-48484.8,83278.7
127.847398,-26.419145,467.4,-60.291,0.30,-46179.2,83338.2
127.847081,-26.396022,465.2,-54.734,0.30,-43608.0,83306.5
127.847835,-26.372721,472.5,-51.076,0.30,-41017.1,83381.8
127.847733,-26.349631,469.8,-48.036,0.30,-38449.6,83371.6
127.847621,-26.327888,471.3,-46.233,0.30,-36031.9,83360.4
127.847896,-26.305484,475.2,-44.911,0.30,-33540.7,83387.9
127.847721,-26.282664,474.4,-42.903,0.30,-31003.2,83370.4
127.849068,-26.260504,474.4,-42.495,0.30,-28539.1,83505.1
127.848583,-26.236765,473.7,-37.146,0.30,-25899.5,83456.6
127.848960,-26.214551,471.7,-32.978,0.30,-23429.4,83494.3
127.848185,-26.191158,471.4,-29.205,0.30,-20828.2,83416.8
127.849401,-26.169274,470.8,-30.220,0.30,-18394.8,83538.3
127.824319,-26.168616,469.6,-18.113,0.30,-18321.6,81031.7
127.848437,-26.146273,472.6,-21.145,0.30,-15837.2,83442.0
127.850352,-26.124852,473.4,-9.532,0.30,-13455.3,83633.4
127.850058,-26.102461,478.1,2.907,0.30,-10965.5,83604.0
127.849768,-26.079613,477.4,4.798,0.30,-8425.0,83575.0
127.849755,-26.056506,482.4,6.183,0.30,-5855.6,83573.7
127.850558,-26.034013,483.5,0.385,0.30,-3354.5,83654.0
127.851081,-26.012422,485.8,-3.731,0.30,-953.7,83706.2
127.850549,-25.988708,489.9,-12.280,0.30,1683.2,83653.1
127.877142,-25.989308,491.2,-7.082,0.30,1616.5,86310.7
127.901622,-25.989005,498.9,-5.576,0.30,1650.2,88757.2
128.025692,-25.987738,501.9,-25.618,0.30,1791.1,101156.5
128.025877,-25.967222,501.7,-38.252,0.30,4072.3,101175.0
128.001429,-25.967206,502.0,-38.375,0.30,4074.1,98731.7
127.976450,-25.967363,503.4,-32.996,0.30,4056.7,96235.4
127.951562,-25.967659,500.7,-24.082,0.30,4023.8,93748.1
127.926942,-25.967040,504.7,-20.712,0.30,4092.6,91287.6
127.901073,-25.967615,497.6,-12.184,0.30,4028.6,88702.3
127.875548,-25.966910,492.4,-10.540,0.30,4107.0,86151.4
127.851105,-25.966165,494.0,-16.194,0.30,4189.9,83708.6
127.826461,-25.966125,493.5,-13.174,0.30,4194.3,81245.8
127.801392,-25.965907,496.6,-17.130,0.30,4218.6,78740.4
127.826216,-25.989334,492.8,-10.092,0.30,1613.6,81221.3
127.825596,-26.011505,486.0,-4.667,0.30,-851.7,81159.3
127.825716,-26.034395,482.8,-4.260,0.30,-3397.0,81171.3
127.825386,-26.057183,481.1,1.611,0.30,-5930.9,81138.3
127.825398,-26.079001,476.8,4.656,0.30,-8356.9,81139.5
127.824585,-26.101307,474.2,2.708,0.30,-10837.2,81058.3
127.823915,-26.124426,472.1,-2.202,0.30,-13407.9,80991.3
127.824569,-26.147610,469.6,-10.397,0.30,-15985.9,81056.7
127.824420,-26.192071,467.7,-16.891,0.30,-20929.7,81041.8
127.823168,-26.214677,468.9,-27.909,0.30,-23443.4,80916.7
127.823153,-26.236988,467.2,-30.908,0.30,-25924.3,80915.2
127.822849,-26.260549,469.1,-34.428,0.30,-28544.1,80884.8
127.823191,-26.282758,467.5,-33.339,0.30,-31013.7,80919.0
127.822099,-26.304888,472.1,-33.790,0.30,-33474.4,80809.8
127.822909,-26.327810,465.6,-37.719,0.30,-36023.2,80890.8
127.822590,-26.350329,462.6,-40.716,0.30,-38527.2,80858.9
127.822782,-26.373440,465.4,-46.566,0.30,-41097.0,80878.1
127.821425,-26.395800,462.8,-51.555,0.30,-43583.4,80742.5
127.821719,-26.418063,455.8,-58.525,0.30,-46058.9,80771.8
127.821568,-26.440162,455.4,-57.662,0.30,-48516.2,80756.8
127.094882,-26.432604,424.0,-23.289,0.30,-47675.8,8133.2
127.069843,-26.432771,426.9,-26.624,0.30,-47694.3,5630.8
127.044696,-26.431752,431.3,-28.981,0.30,-47581.0,3117.7
127.019389,-26.430989,436.4,-32.640,0.30,-47496.2,588.5
127.020381,-26.408910,432.8,-24.018,0.30,-45041.1,687.7
127.021023,-26.386433,436.7,-19.936,0.30,-42541.8,751.8
126.995328,-26.386034,436.2,-20.135,0.30,-42497.4,-1816.1
126.944904,-26.385316,448.2,-26.611,0.30,-42417.6,-6855.4
126.920240,-26.385283,446.0,-29.823,0.30,-42413.9,-9320.2
126.893903,-26.384224,460.2,-33.700,0.30,-42296.2,-11952.3
126.870188,-26.383942,449.9,-36.939,0.30,-42264.8,-14322.3
126.845326,-26.383796,459.4,-40.157,0.30,-42248.6,-16807.0
126.819579,-26.383378,464.1,-47.847,0.30,-42202.1,-19380.1
126.794344,-26.383022,484.0,-51.745,0.30,-42162.5,-21902.0
126.769643,-26.382277,490.1,-56.903,0.30,-42079.7,-24370.6
126.597083,-26.267334,449.8,-58.403,0.30,-29298.6,-41615.9
126.596064,-26.289388,451.7,-60.652,0.30,-31750.9,-41717.7
126.570996,-26.311829,437.5,-65.859,0.30,-34246.2,-44223.0
126.595292,-26.312459,448.2,-60.801,0.30,-34316.3,-41794.9
126.595512,-26.334895,433.5,-66.544,0.30,-36811.0,-41772.9
126.594602,-26.379335,424.4,-68.132,0.30,-41752.5,-41863.9
126.593815,-26.401947,441.1,-64.520,0.30,-44266.9,-41942.5
126.643825,-26.380664,451.3,-64.041,0.30,-41900.3,-36944.6
126.669060,-26.381272,462.8,-61.877,0.30,-41967.9,-34422.7
126.694588,-26.381860,491.1,-60.286,0.30,-42033.3,-31871.4
126.719965,-26.381844,493.3,-59.133,0.30,-42031.5,-29335.3
126.719979,-26.359291,463.2,-60.794,0.30,-39523.7,-29333.9
126.744287,-26.359881,470.1,-57.370,0.30,-39589.3,-26904.6
126.770329,-26.360391,483.0,-51.339,0.30,-39646.1,-24302.0
126.794510,-26.360773,478.0,-47.160,0.30,-39688.5,-21885.4
126.819863,-26.360954,483.8,-42.130,0.30,-39708.7,-19351.7
126.845738,-26.361316,482.6,-37.135,0.30,-39748.9,-16765.8
126.870981,-26.361705,463.9,-31.846,0.30,-39792.2,-14243.1
126.895452,-26.361945,456.8,-25.738,0.30,-39818.9,-11797.5
126.921780,-26.362399,452.7,-21.371,0.30,-39869.3,-9166.3
126.945468,-26.362520,458.9,-18.164,0.30,-39882.8,-6799.0
126.970310,-26.362823,441.6,-16.687,0.30,-39916.5,-4316.3
126.995232,-26.363522,441.5,-15.717,0.30,-39994.2,-1825.7
127.020573,-26.363701,437.6,-14.385,0.30,-40014.1,706.9
127.045546,-26.364272,434.7,-15.900,0.30,-40077.6,3202.6
127.045021,-26.386956,434.7,-20.916,0.30,-42599.9,3150.1
127.046052,-26.410124,431.6,-21.173,0.30,-45176.1,3253.2
127.070217,-26.410144,426.7,-19.074,0.30,-45178.3,5668.2
127.094986,-26.409887,425.0,-16.874,0.30,-45149.8,8143.6
127.119933,-26.410487,422.6,-20.640,0.30,-45216.5,10636.7
127.120348,-26.432163,420.8,-24.334,0.30,-47626.7,10678.2
127.394021,-26.435968,419.0,-42.040,0.30,-48049.8,38028.5
127.796591,-26.440491,449.6,-58.129,0.30,-48552.8,78260.6
127.796907,-26.418159,446.7,-59.172,0.30,-46069.6,78292.2
127.797205,-26.395483,453.6,-48.505,0.30,-43548.1,78322.0
127.797763,-26.371400,456.2,-44.183,0.30,-40870.2,78377.7
127.797583,-26.349365,461.8,-38.250,0.30,-38420.0,78359.7
127.797951,-26.327231,467.8,-32.167,0.30,-35958.8,78396.5
127.797902,-26.305130,465.5,-27.492,0.30,-33501.3,78391.6
127.773064,-26.304421,468.5,-26.549,0.30,-33422.5,75909.4
127.798166,-26.282537,463.9,-24.721,0.30,-30989.1,78418.0
127.798744,-26.259829,462.5,-26.840,0.30,-28464.1,78475.8
127.798066,-26.237338,465.3,-26.174,0.30,-25963.2,78408.0
127.799171,-26.214725,463.5,-19.246,0.30,-23448.7,78518.4
127.798883,-26.192339,468.4,-13.124,0.30,-20959.5,78489.7
127.798823,-26.169126,469.0,-4.606,0.30,-18378.4,78483.7
127.799876,-26.146019,468.4,4.656,0.30,-15809.0,78588.9
127.799473,-26.124220,468.9,5.534,0.30,-13385.0,78548.6
127.800190,-26.101213,481.5,8.113,0.30,-10826.8,78620.3
127.800231,-26.078423,474.7,9.607,0.30,-8292.6,78624.4
127.800413,-26.056316,478.3,0.790,0.30,-5834.5,78642.6
127.800557,-26.011592,486.4,-8.856,0.30,-861.4,78657.0
127.800737,-25.988990,490.9,-11.797,0.30,1651.9,78674.9
127.900625,-25.989998,496.2,-4.044,0.30,1539.8,88657.6
127.925206,-25.985589,495.9,-13.091,0.30,2030.0,91114.1
127.950681,-25.985555,495.7,-18.740,0.30,2033.8,93660.1
127.976206,-25.985578,497.0,-19.205,0.30,2031.2,96211.0
127.999663,-25.986041,498.7,-23.321,0.30,1979.8,98555.2
128.027099,-25.945647,509.4,-43.870,0.30,6471.4,101297.1
128.026023,-25.922687,518.1,-47.915,0.30,9024.4,101189.6
128.026688,-25.900050,521.5,-50.707,0.30,11541.5,101256.0
128.001697,-25.900161,517.1,-51.152,0.30,11529.2,98758.5
127.976520,-25.899982,519.4,-49.533,0.30,11549.1,96242.4
127.951560,-25.899140,520.1,-49.212,0.30,11642.7,93747.9
127.946672,-25.900549,518.2,-49.607,0.30,11486.0,93259.4
127.951838,-25.922629,521.0,-46.045,0.30,9030.9,93775.7
127.976592,-25.922431,512.7,-47.166,0.30,9052.9,96249.6
128.000594,-25.922913,511.1,-48.293,0.30,8999.3,98648.3
128.001704,-25.945162,505.8,-42.779,0.30,6525.3,98759.2
127.976107,-25.945161,506.1,-44.087,0.30,6525.4,96201.1
127.951369,-25.944868,509.0,-41.390,0.30,6558.0,93728.8
127.926593,-25.944939,517.7,-35.218,0.30,6550.1,91252.7
127.901456,-25.945057,502.5,-22.719,0.30,6537.0,88740.6
127.876376,-25.944210,503.2,-17.638,0.30,6631.2,86234.2
127.851529,-25.944387,499.5,-17.175,0.30,6611.5,83751.0
127.826408,-25.945062,505.8,-16.272,0.30,6536.4,81240.5
127.801491,-25.943938,502.4,-21.225,0.30,6661.4,78750.3
127.776096,-25.943360,502.0,-14.964,0.30,6725.7,76212.4
127.776800,-25.966715,503.1,-11.727,0.30,4128.7,76282.7
127.776294,-25.988826,494.1,-9.992,0.30,1670.1,76232.2
127.776354,-26.011241,490.2,-8.709,0.30,-822.3,76238.2
127.776031,-26.033970,488.4,-5.675,0.30,-3349.7,76205.9
127.777036,-26.056928,478.4,2.916,0.30,-5902.5,76306.3
127.775308,-26.078758,474.9,15.863,0.30,-8329.9,76133.6
127.774915,-26.101979,469.1,15.878,0.30,-10912.0,76094.3
127.749818,-26.101358,469.1,21.153,0.30,-10842.9,73586.2
127.774900,-26.123925,465.8,12.951,0.30,-13352.2,76092.8
127.775130,-26.147117,466.1,11.931,0.30,-15931.1,76115.8
127.774741,-26.168666,468.2,7.510,0.30,-18327.2,76077.0
127.773467,-26.191114,466.7,-3.749,0.30,-20823.3,75949.6
127.774807,-26.214016,463.8,-11.419,0.30,-23369.9,76083.5
127.773736,-26.237038,459.8,-20.259,0.30,-25929.8,75976.5
127.773878,-26.259569,459.2,-15.886,0.30,-28435.2,75990.7
127.773173,-26.282101,463.3,-20.013,0.30,-30940.6,75920.3
127.772719,-26.326940,471.4,-32.964,0.30,-35926.5,75874.9
127.773657,-26.349933,464.7,-39.584,0.30,-38483.2,75968.6
127.771879,-26.371902,457.3,-45.685,0.30,-40926.0,75790.9
127.772015,-26.394961,448.1,-46.224,0.30,-43490.1,75804.5
127.771814,-26.416201,455.0,-60.244,0.30,-45851.8,75784.4
127.771740,-26.440266,440.9,-58.447,0.30,-48527.8,75777.0
127.746559,-26.440236,435.0,-58.624,0.30,-48524.4,73260.5
127.720882,-26.439710,429.3,-59.805,0.30,-48465.9,70694.4
127.696040,-26.439529,425.4,-64.145,0.30,-48445.8,68211.7
127.670743,-26.439509,424.6,-67.308,0.30,-48443.6,65683.6
127.647062,-26.416669,427.5,-54.811,0.30,-45903.9,63317.0
127.645971,-26.439138,424.8,-69.022,0.30,-48402.3,63207.9
127.619868,-26.438407,428.9,-70.271,0.30,-48321.0,60599.2
126.575005,-26.107811,460.6,-36.526,0.30,-11560.4,-43822.3
126.549582,-26.108187,460.0,-35.563,0.30,-11602.3,-46363.1
126.525261,-26.107964,461.4,-35.576,0.30,-11577.5,-48793.7
126.525690,-26.085436,463.3,-35.117,0.30,-9072.5,-48750.8
126.525830,-26.062609,470.2,-37.947,0.30,-6534.2,-48736.8
126.550080,-26.084744,472.9,-37.850,0.30,-8995.5,-46313.3
126.575166,-26.086213,470.7,-37.776,0.30,-9158.9,-43806.3
126.600536,-26.085400,468.9,-39.599,0.30,-9068.5,-41270.8
126.600085,-26.063577,473.6,-40.252,0.30,-6641.8,-41315.9
126.601044,-26.041527,480.8,-38.239,0.30,-4190.0,-41220.1
126.601866,-26.018658,496.0,-40.735,0.30,-1647.1,-41137.9
126.601300,-25.995936,508.3,-37.111,0.30,879.5,-41194.5
126.602642,-25.974123,514.2,-37.392,0.30,3305.0,-41060.4
126.603080,-25.958045,501.3,-37.460,0.30,5092.8,-41016.6
126.603877,-25.899320,526.9,-28.551,0.30,11622.7,-40936.9
126.604805,-25.884316,520.5,-25.466,0.30,13291.1,-40844.2
126.605089,-25.838818,512.8,-19.321,0.30,18350.2,-40815.8
126.605484,-25.815516,523.7,-19.293,0.30,20941.3,-40776.3
126.605752,-25.792095,526.1,-16.344,0.30,23545.6,-40749.5
126.607331,-25.770480,519.3,-10.159,0.30,25949.1,-40591.7
126.606800,-25.747298,500.3,-6.104,0.30,28526.8,-40644.8
126.606933,-25.725983,495.2,-4.008,0.30,30896.9,-40631.5
126.607408,-25.703221,491.9,0.412,0.30,33427.9,-40584.0
126.607934,-25.680404,484.5,-7.178,0.30,35965.0,-40531.5
126.608637,-25.657883,478.6,-21.045,0.30,38469.3,-40461.2
126.634608,-25.635570,492.3,-31.796,0.30,40950.4,-37865.7
126.633444,-25.658999,489.9,-22.725,0.30,38345.2,-37982.1
126.633449,-25.681690,503.6,-6.956,0.30,35822.1,-37981.6
126.632427,-25.704432,500.3,-1.058,0.30,33293.3,-38083.7
126.631749,-25.726943,502.6,-3.748,0.30,30790.1,-38151.5
126.631916,-25.748362,520.9,-6.667,0.30,28408.5,-38134.8
126.656910,-25.749403,530.3,-9.190,0.30,28292.7,-35636.9
126.631008,-25.772069,521.7,-10.343,0.30,25772.4,-38225.5
126.630767,-25.794840,537.0,-14.917,0.30,23240.3,-38249.6
126.629836,-25.816951,523.6,-20.389,0.30,20781.7,-38342.6
126.629931,-25.839006,539.8,-21.429,0.30,18329.3,-38333.1
126.628319,-25.860839,522.8,-23.007,0.30,15901.6,-38494.2
126.629459,-25.885778,538.2,-25.490,0.30,13128.5,-38380.3
126.629136,-25.899212,532.4,-25.985,0.30,11634.7,-38412.6
126.655754,-25.906780,571.2,-25.645,0.30,10793.2,-35752.4
126.653853,-25.929666,551.2,-29.068,0.30,8248.4,-35942.4
126.652699,-25.952545,518.7,-32.100,0.30,5704.4,-36057.8
126.641144,-25.958574,511.0,-32.414,0.30,5034.0,-37212.5
126.652111,-25.975927,512.4,-30.662,0.30,3104.4,-36116.5
126.628106,-25.974239,518.9,-36.501,0.30,3292.1,-38515.5
126.626499,-25.997241,496.5,-34.699,0.30,734.4,-38676.1
126.652305,-25.997066,510.8,-36.301,0.30,753.8,-36097.1
126.651985,-26.020292,517.9,-30.587,0.30,-1828.8,-36129.1
126.626184,-26.019809,495.0,-34.170,0.30,-1775.1,-38707.6
126.625377,-26.041898,483.2,-37.917,0.30,-4231.3,-38788.3
126.651642,-26.043059,507.7,-30.727,0.30,-4360.3,-36163.4
126.651106,-26.066065,491.1,-34.449,0.30,-6918.5,-36217.0
126.625994,-26.063796,477.4,-38.701,0.30,-6666.2,-38726.6
126.623962,-26.086659,493.5,-39.489,0.30,-9208.4,-38929.7
126.650558,-26.086831,494.1,-35.891,0.30,-9227.6,-36271.7
126.675953,-26.086606,501.6,-30.647,0.30,-9202.6,-33733.8
126.649683,-26.109656,520.0,-37.241,0.30,-11765.6,-36359.2
126.649215,-26.133428,502.1,-36.915,0.30,-14408.9,-36405.9
126.624167,-26.131781,476.1,-37.844,0.30,-14225.8,-38909.2
126.624801,-26.109824,486.0,-37.763,0.30,-11784.3,-38845.8
126.599692,-26.109036,465.3,-38.573,0.30,-11696.7,-41355.2
126.598885,-26.132466,462.1,-35.582,0.30,-14302.0,-41435.8
126.572997,-26.131427,456.5,-34.347,0.30,-14186.4,-44023.0
126.543667,-26.130336,456.9,-36.941,0.30,-14065.1,-46954.2
126.524286,-26.129809,464.5,-39.207,0.30,-14006.5,-48891.1
126.522106,-26.243610,429.5,-65.846,0.30,-26660.6,-49109.0
126.547612,-26.242619,429.5,-61.055,0.30,-26550.4,-46559.9
126.598171,-26.243406,447.2,-49.647,0.30,-26637.9,-41507.2
126.597754,-26.221583,461.8,-43.412,0.30,-24211.3,-41548.9
126.572537,-26.222013,438.8,-49.501,0.30,-24259.1,-44069.0
126.548008,-26.221248,432.6,-57.127,0.30,-24174.1,-46520.4
126.521895,-26.220910,433.1,-61.753,0.30,-24136.5,-49130.1
126.571164,-26.244000,436.0,-56.657,0.30,-26704.0,-44206.2
126.623550,-26.222951,476.9,-39.466,0.30,-24363.4,-38970.8
126.622259,-26.244639,460.0,-45.855,0.30,-26775.0,-39099.9
126.621622,-26.268397,455.8,-53.972,0.30,-29416.8,-39163.5
126.621170,-26.290386,457.8,-59.154,0.30,-31861.9,-39208.7
126.620765,-26.313066,459.8,-61.242,0.30,-34383.8,-39249.2
126.620656,-26.335764,445.3,-66.612,0.30,-36907.7,-39260.1
126.620298,-26.358082,435.2,-68.089,0.30,-39389.3,-39295.8
126.645962,-26.357562,449.8,-67.355,0.30,-39331.5,-36731.0
126.644891,-26.334914,461.9,-66.724,0.30,-36813.1,-36838.1
126.670759,-26.335719,457.6,-63.771,0.30,-36902.7,-34252.9
126.671096,-26.358696,448.3,-64.899,0.30,-39457.6,-34219.2
126.694609,-26.359388,457.6,-63.136,0.30,-39534.5,-31869.3
126.695658,-26.335302,464.2,-59.991,0.30,-36856.3,-31764.5
126.721329,-26.314403,479.7,-47.728,0.30,-34532.4,-29199.0
126.720330,-26.336461,473.5,-54.602,0.30,-36985.2,-29298.8
126.746122,-26.336449,482.9,-48.814,0.30,-36983.8,-26721.2
126.744618,-26.382219,487.6,-59.152,0.30,-42073.2,-26871.5
126.770971,-26.336629,487.7,-43.494,0.30,-37003.8,-24237.9
126.795791,-26.338699,495.2,-39.664,0.30,-37234.0,-21757.4
126.820444,-26.339413,503.5,-34.609,0.30,-37313.4,-19293.6
126.846001,-26.339385,481.3,-29.138,0.30,-37310.3,-16739.5
126.872021,-26.338960,483.8,-22.954,0.30,-37263.0,-14139.1
126.895689,-26.339537,491.1,-18.486,0.30,-37327.2,-11773.8
126.921068,-26.339437,470.7,-15.354,0.30,-37316.1,-9237.5
126.944613,-26.340637,483.0,-12.864,0.30,-37449.5,-6884.4
126.970093,-26.340809,458.6,-12.051,0.30,-37468.6,-4338.0
126.995946,-26.340837,445.1,-14.714,0.30,-37471.8,-1754.3
127.044946,-26.340824,445.0,-10.648,0.30,-37470.3,3142.7
127.070525,-26.342287,446.3,-8.569,0.30,-37633.0,5699.0
127.070003,-26.364215,431.4,-13.813,0.30,-40071.3,5646.8
127.069873,-26.387236,429.2,-19.428,0.30,-42631.1,5633.8
127.095113,-26.388394,429.0,-18.641,0.30,-42759.8,8156.2
127.120667,-26.387113,424.8,-19.055,0.30,-42617.4,10710.1
127.146035,-26.388075,425.9,-17.701,0.30,-42724.4,13245.3
127.145434,-26.410846,427.0,-21.571,0.30,-45256.4,13185.2
127.143838,-26.433893,422.4,-26.105,0.30,-47819.1,13025.7
127.170199,-26.433542,420.7,-27.746,0.30,-47780.1,15660.2
127.194470,-26.434187,422.4,-29.579,0.30,-47851.8,18085.8
127.220126,-26.434707,423.1,-33.840,0.30,-47909.6,20649.8
127.244914,-26.434948,425.5,-35.432,0.30,-47936.4,23127.1
127.271058,-26.435396,420.4,-35.904,0.30,-47986.2,25739.8
127.270494,-26.412718,422.9,-36.852,0.30,-45464.6,25683.5
127.295680,-26.435614,422.4,-34.662,0.30,-48010.5,28200.5
127.320447,-26.435461,421.9,-35.236,0.30,-47993.5,30675.7
127.345067,-26.436295,436.6,-36.504,0.30,-48086.2,33136.2
127.370702,-26.436575,418.3,-37.703,0.30,-48117.3,35698.1
127.420886,-26.436928,418.8,-42.695,0.30,-48156.6,40713.4
127.445535,-26.437204,416.3,-48.424,0.30,-48187.3,43176.7
127.470856,-26.436862,419.9,-56.435,0.30,-48149.2,45707.3
127.495749,-26.436571,425.8,-62.370,0.30,-48116.9,48195.0
127.520957,-26.438070,425.7,-67.666,0.30,-48283.6,50714.3
127.545600,-26.438203,423.7,-69.633,0.30,-48298.4,53177.0
127.570825,-26.438487,424.0,-70.255,0.30,-48329.9,55698.0
127.596344,-26.438464,425.0,-69.933,0.30,-48327.4,58248.3
127.596383,-26.415628,427.7,-57.647,0.30,-45788.1,58252.2
127.621410,-26.416062,429.7,-56.169,0.30,-45836.4,60753.3
127.671360,-26.416790,425.6,-55.097,0.30,-45917.3,65745.3
127.697144,-26.416504,427.7,-56.111,0.30,-45885.5,68322.1
127.722162,-26.417143,431.8,-61.471,0.30,-45956.6,70822.3
127.747362,-26.417128,435.1,-61.191,0.30,-45954.9,73340.7
127.746918,-26.394881,443.2,-47.407,0.30,-43481.2,73296.4
127.747329,-26.371476,457.5,-46.290,0.30,-40878.7,73337.5
127.747636,-26.349290,456.1,-41.488,0.30,-38411.7,73368.1
127.747931,-26.326593,463.8,-34.382,0.30,-35887.9,73397.6
127.747969,-26.304067,468.6,-25.726,0.30,-33383.1,73401.4
127.748889,-26.282093,471.5,-17.833,0.30,-30939.7,73493.4
127.721632,-26.282448,470.6,-14.486,0.30,-30979.2,70769.3
127.748796,-26.259604,464.5,-11.050,0.30,-28439.1,73484.1
127.749368,-26.236948,458.0,-11.366,0.30,-25919.8,73541.2
127.749167,-26.214012,460.6,-0.458,0.30,-23369.5,73521.1
127.749164,-26.190021,463.0,9.021,0.30,-20701.8,73520.8
127.750296,-26.168263,466.4,18.709,0.30,-18282.4,73634.0
127.749413,-26.145695,464.9,22.389,0.30,-15772.9,73545.7
127.749507,-26.123260,464.4,19.240,0.30,-13278.3,73555.1
127.750681,-26.078284,478.1,11.829,0.30,-8277.2,73672.4
127.750259,-26.056000,479.5,4.350,0.30,-5799.3,73630.3
127.751531,-26.032931,489.5,-2.326,0.30,-3234.2,73757.4
127.800856,-26.033838,483.9,-8.497,0.30,-3335.0,78686.8
127.751260,-26.010771,494.0,-0.556,0.30,-770.1,73730.3
127.750696,-25.988108,504.5,-1.232,0.30,1749.9,73673.9
127.751516,-25.965792,514.2,-4.240,0.30,4231.4,73755.9
127.752462,-25.942609,511.6,-6.449,0.30,6809.2,73850.4
127.752148,-25.919751,514.7,0.719,0.30,9350.9,73819.1
127.777108,-25.921343,507.5,-7.997,0.30,9173.9,76313.5
127.801962,-25.921133,509.5,-14.700,0.30,9197.2,78797.4
127.827031,-25.921508,514.5,-18.102,0.30,9155.5,81302.7
127.852359,-25.921263,504.1,-24.764,0.30,9182.7,83833.9
127.876658,-25.922010,508.4,-22.853,0.30,9099.7,86262.3
127.901771,-25.921835,506.5,-28.285,0.30,9119.1,88772.1
127.926505,-25.922077,509.1,-42.581,0.30,9092.2,91244.0
127.926486,-25.899256,513.4,-48.828,0.30,11629.8,91242.1
127.928054,-25.877450,523.9,-47.724,0.30,14054.5,91398.8
127.953280,-25.876836,524.9,-49.976,0.30,14122.8,93919.8
127.977284,-25.877368,524.5,-49.021,0.30,14063.7,96318.7
128.002132,-25.877268,529.7,-47.291,0.30,14074.8,98802.0
127.901341,-25.898997,511.3,-34.538,0.30,11658.6,88729.1
127.876763,-25.899080,507.1,-26.764,0.30,11649.4,86272.8
127.851661,-25.898979,508.9,-24.247,0.30,11660.6,83764.2
127.826592,-25.898772,507.4,-15.199,0.30,11683.6,81258.8
127.801254,-25.898513,507.6,-10.465,0.30,11712.4,78726.6
127.776767,-25.898333,507.9,-4.757,0.30,11732.4,76279.4
127.757130,-25.898005,512.9,-1.379,0.30,11768.9,74316.9
127.728580,-25.897969,521.9,5.345,0.30,11772.9,71463.7
127.702085,-25.897425,520.1,5.977,0.30,11833.4,68815.9
127.727111,-25.920935,510.8,4.646,0.30,9219.2,71316.9
127.727017,-25.942943,515.1,2.456,0.30,6772.0,71307.5
127.726732,-25.965310,514.4,1.629,0.30,4284.9,71279.0
127.725790,-25.988397,508.0,8.116,0.30,1717.8,71184.9
127.725973,-26.010709,497.5,8.771,0.30,-763.2,71203.2
127.725741,-26.033271,482.6,3.786,0.30,-3272.0,71180.0
127.725455,-26.055676,474.3,4.454,0.30,-5763.3,71151.4
127.725470,-26.078602,470.4,9.608,0.30,-8312.5,71152.9
127.724220,-26.101971,470.2,18.155,0.30,-10911.1,71028.0
127.724859,-26.124216,466.4,24.271,0.30,-13384.6,71091.8
127.724471,-26.146156,462.9,26.954,0.30,-15824.2,71053.1
127.699659,-26.169361,461.1,29.724,0.30,-18404.5,68573.4
127.724371,-26.168622,460.3,21.919,0.30,-18322.3,71043.1
127.723912,-26.191453,460.0,18.645,0.30,-20861.0,70997.2
127.723840,-26.213604,456.3,11.672,0.30,-23324.1,70990.0
127.723546,-26.236993,453.6,0.713,0.30,-25924.8,70960.6
127.723514,-26.258344,454.0,-5.775,0.30,-28298.9,70957.4
127.722686,-26.303877,458.8,-23.822,0.30,-33362.0,70874.7
127.722229,-26.327168,457.8,-33.668,0.30,-35951.8,70829.0
127.722291,-26.348564,447.8,-41.928,0.30,-38331.0,70835.2
127.722050,-26.371327,451.8,-46.489,0.30,-40862.1,70811.1
127.721730,-26.394763,438.6,-47.597,0.30,-43468.0,70779.1
127.697262,-26.394127,433.2,-47.796,0.30,-43397.3,68333.9
127.671740,-26.393712,428.6,-47.784,0.30,-43351.2,65783.2
127.646981,-26.394024,430.7,-50.896,0.30,-43385.9,63308.9
127.621921,-26.393287,431.3,-50.898,0.30,-43303.9,60804.4
127.596651,-26.393818,430.8,-45.791,0.30,-43363.0,58279.0
127.570886,-26.370823,431.7,-30.820,0.30,-40806.0,55704.1
127.571255,-26.392616,431.7,-42.235,0.30,-43229.3,55741.0
127.570713,-26.415202,427.0,-56.183,0.30,-45740.8,55686.8
127.546415,-26.415219,428.2,-55.119,0.30,-45742.7,53258.5
127.520827,-26.414853,425.0,-53.387,0.30,-45702.0,50701.3
127.495946,-26.414329,424.0,-48.886,0.30,-45643.7,48214.7
127.471055,-26.414469,425.9,-44.712,0.30,-45659.3,45727.2
127.446636,-26.413947,431.3,-41.325,0.30,-45601.2,43286.8
127.420857,-26.413881,422.4,-38.130,0.30,-45593.9,40710.5
127.395661,-26.413217,429.1,-38.063,0.30,-45520.0,38192.4
127.371145,-26.413449,423.2,-33.864,0.30,-45545.8,35742.3
127.346534,-26.413432,446.2,-32.996,0.30,-45543.9,33282.8
127.320268,-26.412344,428.5,-31.628,0.30,-45423.0,30657.8
127.295522,-26.412556,421.1,-32.763,0.30,-45446.5,28184.7
127.245905,-26.411891,421.7,-35.706,0.30,-45372.6,23226.1
127.221228,-26.411537,421.5,-32.841,0.30,-45333.2,20759.9
127.194376,-26.411594,424.6,-28.723,0.30,-45339.6,18076.4
127.169945,-26.410016,424.1,-25.388,0.30,-45164.1,15634.8
127.170662,-26.388511,425.8,-21.571,0.30,-42772.9,15706.5
127.170853,-26.365714,427.8,-20.804,0.30,-40237.9,15725.6
127.146049,-26.365644,428.6,-16.975,0.30,-40230.2,13246.7
127.120894,-26.365133,430.5,-15.250,0.30,-40173.3,10732.7
127.096851,-26.364679,428.6,-15.223,0.30,-40122.9,8329.9
127.095939,-26.342866,439.3,-6.678,0.30,-37697.4,8238.8
127.121292,-26.342976,440.4,-3.229,0.30,-37709.6,10772.5
127.145925,-26.342708,432.4,-4.295,0.30,-37679.8,13234.3
127.171559,-26.342894,437.6,-8.166,0.30,-37700.5,15796.1
127.197000,-26.320600,441.2,11.956,0.30,-35221.5,18338.6
127.171786,-26.320787,441.9,9.108,0.30,-35242.3,15818.8
127.146347,-26.320048,443.8,7.994,0.30,-35160.1,13276.5
127.120625,-26.320334,457.6,6.292,0.30,-35191.9,10705.9
127.096281,-26.319502,461.2,2.981,0.30,-35099.4,8273.0
127.071513,-26.318970,468.2,2.932,0.30,-35040.3,5797.7
126.997192,-26.318813,504.2,-5.606,0.30,-35022.8,-1629.8
126.972702,-26.316076,502.8,-7.598,0.30,-34718.5,-4077.3
126.945156,-26.316938,460.7,-9.925,0.30,-34814.3,-6830.2
126.920295,-26.317398,466.6,-13.534,0.30,-34865.5,-9314.7
126.896617,-26.316847,463.1,-13.389,0.30,-34804.2,-11681.1
126.870907,-26.316850,471.0,-16.766,0.30,-34804.5,-14250.5
126.846278,-26.315986,481.1,-20.733,0.30,-34708.4,-16711.8
126.821508,-26.315718,500.1,-24.563,0.30,-34678.6,-19187.3
126.796697,-26.315185,526.6,-30.122,0.30,-34619.4,-21666.9
126.770846,-26.314812,513.1,-35.763,0.30,-34577.9,-24250.4
126.746075,-26.314667,491.2,-43.396,0.30,-34561.8,-26725.9
126.694823,-26.313457,473.1,-52.857,0.30,-34427.2,-31848.0
126.670680,-26.313403,465.1,-60.606,0.30,-34421.2,-34260.8
126.647139,-26.312674,468.0,-61.795,0.30,-34340.2,-36613.4
126.646162,-26.289390,462.7,-57.429,0.30,-31751.1,-36711.0
126.647321,-26.267711,465.9,-47.957,0.30,-29340.5,-36595.2
126.647304,-26.245766,470.2,-39.016,0.30,-26900.3,-36596.9
126.647259,-26.223342,492.4,-33.871,0.30,-24406.9,-36601.4
126.672095,-26.225052,493.0,-31.957,0.30,-24597.0,-34119.4
126.697822,-26.223867,495.1,-30.369,0.30,-24465.3,-31548.2
126.672873,-26.244847,492.2,-33.175,0.30,-26798.1,-34041.6
126.671943,-26.267984,486.1,-43.569,0.30,-29370.9,-34134.5
126.671094,-26.290453,471.2,-52.534,0.30,-31869.3,-34219.4
126.695354,-26.291769,481.3,-46.852,0.30,-32015.6,-31794.9
126.721377,-26.291846,502.3,-38.377,0.30,-32024.2,-29194.2
126.747357,-26.292217,506.4,-34.218,0.30,-32065.5,-26597.8
126.775192,-26.292809,519.3,-28.743,0.30,-32131.3,-23816.0
126.797043,-26.292580,500.6,-24.210,0.30,-32105.8,-21632.3
126.822163,-26.293902,488.2,-21.316,0.30,-32252.8,-19121.8
126.846105,-26.293841,476.6,-18.942,0.30,-32246.0,-16729.1
126.872804,-26.293540,470.3,-15.457,0.30,-32212.6,-14060.9
126.895623,-26.294646,465.0,-12.670,0.30,-32335.5,-11780.4
126.922475,-26.294637,465.8,-10.122,0.30,-32334.5,-9096.9
126.946323,-26.294954,465.0,-5.007,0.30,-32369.8,-6713.5
126.971411,-26.295140,471.3,-2.011,0.30,-32390.5,-4206.3
126.996509,-26.296014,471.1,3.029,0.30,-32487.7,-1698.0
127.021824,-26.296132,471.4,5.884,0.30,-32500.8,831.9
127.021839,-26.317369,491.7,-1.389,0.30,-34862.2,833.4
127.046807,-26.319217,486.1,0.395,0.30,-35067.7,3328.6
127.047014,-26.296046,463.2,7.873,0.30,-32491.2,3349.3
127.046992,-26.274308,461.1,7.102,0.30,-30074.1,3347.1
127.071385,-26.297076,452.9,9.847,0.30,-32605.7,5784.9
127.096807,-26.297458,448.6,10.850,0.30,-32648.2,8325.5
127.122092,-26.297565,443.3,11.664,0.30,-32660.1,10852.5
127.147434,-26.299144,439.3,14.299,0.30,-32835.7,13385.1
127.172175,-26.298217,443.3,15.931,0.30,-32732.6,15857.7
127.196394,-26.343833,429.7,-8.659,0.30,-37804.9,18278.1
127.195862,-26.366385,427.2,-21.776,0.30,-40312.6,18224.9
127.195196,-26.388725,430.4,-25.722,0.30,-42796.7,18158.3
127.220992,-26.389247,425.6,-28.392,0.30,-42854.7,20736.3
127.245739,-26.389808,426.0,-31.458,0.30,-42917.1,23209.5
127.270574,-26.390321,426.4,-33.288,0.30,-42974.1,25691.5
127.296075,-26.390154,426.2,-30.890,0.30,-42955.6,28240.0
127.320523,-26.390111,423.0,-28.246,0.30,-42950.8,30683.3
127.345021,-26.390516,445.6,-29.549,0.30,-42995.8,33131.6
127.371511,-26.390480,448.2,-30.151,0.30,-42991.8,35778.9
127.396043,-26.368246,439.3,-27.733,0.30,-40519.5,38230.6
127.396069,-26.391006,433.7,-33.654,0.30,-43050.3,38233.2
127.421753,-26.391091,434.8,-32.417,0.30,-43059.7,40800.0
127.446006,-26.391557,452.4,-32.245,0.30,-43111.6,43223.8
127.470697,-26.391369,438.3,-27.225,0.30,-43090.7,45691.4
127.496000,-26.392071,425.6,-32.942,0.30,-43168.7,48220.1
127.522086,-26.392051,434.8,-35.325,0.30,-43166.5,50827.1
127.546862,-26.392783,429.4,-37.866,0.30,-43247.9,53303.2
127.597089,-26.370722,433.9,-39.125,0.30,-40794.8,58322.8
127.621811,-26.370981,434.1,-41.441,0.30,-40823.6,60793.4
127.647144,-26.371177,434.3,-41.215,0.30,-40845.4,63325.2
127.672158,-26.371525,440.0,-43.189,0.30,-40884.1,65825.0
127.696550,-26.371579,447.2,-44.529,0.30,-40890.1,68262.7
127.697516,-26.349294,441.1,-41.493,0.30,-38412.1,68359.2
127.672449,-26.348632,439.1,-36.886,0.30,-38338.5,65854.1
127.647164,-26.348627,436.5,-33.543,0.30,-38338.0,63327.2
127.622200,-26.348175,438.5,-27.323,0.30,-38287.7,60832.3
127.596811,-26.348435,433.8,-21.924,0.30,-38316.6,58295.0
127.571661,-26.348233,432.0,-19.541,0.30,-38294.1,55781.5
127.572623,-26.326166,436.2,1.405,0.30,-35840.4,55877.7
127.597429,-26.325422,436.5,-2.909,0.30,-35757.7,58356.7
127.623154,-26.325921,440.2,-12.362,0.30,-35813.2,60927.6
127.647008,-26.325919,440.1,-21.772,0.30,-35812.9,63311.6
127.671568,-26.326558,441.3,-25.242,0.30,-35884.0,65766.0
127.697909,-26.326520,446.0,-30.195,0.30,-35879.8,68398.5
127.697387,-26.303766,449.2,-20.241,0.30,-33349.6,68346.3
127.673040,-26.304218,446.4,-12.980,0.30,-33399.9,65913.2
127.648156,-26.303893,443.7,-5.459,0.30,-33363.8,63426.3
127.622182,-26.303185,440.4,2.967,0.30,-33285.0,60830.5
127.597797,-26.302821,442.8,6.541,0.30,-33244.6,58393.5
127.572565,-26.302628,445.6,10.056,0.30,-33223.1,55871.9
127.547693,-26.280073,452.6,21.827,0.30,-30715.1,53386.2
127.572800,-26.280083,451.7,17.263,0.30,-30716.2,55895.4
127.599708,-26.280293,450.9,15.560,0.30,-30739.6,58584.5
127.623440,-26.280858,445.5,13.428,0.30,-30802.4,60956.2
127.648088,-26.280792,446.1,8.924,0.30,-30795.1,63419.5
127.672515,-26.281210,447.9,3.357,0.30,-30841.5,65860.7
127.697994,-26.281583,448.2,-9.645,0.30,-30883.0,68407.0
127.697695,-26.259181,449.8,2.175,0.30,-28392.0,68377.1
127.698890,-26.235955,451.6,8.843,0.30,-25809.4,68496.6
127.698741,-26.213407,453.3,23.869,0.30,-23302.2,68481.7
127.698956,-26.191167,457.7,29.001,0.30,-20829.2,68503.1
127.699400,-26.145486,463.9,27.223,0.30,-15749.7,68547.5
127.699573,-26.123293,464.3,20.216,0.30,-13282.0,68564.8
127.699878,-26.100544,468.4,13.673,0.30,-10752.4,68595.3
127.700613,-26.078118,468.8,10.749,0.30,-8258.7,68668.7
127.700931,-26.055844,477.1,7.459,0.30,-5782.0,68700.5
127.700580,-26.033001,488.8,9.666,0.30,-3241.9,68665.4
127.701059,-26.010508,493.6,19.033,0.30,-740.8,68713.3
127.694943,-25.977250,502.6,11.508,0.30,2957.3,68102.1
127.701643,-25.965193,503.4,4.763,0.30,4298.0,68771.7
127.701074,-25.943380,509.3,4.938,0.30,6723.5,68714.8
127.701753,-25.920097,512.6,8.118,0.30,9312.4,68782.7
127.678253,-25.874398,526.7,1.733,0.30,14393.9,66434.1
127.652023,-25.874069,527.1,1.358,0.30,14430.5,63812.8
127.651831,-25.896943,518.3,5.364,0.30,11887.0,63793.6
127.678039,-25.897485,517.7,6.358,0.30,11826.7,66412.7
127.677171,-25.919858,513.8,4.786,0.30,9339.0,66326.0
127.676326,-25.942178,510.4,2.455,0.30,6857.1,66241.5
127.676343,-25.965157,505.6,5.748,0.30,4302.0,66243.2
127.676185,-25.988363,498.9,15.903,0.30,1721.6,66227.5
127.676220,-26.010856,498.1,17.646,0.30,-779.5,66231.0
127.675708,-26.032812,494.6,15.634,0.30,-3220.9,66179.8
127.675257,-26.054902,484.0,11.026,0.30,-5677.2,66134.7
127.650479,-26.077624,476.2,17.189,0.30,-8203.8,63658.4
127.676090,-26.077884,472.5,12.392,0.30,-8232.7,66218.0
127.675208,-26.100382,469.1,14.892,0.30,-10734.4,66129.8
127.674366,-26.123412,470.4,20.071,0.30,-13295.2,66045.7
127.674648,-26.146047,468.8,31.627,0.30,-15812.1,66073.9
127.674249,-26.169175,461.9,32.829,0.30,-18383.8,66034.0
127.673957,-26.190801,457.7,34.018,0.30,-20788.5,66004.8
127.674268,-26.213338,455.7,30.304,0.30,-23294.5,66035.9
127.673390,-26.236273,449.2,17.836,0.30,-25844.8,65948.1
127.673321,-26.258640,448.3,11.195,0.30,-28331.9,65941.2
127.648586,-26.258331,445.8,15.660,0.30,-28297.5,63469.3
127.623420,-26.257948,448.3,19.762,0.30,-28254.9,60954.2
127.597882,-26.258044,453.8,22.895,0.30,-28265.6,58402.0
127.572744,-26.258164,457.8,26.881,0.30,-28278.9,55889.8
127.547665,-26.257803,460.3,23.531,0.30,-28238.8,53383.4
127.547613,-26.302969,446.1,12.992,0.30,-33261.0,53378.2
127.547315,-26.325060,439.2,-0.617,0.30,-35717.4,53348.4
127.547425,-26.347486,435.0,-13.806,0.30,-38211.1,53359.4
127.546482,-26.370716,433.2,-26.783,0.30,-40794.1,53265.2
127.520742,-26.370648,435.4,-19.152,0.30,-40786.6,50692.8
127.521406,-26.346686,433.0,-7.663,0.30,-38122.1,50759.1
127.521937,-26.324976,440.0,2.494,0.30,-35708.1,50812.2
127.522829,-26.302863,450.0,12.650,0.30,-33249.2,50901.4
127.522565,-26.280020,459.2,21.289,0.30,-30709.2,50875.0
127.523074,-26.257882,466.5,27.585,0.30,-28247.6,50925.8
127.497774,-26.257198,474.4,21.455,0.30,-28171.5,48397.4
127.498440,-26.280217,469.2,15.202,0.30,-30731.1,48464.0
127.497886,-26.302628,464.0,7.037,0.30,-33223.1,48408.6
127.496133,-26.324492,446.5,-1.673,0.30,-35654.3,48233.4
127.496276,-26.347211,438.2,-7.682,0.30,-38180.5,48247.7
127.495882,-26.370132,438.1,-18.336,0.30,-40729.2,48208.3
127.472405,-26.370561,437.6,-17.881,0.30,-40776.9,45862.1
127.472103,-26.346435,443.7,-7.278,0.30,-38094.2,45831.9
127.471715,-26.323878,449.9,0.398,0.30,-35586.0,45793.1
127.471964,-26.302174,458.9,8.277,0.30,-33172.6,45818.0
127.471934,-26.279686,472.3,11.870,0.30,-30672.1,45815.0
127.472697,-26.256364,490.7,16.432,0.30,-28078.8,45891.3
127.447976,-26.234076,570.3,2.594,0.30,-25600.5,43420.7
127.473556,-26.234370,512.4,16.587,0.30,-25633.2,45977.1
127.447363,-26.256476,493.2,10.374,0.30,-28091.2,43359.4
127.447566,-26.278573,478.5,13.137,0.30,-30548.3,43379.7
127.447359,-26.302168,462.7,9.333,0.30,-33172.0,43359.0
127.447889,-26.324480,463.8,2.046,0.30,-35652.9,43412.0
127.447060,-26.346323,449.3,-5.596,0.30,-38081.8,43329.1
127.446571,-26.369517,451.5,-16.717,0.30,-40660.8,43280.3
127.420923,-26.369896,456.3,-26.747,0.30,-40703.0,40717.1
127.420230,-26.347421,478.8,-14.757,0.30,-38203.9,40647.8
127.421643,-26.323542,486.8,-2.289,0.30,-35548.6,40789.0
127.421065,-26.300426,473.5,2.890,0.30,-32978.3,40731.3
127.421941,-26.278748,476.8,9.856,0.30,-30567.8,40818.8
127.423303,-26.255106,490.0,8.852,0.30,-27938.9,40954.9
127.397571,-26.255152,477.8,6.126,0.30,-27944.0,38383.3
127.397763,-26.278534,478.1,9.875,0.30,-30544.0,38402.5
127.397996,-26.300862,473.5,3.456,0.30,-33026.7,38425.8
127.396184,-26.322941,466.2,-10.999,0.30,-35481.8,38244.7
127.395915,-26.346144,452.6,-20.540,0.30,-38061.9,38217.8
127.370871,-26.368750,435.8,-26.095,0.30,-40575.5,35715.0
127.345202,-26.368075,442.1,-25.434,0.30,-40500.5,33149.7
127.320899,-26.368632,431.2,-24.722,0.30,-40562.4,30720.9
127.295982,-26.366523,427.9,-24.654,0.30,-40327.9,28230.7
127.270187,-26.367818,427.7,-25.260,0.30,-40471.9,25652.8
127.246343,-26.367593,431.8,-23.058,0.30,-40446.9,23269.9
127.220277,-26.367542,426.5,-21.773,0.30,-40441.2,20664.9
127.220400,-26.342858,431.6,-7.638,0.30,-37696.5,20677.2
127.246390,-26.344777,430.8,-10.821,0.30,-37909.9,23274.6
127.271516,-26.345653,429.7,-15.093,0.30,-38007.3,25785.6
127.297373,-26.344948,443.8,-16.590,0.30,-37928.9,28369.7
127.321720,-26.345637,440.8,-16.706,0.30,-38005.5,30802.9
127.347416,-26.345407,443.5,-20.260,0.30,-37979.9,33370.9
127.371231,-26.345809,444.2,-20.981,0.30,-38024.6,35750.9
127.371341,-26.322730,451.7,-9.436,0.30,-35458.3,35761.9
127.346506,-26.328418,444.5,-11.066,0.30,-36090.8,33280.0
127.320690,-26.323563,442.7,-1.382,0.30,-35551.0,30700.0
127.296181,-26.322755,442.1,4.850,0.30,-35461.1,28250.6
127.272137,-26.322003,434.2,8.653,0.30,-35377.5,25847.7
126.697677,-26.246627,517.6,-31.335,0.30,-26996.1,-31562.7
126.696943,-26.268899,501.4,-38.853,0.30,-29472.6,-31636.1
126.723355,-26.269543,510.7,-33.041,0.30,-29544.2,-28996.5
126.748155,-26.269802,533.9,-29.968,0.30,-29573.0,-26518.1
126.772213,-26.270345,522.6,-26.962,0.30,-29633.4,-24113.8
126.797623,-26.270657,502.5,-22.522,0.30,-29668.1,-21574.3
126.823323,-26.270941,489.3,-19.460,0.30,-29699.7,-19005.9
126.847119,-26.271526,480.0,-16.239,0.30,-29764.7,-16627.8
126.871656,-26.271823,472.7,-15.449,0.30,-29797.7,-14175.6
126.897044,-26.271867,468.3,-12.996,0.30,-29802.6,-11638.4
126.897783,-26.249085,471.5,-11.418,0.30,-27269.4,-11564.5
126.922414,-26.272667,466.6,-7.848,0.30,-29891.6,-9103.0
126.947432,-26.272762,469.2,-7.910,0.30,-29902.2,-6602.7
126.972501,-26.273766,477.5,-0.846,0.30,-30013.8,-4097.4
126.997357,-26.273918,478.3,2.577,0.30,-30030.7,-1613.3
127.022475,-26.274581,468.1,5.275,0.30,-30104.4,896.9
127.073150,-26.274418,456.0,11.691,0.30,-30086.3,5961.3
127.096696,-26.274687,455.9,13.882,0.30,-30116.2,8314.4
127.122339,-26.275148,449.9,16.100,0.30,-30167.5,10877.2
127.147873,-26.276113,444.8,18.327,0.30,-30274.8,13429.0
127.172395,-26.276795,443.9,18.216,0.30,-30350.6,15879.7
127.196500,-26.276552,447.8,19.473,0.30,-30323.6,18288.7
127.197295,-26.299071,441.5,19.059,0.30,-32827.6,18368.1
127.221925,-26.321865,436.7,12.302,0.30,-35362.2,20829.6
127.247624,-26.322215,435.7,11.090,0.30,-35401.1,23397.9
127.247463,-26.299368,441.0,20.703,0.30,-32860.6,23381.8
127.223203,-26.299027,442.3,22.139,0.30,-32822.7,20957.3
127.221337,-26.276614,445.2,19.349,0.30,-30330.5,20770.8
127.248656,-26.276608,445.2,23.287,0.30,-30329.8,23501.0
127.248346,-26.253764,444.6,22.835,0.30,-27789.7,23470.1
127.247862,-26.231311,448.7,20.029,0.30,-25293.0,23421.7
127.248710,-26.208857,454.3,11.570,0.30,-22796.2,23506.4
127.272595,-26.231408,459.2,19.745,0.30,-25303.8,25893.5
127.273505,-26.254466,447.7,22.723,0.30,-27867.7,25984.4
127.273017,-26.277125,452.4,23.205,0.30,-30387.3,25935.6
127.272056,-26.299248,440.9,21.822,0.30,-32847.3,25839.6
127.296572,-26.300228,443.9,19.706,0.30,-32956.2,28289.7
127.321959,-26.300619,449.2,17.352,0.30,-32999.7,30826.8
127.347624,-26.301183,453.5,16.010,0.30,-33062.4,33391.7
127.371834,-26.300870,458.2,13.718,0.30,-33027.6,35811.2
127.372921,-26.278283,464.9,19.542,0.30,-30516.1,35919.8
127.348225,-26.278703,460.1,22.703,0.30,-30562.8,33451.8
127.322460,-26.277759,454.7,24.505,0.30,-30457.8,30876.9
127.296590,-26.277206,451.8,23.532,0.30,-30396.3,28291.5
127.298854,-26.254450,456.8,21.546,0.30,-27866.0,28517.7
127.298434,-26.232362,466.5,19.685,0.30,-25409.9,28475.8
127.323841,-26.232590,468.0,16.155,0.30,-25435.2,31014.9
127.323509,-26.255061,464.4,21.727,0.30,-27933.9,30981.7
127.347407,-26.256054,467.9,18.920,0.30,-28044.3,33370.0
127.372634,-26.255843,472.0,13.460,0.30,-28020.8,35891.2
127.346810,-26.233001,478.7,11.534,0.30,-25480.9,33310.4
127.373603,-26.232859,482.0,-1.784,0.30,-25465.1,35988.0
127.398526,-26.233763,488.5,1.580,0.30,-25565.7,38478.8
127.422774,-26.233919,502.9,0.413,0.30,-25583.0,40902.1
127.497769,-26.234326,486.8,28.809,0.30,-25628.3,48396.9
127.523613,-26.234934,477.4,31.644,0.30,-25695.9,50979.7
127.548272,-26.234778,469.5,33.596,0.30,-25678.5,53444.1
127.572114,-26.235740,464.8,35.478,0.30,-25785.5,55826.8
127.598215,-26.234954,459.1,29.938,0.30,-25698.1,58435.3
127.624106,-26.235772,451.2,32.359,0.30,-25789.1,61022.8
127.648827,-26.236715,451.2,27.030,0.30,-25893.9,63493.4
127.649362,-26.212723,457.3,36.007,0.30,-23226.1,63546.8
127.624248,-26.214638,453.8,35.404,0.30,-23439.1,61037.0
127.598745,-26.213297,461.7,38.596,0.30,-23289.9,58488.3
127.599412,-26.190314,466.5,44.618,0.30,-20734.4,58554.9
127.624003,-26.190980,458.3,41.916,0.30,-20808.4,61012.5
127.650541,-26.190819,458.0,40.027,0.30,-20790.5,63664.6
127.647999,-26.168765,461.3,40.322,0.30,-18338.2,63410.6
127.624129,-26.167818,463.9,46.105,0.30,-18232.9,61025.1
127.599155,-26.168283,467.6,50.432,0.30,-18284.6,58529.2
127.574912,-26.144917,478.0,55.428,0.30,-15686.4,56106.4
127.600158,-26.145346,469.4,47.739,0.30,-15734.1,58629.5
127.624734,-26.145462,465.9,40.481,0.30,-15747.0,61085.5
127.650059,-26.145575,473.5,34.825,0.30,-15759.6,63616.5
127.648941,-26.123386,474.9,20.655,0.30,-13292.3,63504.7
127.624304,-26.123817,480.4,23.756,0.30,-13340.2,61042.6
127.599623,-26.123049,483.4,32.120,0.30,-13254.8,58576.0
127.599119,-26.099823,485.5,26.927,0.30,-10672.2,58525.6
127.624746,-26.100716,482.8,20.275,0.30,-10771.5,61086.7
127.651106,-26.100644,472.6,17.238,0.30,-10763.5,63721.1
127.624618,-26.078183,486.8,19.409,0.30,-8266.0,61074.0
127.600753,-26.077597,489.6,27.125,0.30,-8200.8,58688.9
127.599341,-26.054904,486.3,31.111,0.30,-5677.5,58547.8
127.625532,-26.054895,494.5,19.348,0.30,-5676.5,61165.3
127.650923,-26.056057,495.6,15.938,0.30,-5805.7,63702.8
127.651302,-26.032544,507.6,16.670,0.30,-3191.1,63740.7
127.626605,-26.033443,493.9,19.024,0.30,-3291.1,61272.5
127.600548,-26.032806,494.2,33.876,0.30,-3220.3,58668.4
127.601552,-26.010731,501.9,38.669,0.30,-765.6,58768.8
127.627109,-26.010071,496.2,27.388,0.30,-692.2,61322.9
127.651192,-26.009308,498.8,18.681,0.30,-607.4,63729.7
127.650509,-25.987929,500.9,18.662,0.30,1769.8,63661.4
127.625509,-25.987847,499.1,28.390,0.30,1778.9,61163.0
127.601877,-25.987896,504.2,39.384,0.30,1773.5,58801.3
127.576694,-25.986645,512.5,51.161,0.30,1912.6,56284.5
127.603264,-25.963785,508.8,36.748,0.30,4454.5,58939.9
127.626828,-25.965358,506.4,23.084,0.30,4279.6,61294.8
127.652100,-25.965558,505.9,11.019,0.30,4257.4,63820.4
127.651538,-25.943222,508.1,6.997,0.30,6741.0,63764.3
127.627003,-25.942379,507.4,16.371,0.30,6834.8,61312.3
127.601919,-25.943064,515.2,31.765,0.30,6758.6,58805.5
127.602378,-25.919211,516.9,26.296,0.30,9410.9,58851.3
127.625664,-25.920237,510.0,15.582,0.30,9296.8,61178.5
127.651672,-25.920341,509.1,8.473,0.30,9285.3,63777.7
127.627191,-25.897554,517.2,10.045,0.30,11819.1,61331.1
127.602616,-25.896170,520.0,14.038,0.30,11973.0,58875.1
127.603265,-25.874617,521.5,5.054,0.30,14369.5,58940.0
127.627846,-25.874810,523.3,4.389,0.30,14348.1,61396.6
127.578344,-25.874701,530.9,15.592,0.30,14360.2,56449.4
127.577249,-25.896646,526.2,29.105,0.30,11920.0,56340.0
127.577659,-25.918495,522.2,40.351,0.30,9490.5,56381.0
127.576882,-25.941591,519.2,48.507,0.30,6922.4,56303.3
127.576143,-25.963263,514.2,52.051,0.30,4512.6,56229.5
127.576693,-26.008705,509.8,49.784,0.30,-540.4,56284.4
127.575879,-26.031158,495.6,44.261,0.30,-3037.0,56203.1
127.574914,-26.053802,490.7,42.254,0.30,-5554.9,56106.6
127.574756,-26.077492,486.0,40.832,0.30,-8189.1,56090.8
127.574696,-26.099543,481.8,39.995,0.30,-10641.1,56084.8
127.574805,-26.121633,480.5,45.307,0.30,-13097.4,56095.7
127.574094,-26.167456,476.2,55.374,0.30,-18192.7,56024.7
127.573988,-26.189330,473.4,46.709,0.30,-20624.9,56014.1
127.573158,-26.212722,469.3,37.381,0.30,-23226.0,55931.1
127.549378,-26.211795,475.9,31.140,0.30,-23122.9,53554.6
127.524363,-26.212486,500.5,25.088,0.30,-23199.8,51054.7
127.498539,-26.210687,510.2,18.562,0.30,-22999.7,48473.9
127.473577,-26.212566,538.8,9.183,0.30,-23208.7,45979.2
127.449505,-26.212243,555.0,1.966,0.30,-23172.7,43573.5
127.448423,-26.189584,537.4,6.012,0.30,-20653.2,43465.4
127.473675,-26.189013,514.3,13.003,0.30,-20589.7,45989.0
127.498258,-26.189306,499.0,22.095,0.30,-20622.3,48445.8
127.524430,-26.189497,490.4,29.853,0.30,-20643.5,51061.4
127.548799,-26.189854,479.4,37.119,0.30,-20683.2,53496.7
127.549090,-26.167488,485.1,55.372,0.30,-18196.2,53525.8
127.524034,-26.167012,495.3,49.781,0.30,-18143.3,51021.8
127.499247,-26.166218,516.3,34.452,0.30,-18055.0,48544.6
127.474042,-26.166442,513.5,23.189,0.30,-18079.9,46025.7
127.448983,-26.165655,530.5,14.314,0.30,-17992.4,43521.3
127.424061,-26.167321,529.3,6.549,0.30,-18177.7,41030.7
127.450157,-26.142748,549.9,24.637,0.30,-15445.3,43638.7
127.473905,-26.143943,530.4,32.162,0.30,-15578.1,46012.0
127.499151,-26.144298,510.8,43.260,0.30,-15617.6,48535.0
127.525725,-26.144161,504.8,55.189,0.30,-15602.4,51190.8
127.548623,-26.144985,487.5,58.303,0.30,-15694.0,53479.2
127.550335,-26.122138,489.3,56.607,0.30,-13153.5,53650.3
127.525056,-26.121557,499.4,58.790,0.30,-13088.9,51123.9
127.499713,-26.121654,514.0,49.820,0.30,-13099.7,48591.2
127.475054,-26.121271,537.8,39.289,0.30,-13057.1,46126.8
127.450175,-26.120950,535.8,32.038,0.30,-13021.4,43640.5
127.449791,-26.096436,545.3,42.560,0.30,-10295.6,43602.1
127.475425,-26.098634,532.8,44.497,0.30,-10540.0,46163.9
127.500180,-26.098903,511.8,48.002,0.30,-10569.9,48637.9
127.525619,-26.099239,499.1,55.857,0.30,-10607.3,51180.2
127.550080,-26.099499,488.4,55.411,0.30,-10636.2,53624.8
127.550421,-26.076645,491.5,50.349,0.30,-8094.9,53658.8
127.524600,-26.076453,501.8,47.355,0.30,-8073.6,51078.3
127.499932,-26.075768,542.0,46.016,0.30,-7997.4,48613.1
127.475609,-26.075901,543.1,51.084,0.30,-8012.2,46182.3
127.451058,-26.075506,543.8,50.040,0.30,-7968.3,43728.7
127.425624,-26.075441,525.9,45.182,0.30,-7961.1,41186.9
127.424653,-26.096577,513.2,39.133,0.30,-10311.3,41089.8
127.424682,-26.119850,524.5,26.624,0.30,-12899.1,41092.7
127.424379,-26.142915,530.9,15.467,0.30,-15463.8,41062.5
127.424200,-26.187276,526.0,0.924,0.30,-20396.5,41044.6
127.424412,-26.210754,534.8,0.459,0.30,-23007.2,41065.8
127.398887,-26.210631,495.6,-9.060,0.30,-22993.5,38514.8
127.374067,-26.210887,500.8,-0.268,0.30,-23022.0,36034.4
127.348404,-26.210072,483.4,2.124,0.30,-22931.3,33469.7
127.323677,-26.209561,473.7,6.387,0.30,-22874.5,30998.5
127.299011,-26.209791,461.0,11.648,0.30,-22900.1,28533.4
127.273841,-26.209395,454.3,15.304,0.30,-22856.1,26018.0
127.222944,-26.208484,459.7,11.907,0.30,-22754.8,20931.4
127.222875,-26.230480,454.9,18.619,0.30,-25200.6,20924.5
127.222527,-26.253141,448.8,21.720,0.30,-27720.4,20889.8
127.197381,-26.254091,444.9,20.918,0.30,-27826.0,18376.7
127.172774,-26.252953,444.8,23.136,0.30,-27699.5,15917.5
127.148230,-26.252529,449.4,20.139,0.30,-27652.3,13464.7
127.122779,-26.252509,451.4,19.751,0.30,-27650.1,10921.1
127.097150,-26.251949,458.5,16.193,0.30,-27587.9,8359.8
127.072685,-26.252086,464.1,12.290,0.30,-27603.1,5914.8
127.047796,-26.251080,472.4,8.485,0.30,-27491.2,3427.5
127.022293,-26.251114,475.3,6.027,0.30,-27495.0,878.8
126.997126,-26.250932,475.1,3.968,0.30,-27474.8,-1636.4
126.972466,-26.250788,473.9,1.276,0.30,-27458.8,-4100.9
126.947221,-26.249820,472.8,-3.468,0.30,-27351.1,-6623.8
126.923325,-26.249922,472.3,-8.309,0.30,-27362.5,-9011.9
126.872773,-26.249280,473.7,-15.975,0.30,-27291.1,-14064.0
126.847279,-26.248572,479.6,-17.639,0.30,-27212.4,-16611.8
126.822557,-26.248406,486.3,-20.053,0.30,-27193.9,-19082.5
126.797436,-26.247920,504.5,-23.200,0.30,-27139.9,-21593.0
126.771412,-26.247591,523.7,-25.532,0.30,-27103.3,-24193.8
126.747961,-26.247251,527.3,-29.354,0.30,-27065.5,-26537.5
126.720315,-26.249611,525.1,-30.515,0.30,-27327.9,-29300.3
126.722423,-26.224330,507.6,-28.996,0.30,-24516.8,-29089.7
126.747423,-26.224382,516.4,-29.863,0.30,-24522.5,-26591.2
126.772461,-26.225426,506.0,-27.311,0.30,-24638.6,-24089.0
126.798049,-26.225652,497.9,-24.594,0.30,-24663.8,-21531.8
126.821686,-26.225818,492.4,-20.958,0.30,-24682.2,-19169.5
126.847078,-26.226155,482.9,-16.581,0.30,-24719.7,-16631.9
126.873284,-26.226334,483.2,-14.791,0.30,-24739.6,-14012.9
126.896975,-26.227025,485.8,-7.879,0.30,-24816.4,-11645.3
126.921508,-26.227608,489.6,-6.406,0.30,-24881.3,-9193.5
126.948557,-26.205670,485.5,1.569,0.30,-22441.9,-6490.3
126.947684,-26.227186,493.6,-1.839,0.30,-24834.3,-6577.5
126.972764,-26.228176,478.6,-0.137,0.30,-24944.4,-4071.1
126.997881,-26.229003,490.4,3.529,0.30,-25036.4,-1560.9
127.022765,-26.228695,492.6,6.403,0.30,-25002.1,925.9
127.048441,-26.229259,498.8,9.496,0.30,-25064.8,3491.9
127.072760,-26.229946,485.3,12.350,0.30,-25141.2,5922.3
127.096696,-26.229614,461.1,14.444,0.30,-25104.3,8314.4
127.123334,-26.230057,456.5,17.303,0.30,-25153.6,10976.6
127.148847,-26.230634,450.6,18.878,0.30,-25217.7,13526.3
127.172933,-26.230459,448.3,22.405,0.30,-25198.3,15933.4
127.197850,-26.231217,449.7,24.064,0.30,-25282.6,18423.6
127.198581,-26.208435,453.2,16.346,0.30,-22749.3,18496.6
127.198694,-26.185591,455.9,7.656,0.30,-20209.2,18507.9
127.199653,-26.163205,459.1,-7.692,0.30,-17720.0,18603.8
127.223530,-26.185682,458.4,6.611,0.30,-20219.3,20990.0
127.249490,-26.186045,461.9,3.935,0.30,-20259.7,23584.4
127.273808,-26.186547,455.5,6.769,0.30,-20315.5,26014.7
127.298183,-26.186981,462.1,0.020,0.30,-20363.7,28450.7
127.323135,-26.187341,473.5,-1.518,0.30,-20403.8,30944.3
127.348851,-26.187461,496.0,-3.028,0.30,-20417.1,33514.3
127.374542,-26.187437,518.8,-2.680,0.30,-20414.4,36081.8
127.399751,-26.188971,503.2,-9.093,0.30,-20585.0,38601.2
127.399371,-26.165980,516.2,-2.480,0.30,-18028.5,38563.2
127.399121,-26.142579,507.7,5.316,0.30,-15426.5,38538.2
127.399722,-26.121061,509.8,13.414,0.30,-13033.8,38598.3
127.400807,-26.097521,504.5,27.767,0.30,-10416.2,38706.7
127.400974,-26.075228,502.2,30.992,0.30,-7937.4,38723.4
127.400746,-26.052591,508.9,40.682,0.30,-5420.3,38700.6
127.401083,-26.030664,509.1,44.399,0.30,-2982.1,38734.3
127.426356,-26.052822,515.0,48.280,0.30,-5445.9,41260.0
127.449701,-26.053533,550.9,49.699,0.30,-5525.0,43593.1
127.475536,-26.053686,550.0,50.727,0.30,-5542.0,46175.0
127.500937,-26.053837,517.5,46.913,0.30,-5558.8,48713.5
127.525490,-26.054173,507.6,42.062,0.30,-5596.2,51167.3
127.550865,-26.054295,496.4,44.785,0.30,-5609.7,53703.2
127.550911,-26.034686,501.3,46.362,0.30,-3429.3,53707.8
127.551280,-26.008775,509.8,45.896,0.30,-548.1,53744.7
127.551294,-25.986514,518.4,47.288,0.30,1927.2,53746.1
127.551808,-25.941818,528.7,48.420,0.30,6897.1,53797.5
127.552651,-25.918798,529.5,46.515,0.30,9456.8,53881.7
127.552570,-25.896497,534.4,34.983,0.30,11936.6,53873.6
127.527954,-25.873437,550.7,31.194,0.30,14500.8,51413.5
127.553287,-25.873978,545.0,27.989,0.30,14440.6,53945.3
127.702690,-25.875003,527.4,2.669,0.30,14326.6,68876.3
127.728596,-25.875625,529.9,3.614,0.30,14257.5,71465.3
127.752332,-25.875787,517.7,-0.967,0.30,14239.5,73837.4
127.776833,-25.875279,512.6,-6.763,0.30,14295.9,76286.0
127.801852,-25.876060,516.5,-10.828,0.30,14209.1,78786.4
127.827180,-25.876258,511.4,-16.007,0.30,14187.1,81317.6
127.851531,-25.876401,513.8,-22.816,0.30,14171.2,83751.2
127.876882,-25.876591,514.6,-31.993,0.30,14150.0,86284.7
127.902568,-25.878184,517.8,-41.088,0.30,13972.9,88851.7
128.051317,-25.922496,512.3,-46.847,0.30,9045.6,103717.4
128.050949,-25.945348,507.7,-43.054,0.30,6504.6,103680.6
128.050519,-25.967321,509.1,-39.339,0.30,4061.3,103637.7
128.050589,-25.985289,502.7,-34.993,0.30,2063.4,103644.7
128.075255,-25.986320,509.9,-29.972,0.30,1948.7,106109.7
128.101490,-25.985570,511.7,-37.143,0.30,2032.1,108731.6
128.126386,-25.986606,521.0,-40.591,0.30,1916.9,111219.7
128.149140,-25.986943,522.0,-44.228,0.30,1879.5,113493.7
128.175415,-25.986566,524.7,-45.436,0.30,1921.4,116119.5
128.200892,-25.987477,526.7,-41.947,0.30,1820.1,118665.7
128.225848,-25.987155,527.6,-37.418,0.30,1855.9,121159.7
128.249640,-25.987504,535.0,-32.636,0.30,1817.1,123537.4
128.275546,-25.987022,541.8,-36.605,0.30,1870.7,126126.4
128.299966,-25.987203,548.9,-37.772,0.30,1850.6,128566.9
128.325108,-25.987570,556.2,-35.995,0.30,1809.7,131079.6
128.349635,-25.987718,556.3,-34.856,0.30,1793.3,133530.7
128.374117,-25.987969,566.6,-34.449,0.30,1765.4,135977.4
128.402234,-25.993858,553.5,-34.023,0.30,1110.6,138787.4
128.425592,-25.993027,545.4,-35.876,0.30,1203.0,141121.7
128.425581,-25.970298,552.8,-42.876,0.30,3730.3,141120.6
128.425693,-25.947668,553.4,-48.608,0.30,6246.6,141131.8
128.425929,-25.925586,549.2,-49.030,0.30,8702.1,141155.4
128.401846,-25.924719,580.3,-39.270,0.30,8798.5,138748.6
128.400618,-25.947564,563.1,-46.964,0.30,6258.2,138625.9
128.400686,-25.970034,559.5,-43.869,0.30,3759.7,138632.7
128.250756,-25.968115,530.1,-47.272,0.30,3973.0,123649.0
128.274735,-25.968943,545.8,-46.179,0.30,3881.0,126045.4
128.300509,-25.970022,547.3,-43.303,0.30,3761.0,128621.2
128.326263,-25.969732,551.4,-42.634,0.30,3793.2,131195.0
128.350356,-25.969807,552.8,-38.279,0.30,3784.9,133602.8
128.375724,-25.969000,568.8,-39.879,0.30,3874.6,136138.0
128.375399,-25.946931,554.9,-46.221,0.30,6328.6,136105.6
128.375597,-25.925832,567.3,-40.855,0.30,8674.7,136125.3
128.375565,-25.902399,561.2,-45.309,0.30,11280.3,136122.1
128.375665,-25.879990,544.3,-58.317,0.30,13772.1,136132.1
128.400250,-25.880377,545.7,-54.308,0.30,13729.1,138589.1
128.400993,-25.902680,551.8,-50.312,0.30,11249.1,138663.4
128.427243,-25.901914,547.6,-51.017,0.30,11334.3,141286.7
128.426656,-25.880001,546.5,-49.140,0.30,13770.9,141228.1
128.426301,-25.858347,551.6,-49.817,0.30,16178.7,141192.6
128.400548,-25.858017,549.8,-53.081,0.30,16215.4,138618.9
128.375574,-25.858227,544.8,-56.183,0.30,16192.0,136123.0
128.375412,-25.835485,549.0,-51.771,0.30,18720.8,136106.9
128.401955,-25.834688,552.9,-49.877,0.30,18809.5,138759.5
128.426874,-25.835119,553.8,-46.916,0.30,18761.5,141249.9
128.425716,-25.812402,557.4,-44.794,0.30,21287.5,141134.1
128.399771,-25.812292,558.2,-40.433,0.30,21299.8,138541.2
128.375908,-25.812513,554.1,-41.083,0.30,21275.2,136156.4
128.376476,-25.790408,564.1,-36.442,0.30,23733.2,136213.2
128.400052,-25.790167,579.9,-34.488,0.30,23760.0,138569.3
128.426794,-25.789878,562.3,-46.402,0.30,23792.1,141241.9
128.425476,-25.766948,577.1,-43.735,0.30,26341.8,141110.2
128.427109,-25.742859,584.8,-48.776,0.30,29020.4,141273.3
128.402379,-25.745450,584.0,-36.266,0.30,28732.3,138801.9
128.402946,-25.767998,576.0,-35.911,0.30,26225.0,138858.5
128.376514,-25.767428,572.6,-34.794,0.30,26288.4,136217.0
128.376431,-25.744763,580.8,-34.473,0.30,28808.7,136208.7
128.351469,-25.744938,631.7,-36.274,0.30,28789.2,133714.0
128.351582,-25.767374,584.6,-34.935,0.30,26294.4,133725.3
128.327048,-25.766939,574.9,-42.135,0.30,26342.8,131273.4
128.326566,-25.744163,590.4,-41.203,0.30,28875.4,131225.3
128.309500,-25.741134,578.0,-47.213,0.30,29212.2,129519.7
128.301745,-25.766439,565.6,-52.878,0.30,26398.4,128744.7
128.287113,-25.773031,566.7,-57.641,0.30,25665.4,127282.4
128.276621,-25.789032,571.7,-59.104,0.30,23886.2,126233.9
128.256174,-25.793235,580.3,-63.233,0.30,23418.8,124190.4
128.251458,-25.811470,557.1,-64.697,0.30,21391.2,123719.1
128.276536,-25.811515,560.2,-62.490,0.30,21386.2,126225.4
128.302454,-25.812173,553.1,-60.458,0.30,21313.0,128815.6
128.302562,-25.789436,560.7,-56.139,0.30,23841.2,128826.4
128.327588,-25.788933,611.8,-48.679,0.30,23897.2,131327.4
128.351837,-25.789967,584.3,-40.681,0.30,23782.2,133750.8
128.351587,-25.811786,574.6,-46.840,0.30,21356.0,133725.8
128.327105,-25.812974,553.6,-52.814,0.30,21223.9,131279.1
128.327012,-25.833575,553.2,-58.137,0.30,18933.2,131269.8
128.350237,-25.835025,544.2,-50.902,0.30,18772.0,133590.9
128.351876,-25.857738,543.6,-60.421,0.30,16246.4,133754.7
128.326282,-25.857827,540.6,-62.765,0.30,16236.5,131196.9
128.326131,-25.878932,542.4,-66.159,0.30,13889.7,131181.8
128.351738,-25.879778,546.9,-63.075,0.30,13795.7,133740.9
128.350732,-25.902782,548.2,-48.540,0.30,11237.7,133640.4
128.325834,-25.901987,543.2,-59.805,0.30,11326.1,131152.1
128.326509,-25.924985,538.1,-55.902,0.30,8768.9,131219.6
128.351216,-25.925017,549.4,-53.162,0.30,8765.3,133688.8
128.351264,-25.948285,548.2,-44.225,0.30,6178.0,133693.5
128.326637,-25.946680,545.1,-47.688,0.30,6356.5,131232.4
128.301174,-25.946738,538.3,-51.933,0.30,6350.1,128687.6
128.300668,-25.924684,535.8,-58.511,0.30,8802.4,128637.1
128.277196,-25.925579,536.5,-54.058,0.30,8702.8,126291.3
128.275923,-25.947044,535.6,-54.081,0.30,6316.0,126164.1
128.251257,-25.946536,528.3,-49.660,0.30,6372.5,123699.0
128.250259,-25.925172,529.5,-52.806,0.30,8748.1,123599.3
128.249641,-25.901932,532.8,-63.883,0.30,11332.3,123537.5
128.276025,-25.901210,533.3,-64.986,0.30,11412.5,126174.3
128.300683,-25.901909,540.0,-63.352,0.30,11334.8,128638.6
128.300225,-25.878969,537.6,-68.659,0.30,13885.6,128592.8
128.301509,-25.857557,543.3,-65.514,0.30,16266.5,128721.1
128.300208,-25.835036,545.9,-63.822,0.30,18770.8,128591.1
128.276385,-25.834408,542.0,-64.712,0.30,18840.6,126210.3
128.226479,-25.835235,545.7,-66.912,0.30,18748.6,121222.8
128.201519,-25.857262,535.7,-66.837,0.30,16299.3,118728.3
128.176755,-25.879354,529.0,-63.284,0.30,13842.8,116253.5
128.150477,-25.901560,528.4,-63.932,0.30,11373.6,113627.3
128.124649,-25.900622,524.1,-60.939,0.30,11477.9,111046.1
128.100471,-25.901286,519.2,-59.009,0.30,11404.1,108629.8
128.075000,-25.900690,521.6,-56.731,0.30,11470.4,106084.3
128.050242,-25.900790,517.3,-50.501,0.30,11459.2,103610.0
127.224105,-26.163407,459.2,-2.495,0.30,-17742.4,21047.5
127.248501,-26.164215,465.0,-1.698,0.30,-17832.3,23485.5
127.275014,-26.163436,460.4,-7.346,0.30,-17745.7,26135.2
127.299505,-26.164158,464.7,-4.243,0.30,-17825.9,28582.8
127.323430,-26.164670,485.2,-5.855,0.30,-17882.9,30973.8
127.349016,-26.164553,509.3,-2.467,0.30,-17869.9,33530.8
127.374697,-26.165643,518.0,-0.094,0.30,-17991.1,36097.3
127.374736,-26.142941,502.2,4.949,0.30,-15466.7,36101.2
127.375004,-26.120506,499.3,16.406,0.30,-12972.1,36128.0
127.375507,-26.097248,496.4,30.999,0.30,-10385.9,36178.3
127.375112,-26.076101,495.3,34.544,0.30,-8034.5,36138.8
127.375515,-26.052981,496.9,38.564,0.30,-5463.6,36179.1
127.426428,-26.030328,524.1,39.799,0.30,-2944.7,41267.2
127.450504,-26.030830,527.6,51.369,0.30,-3000.5,43673.3
127.475890,-26.031005,537.8,53.519,0.30,-3020.0,46210.4
127.500591,-26.031328,516.4,47.768,0.30,-3055.9,48678.9
127.527234,-26.031300,507.0,42.520,0.30,-3052.8,51341.6
127.525962,-26.008990,511.4,42.954,0.30,-572.0,51214.5
127.526615,-25.987014,522.0,42.357,0.30,1871.6,51279.7
127.526520,-25.964731,536.1,44.218,0.30,4349.3,51270.2
127.527312,-25.941971,538.3,44.232,0.30,6880.1,51349.4
127.527696,-25.918980,541.0,42.239,0.30,9436.6,51387.8
127.527718,-25.896286,543.8,39.641,0.30,11960.1,51390.0
127.528052,-25.851303,539.1,22.802,0.30,16961.9,51423.3
127.553177,-25.851427,540.6,20.324,0.30,16948.2,53934.3
127.577878,-25.851516,527.9,10.621,0.30,16938.3,56402.8
127.603137,-25.851704,523.6,2.196,0.30,16917.4,58927.2
127.627803,-25.851934,527.5,-0.768,0.30,16891.8,61392.3
127.652827,-25.852419,540.0,-1.943,0.30,16837.9,63893.1
127.678191,-25.852372,535.1,-1.448,0.30,16843.1,66427.9
127.702156,-25.852547,542.0,-0.803,0.30,16823.6,68822.9
127.728526,-25.852547,542.2,2.067,0.30,16823.6,71458.3
127.752211,-25.853163,527.0,-3.279,0.30,16755.1,73825.3
127.777388,-25.852738,517.6,-6.659,0.30,16802.4,76341.5
127.802938,-25.831304,529.4,-13.875,0.30,19185.7,78894.9
127.828004,-25.853719,531.0,-16.911,0.30,16693.3,81400.0
127.852055,-25.853742,518.6,-27.311,0.30,16690.7,83803.6
127.877136,-25.854386,525.1,-33.604,0.30,16619.1,86310.1
127.902003,-25.854281,532.0,-43.662,0.30,16630.8,88795.3
127.957095,-25.854807,529.4,-49.786,0.30,16572.3,94301.1
127.977007,-25.855024,532.0,-49.490,0.30,16548.2,96291.0
128.001462,-25.854889,536.6,-51.087,0.30,16563.2,98735.0
128.026426,-25.854905,534.1,-53.349,0.30,16561.4,101229.9
128.026723,-25.877656,531.4,-50.082,0.30,14031.6,101259.5
128.076754,-25.922846,513.9,-48.652,0.30,9006.7,106259.5
128.075833,-25.945322,512.0,-48.923,0.30,6507.5,106167.5
128.075709,-25.968071,504.1,-44.247,0.30,3977.9,106155.1
128.100598,-25.968495,508.8,-46.353,0.30,3930.8,108642.5
128.125622,-25.968608,515.8,-50.744,0.30,3918.2,111143.3
128.150834,-25.968845,520.3,-54.345,0.30,3891.9,113663.0
128.176110,-25.968968,521.5,-53.110,0.30,3878.2,116189.0
128.200789,-25.969237,524.3,-52.718,0.30,3848.3,118655.4
128.225784,-25.968619,526.7,-48.308,0.30,3917.0,121153.3
128.226168,-25.947604,526.9,-48.099,0.30,6253.8,121191.7
128.201232,-25.946408,524.8,-51.968,0.30,6386.8,118699.6
128.176671,-25.946295,521.9,-55.819,0.30,6399.3,116245.1
128.151535,-25.945956,521.2,-61.233,0.30,6437.0,113733.0
128.126628,-25.945713,519.4,-60.228,0.30,6464.0,111243.9
128.101040,-25.945705,513.6,-57.011,0.30,6464.9,108686.6
128.101814,-25.922595,517.3,-57.719,0.30,9034.6,108764.0
128.126132,-25.923435,521.8,-61.588,0.30,8941.2,111194.3
128.150953,-25.923501,522.1,-61.944,0.30,8933.9,113674.9
128.176698,-25.923937,522.4,-58.809,0.30,8885.4,116247.8
128.201802,-25.924070,525.5,-53.730,0.30,8870.6,118756.6
128.225757,-25.924022,528.3,-53.915,0.30,8876.0,121150.6
128.226207,-25.901931,527.0,-62.236,0.30,11332.4,121195.6
128.201670,-25.901258,531.1,-63.095,0.30,11407.2,118743.4
128.176576,-25.901015,531.1,-63.799,0.30,11434.2,116235.6
128.151804,-25.878977,534.8,-65.368,0.30,13884.7,113759.9
128.126135,-25.878253,536.3,-63.986,0.30,13965.2,111194.6
128.101071,-25.878245,531.1,-61.902,0.30,13966.1,108689.7
128.076763,-25.878284,528.0,-59.666,0.30,13961.8,106260.4
128.050987,-25.877757,527.7,-55.487,0.30,14020.4,103684.4
128.052560,-25.855122,541.0,-57.831,0.30,16537.3,103841.6
128.051817,-25.833488,549.4,-58.452,0.30,18942.9,103767.4
128.076661,-25.855012,540.6,-59.902,0.30,16549.5,106250.3
128.101371,-25.855660,533.1,-63.867,0.30,16477.5,108719.7
128.125986,-25.855912,532.3,-64.575,0.30,16449.4,111179.7
128.150805,-25.856112,534.2,-62.476,0.30,16427.2,113660.1
128.176245,-25.856311,536.8,-66.243,0.30,16405.1,116202.5
128.201352,-25.878441,531.1,-66.420,0.30,13944.3,118711.6
128.226060,-25.878917,532.4,-66.080,0.30,13891.4,121180.9
128.251333,-25.879174,531.3,-66.270,0.30,13862.8,123706.6
128.275244,-25.879080,532.9,-67.596,0.30,13873.3,126096.3
128.276231,-25.857259,538.4,-67.386,0.30,16299.7,126194.9
128.252131,-25.856424,536.6,-67.577,0.30,16392.5,123786.4
128.227976,-25.856322,539.5,-67.887,0.30,16403.9,121372.4
128.251306,-25.834462,541.0,-66.932,0.30,18834.6,123703.9
128.227185,-25.811225,551.0,-67.233,0.30,21418.4,121293.3
128.201573,-25.810965,552.8,-67.195,0.30,21447.3,118733.7
128.201455,-25.832353,548.2,-67.748,0.30,19069.1,118721.9
128.177493,-25.833366,541.1,-65.934,0.30,18956.5,116327.2
128.152865,-25.833115,540.0,-61.464,0.30,18984.4,113865.9
128.128334,-25.833356,538.6,-63.851,0.30,18957.6,111414.4
128.102436,-25.833086,540.4,-63.723,0.30,18987.6,108826.2
128.077270,-25.832913,545.2,-62.113,0.30,19006.8,106311.1
128.028076,-25.832462,542.8,-54.312,0.30,19057.0,101394.8
128.003058,-25.832489,542.9,-53.501,0.30,19054.0,98894.5
127.977499,-25.832183,545.6,-54.765,0.30,19088.0,96340.2
127.957067,-25.831311,539.4,-54.396,0.30,19185.0,94298.3
127.902396,-25.831255,539.4,-54.627,0.30,19191.2,88834.5
127.877759,-25.831268,541.7,-46.015,0.30,19189.7,86372.4
127.853088,-25.831263,532.4,-32.447,0.30,19190.3,83906.8
127.827679,-25.831057,523.6,-24.604,0.30,19213.2,81367.5
127.778007,-25.830777,526.3,-9.405,0.30,19244.3,76403.4
127.752733,-25.830235,524.2,-4.441,0.30,19304.6,73877.5
127.728345,-25.829680,540.5,-3.498,0.30,19366.3,71440.2
127.704392,-25.829187,556.7,-1.624,0.30,19421.1,69046.4
127.671328,-25.829647,543.6,-3.355,0.30,19370.0,65742.1
127.652961,-25.829433,540.9,-3.191,0.30,19393.8,63906.5
127.627586,-25.828927,535.3,-1.451,0.30,19450.0,61370.6
127.603742,-25.829132,526.0,1.804,0.30,19427.2,58987.6
127.578119,-25.828823,522.7,9.080,0.30,19461.6,56426.9
127.553854,-25.828468,525.7,19.495,0.30,19501.1,54001.9
127.529240,-25.828118,526.9,23.978,0.30,19540.0,51542.1
127.504159,-25.827926,530.4,26.767,0.30,19561.4,49035.5
127.479033,-25.827969,530.8,26.522,0.30,19556.6,46524.5
127.503516,-25.805831,519.8,32.651,0.30,22018.2,48971.3
127.529069,-25.806600,518.7,28.711,0.30,21932.7,51525.0
127.529951,-25.783535,514.7,24.093,0.30,24497.4,51613.1
127.554747,-25.806101,516.1,16.505,0.30,21988.2,54091.2
127.578442,-25.806346,518.4,6.360,0.30,21960.9,56459.2
127.604761,-25.806564,528.3,0.415,0.30,21936.7,59089.5
127.628543,-25.806584,533.3,-2.411,0.30,21934.5,61466.2
127.650863,-25.810867,566.0,-3.418,0.30,21458.2,63696.8
127.679630,-25.807980,557.4,-2.859,0.30,21779.2,66571.7
127.703121,-25.807598,542.8,-1.062,0.30,21821.7,68919.4
127.753895,-25.807862,527.3,-7.189,0.30,21792.4,73993.6
127.778148,-25.807264,537.1,-13.163,0.30,21858.9,76417.4
127.803174,-25.808646,535.5,-20.505,0.30,21705.2,78918.5
127.828788,-25.808026,532.3,-30.127,0.30,21774.1,81478.3
127.852406,-25.808946,535.9,-39.106,0.30,21671.8,83838.6
127.878128,-25.808958,550.0,-50.708,0.30,21670.5,86409.3
127.878063,-25.786829,537.6,-52.353,0.30,24131.1,86402.8
127.903437,-25.809128,542.7,-54.344,0.30,21651.6,88938.6
127.927257,-25.805362,548.8,-56.102,0.30,22070.4,91319.1
127.953163,-25.809602,542.5,-55.979,0.30,21598.9,93908.1
127.978712,-25.815184,547.7,-54.724,0.30,20978.2,96461.4
128.003188,-25.809618,547.3,-56.387,0.30,21597.1,98907.5
128.028001,-25.810218,556.2,-54.799,0.30,21530.4,101387.3
128.053928,-25.810757,561.0,-59.333,0.30,21470.5,103978.4
128.077752,-25.809613,549.3,-62.649,0.30,21597.7,106359.3
128.102201,-25.810157,548.0,-67.002,0.30,21537.2,108802.7
128.128860,-25.809878,552.1,-66.988,0.30,21568.2,111466.9
128.152293,-25.811014,546.0,-65.617,0.30,21441.9,113808.8
128.152183,-25.788561,556.6,-65.595,0.30,23938.5,113797.8
128.178627,-25.788644,553.9,-67.222,0.30,23929.3,116440.5
128.193725,-25.796368,552.4,-67.744,0.30,23070.4,117949.4
128.177533,-25.812087,546.3,-67.207,0.30,21322.6,116331.2
128.283125,-25.716255,575.9,-50.123,0.30,31978.6,126883.9
128.303154,-25.720735,578.2,-48.728,0.30,31480.4,128885.5
128.302912,-25.698278,597.1,-51.959,0.30,33977.6,128861.3
128.326930,-25.698298,587.6,-49.992,0.30,33975.3,131261.7
128.326973,-25.722373,582.6,-45.859,0.30,31298.3,131266.0
128.352688,-25.721533,593.5,-41.103,0.30,31391.7,133835.9
128.352307,-25.698470,591.4,-42.490,0.30,33956.2,133797.8
128.377675,-25.699313,616.5,-40.560,0.30,33862.5,136333.0
128.401138,-25.698592,599.7,-40.880,0.30,33942.6,138677.9
128.401633,-25.721995,611.8,-38.443,0.30,31340.3,138727.3
128.426696,-25.721539,582.1,-46.749,0.30,31391.0,141232.1
128.427850,-25.698822,687.4,-49.117,0.30,33917.1,141347.4
128.428206,-25.675796,616.5,-54.038,0.30,36477.4,141383.0
128.426507,-25.652938,595.5,-60.331,0.30,39019.1,141213.2
128.427928,-25.631036,583.3,-68.389,0.30,41454.5,141355.2
128.428165,-25.608757,583.7,-70.996,0.30,43931.8,141378.9
128.427670,-25.585687,585.2,-77.730,0.30,46497.1,141329.4
128.427702,-25.564795,587.0,-81.050,0.30,48820.2,141332.6
128.402310,-25.563994,576.9,-72.084,0.30,48909.3,138795.0
128.377840,-25.564292,568.3,-65.068,0.30,48876.1,136349.5
128.353933,-25.563829,565.5,-55.440,0.30,48927.6,133960.3
128.353568,-25.586553,568.2,-58.044,0.30,46400.8,133923.8
128.352710,-25.608702,573.0,-55.020,0.30,43937.9,133838.1
128.379225,-25.608646,573.3,-54.066,0.30,43944.2,136487.9
128.377305,-25.586447,569.4,-60.637,0.30,46412.6,136296.0
128.402862,-25.586583,584.8,-65.649,0.30,46397.5,138850.2
128.402915,-25.609587,578.6,-63.436,0.30,43839.5,138855.4
128.402179,-25.631344,582.1,-62.550,0.30,41420.3,138781.9
128.401620,-25.653806,593.1,-54.696,0.30,38922.6,138726.0
128.402296,-25.676901,601.8,-46.568,0.30,36354.6,138793.6
128.378027,-25.677134,619.6,-44.388,0.30,36328.7,136368.2
128.378239,-25.654760,597.6,-51.644,0.30,38816.5,136389.4
128.377313,-25.631090,585.0,-54.113,0.30,41448.5,136296.8
128.352404,-25.632353,583.7,-48.864,0.30,41308.1,133807.5
128.352461,-25.654782,594.3,-45.889,0.30,38814.1,133813.2
128.354060,-25.676454,661.4,-42.665,0.30,36404.3,133973.0
128.328448,-25.676527,588.7,-50.470,0.30,36396.2,131413.4
128.052658,-25.787556,555.9,-52.414,0.30,24050.3,103851.4
128.077185,-25.787634,555.8,-56.356,0.30,24041.6,106302.6
128.101554,-25.788357,559.3,-63.623,0.30,23961.2,108738.0
128.127729,-25.787234,563.4,-65.954,0.30,24086.1,111353.9
128.153350,-25.766612,560.7,-65.790,0.30,26379.2,113914.4
128.148168,-25.710833,575.5,-52.064,0.30,32581.5,113396.5
128.153000,-25.697002,579.5,-49.302,0.30,34119.4,113879.4
128.178023,-25.697407,582.4,-56.791,0.30,34074.4,116380.2
128.200136,-25.690779,593.8,-56.062,0.30,34811.4,118590.1
128.254507,-25.693217,579.6,-53.271,0.30,34540.3,124023.8
128.277624,-25.697967,585.2,-54.528,0.30,34012.1,126334.1
128.302376,-25.676740,589.9,-51.712,0.30,36372.5,128807.8
128.302827,-25.653834,602.1,-52.509,0.30,38919.5,128852.8
128.326920,-25.653615,596.1,-52.363,0.30,38943.8,131260.7
128.327934,-25.631617,588.0,-49.004,0.30,41389.9,131362.0
128.328019,-25.608268,576.2,-49.442,0.30,43986.2,131370.5
128.327821,-25.586470,566.9,-52.163,0.30,46410.0,131350.7
128.327903,-25.563436,563.1,-54.385,0.30,48971.3,131358.9
128.278185,-25.562496,557.3,-47.399,0.30,49075.8,126390.2
128.302027,-25.563349,559.1,-50.541,0.30,48981.0,128772.9
128.302662,-25.585276,567.7,-47.144,0.30,46542.8,128836.4
128.302825,-25.608214,583.9,-50.333,0.30,43992.2,128852.6
128.302791,-25.630508,592.1,-49.800,0.30,41513.2,128849.2
128.278634,-25.630441,598.9,-50.041,0.30,41520.7,126435.0
128.277306,-25.653238,593.2,-49.244,0.30,38985.8,126302.3
128.277566,-25.675323,586.8,-54.416,0.30,36530.0,126328.3
128.253099,-25.675988,586.1,-55.284,0.30,36456.1,123883.1
128.228186,-25.675685,584.7,-50.769,0.30,36489.8,121393.4
128.203070,-25.675582,595.6,-54.712,0.30,36501.2,118883.3
128.177693,-25.675144,593.9,-52.824,0.30,36549.9,116347.2
128.152982,-25.675270,587.4,-52.876,0.30,36535.9,113877.6
128.128453,-25.675511,586.5,-47.192,0.30,36509.1,111426.2
128.103183,-25.675478,588.9,-50.523,0.30,36512.8,108900.8
128.127685,-25.697826,580.4,-48.134,0.30,34027.8,111349.5
128.127695,-25.720545,576.0,-56.739,0.30,31501.6,111350.5
128.127626,-25.742418,570.0,-60.573,0.30,29069.4,111343.6
128.127542,-25.765692,569.5,-62.067,0.30,26481.5,111335.2
128.103046,-25.765199,569.0,-61.738,0.30,26536.3,108887.1
128.078370,-25.765094,569.0,-56.982,0.30,26548.0,106421.0
128.053900,-25.764974,563.5,-51.904,0.30,26561.3,103975.6
128.027969,-25.764750,565.4,-49.117,0.30,26586.2,101384.1
128.027405,-25.787190,556.3,-52.303,0.30,24091.0,101327.7
128.002526,-25.787278,554.1,-52.634,0.30,24081.2,98841.3
127.953026,-25.786983,545.8,-55.272,0.30,24114.0,93894.4
127.928358,-25.786572,547.1,-54.541,0.30,24159.7,91429.1
127.903579,-25.786406,540.7,-53.553,0.30,24178.2,88952.8
127.802712,-25.785587,536.7,-26.966,0.30,24269.2,78872.3
127.778272,-25.785533,544.6,-15.655,0.30,24275.2,76429.8
127.753551,-25.785384,530.0,-9.742,0.30,24291.8,73959.3
127.717293,-25.775015,529.8,-9.016,0.30,25444.8,70335.7
127.703572,-25.784643,534.4,-1.382,0.30,24374.2,68964.5
127.678893,-25.784504,544.0,1.936,0.30,24389.7,66498.1
127.628505,-25.784142,530.5,-4.664,0.30,24429.9,61462.4
127.603708,-25.784056,521.9,0.555,0.30,24439.5,58984.2
127.578417,-25.783678,513.2,7.539,0.30,24481.5,56456.7
127.558902,-25.783774,511.6,14.186,0.30,24470.8,54506.4
127.504225,-25.782808,508.0,35.328,0.30,24578.2,49042.1
127.479440,-25.783128,511.4,37.620,0.30,24542.7,46565.1
127.478799,-25.804810,520.9,35.316,0.30,22131.7,46501.1
127.478281,-25.850131,545.0,23.976,0.30,17092.3,46449.3
127.502941,-25.850577,544.2,24.011,0.30,17042.7,48913.8
127.502327,-25.872959,558.8,29.886,0.30,14553.9,48852.4
127.502845,-25.896310,557.7,35.536,0.30,11957.4,48904.2
127.502102,-25.918657,550.9,37.152,0.30,9472.5,48829.9
127.502306,-25.940488,546.9,39.927,0.30,7045.0,48850.3
127.501776,-25.963228,539.8,41.829,0.30,4516.5,48797.4
127.501798,-25.986037,528.7,42.394,0.30,1980.2,48799.6
127.501452,-26.008181,516.8,44.436,0.30,-482.1,48765.0
127.476703,-26.007918,524.7,51.214,0.30,-452.8,46291.6
127.450555,-26.008181,539.4,49.825,0.30,-482.1,43678.4
127.426284,-26.007812,530.9,37.846,0.30,-441.1,41252.8
127.456903,-25.557013,521.2,-8.707,0.30,49685.5,44312.8
128.278017,-25.585456,569.0,-46.088,0.30,46522.8,126373.4
128.277496,-25.608327,579.6,-49.387,0.30,43979.6,126321.3
128.253130,-25.631060,579.1,-54.356,0.30,41451.9,123886.2
128.252432,-25.653301,584.3,-52.330,0.30,38978.8,123816.5
128.227353,-25.652469,587.5,-52.205,0.30,39071.3,121310.1
128.228099,-25.630891,577.8,-54.268,0.30,41470.6,121384.7
128.228822,-25.608095,571.1,-50.691,0.30,44005.4,121456.9
128.252259,-25.607997,575.1,-51.375,0.30,44016.3,123799.2
128.252968,-25.586719,568.3,-48.238,0.30,46382.3,123870.0
128.253359,-25.562830,555.8,-47.520,0.30,49038.7,123909.1
128.030179,-25.560985,562.0,-42.683,0.30,49243.8,101604.9
127.656162,-25.558732,557.4,-36.075,0.30,49494.4,64226.4
127.432384,-25.555936,520.4,-7.412,0.30,49805.3,41862.5
127.407202,-25.555767,522.4,-4.700,0.30,49824.1,39345.8
127.382834,-25.556023,524.2,-6.390,0.30,49795.6,36910.5
127.357827,-25.555988,523.5,-14.190,0.30,49799.5,34411.4
127.332641,-25.555397,527.9,-19.304,0.30,49865.2,31894.3
127.480948,-25.557750,530.3,-14.116,0.30,49603.6,46715.8
127.506529,-25.557304,537.8,-18.398,0.30,49653.1,49272.4
127.530691,-25.557596,544.1,-27.118,0.30,49620.7,51687.1
127.557890,-25.558039,555.5,-28.310,0.30,49571.4,54405.3
127.556355,-25.580595,549.6,-27.857,0.30,47063.3,54251.9
127.581657,-25.558127,567.8,-30.178,0.30,49561.6,56780.5
127.605777,-25.557634,575.1,-28.554,0.30,49616.4,59191.0
127.632195,-25.558842,563.5,-33.758,0.30,49482.1,61831.2
127.682010,-25.559362,536.4,-41.720,0.30,49424.3,66809.6
127.705671,-25.559538,537.7,-44.596,0.30,49404.7,69174.2
127.730577,-25.559205,530.3,-44.342,0.30,49441.8,71663.3
127.755314,-25.559367,523.4,-49.419,0.30,49423.7,74135.5
127.781288,-25.560026,525.5,-52.620,0.30,49350.5,76731.2
127.805231,-25.561138,524.7,-48.380,0.30,49226.8,79124.1
127.829981,-25.583540,536.4,-42.728,0.30,46735.8,81597.5
127.830813,-25.560813,528.9,-44.654,0.30,49263.0,81680.7
127.855207,-25.561136,538.0,-44.376,0.30,49227.0,84118.6
127.880429,-25.560516,541.3,-40.261,0.30,49296.0,86639.2
127.904743,-25.560641,545.5,-38.996,0.30,49282.1,89069.1
127.930900,-25.561037,553.4,-36.535,0.30,49238.1,91683.2
127.954790,-25.561292,543.5,-37.875,0.30,49209.7,94070.7
127.980229,-25.561489,550.0,-39.157,0.30,49187.8,96613.0
128.004354,-25.561544,564.3,-36.900,0.30,49181.7,99024.0
128.054765,-25.585055,575.3,-39.267,0.30,46567.4,104062.0
128.054416,-25.562032,563.2,-47.301,0.30,49127.4,104027.1
128.080014,-25.562702,561.6,-50.238,0.30,49052.9,106585.3
128.104402,-25.562122,562.6,-50.037,0.30,49117.4,109022.6
128.130020,-25.561657,569.1,-48.418,0.30,49169.1,111582.8
128.154053,-25.562453,563.8,-47.883,0.30,49080.6,113984.7
128.178739,-25.562075,559.7,-47.619,0.30,49122.6,116451.7
128.203613,-25.562203,561.7,-45.652,0.30,49108.4,118937.6
128.228861,-25.563416,559.7,-41.555,0.30,48973.5,121460.8
128.227278,-25.585293,569.9,-47.121,0.30,46540.9,121302.6
128.202528,-25.607576,574.1,-51.623,0.30,44063.2,118829.2
128.204503,-25.585436,568.1,-49.084,0.30,46525.0,119026.5
128.178445,-25.584981,567.9,-51.654,0.30,46575.6,116422.4
128.153738,-25.585670,577.7,-52.315,0.30,46499.0,113953.2
128.128908,-25.583912,574.4,-52.702,0.30,46694.5,111471.7
128.103457,-25.583641,570.1,-49.802,0.30,46724.6,108928.2
128.078877,-25.584374,573.9,-45.005,0.30,46643.1,106471.7
128.029487,-25.605813,571.6,-45.058,0.30,44259.2,101535.8
128.029150,-25.584471,571.9,-39.762,0.30,46632.3,101502.1
128.004032,-25.584841,554.6,-40.589,0.30,46591.2,98991.9
127.979105,-25.583522,554.8,-41.019,0.30,46737.8,96500.7
127.954078,-25.583268,556.3,-38.842,0.30,46766.1,93999.5
127.928754,-25.583573,553.0,-37.771,0.30,46732.2,91468.7
127.904801,-25.583026,555.1,-38.893,0.30,46793.0,89074.9
127.880170,-25.583528,553.6,-40.383,0.30,46737.2,86613.3
127.855110,-25.583338,548.8,-42.998,0.30,46758.3,84108.9
127.805106,-25.582385,525.7,-45.087,0.30,46864.3,79111.6
127.780287,-25.582915,523.4,-48.923,0.30,46805.3,76631.2
127.755130,-25.581651,522.8,-47.243,0.30,46945.9,74117.1
127.729875,-25.582741,523.1,-42.724,0.30,46824.7,71593.1
127.731350,-25.604023,522.6,-42.686,0.30,44458.2,71740.5
127.705659,-25.581493,535.2,-45.244,0.30,46963.5,69173.0
127.681384,-25.580621,547.9,-41.648,0.30,47060.4,66747.0
127.656355,-25.581668,556.1,-36.402,0.30,46944.0,64245.7
127.630645,-25.581098,560.2,-33.407,0.30,47007.4,61676.3
127.605933,-25.580219,558.3,-32.598,0.30,47105.1,59206.6
127.581986,-25.579990,559.1,-31.276,0.30,47130.6,56813.4
127.531500,-25.579990,542.7,-19.340,0.30,47130.6,51767.9
127.506284,-25.579262,529.9,-11.360,0.30,47211.5,49247.9
127.481536,-25.579618,522.9,-5.105,0.30,47171.9,46774.6
127.457843,-25.579090,516.5,-0.106,0.30,47230.7,44406.8
127.431586,-25.578527,516.4,1.608,0.30,47293.3,41782.7
127.405975,-25.602103,511.7,5.308,0.30,44671.7,39223.2
127.431362,-25.601615,511.7,7.328,0.30,44726.0,41760.3
127.456255,-25.601932,513.8,5.920,0.30,44690.7,44248.1
127.481089,-25.602655,516.1,1.188,0.30,44610.3,46729.9
127.506390,-25.601941,524.3,-5.727,0.30,44689.7,49258.5
127.531475,-25.602359,537.6,-9.734,0.30,44643.3,51765.4
127.555691,-25.603040,547.5,-19.687,0.30,44567.5,54185.5
127.580074,-25.602627,545.4,-27.917,0.30,44613.5,56622.3
127.605893,-25.602224,551.5,-31.967,0.30,44658.3,59202.6
127.630171,-25.603246,551.6,-33.906,0.30,44544.6,61628.9
127.656346,-25.604204,544.7,-33.336,0.30,44438.1,64244.8
127.679224,-25.604253,538.3,-39.385,0.30,44432.7,66531.2
127.705183,-25.603934,527.4,-44.321,0.30,44468.1,69125.5
127.755288,-25.604265,523.0,-46.362,0.30,44431.3,74132.9
127.779254,-25.604536,523.6,-45.156,0.30,44401.2,76528.0
127.805176,-25.604428,527.1,-45.360,0.30,44413.2,79118.6
127.829871,-25.605143,541.9,-43.346,0.30,44333.7,81586.5
127.854148,-25.605142,555.9,-43.954,0.30,44333.8,84012.7
127.880163,-25.604886,561.1,-40.691,0.30,44362.3,86612.6
127.904496,-25.605274,567.3,-39.375,0.30,44319.1,89044.4
127.930309,-25.605869,559.4,-38.513,0.30,44253.0,91624.1
127.954774,-25.606837,575.9,-37.451,0.30,44145.3,94069.1
127.979687,-25.605412,571.0,-39.078,0.30,44303.8,96558.9
128.004780,-25.606260,561.5,-43.558,0.30,44209.5,99066.6
128.053631,-25.606377,579.6,-46.733,0.30,44196.5,103948.7
128.079123,-25.607948,583.0,-47.921,0.30,44021.8,106496.3
128.102531,-25.607319,576.7,-47.535,0.30,44091.7,108835.7
128.128025,-25.607371,586.9,-52.266,0.30,44085.9,111383.5
128.154492,-25.606772,588.5,-53.923,0.30,44152.6,114028.5
128.178502,-25.608297,587.5,-53.408,0.30,43983.0,116428.0
128.203355,-25.630797,585.0,-52.063,0.30,41481.1,118911.8
128.203061,-25.652287,598.4,-51.109,0.30,39091.5,118882.4
128.176869,-25.653195,618.8,-50.261,0.30,38990.6,116264.8
128.178868,-25.630078,589.8,-50.106,0.30,41561.0,116464.6
128.153793,-25.630570,600.9,-53.405,0.30,41506.3,113958.7
128.153633,-25.653797,601.1,-52.431,0.30,38923.6,113942.7
128.128207,-25.652338,594.8,-51.492,0.30,39085.8,111401.7
128.128654,-25.628858,588.5,-54.159,0.30,41696.7,111446.3
128.103141,-25.629560,585.4,-50.412,0.30,41618.6,108896.6
128.104232,-25.652983,593.3,-46.195,0.30,39014.1,109005.6
128.102927,-25.697860,582.5,-52.835,0.30,34024.0,108875.2
128.103785,-25.720010,578.5,-57.134,0.30,31561.1,108961.0
128.102711,-25.743563,585.6,-59.892,0.30,28942.1,108853.6
128.076767,-25.742338,579.2,-58.946,0.30,29078.3,106260.8
128.052420,-25.741596,571.1,-52.626,0.30,29160.8,103827.7
128.076804,-25.720137,585.2,-57.751,0.30,31546.9,106264.5
128.078211,-25.697311,591.0,-53.345,0.30,34085.1,106405.2
128.054640,-25.689218,586.5,-51.088,0.30,34985.0,104049.5
128.027894,-25.673999,588.5,-47.823,0.30,36677.3,101376.6
128.053168,-25.675009,597.5,-50.619,0.30,36564.9,103902.4
128.078046,-25.674965,594.5,-51.617,0.30,36569.8,106388.7
128.078870,-25.652536,605.4,-47.561,0.30,39063.8,106471.0
128.054453,-25.651612,595.0,-46.348,0.30,39166.6,104030.8
128.079694,-25.629667,599.0,-45.336,0.30,41606.7,106553.4
128.053498,-25.628847,587.5,-42.348,0.30,41697.9,103935.4
128.028666,-25.629887,578.7,-40.413,0.30,41582.3,101453.7
128.003229,-25.629808,574.6,-39.089,0.30,41591.1,98911.6
127.978213,-25.628873,585.0,-35.578,0.30,41695.0,96411.6
127.953729,-25.628580,580.4,-37.644,0.30,41727.6,93964.7
127.928513,-25.628649,574.4,-38.364,0.30,41719.9,91444.6
127.903564,-25.628741,565.3,-41.584,0.30,41709.7,88951.3
127.878990,-25.627772,552.0,-42.662,0.30,41817.5,86495.4
127.854012,-25.628235,542.6,-43.700,0.30,41766.0,83999.1
127.854605,-25.650235,544.4,-44.990,0.30,39319.7,84058.4
127.830642,-25.627763,536.3,-44.986,0.30,41818.5,81663.6
127.804079,-25.626848,529.0,-44.600,0.30,41920.2,79008.9
127.779770,-25.627504,525.2,-45.857,0.30,41847.3,76579.5
127.755480,-25.627472,522.2,-44.671,0.30,41850.8,74152.0
127.729847,-25.626941,522.5,-41.649,0.30,41909.9,71590.3
127.704616,-25.627087,532.0,-41.983,0.30,41893.6,69068.8
127.681096,-25.626320,543.7,-39.863,0.30,41978.9,66718.3
127.654702,-25.626652,547.4,-35.739,0.30,41942.0,64080.5
127.630743,-25.626290,542.4,-33.954,0.30,41982.3,61686.1
127.605018,-25.625485,538.8,-28.358,0.30,42071.8,59115.2
127.581178,-25.625005,535.4,-19.887,0.30,42125.1,56732.6
127.579967,-25.648569,526.6,-8.426,0.30,39504.9,56611.6
127.555905,-25.625534,533.2,-11.169,0.30,42066.3,54206.9
127.530219,-25.625821,530.2,-1.734,0.30,42034.4,51639.9
127.505549,-25.624869,520.1,5.439,0.30,42140.3,49174.4
127.480533,-25.624172,512.6,10.002,0.30,42217.8,46674.4
127.456249,-25.625360,510.0,9.788,0.30,42085.7,44247.5
127.431004,-25.624597,508.5,8.393,0.30,42170.5,41724.5
127.407595,-25.579259,515.6,1.468,0.30,47211.9,39385.1
127.381691,-25.578552,516.4,-0.868,0.30,47290.5,36796.3
127.356930,-25.577220,520.8,-5.895,0.30,47438.6,34321.7
127.331625,-25.577603,516.6,-12.114,0.30,47396.0,31792.8
127.308392,-25.578053,517.8,-14.918,0.30,47346.0,29470.9
127.307223,-25.600113,516.1,-17.527,0.30,44893.0,29354.1
127.332017,-25.600728,512.0,-6.221,0.30,44824.6,31832.0
127.356769,-25.601562,512.3,0.679,0.30,44731.9,34305.6
127.381591,-25.601401,511.6,3.746,0.30,44749.8,36786.3
127.406415,-25.623970,507.4,10.634,0.30,42240.2,39267.2
127.381974,-25.623650,506.9,6.964,0.30,42275.8,36824.6
127.357666,-25.623416,507.5,4.700,0.30,42301.8,34395.3
127.332191,-25.623097,506.2,-0.717,0.30,42337.3,31849.4
127.307140,-25.622621,513.5,-16.409,0.30,42390.2,29345.8
127.282862,-25.622575,534.2,-31.693,0.30,42395.3,26919.5
127.282351,-25.600391,528.1,-31.899,0.30,44862.1,26868.4
127.282860,-25.577283,530.5,-30.488,0.30,47431.6,26919.3
127.282917,-25.554508,528.8,-31.755,0.30,49964.0,26925.0
127.263236,-25.554229,535.7,-39.483,0.30,49995.1,24958.1
127.257763,-25.577035,547.7,-43.805,0.30,47459.2,24411.2
127.257377,-25.599705,551.1,-44.067,0.30,44938.4,24372.6
127.256908,-25.622293,548.8,-42.200,0.30,42426.7,24325.7
127.232921,-25.622118,561.0,-49.128,0.30,42446.2,21928.5
127.232613,-25.598837,570.3,-50.455,0.30,45034.9,21897.7
127.232890,-25.576368,561.1,-50.477,0.30,47533.3,21925.4
127.233440,-25.555019,557.8,-50.832,0.30,49907.2,21980.4
127.157250,-25.576119,573.4,-57.607,0.30,47561.0,14366.1
126.909687,-25.571681,473.6,-60.982,0.30,48054.5,-10374.9
126.759780,-25.570005,532.8,-55.356,0.30,48240.9,-25356.3
126.758848,-25.592344,518.2,-54.596,0.30,45756.9,-25449.4
126.759599,-25.615141,533.7,-53.734,0.30,43222.0,-25374.4
126.758753,-25.637862,547.1,-51.323,0.30,40695.5,-25458.9
126.759604,-25.660916,523.7,-46.736,0.30,38132.0,-25373.9
126.733862,-25.637251,540.3,-48.338,0.30,40763.4,-27946.5
126.709784,-25.637524,534.4,-44.572,0.30,40733.1,-30352.8
126.684211,-25.636751,523.9,-40.034,0.30,40819.0,-32908.5
126.660043,-25.636244,509.8,-35.073,0.30,40875.4,-35323.8
126.658829,-25.658758,508.0,-26.445,0.30,38372.0,-35445.1
126.684131,-25.659643,517.3,-29.192,0.30,38273.6,-32916.5
126.708942,-25.660034,526.2,-33.495,0.30,38230.1,-30436.9
126.732286,-25.660715,519.2,-39.323,0.30,38154.4,-28104.0
126.757968,-25.682947,517.6,-36.828,0.30,35682.3,-25537.4
126.732477,-25.682831,523.9,-26.575,0.30,35695.2,-28084.9
126.708921,-25.682243,527.6,-17.194,0.30,35760.6,-30439.0
126.683881,-25.682202,513.3,-13.139,0.30,35765.1,-32941.5
126.658453,-25.681569,506.0,-11.585,0.30,35835.5,-35482.7
126.658279,-25.703962,516.4,-4.385,0.30,33345.5,-35500.1
126.657552,-25.726584,522.2,-6.751,0.30,30830.1,-35572.8
126.656873,-25.771756,534.3,-11.990,0.30,25807.2,-35640.6
126.657274,-25.794327,542.8,-14.555,0.30,23297.4,-35600.5
126.656404,-25.816497,532.7,-17.094,0.30,20832.2,-35687.5
126.655512,-25.839295,541.5,-19.547,0.30,18297.2,-35776.6
126.655148,-25.861581,536.1,-21.206,0.30,15819.1,-35813.0
126.655195,-25.884581,538.5,-23.473,0.30,13261.6,-35808.3
126.679490,-25.885080,540.4,-19.829,0.30,13206.1,-33380.3
126.703652,-25.885419,554.7,-20.811,0.30,13168.4,-30965.6
126.679289,-25.907040,557.8,-24.312,0.30,10764.3,-33400.4
126.678059,-25.929482,561.7,-27.528,0.30,8268.8,-33523.3
126.678503,-25.952070,530.4,-31.577,0.30,5757.2,-33479.0
126.676589,-25.975882,532.4,-33.015,0.30,3109.4,-33670.2
126.677705,-25.997138,531.6,-32.800,0.30,745.8,-33558.7
126.676771,-26.020640,525.3,-36.044,0.30,-1867.5,-33652.0
126.676281,-26.042913,510.7,-30.471,0.30,-4344.1,-33701.0
126.676334,-26.065159,495.5,-28.675,0.30,-6817.8,-33695.7
126.675348,-26.110568,519.0,-35.078,0.30,-11867.0,-33794.3
126.674518,-26.132868,533.3,-34.895,0.30,-14346.7,-33877.2
126.723226,-26.201243,495.5,-30.087,0.30,-21949.6,-29009.4
126.698800,-26.201757,487.4,-33.565,0.30,-22006.8,-31450.5
126.748254,-26.201185,505.0,-27.360,0.30,-21943.2,-26508.2
126.774750,-26.201585,502.9,-24.468,0.30,-21987.6,-23860.2
126.798499,-26.202099,502.1,-23.769,0.30,-22044.8,-21486.8
126.822732,-26.202940,495.5,-18.908,0.30,-22138.3,-19065.0
126.848859,-26.203998,487.9,-18.134,0.30,-22255.9,-16453.9
126.873933,-26.203941,486.8,-9.548,0.30,-22249.6,-13948.1
126.898966,-26.203965,496.5,-5.612,0.30,-22252.3,-11446.3
126.923290,-26.204922,494.6,-2.379,0.30,-22358.7,-9015.4
126.973404,-26.204679,483.6,2.671,0.30,-22331.7,-4007.1
126.999056,-26.205770,489.3,4.660,0.30,-22453.0,-1443.5
127.025051,-26.205134,497.2,6.232,0.30,-22382.3,1154.4
127.049300,-26.206059,485.1,6.812,0.30,-22485.1,3577.8
127.074110,-26.207021,475.2,7.539,0.30,-22592.1,6057.2
127.099748,-26.206379,466.4,9.866,0.30,-22520.7,8619.5
127.124060,-26.207085,465.5,11.276,0.30,-22599.2,11049.2
127.148584,-26.207576,466.9,13.914,0.30,-22653.8,13500.0
127.174861,-26.207714,455.4,16.401,0.30,-22669.1,16126.1
127.173670,-26.185383,462.5,7.763,0.30,-20186.1,16007.1
127.173797,-26.161632,463.2,-6.515,0.30,-17545.1,16019.8
127.174452,-26.140065,469.2,-13.366,0.30,-15146.9,16085.2
127.200561,-26.139403,463.0,-13.796,0.30,-15073.3,18694.5
127.224771,-26.140859,462.1,-10.543,0.30,-15235.2,21114.0
127.250248,-26.141264,464.8,-11.190,0.30,-15280.2,23660.1
127.276628,-26.141123,467.0,-5.475,0.30,-15264.6,26296.5
127.300315,-26.141899,473.3,-7.411,0.30,-15350.9,28663.7
127.325704,-26.142328,487.8,-2.858,0.30,-15398.6,31201.1
127.349300,-26.143300,519.2,1.174,0.30,-15506.6,33559.2
127.348946,-26.118882,487.4,12.572,0.30,-12791.5,33523.8
127.349926,-26.098026,502.4,23.476,0.30,-10472.4,33621.8
127.351168,-26.074216,492.9,27.150,0.30,-7824.8,33745.9
127.350972,-26.050597,487.3,31.656,0.30,-5198.5,33726.3
127.351220,-26.028603,494.9,33.619,0.30,-2752.9,33751.1
127.376261,-26.028847,495.8,40.055,0.30,-2780.0,36253.6
127.400855,-26.007496,518.6,44.234,0.30,-405.9,38711.5
127.376269,-26.006488,502.7,40.706,0.30,-293.8,36254.4
127.350178,-26.005608,537.9,34.951,0.30,-196.0,33646.9
127.352297,-25.984123,509.6,39.171,0.30,2193.0,33858.7
127.351361,-25.960352,521.4,37.793,0.30,4836.3,33765.2
127.352061,-25.939464,507.6,35.253,0.30,7158.9,33835.1
127.352430,-25.916145,513.4,31.633,0.30,9751.8,33872.0
127.352751,-25.894780,512.1,26.845,0.30,12127.5,33904.1
127.353285,-25.872281,504.2,23.659,0.30,14629.3,33957.5
127.353223,-25.848708,501.3,21.057,0.30,17250.5,33951.3
127.353414,-25.826018,497.1,18.171,0.30,19773.5,33970.3
127.353786,-25.803983,494.3,15.209,0.30,22223.7,34007.5
127.354532,-25.781446,493.7,9.302,0.30,24729.7,34082.1
127.355144,-25.758045,494.1,1.730,0.30,27331.8,34143.2
127.378843,-25.781132,499.7,13.674,0.30,24764.6,36511.7
127.404684,-25.780790,502.6,18.146,0.30,24802.6,39094.2
127.429868,-25.781732,507.4,23.800,0.30,24697.9,41611.0
127.455203,-25.781993,505.2,32.449,0.30,24668.9,44142.9
127.454452,-25.805877,521.4,31.480,0.30,22013.1,44067.9
127.429298,-25.805186,517.6,24.220,0.30,22089.9,41554.0
127.403442,-25.803616,522.6,22.355,0.30,22264.5,38970.0
127.378918,-25.804861,516.7,20.084,0.30,22126.1,36519.2
127.380127,-25.825443,510.2,22.335,0.30,19837.4,36640.0
127.404096,-25.824290,543.3,24.542,0.30,19965.7,39035.4
127.429054,-25.825657,527.2,25.974,0.30,19813.7,41529.7
127.453763,-25.828291,529.1,26.877,0.30,19520.8,43999.0
127.453496,-25.851015,541.2,26.020,0.30,16994.0,43972.3
127.427680,-25.849801,531.6,26.460,0.30,17129.0,41392.3
127.402209,-25.849101,521.9,29.997,0.30,17206.8,38846.8
127.377511,-25.848903,512.3,27.538,0.30,17228.8,36378.6
127.379391,-25.871614,510.6,28.695,0.30,14703.5,36566.4
127.403770,-25.872527,532.7,31.414,0.30,14601.9,39002.8
127.429366,-25.872114,551.7,31.567,0.30,14647.9,41560.8
127.453661,-25.871622,556.1,27.036,0.30,14702.6,43988.8
127.479332,-25.873928,557.8,28.666,0.30,14446.2,46554.3
127.477666,-25.895719,560.8,31.854,0.30,12023.1,46387.9
127.478061,-25.918817,552.8,35.374,0.30,9454.7,46427.3
127.478637,-25.941127,566.3,39.430,0.30,6974.0,46484.9
127.476040,-25.963367,570.6,41.020,0.30,4501.0,46225.4
127.477167,-25.987481,550.7,44.497,0.30,1819.6,46338.0
127.451830,-25.984799,540.4,47.651,0.30,2117.9,43805.9
127.451583,-25.963008,546.3,40.223,0.30,4540.9,43781.2
127.452882,-25.939047,547.1,36.211,0.30,7205.3,43911.0
127.452668,-25.917498,544.0,34.769,0.30,9601.4,43889.6
127.453510,-25.895332,553.5,31.713,0.30,12066.1,43973.7
127.428290,-25.895272,555.6,32.091,0.30,12072.8,41453.3
127.401716,-25.894173,525.4,30.066,0.30,12195.0,38797.6
127.379069,-25.894144,515.4,30.681,0.30,12198.2,36534.3
127.378887,-25.916570,522.2,32.042,0.30,9704.6,36516.1
127.403149,-25.916701,529.0,31.587,0.30,9690.0,38940.8
127.428082,-25.918028,533.6,32.891,0.30,9542.5,41432.5
127.429194,-25.939037,530.8,29.173,0.30,7206.4,41543.7
127.402297,-25.939503,523.4,36.529,0.30,7154.6,38855.6
127.377309,-25.938733,516.2,36.631,0.30,7240.2,36358.4
127.377968,-25.962677,531.5,42.693,0.30,4577.7,36424.2
127.402574,-25.961900,529.5,41.039,0.30,4664.1,38883.3
127.426670,-25.961766,526.1,35.833,0.30,4679.0,41291.4
127.427441,-25.985524,532.1,37.769,0.30,2037.3,41368.5
127.401428,-25.984299,519.3,45.274,0.30,2173.5,38768.8
127.376953,-25.984314,511.3,42.160,0.30,2171.8,36322.8
127.326598,-25.984838,500.1,31.773,0.30,2113.5,31290.4
127.325707,-26.006776,529.0,28.400,0.30,-325.9,31201.4
127.326687,-26.028973,498.0,25.928,0.30,-2794.1,31299.3
127.302320,-26.030485,490.0,19.869,0.30,-2962.2,28864.1
127.326373,-26.052067,481.6,26.912,0.30,-5362.0,31267.9
127.324734,-26.074627,484.8,24.864,0.30,-7870.5,31104.1
127.325927,-26.095888,484.6,16.453,0.30,-10234.7,31223.4
127.325741,-26.119566,479.8,4.865,0.30,-12867.5,31204.8
127.299970,-26.118276,471.7,-2.718,0.30,-12724.1,28629.3
127.273920,-26.119817,470.6,-5.972,0.30,-12895.4,26025.9
127.249682,-26.118075,471.2,-11.468,0.30,-12701.7,23603.6
127.225466,-26.117205,470.5,-12.967,0.30,-12605.0,21183.5
127.199953,-26.116750,477.2,-14.888,0.30,-12554.4,18633.8
127.174974,-26.116897,474.2,-16.832,0.30,-12570.8,16137.4
127.152174,-26.116835,485.8,-16.818,0.30,-12563.9,13858.8
127.124061,-26.116851,499.5,-20.501,0.30,-12565.6,11049.3
127.148149,-26.138761,483.6,-14.505,0.30,-15001.9,13456.6
127.149666,-26.162425,482.4,-9.660,0.30,-17633.2,13608.2
127.147256,-26.184040,477.0,5.505,0.30,-20036.7,13367.3
127.124896,-26.184273,475.3,3.020,0.30,-20062.6,11132.7
127.099615,-26.183865,478.2,-0.102,0.30,-20017.3,8606.2
127.072753,-26.183081,475.3,-2.097,0.30,-19930.1,5921.6
127.048338,-26.183005,484.6,-3.227,0.30,-19921.6,3481.6
127.022718,-26.182848,504.9,-6.680,0.30,-19904.2,921.2
126.998618,-26.183044,494.3,-5.210,0.30,-19926.0,-1487.3
126.974017,-26.182371,489.4,-3.684,0.30,-19851.1,-3945.9
126.949000,-26.183185,501.6,-2.540,0.30,-19941.6,-6446.0
126.924264,-26.181806,502.3,-4.422,0.30,-19788.3,-8918.1
126.923653,-26.160269,504.9,-15.504,0.30,-17393.5,-8979.1
126.898827,-26.180718,496.6,-6.510,0.30,-19667.3,-11460.2
126.874077,-26.180071,487.3,-11.136,0.30,-19595.4,-13933.7
126.848431,-26.180448,488.3,-15.260,0.30,-19637.3,-16496.7
126.823780,-26.179880,493.3,-19.911,0.30,-19574.1,-18960.2
126.799103,-26.179861,503.6,-19.834,0.30,-19572.0,-21426.4
126.774635,-26.180082,529.4,-24.330,0.30,-19596.6,-23871.7
126.746228,-26.179443,523.5,-27.873,0.30,-19525.6,-26710.6
126.724169,-26.178909,511.7,-29.847,0.30,-19466.2,-28915.2
126.698271,-26.178585,500.7,-34.666,0.30,-19430.2,-31503.4
126.673482,-26.177202,486.3,-35.364,0.30,-19276.4,-33980.7
126.674879,-26.199323,485.0,-34.538,0.30,-21736.1,-33841.1
126.648547,-26.199646,490.6,-33.214,0.30,-21772.0,-36472.7
126.648781,-26.178340,474.8,-35.991,0.30,-19402.9,-36449.3
126.623296,-26.177065,479.0,-34.033,0.30,-19261.1,-38996.2
126.624394,-26.198933,474.2,-35.037,0.30,-21692.7,-38886.5
126.597459,-26.199444,487.6,-39.670,0.30,-21749.6,-41578.3
126.572815,-26.197295,450.5,-43.416,0.30,-21510.6,-44041.2
126.547971,-26.198556,437.9,-51.684,0.30,-21650.8,-46524.1
126.522649,-26.198080,437.8,-57.855,0.30,-21597.9,-49054.7
126.523757,-26.174706,441.7,-52.148,0.30,-18998.8,-48944.0
126.524144,-26.152817,450.1,-43.976,0.30,-16564.9,-48905.3
126.548654,-26.152515,456.6,-40.506,0.30,-16531.3,-46455.8
126.548378,-26.175523,443.3,-44.194,0.30,-19089.7,-46483.4
126.575037,-26.176100,459.4,-39.874,0.30,-19153.8,-43819.1
126.597705,-26.177541,463.3,-35.513,0.30,-19314.1,-41553.7
126.574691,-26.154222,456.1,-35.220,0.30,-16721.1,-43853.7
126.699766,-26.088525,500.4,-27.161,0.30,-9415.9,-31354.0
126.700618,-26.065652,500.7,-28.359,0.30,-6872.6,-31268.8
126.701333,-26.042944,504.4,-35.595,0.30,-4347.6,-31197.4
126.702162,-26.020834,514.5,-32.859,0.30,-1889.0,-31114.5
126.702427,-25.998171,522.0,-32.595,0.30,631.0,-31088.0
126.702747,-25.975642,541.1,-32.407,0.30,3136.1,-31056.1
126.702807,-25.952927,554.1,-31.047,0.30,5661.9,-31050.1
126.703832,-25.930031,540.3,-25.837,0.30,8207.8,-30947.6
126.703844,-25.907714,543.2,-24.185,0.30,10689.3,-30946.4
126.679986,-25.862678,546.2,-20.516,0.30,15697.1,-33330.7
126.679979,-25.839347,541.3,-20.734,0.30,18291.4,-33331.4
126.681004,-25.816905,548.0,-17.151,0.30,20786.8,-33229.0
126.680908,-25.794793,548.9,-15.227,0.30,23245.6,-33238.6
126.681605,-25.771810,558.1,-11.184,0.30,25801.2,-33168.9
126.682554,-25.749605,552.6,-12.259,0.30,28270.2,-33074.1
126.682515,-25.726773,535.7,-11.412,0.30,30809.1,-33078.0
126.682864,-25.704516,531.8,-6.927,0.30,33283.9,-33043.1
126.707827,-25.704907,539.4,-10.982,0.30,33240.4,-30548.4
126.707628,-25.727181,542.5,-15.359,0.30,30763.7,-30568.3
126.706929,-25.749663,551.8,-17.390,0.30,28263.8,-30638.1
126.706463,-25.772489,562.5,-16.207,0.30,25725.7,-30684.7
126.706077,-25.795100,562.8,-18.252,0.30,23211.4,-30723.3
126.705502,-25.816856,562.7,-17.818,0.30,20792.3,-30780.7
126.705207,-25.839686,551.3,-22.056,0.30,18253.7,-30810.2
126.704469,-25.862600,559.2,-20.551,0.30,15705.8,-30884.0
126.730444,-25.863470,546.3,-21.969,0.30,15609.0,-28288.1
126.730282,-25.840172,561.2,-23.102,0.30,18199.7,-28304.3
126.730129,-25.817481,557.8,-21.587,0.30,20722.8,-28319.5
126.730980,-25.795616,551.0,-18.646,0.30,23154.1,-28234.5
126.731130,-25.772894,543.5,-19.367,0.30,25680.6,-28219.5
126.732063,-25.750120,539.7,-23.176,0.30,28213.0,-28126.3
126.733214,-25.727431,541.0,-20.406,0.30,30735.9,-28011.2
126.732833,-25.705447,531.8,-18.852,0.30,33180.4,-28049.3
126.757481,-25.705795,531.3,-25.641,0.30,33141.7,-25586.0
126.757050,-25.727664,523.6,-26.661,0.30,30710.0,-25629.1
126.756992,-25.749995,528.8,-26.228,0.30,28226.9,-25634.9
126.781500,-25.773685,524.3,-31.847,0.30,25592.7,-23185.6
126.756375,-25.773543,533.6,-25.775,0.30,25608.5,-25696.6
126.756030,-25.796016,535.4,-21.560,0.30,23109.6,-25731.1
126.754855,-25.818001,557.7,-22.042,0.30,20665.0,-25848.5
126.755074,-25.840312,550.0,-23.768,0.30,18184.1,-25826.6
126.754260,-25.863058,533.7,-26.354,0.30,15654.9,-25907.9
126.779530,-25.864066,524.4,-29.395,0.30,15542.8,-23382.5
126.780020,-25.841486,536.6,-25.546,0.30,18053.5,-23333.5
126.780493,-25.818761,539.1,-26.168,0.30,20580.5,-23286.3
126.781282,-25.795933,524.6,-28.347,0.30,23118.8,-23207.4
126.781319,-25.749695,519.2,-31.765,0.30,28260.2,-23203.7
126.782017,-25.728450,510.3,-32.987,0.30,30622.6,-23134.0
126.782816,-25.705214,514.4,-34.016,0.30,33206.3,-23054.1
126.782776,-25.683369,499.6,-45.833,0.30,35635.4,-23058.1
126.783750,-25.660950,515.9,-51.262,0.30,38128.2,-22960.8
126.783622,-25.638818,531.8,-53.810,0.30,40589.2,-22973.6
126.784118,-25.616445,541.2,-55.000,0.30,43077.0,-22924.0
126.784587,-25.593351,538.3,-56.095,0.30,45644.9,-22877.1
126.785496,-25.570336,526.3,-55.216,0.30,48204.1,-22786.3
126.809351,-25.571188,511.8,-55.649,0.30,48109.3,-20402.3
126.834604,-25.571692,512.4,-58.386,0.30,48053.3,-17878.5
126.859038,-25.571997,499.0,-60.235,0.30,48019.4,-15436.6
126.884579,-25.572433,481.1,-61.214,0.30,47970.9,-12884.1
126.934479,-25.572450,478.9,-65.138,0.30,47969.0,-7897.2
126.959500,-25.573298,482.5,-63.176,0.30,47874.7,-5396.7
126.984046,-25.573631,489.1,-62.131,0.30,47837.7,-2943.6
127.008426,-25.574232,502.0,-61.307,0.30,47770.8,-507.1
127.033115,-25.574277,511.4,-61.673,0.30,47765.8,1960.3
127.057974,-25.574619,527.4,-65.078,0.30,47727.8,4444.6
127.083058,-25.574874,526.0,-64.431,0.30,47699.4,6951.5
127.108007,-25.575260,541.2,-63.806,0.30,47656.5,9444.8
127.133390,-25.575499,552.6,-59.802,0.30,47630.0,11981.6
127.183260,-25.576220,577.8,-59.150,0.30,47549.8,16965.5
127.208200,-25.576691,567.8,-56.577,0.30,47497.4,19457.9
127.207470,-25.599106,582.5,-54.331,0.30,45005.0,19385.0
127.182185,-25.598934,586.2,-56.649,0.30,45024.1,16858.1
127.156618,-25.598198,560.3,-56.237,0.30,45105.9,14302.9
127.132793,-25.597670,551.9,-57.316,0.30,45164.6,11921.9
127.108621,-25.597665,538.8,-62.402,0.30,45165.2,9506.2
127.083489,-25.597492,524.2,-64.345,0.30,45184.4,6994.6
127.058604,-25.596975,517.1,-63.110,0.30,45241.9,4507.6
127.033316,-25.596679,517.6,-61.401,0.30,45274.8,1980.4
127.033068,-25.619256,507.3,-62.520,0.30,42764.4,1955.6
127.032670,-25.641196,504.5,-62.061,0.30,40324.8,1915.8
127.057594,-25.619867,515.4,-62.514,0.30,42696.5,4406.7
127.082757,-25.620036,523.8,-62.420,0.30,42677.7,6921.4
127.107508,-25.620419,536.6,-60.662,0.30,42635.1,9395.0
127.132929,-25.620737,542.5,-56.637,0.30,42599.7,11935.5
127.157307,-25.621046,554.9,-52.845,0.30,42565.4,14371.8
127.182700,-25.621407,566.8,-52.273,0.30,42525.2,16909.5
127.207127,-25.621551,567.5,-52.555,0.30,42509.2,19350.7
127.207371,-25.644518,552.2,-51.209,0.30,39955.4,19375.1
127.232323,-25.643807,544.8,-45.694,0.30,40034.4,21868.7
127.257715,-25.644425,532.5,-39.674,0.30,39965.7,24406.4
127.283305,-25.644673,521.5,-29.918,0.30,39938.2,26963.8
127.306256,-25.644928,512.3,-19.127,0.30,39909.8,29257.5
127.330883,-25.645781,505.4,-6.956,0.30,39815.0,31718.6
127.357636,-25.646558,504.0,11.332,0.30,39728.6,34392.3
127.355098,-25.668341,498.8,-1.790,0.30,37306.4,34138.6
127.381624,-25.646251,503.2,13.479,0.30,39762.7,36789.6
127.406911,-25.647067,503.4,17.277,0.30,39672.0,39316.7
127.432027,-25.647378,505.4,17.516,0.30,39637.4,41826.8
127.456235,-25.646952,507.0,18.625,0.30,39684.7,44246.1
127.480896,-25.646041,508.3,16.175,0.30,39786.0,46710.7
127.505858,-25.647641,513.4,10.970,0.30,39608.1,49205.3
127.531233,-25.648031,520.0,6.438,0.30,39564.8,51741.2
127.556070,-25.647869,523.7,-1.110,0.30,39582.8,54223.4
127.606000,-25.648658,533.0,-20.653,0.30,39495.0,59213.3
127.630738,-25.649420,540.4,-30.260,0.30,39410.3,61685.6
127.656280,-25.648594,541.4,-34.848,0.30,39502.2,64238.2
127.677820,-25.648661,541.1,-38.741,0.30,39494.7,66390.9
127.704651,-25.649471,537.2,-41.952,0.30,39404.6,69072.3
127.729638,-25.648650,527.1,-42.100,0.30,39495.9,71569.4
127.729379,-25.672427,523.3,-41.997,0.30,36852.1,71543.6
127.754638,-25.649257,522.4,-46.038,0.30,39428.4,74067.9
127.780080,-25.650694,522.6,-44.909,0.30,39268.7,76610.5
127.803651,-25.649036,525.9,-45.623,0.30,39453.0,78966.2
127.830489,-25.651749,536.3,-45.630,0.30,39151.3,81648.3
127.879536,-25.650413,558.0,-42.747,0.30,39299.9,86550.0
127.904220,-25.650813,566.9,-43.131,0.30,39255.4,89016.8
127.930024,-25.650321,579.1,-39.160,0.30,39310.1,91595.6
127.954703,-25.650597,580.6,-35.916,0.30,39279.4,94062.0
127.979645,-25.650363,588.8,-39.706,0.30,39305.5,96554.7
128.003603,-25.652347,580.2,-41.376,0.30,39084.8,98949.0
128.029082,-25.651611,578.7,-43.576,0.30,39166.7,101495.3
128.027703,-25.674538,588.4,-47.616,0.30,36617.3,101357.5
128.028509,-25.687492,588.7,-48.771,0.30,35176.9,101438.0
127.998743,-25.687872,583.6,-49.417,0.30,35134.6,98463.3
128.002987,-25.674444,591.7,-45.819,0.30,36627.8,98887.4
127.977648,-25.673610,585.6,-44.482,0.30,36720.5,96355.1
127.954019,-25.673767,572.5,-43.854,0.30,36703.0,93993.7
127.929402,-25.673725,565.0,-42.255,0.30,36707.7,91533.5
127.905469,-25.673815,566.2,-42.145,0.30,36697.7,89141.7
127.879349,-25.673761,561.4,-45.814,0.30,36703.7,86531.3
127.852583,-25.673730,548.2,-46.285,0.30,36707.2,83856.3
127.829186,-25.672382,537.6,-44.406,0.30,36857.1,81518.1
127.803875,-25.672355,528.9,-45.556,0.30,36860.1,78988.5
127.804162,-25.695350,528.3,-43.963,0.30,34303.1,79017.2
127.778323,-25.672354,524.0,-43.777,0.30,36860.2,76434.9
127.755416,-25.671528,522.8,-45.388,0.30,36952.0,74145.7
127.704232,-25.671691,522.8,-38.883,0.30,36933.9,69030.4
127.678937,-25.671675,530.8,-36.943,0.30,36935.7,66502.5
127.653334,-25.671738,530.4,-27.836,0.30,36928.7,63943.8
127.629554,-25.671378,530.7,-18.995,0.30,36968.7,61567.2
127.604431,-25.671301,526.1,-9.972,0.30,36977.3,59056.5
127.580213,-25.671250,522.5,-0.977,0.30,36982.9,56636.2
127.554328,-25.670523,516.9,6.175,0.30,37063.8,54049.3
127.531053,-25.670529,512.0,14.964,0.30,37063.1,51723.2
127.505062,-25.670205,509.3,20.930,0.30,37099.1,49125.8
127.504620,-25.693216,505.5,26.661,0.30,34540.4,49081.6
127.480692,-25.668759,505.5,23.296,0.30,37259.9,46690.3
127.454801,-25.669577,506.2,27.784,0.30,37169.0,44102.8
127.429247,-25.669304,503.8,26.541,0.30,37199.3,41549.0
127.405066,-25.668187,502.8,21.520,0.30,37323.5,39132.3
127.380168,-25.668521,500.8,11.592,0.30,37286.4,36644.1
127.329725,-25.667508,505.2,-10.802,0.30,37399.0,31602.9
127.304450,-25.667741,513.6,-18.263,0.30,37373.1,29077.0
127.280274,-25.667609,519.6,-27.616,0.30,37387.8,26660.9
127.256218,-25.667383,527.5,-36.113,0.30,37412.9,24256.8
127.231545,-25.666512,536.2,-42.721,0.30,37509.8,21791.0
127.182664,-25.643048,572.6,-51.004,0.30,40118.8,16905.9
127.156898,-25.644436,553.1,-49.801,0.30,39964.5,14330.9
127.132462,-25.641843,544.9,-54.492,0.30,40252.8,11888.8
127.106548,-25.642728,539.1,-56.153,0.30,40154.4,9299.0
127.082047,-25.642685,522.9,-59.047,0.30,40159.2,6850.5
127.057871,-25.642610,516.5,-61.078,0.30,40167.5,4434.4
126.725043,-26.088823,501.0,-27.864,0.30,-9449.1,-28827.8
126.725316,-26.065943,509.5,-33.764,0.30,-6904.9,-28800.6
126.726039,-26.043206,511.0,-34.167,0.30,-4376.7,-28728.3
126.726362,-26.021093,522.1,-32.893,0.30,-1917.8,-28696.0
126.727200,-25.997374,528.7,-31.395,0.30,719.6,-28612.3
126.728835,-25.975161,546.4,-32.619,0.30,3189.6,-28448.9
126.731404,-25.948307,549.5,-26.634,0.30,6175.6,-28192.1
126.753104,-25.953865,549.4,-25.896,0.30,5557.6,-26023.5
126.777189,-25.954505,542.7,-27.720,0.30,5486.4,-23616.5
126.778395,-25.931492,552.0,-27.222,0.30,8045.3,-23495.9
126.752992,-25.931592,555.9,-23.679,0.30,8034.2,-26034.7
126.727036,-25.930953,544.2,-24.455,0.30,8105.3,-28628.7
126.728951,-25.908800,546.0,-21.620,0.30,10568.6,-28437.3
126.729804,-25.885033,542.1,-23.740,0.30,13211.3,-28352.0
126.754314,-25.886426,543.9,-25.004,0.30,13056.4,-25902.5
126.754275,-25.909237,544.1,-23.812,0.30,10520.0,-25906.4
126.778870,-25.909269,542.3,-28.806,0.30,10516.4,-23448.5
126.779263,-25.887310,533.9,-28.853,0.30,12958.2,-23409.2
126.803637,-25.887201,528.3,-32.584,0.30,12970.3,-20973.3
126.803434,-25.863631,519.6,-33.476,0.30,15591.1,-20993.6
126.805350,-25.841467,519.4,-31.032,0.30,18055.7,-20802.1
126.805749,-25.819660,529.6,-31.840,0.30,20480.5,-20762.2
126.806298,-25.795832,513.0,-35.042,0.30,23130.0,-20707.4
126.806618,-25.772257,509.8,-40.413,0.30,25751.5,-20675.4
126.807529,-25.751706,511.6,-39.848,0.30,28036.6,-20584.3
126.807750,-25.728610,500.8,-39.881,0.30,30604.8,-20562.3
126.807232,-25.704887,501.4,-42.378,0.30,33242.7,-20614.0
126.807457,-25.683022,494.2,-53.486,0.30,35673.9,-20591.5
126.832556,-25.684269,489.6,-53.835,0.30,35535.3,-18083.2
126.808171,-25.661462,508.3,-53.534,0.30,38071.3,-20520.2
126.808422,-25.637936,535.7,-55.481,0.30,40687.3,-20495.1
126.809481,-25.616752,518.7,-55.699,0.30,43042.8,-20389.3
126.810246,-25.593967,533.1,-55.449,0.30,45576.4,-20312.8
126.833390,-25.593381,512.0,-57.116,0.30,45641.6,-17999.8
126.834207,-25.616204,504.5,-54.787,0.30,43103.8,-17918.2
126.833089,-25.640344,500.7,-54.232,0.30,40419.5,-18029.9
126.833745,-25.662117,495.8,-55.538,0.30,37998.5,-17964.4
126.858316,-25.684848,484.4,-56.953,0.30,35470.9,-15508.8
126.858156,-25.661992,480.5,-54.715,0.30,38012.4,-15524.8
126.858497,-25.638961,487.2,-54.903,0.30,40573.3,-15490.7
126.858647,-25.617007,492.1,-57.087,0.30,43014.5,-15475.7
126.860191,-25.593513,500.7,-60.508,0.30,45626.9,-15321.4
126.884379,-25.594727,486.5,-61.851,0.30,45491.9,-12904.1
126.883966,-25.617690,481.0,-61.068,0.30,42938.5,-12945.4
126.882302,-25.641046,477.8,-59.287,0.30,40341.5,-13111.7
126.883368,-25.662061,481.1,-57.009,0.30,38004.7,-13005.1
126.882924,-25.685661,479.3,-59.205,0.30,35380.5,-13049.5
126.908453,-25.685223,479.5,-60.494,0.30,35429.2,-10498.2
126.908153,-25.661460,480.0,-60.383,0.30,38071.5,-10528.2
126.908281,-25.639990,478.9,-64.209,0.30,40458.9,-10515.4
126.908242,-25.616068,479.0,-63.835,0.30,43118.9,-10519.3
126.909170,-25.595391,477.1,-61.541,0.30,45418.1,-10426.5
126.933873,-25.595283,481.8,-62.969,0.30,45430.1,-7957.8
126.958645,-25.595924,485.7,-63.964,0.30,45358.8,-5482.1
126.985506,-25.596708,501.4,-60.937,0.30,45271.6,-2797.7
127.008288,-25.596268,500.2,-61.439,0.30,45320.5,-520.9
127.008626,-25.618979,502.0,-60.298,0.30,42795.2,-487.1
126.982573,-25.618249,500.2,-61.635,0.30,42876.4,-3090.8
126.959127,-25.617999,488.9,-62.859,0.30,42904.2,-5433.9
126.933300,-25.617655,482.4,-66.217,0.30,42942.4,-8015.0
126.933786,-25.641215,481.0,-66.013,0.30,40322.7,-7966.5
126.958734,-25.641171,487.1,-66.348,0.30,40327.6,-5473.2
126.983470,-25.641353,493.9,-63.869,0.30,40307.3,-3001.1
127.007970,-25.642418,499.7,-65.263,0.30,40188.9,-552.7
127.007342,-25.664112,494.7,-66.216,0.30,37776.6,-615.4
126.983122,-25.663302,493.9,-66.204,0.30,37866.7,-3035.9
126.957806,-25.663256,485.2,-66.291,0.30,37871.8,-5566.0
126.930766,-25.663626,477.6,-64.304,0.30,37830.7,-8268.3
126.931828,-25.686167,476.9,-62.841,0.30,35324.2,-8162.1
126.957982,-25.686102,484.7,-63.521,0.30,35331.5,-5548.4
126.983533,-25.686932,491.4,-62.925,0.30,35239.2,-2994.8
127.008511,-25.686846,496.2,-63.880,0.30,35248.7,-498.6
127.031854,-25.687315,504.0,-64.314,0.30,35196.6,1834.3
127.032692,-25.663716,502.0,-64.030,0.30,37820.7,1918.0
127.057376,-25.665153,509.1,-61.830,0.30,37660.9,4384.9
127.056024,-25.687175,510.7,-60.602,0.30,35212.1,4249.8
127.081589,-25.688180,521.0,-58.449,0.30,35100.4,6804.7
127.083092,-25.664491,521.3,-60.200,0.30,37734.5,6954.9
127.107924,-25.665391,531.4,-56.105,0.30,37634.4,9436.6
127.106458,-25.687580,532.4,-53.100,0.30,35167.1,9290.0
127.131876,-25.687939,543.3,-51.631,0.30,35127.2,11830.3
127.157202,-25.688844,554.9,-48.912,0.30,35026.6,14361.3
127.155708,-25.665398,555.2,-50.739,0.30,37633.6,14212.0
127.182656,-25.665618,566.2,-48.995,0.30,37609.2,16905.1
127.206314,-25.689421,547.0,-44.953,0.30,34962.4,19269.5
127.180724,-25.689225,567.2,-47.710,0.30,34984.2,16712.0
127.180477,-25.713034,561.2,-44.468,0.30,32336.8,16687.4
127.155712,-25.711817,561.2,-46.749,0.30,32472.1,14212.4
127.130361,-25.711093,547.9,-50.523,0.30,32552.6,11678.9
127.105540,-25.710115,538.7,-51.747,0.30,32661.3,9198.3
127.081276,-25.709319,527.4,-55.646,0.30,32749.8,6773.4
127.056321,-25.709859,514.5,-57.438,0.30,32689.8,4279.4
127.207654,-25.665908,547.1,-47.918,0.30,37576.9,19403.4
127.231047,-25.689606,532.4,-39.144,0.30,34941.8,21741.2
127.255563,-25.690238,522.7,-30.724,0.30,34871.6,24191.3
127.281242,-25.712527,511.6,-15.034,0.30,32393.1,26757.6
127.280596,-25.690543,515.9,-23.052,0.30,34837.6,26693.1
127.304954,-25.690620,506.6,-15.994,0.30,34829.1,29127.3
127.331330,-25.691069,501.0,-10.549,0.30,34779.2,31763.3
127.355662,-25.691069,497.2,-4.347,0.30,34779.2,34195.0
127.380667,-25.691710,506.0,7.868,0.30,34707.9,36694.0
127.404878,-25.691635,505.6,21.986,0.30,34716.2,39113.6
127.430678,-25.692041,500.2,32.670,0.30,34671.1,41692.0
127.455187,-25.692187,505.1,33.440,0.30,34654.8,44141.3
127.480412,-25.693142,506.6,32.525,0.30,34548.6,46662.3
127.529666,-25.693051,510.6,20.370,0.30,34558.8,51584.6
127.555981,-25.693053,513.2,14.265,0.30,34558.5,54214.5
127.580537,-25.693926,519.0,6.237,0.30,34461.5,56668.6
127.603916,-25.693866,518.9,-1.848,0.30,34468.1,59005.0
127.629635,-25.694127,520.5,-9.813,0.30,34439.1,61575.3
127.654081,-25.693944,518.3,-16.788,0.30,34459.5,64018.4
127.679381,-25.694570,520.9,-27.034,0.30,34389.9,66546.9
127.704361,-25.694600,522.0,-35.899,0.30,34386.5,69043.3
127.730609,-25.695619,522.5,-44.422,0.30,34273.2,71666.5
127.754110,-25.695016,523.3,-44.431,0.30,34340.3,74015.1
127.779521,-25.695191,523.6,-44.922,0.30,34320.8,76554.7
127.828808,-25.695813,534.6,-43.527,0.30,34251.6,81480.3
127.854131,-25.695924,543.6,-47.527,0.30,34239.3,84011.0
127.879266,-25.695887,550.4,-48.173,0.30,34243.4,86523.0
127.903244,-25.696297,555.8,-45.159,0.30,34197.8,88919.3
127.929486,-25.696844,561.0,-46.495,0.30,34137.0,91541.9
127.953093,-25.696760,568.2,-46.391,0.30,34146.3,93901.1
127.978531,-25.696954,576.0,-49.121,0.30,34124.8,96443.3
127.972587,-25.719385,573.6,-48.342,0.30,31630.6,95849.3
127.953303,-25.719198,567.9,-48.553,0.30,31651.4,93922.1
127.928872,-25.718909,553.4,-47.309,0.30,31683.5,91480.5
127.902516,-25.719469,554.2,-47.730,0.30,31621.2,88846.5
127.879538,-25.718649,545.2,-50.264,0.30,31712.4,86550.2
127.851419,-25.718333,540.0,-51.537,0.30,31747.5,83740.0
127.829143,-25.718225,534.6,-48.261,0.30,31759.5,81513.8
127.803735,-25.718272,525.7,-47.345,0.30,31754.3,78974.6
127.779241,-25.717153,523.1,-47.241,0.30,31878.7,76526.7
127.754434,-25.717662,525.7,-42.303,0.30,31822.1,74047.5
127.734068,-25.735141,523.2,-25.610,0.30,29878.6,72012.2
127.729253,-25.717620,523.9,-37.109,0.30,31826.8,71531.0
127.704248,-25.717032,521.8,-27.829,0.30,31892.2,69032.0
127.679498,-25.716863,519.4,-17.532,0.30,31911.0,66558.6
127.653737,-25.716251,518.6,-10.847,0.30,31979.0,63984.0
127.629053,-25.716298,517.4,-4.657,0.30,31973.8,61517.2
127.604355,-25.716324,515.5,4.262,0.30,31970.9,59048.9
127.579287,-25.716041,517.3,13.979,0.30,32002.4,56543.7
127.554234,-25.715506,512.0,19.626,0.30,32061.9,54039.9
127.530159,-25.715288,508.2,22.544,0.30,32086.1,51633.9
127.505175,-25.715182,508.4,26.139,0.30,32097.9,49137.0
127.478828,-25.714895,507.5,34.592,0.30,32129.8,46504.0
127.455294,-25.714782,504.1,33.923,0.30,32142.4,44152.0
127.430592,-25.714794,504.1,30.600,0.30,32141.1,41683.4
127.405066,-25.714196,506.4,20.648,0.30,32207.5,39132.3
127.380372,-25.713888,513.6,4.423,0.30,32241.8,36664.5
127.355123,-25.713549,497.6,-6.276,0.30,32279.5,34141.1
127.330248,-25.712970,500.9,-11.637,0.30,32343.9,31655.2
127.305780,-25.713177,501.5,-12.745,0.30,32320.9,29209.9
127.255975,-25.712494,520.0,-24.395,0.30,32396.8,24232.5
127.231049,-25.712242,531.4,-34.115,0.30,32424.8,21741.4
127.205877,-25.711445,543.6,-42.065,0.30,32513.4,19225.8
127.205833,-25.734375,557.9,-36.058,0.30,29963.7,19221.4
127.181615,-25.734772,556.3,-39.801,0.30,29919.6,16801.1
127.156353,-25.733731,555.2,-46.379,0.30,30035.4,14276.5
127.131252,-25.733014,550.5,-47.424,0.30,30115.1,11767.9
127.105382,-25.733387,545.8,-49.139,0.30,30073.6,9182.5
127.081086,-25.732429,534.8,-52.718,0.30,30180.1,6754.4
127.056826,-25.732548,528.1,-55.914,0.30,30166.9,4329.9
127.031164,-25.732362,522.6,-56.095,0.30,30187.6,1765.3
127.031392,-25.707970,510.3,-60.341,0.30,32899.8,1788.1
127.006203,-25.708293,502.8,-61.079,0.30,32863.9,-729.2
126.981972,-25.708958,498.7,-61.189,0.30,32790.0,-3150.8
126.957078,-25.708399,488.8,-60.873,0.30,32852.1,-5638.7
126.932317,-25.708028,479.9,-58.646,0.30,32893.4,-8113.3
126.906383,-25.707872,480.0,-59.341,0.30,32910.7,-10705.1
126.882345,-25.707711,485.9,-59.894,0.30,32928.6,-13107.4
126.857606,-25.706776,489.4,-53.785,0.30,33032.6,-15579.7
126.832308,-25.705978,489.6,-51.670,0.30,33121.3,-18108.0
126.599043,-26.154531,463.0,-33.816,0.30,-16755.5,-41420.0
126.624072,-26.154945,471.5,-35.769,0.30,-16801.5,-38918.7
126.648860,-26.155589,484.4,-36.723,0.30,-16873.1,-36441.4
126.674311,-26.155802,508.5,-35.577,0.30,-16896.8,-33897.9
126.699494,-26.134019,544.3,-30.396,0.30,-14474.6,-31381.2
126.696780,-26.157864,534.9,-34.439,0.30,-17126.1,-31652.4
126.724450,-26.156922,547.1,-29.671,0.30,-17021.3,-28887.1
126.749331,-26.157306,532.1,-25.054,0.30,-17064.0,-26400.5
126.774789,-26.157526,515.6,-21.500,0.30,-17088.5,-23856.3
126.798731,-26.157821,504.1,-18.726,0.30,-17121.3,-21463.6
126.824908,-26.158185,494.0,-19.196,0.30,-17161.8,-18847.5
126.849074,-26.158515,489.3,-16.313,0.30,-17198.5,-16432.4
126.875380,-26.158920,493.3,-17.558,0.30,-17243.5,-13803.4
126.899734,-26.159505,496.5,-14.364,0.30,-17308.6,-11369.6
126.949669,-26.159788,501.4,-15.813,0.30,-17340.0,-6379.1
126.974009,-26.160349,500.8,-16.852,0.30,-17402.4,-3946.7
126.998880,-26.160766,504.3,-17.948,0.30,-17448.8,-1461.1
127.024863,-26.160809,493.0,-16.429,0.30,-17453.5,1135.6
127.049316,-26.161244,484.6,-15.584,0.30,-17501.9,3579.4
127.074488,-26.161128,489.5,-13.403,0.30,-17489.0,6095.0
127.102352,-26.165853,496.8,-10.682,0.30,-18014.4,8879.7
127.124121,-26.167296,492.2,-9.737,0.30,-18174.9,11055.2
127.124787,-26.134578,505.9,-17.915,0.30,-14536.8,11121.8
127.125922,-26.094871,492.4,-20.427,0.30,-10121.6,11235.2
127.150041,-26.094559,482.0,-19.695,0.30,-10086.9,13645.6
127.175350,-26.095296,476.2,-16.788,0.30,-10168.8,16175.0
127.199449,-26.095078,494.3,-12.338,0.30,-10144.6,18583.4
127.225604,-26.095777,478.3,-10.493,0.30,-10222.3,21197.3
127.250521,-26.095941,470.0,-8.390,0.30,-10240.6,23687.4
127.275802,-26.095837,469.2,-1.681,0.30,-10229.0,26214.0
127.300298,-26.096826,473.0,7.555,0.30,-10339.0,28662.0
127.300661,-26.073745,474.5,17.208,0.30,-7772.5,28698.3
127.300322,-26.055844,476.0,22.606,0.30,-5782.0,28664.4
127.301982,-26.005944,497.5,22.558,0.30,-233.3,28830.3
127.302635,-25.983708,496.7,26.510,0.30,2239.2,28895.6
127.302149,-25.961573,500.1,27.059,0.30,4700.5,28847.0
127.327410,-25.961712,495.0,32.022,0.30,4685.0,31371.6
127.327619,-25.939039,502.4,32.142,0.30,7206.1,31392.4
127.327798,-25.916901,514.8,28.740,0.30,9667.8,31410.3
127.328142,-25.894704,527.9,22.425,0.30,12136.0,31444.7
127.328229,-25.871362,504.0,18.136,0.30,14731.5,31453.4
127.328663,-25.848807,493.3,17.351,0.30,17239.5,31496.8
127.328925,-25.825964,491.3,15.967,0.30,19779.5,31523.0
127.329502,-25.803519,494.9,14.504,0.30,22275.3,31580.6
127.329544,-25.780638,493.9,9.584,0.30,24819.5,31584.8
127.304120,-25.781323,496.5,5.972,0.30,24743.4,29044.0
127.304044,-25.802886,498.8,9.623,0.30,22345.7,29036.4
127.303773,-25.825848,494.2,11.273,0.30,19792.4,29009.3
127.303330,-25.847600,489.1,12.969,0.30,17373.7,28965.0
127.303123,-25.871308,489.6,11.758,0.30,14737.5,28944.4
127.303050,-25.892675,495.2,20.569,0.30,12361.6,28937.1
127.302348,-25.915758,496.9,24.925,0.30,9794.9,28866.9
127.302179,-25.938615,513.8,26.211,0.30,7253.3,28850.0
127.277309,-25.938769,490.1,19.489,0.30,7236.2,26364.6
127.251773,-25.938350,485.6,10.154,0.30,7282.8,23812.5
127.278207,-25.916176,487.6,16.023,0.30,9748.4,26454.3
127.277724,-25.893622,487.0,12.873,0.30,12256.3,26406.0
127.278155,-25.870991,488.7,11.981,0.30,14772.7,26449.1
127.279039,-25.848190,491.1,8.533,0.30,17308.1,26537.5
127.278943,-25.825612,493.3,6.096,0.30,19818.7,26527.9
127.279656,-25.802990,499.8,2.613,0.30,22334.1,26599.1
127.279967,-25.780159,509.7,2.863,0.30,24872.8,26630.2
127.254649,-25.780318,514.7,-4.686,0.30,24855.1,24100.0
127.254320,-25.802712,506.4,-1.178,0.30,22365.0,24067.1
127.254115,-25.825323,498.7,0.126,0.30,19850.8,24046.6
127.253669,-25.848602,494.4,2.129,0.30,17262.3,24002.0
127.253304,-25.870088,496.9,1.836,0.30,14873.2,23965.5
127.252770,-25.892850,489.2,6.617,0.30,12342.1,23912.2
127.252695,-25.914971,486.4,13.493,0.30,9882.4,23904.7
127.227415,-25.938155,490.4,8.401,0.30,7304.4,21378.3
127.227991,-25.915202,495.1,5.321,0.30,9856.7,21435.8
127.228524,-25.892127,490.9,0.735,0.30,12422.5,21489.1
127.228025,-25.870424,502.0,-4.653,0.30,14835.8,21439.2
127.228971,-25.848362,497.5,-2.644,0.30,17289.0,21533.8
127.229395,-25.825167,507.0,-4.146,0.30,19868.1,21576.1
127.229939,-25.803075,512.1,-6.406,0.30,22324.7,21630.5
127.204998,-25.802095,516.6,-13.903,0.30,22433.6,19137.9
127.180366,-25.801868,520.4,-21.587,0.30,22458.9,16676.3
127.154940,-25.801308,525.5,-26.501,0.30,22521.1,14135.2
127.130265,-25.801624,530.3,-33.326,0.30,22486.0,11669.3
127.105348,-25.800796,540.6,-37.614,0.30,22578.1,9179.1
127.079779,-25.800822,530.0,-40.773,0.30,22575.2,6623.8
127.055637,-25.800257,520.1,-44.659,0.30,22638.0,4211.1
127.055405,-25.777656,539.6,-45.789,0.30,25151.1,4187.9
127.079617,-25.778216,535.9,-46.773,0.30,25088.9,6607.6
127.103514,-25.778248,543.7,-43.285,0.30,25085.3,8995.8
127.131952,-25.665898,540.4,-53.198,0.30,37578.0,11837.9
127.130329,-25.778543,541.5,-40.845,0.30,25052.5,11675.7
127.155711,-25.779457,533.9,-34.359,0.30,24950.9,14212.3
127.180065,-25.779573,528.5,-25.672,0.30,24938.0,16646.2
127.205156,-25.779236,523.1,-18.982,0.30,24975.4,19153.7
127.229759,-25.780402,516.2,-11.062,0.30,24845.8,21612.5
127.255419,-25.756910,518.5,-7.609,0.30,27458.0,24176.9
127.280292,-25.758533,512.4,-1.700,0.30,27277.5,26662.7
127.305349,-25.758601,504.7,0.505,0.30,27269.9,29166.8
127.330740,-25.758791,496.6,3.392,0.30,27248.8,31704.4
127.379122,-25.759277,495.8,5.620,0.30,27194.8,36539.6
127.404366,-25.759889,497.9,13.319,0.30,27126.7,39062.4
127.430196,-25.759068,501.9,25.696,0.30,27218.0,41643.8
127.454563,-25.759770,502.2,31.839,0.30,27140.0,44079.0
127.479743,-25.760299,503.0,36.600,0.30,27081.1,46595.4
127.504490,-25.760570,506.9,33.151,0.30,27051.0,49068.6
127.529302,-25.760724,509.4,25.530,0.30,27033.9,51548.3
127.554088,-25.761330,511.1,12.785,0.30,26966.5,54025.3
127.580681,-25.761560,512.1,5.730,0.30,26940.9,56683.0
127.604525,-25.761799,519.0,-0.833,0.30,26914.3,59065.9
127.629694,-25.761340,523.2,-4.379,0.30,26965.4,61581.2
127.654835,-25.762450,531.3,-0.400,0.30,26841.9,64093.8
127.677993,-25.761755,530.9,-4.429,0.30,26919.2,66408.1
127.703943,-25.761996,526.4,-10.873,0.30,26892.4,69001.5
127.729536,-25.763565,526.3,-12.656,0.30,26718.0,71559.3
127.753974,-25.762605,530.7,-18.974,0.30,26824.7,74001.5
127.779273,-25.762676,538.6,-22.403,0.30,26816.8,76529.9
127.803898,-25.763083,538.0,-33.625,0.30,26771.6,78990.8
127.829634,-25.761420,533.7,-45.183,0.30,26956.5,81562.9
127.853509,-25.763486,536.5,-52.280,0.30,26726.8,83948.9
127.878777,-25.763316,538.5,-51.230,0.30,26745.7,86474.1
127.903692,-25.763206,549.1,-52.680,0.30,26757.9,88964.1
127.928169,-25.763906,554.9,-52.815,0.30,26680.1,91410.3
127.953684,-25.764522,560.7,-54.252,0.30,26611.6,93960.2
127.979147,-25.764615,557.0,-48.155,0.30,26601.2,96504.9
128.002915,-25.764910,558.4,-49.070,0.30,26568.4,98880.2
128.027505,-25.741988,568.8,-49.495,0.30,29117.2,101337.7
128.003031,-25.742535,567.8,-49.239,0.30,29056.4,98891.8
127.977443,-25.742129,564.1,-48.269,0.30,29101.5,96334.6
127.952158,-25.741821,558.9,-48.472,0.30,29135.8,93807.7
127.926164,-25.741772,557.5,-51.625,0.30,29141.2,91209.9
127.903157,-25.741430,549.3,-52.636,0.30,29179.3,88910.6
127.876398,-25.740977,548.6,-49.537,0.30,29229.6,86236.4
127.852206,-25.740834,538.4,-51.287,0.30,29245.5,83818.7
127.827360,-25.741002,533.0,-48.345,0.30,29226.9,81335.6
127.803638,-25.740149,529.0,-40.819,0.30,29321.7,78964.9
127.778060,-25.740330,528.8,-33.625,0.30,29301.6,76408.6
127.752215,-25.739927,524.8,-34.830,0.30,29346.4,73825.7
127.753308,-25.739653,525.1,-35.484,0.30,29376.9,73935.0
127.728667,-25.739914,523.4,-22.398,0.30,29347.8,71472.4
127.703235,-25.739446,521.5,-20.704,0.30,29399.9,68930.8
127.677596,-25.739821,520.7,-11.817,0.30,29358.2,66368.5
127.653329,-25.739718,518.6,-5.497,0.30,29369.6,63943.3
127.627942,-25.739149,519.0,-5.040,0.30,29432.9,61406.1
127.603940,-25.739063,515.1,4.503,0.30,29442.5,59007.4
127.577592,-25.737800,512.1,14.292,0.30,29582.9,56374.3
127.553633,-25.738576,510.1,20.726,0.30,29496.6,53979.8
127.527820,-25.737234,506.7,23.051,0.30,29645.8,51400.1
127.502915,-25.738286,504.9,28.484,0.30,29528.9,48911.2
127.478447,-25.737290,504.8,32.965,0.30,29639.6,46465.9
127.454117,-25.737066,504.7,35.441,0.30,29664.5,44034.4
127.428804,-25.736634,504.7,28.730,0.30,29712.6,41504.7
127.404029,-25.735820,499.4,19.845,0.30,29803.1,39028.7
127.379190,-25.735874,497.2,8.053,0.30,29797.1,36546.4
127.355007,-25.736629,494.5,-3.296,0.30,29713.1,34129.5
127.329828,-25.736082,495.3,-4.692,0.30,29773.9,31613.2
127.305406,-25.736127,499.7,-5.375,0.30,29768.9,29172.5
127.279125,-25.734547,512.2,-8.391,0.30,29944.6,26546.0
127.253613,-25.735185,523.3,-16.083,0.30,29873.7,23996.4
127.230737,-25.734555,535.0,-26.928,0.30,29943.7,21710.2
127.230017,-25.758366,525.1,-17.182,0.30,27296.1,21638.3
127.202766,-25.757081,535.3,-27.150,0.30,27439.0,18914.9
127.179461,-25.756643,541.8,-34.440,0.30,27487.7,16585.8
127.153799,-25.755756,543.6,-42.723,0.30,27586.3,14021.2
127.129930,-25.755964,551.2,-45.459,0.30,27563.2,11635.8
127.105158,-25.755646,553.0,-45.476,0.30,27598.5,9160.1
127.079807,-25.754812,545.6,-47.672,0.30,27691.3,6626.6
127.054764,-25.754181,542.7,-52.114,0.30,27761.4,4123.8
127.030156,-25.754637,524.2,-53.990,0.30,27710.7,1664.6
127.031255,-25.777076,525.6,-50.456,0.30,25215.6,1774.4
127.006320,-25.753728,510.4,-53.764,0.30,27811.8,-717.6
127.006630,-25.731250,515.4,-58.990,0.30,30311.2,-686.6
126.980338,-25.732229,498.0,-58.594,0.30,30202.4,-3314.1
126.957143,-25.731621,484.3,-58.693,0.30,30270.0,-5632.2
126.930555,-25.731584,478.0,-58.567,0.30,30274.1,-8289.4
126.906031,-25.732672,482.7,-60.519,0.30,30153.1,-10740.2
126.880398,-25.730504,485.6,-57.842,0.30,30394.2,-13302.0
126.856475,-25.730565,489.8,-54.983,0.30,30387.4,-15692.8
126.831618,-25.730917,488.8,-49.238,0.30,30348.3,-18176.9
126.831569,-25.753142,496.0,-46.123,0.30,27877.0,-18181.8
126.724391,-26.133739,537.4,-27.761,0.30,-14443.5,-28893.0
126.749378,-26.134320,523.6,-25.277,0.30,-14508.1,-26395.8
126.775069,-26.134758,513.1,-22.244,0.30,-14556.8,-23828.3
126.799828,-26.135066,502.3,-23.343,0.30,-14591.1,-21354.0
126.825506,-26.136119,495.9,-23.519,0.30,-14708.1,-18787.8
126.849804,-26.136325,489.5,-25.963,0.30,-14731.1,-16359.5
126.875552,-26.136501,496.0,-27.650,0.30,-14750.6,-13786.3
126.899909,-26.136714,495.8,-25.332,0.30,-14774.3,-11352.1
126.925178,-26.137633,508.9,-24.378,0.30,-14876.5,-8826.7
126.950031,-26.137215,515.7,-24.950,0.30,-14830.0,-6343.0
126.974457,-26.137182,521.9,-23.465,0.30,-14826.3,-3901.9
127.000491,-26.138353,512.6,-24.043,0.30,-14956.6,-1300.1
127.022863,-26.138725,503.2,-24.648,0.30,-14997.9,935.7
127.051396,-26.139367,501.6,-22.476,0.30,-15069.3,3787.3
127.049305,-26.115862,502.1,-22.397,0.30,-12455.7,3578.3
127.050020,-26.092127,518.9,-24.322,0.30,-9816.5,3649.7
127.051007,-26.070828,520.3,-24.138,0.30,-7448.1,3748.4
127.051671,-26.049384,539.9,-27.917,0.30,-5063.7,3814.7
127.076755,-26.049728,530.3,-23.792,0.30,-5101.9,6321.6
127.075459,-26.071653,528.4,-21.929,0.30,-7539.9,6192.1
127.075839,-26.094870,504.5,-23.769,0.30,-10121.5,6230.0
127.075575,-26.116979,510.2,-20.819,0.30,-12579.9,6203.7
127.074320,-26.139456,494.9,-19.941,0.30,-15079.2,6078.2
127.099252,-26.138783,507.3,-18.237,0.30,-15004.4,8569.9
127.099268,-26.116300,511.9,-19.971,0.30,-12504.4,8571.5
127.099449,-26.093392,498.0,-20.835,0.30,-9957.1,8589.6
127.100834,-26.071753,515.8,-18.095,0.30,-7551.0,8728.0
127.100244,-26.048883,522.4,-19.226,0.30,-5007.9,8669.0
127.125964,-26.049654,509.1,-16.864,0.30,-5093.7,11239.4
127.125896,-26.071461,507.3,-17.283,0.30,-7518.5,11232.6
127.150715,-26.072154,502.5,-15.935,0.30,-7595.6,13713.0
127.150918,-26.049756,500.1,-12.182,0.30,-5105.0,13733.3
127.176853,-26.051250,490.2,-12.474,0.30,-5271.1,16325.2
127.174423,-26.071174,506.3,-14.089,0.30,-7486.6,16082.3
127.198842,-26.073155,479.2,-12.482,0.30,-7706.9,18522.7
127.200710,-26.049076,487.7,-8.755,0.30,-5029.4,18709.4
127.226860,-26.050140,477.7,-3.128,0.30,-5147.7,21322.8
127.224087,-26.072188,484.2,-6.644,0.30,-7599.3,21045.7
127.250194,-26.073548,471.3,-1.423,0.30,-7750.6,23654.7
127.275660,-26.073772,475.4,6.722,0.30,-7775.5,26199.8
127.275795,-26.051104,474.9,16.750,0.30,-5254.9,26213.3
127.249920,-26.049818,475.8,3.679,0.30,-5111.9,23627.4
127.251636,-26.029267,479.6,6.929,0.30,-2826.7,23798.9
127.275306,-26.029189,480.8,20.751,0.30,-2818.1,26164.4
127.276340,-26.006549,481.3,21.018,0.30,-300.6,26267.7
127.250932,-26.006748,480.4,12.479,0.30,-322.7,23728.5
127.251887,-25.983060,483.9,16.723,0.30,2311.2,23823.9
127.277255,-25.983676,482.7,17.374,0.30,2242.7,26359.2
127.277863,-25.960740,492.0,20.544,0.30,4793.1,26419.9
127.251463,-25.960578,484.0,12.648,0.30,4811.1,23781.6
127.226041,-25.961048,491.2,6.777,0.30,4758.9,21240.9
127.227084,-25.982997,487.0,7.612,0.30,2318.2,21345.2
127.226687,-26.005706,479.7,5.379,0.30,-206.9,21305.5
127.226401,-26.027791,476.8,-1.430,0.30,-2662.6,21276.9
127.201536,-26.027799,484.2,-3.149,0.30,-2663.5,18792.0
127.174248,-26.027804,491.6,-7.965,0.30,-2664.1,16064.8
127.150449,-26.027457,501.1,-9.872,0.30,-2625.5,13686.4
127.126150,-26.026740,514.6,-16.313,0.30,-2545.8,11258.0
127.100673,-26.027364,536.1,-21.055,0.30,-2615.1,8711.9
127.075458,-26.025612,543.5,-24.890,0.30,-2420.3,6192.0
127.051447,-26.024920,555.8,-30.587,0.30,-2343.4,3792.3
127.051374,-26.003140,543.0,-33.434,0.30,78.4,3785.1
127.051734,-25.980350,532.4,-37.508,0.30,2612.6,3821.0
127.077915,-26.004157,540.1,-29.726,0.30,-34.6,6437.5
127.101630,-26.003114,540.6,-24.313,0.30,81.3,8807.5
127.125525,-26.003814,515.2,-18.121,0.30,3.5,11195.6
127.152049,-26.003887,507.1,-11.995,0.30,-4.6,13846.3
127.176910,-26.004714,492.5,-5.879,0.30,-96.6,16330.9
127.201881,-26.004349,485.3,-0.729,0.30,-56.0,18826.4
127.200990,-25.982560,488.2,1.812,0.30,2366.8,18737.4
127.202388,-25.959382,488.2,3.593,0.30,4944.1,18877.1
127.201988,-25.937096,489.1,2.080,0.30,7422.2,18837.1
127.201773,-25.915026,494.0,0.203,0.30,9876.3,18815.6
127.203342,-25.891502,496.4,-5.840,0.30,12492.0,18972.4
127.202071,-25.870195,511.1,-9.571,0.30,14861.3,18845.4
127.203277,-25.847433,512.2,-9.624,0.30,17392.3,18965.9
127.204285,-25.823954,511.7,-10.784,0.30,20003.0,19066.7
127.179252,-25.824826,515.9,-20.320,0.30,19906.1,16564.9
127.154336,-25.824303,527.1,-26.083,0.30,19964.2,14074.9
127.128893,-25.824029,540.9,-28.909,0.30,19994.7,11532.2
127.104065,-25.823363,542.5,-34.588,0.30,20068.7,9050.9
127.079042,-25.822904,527.8,-37.914,0.30,20119.8,6550.1
127.054810,-25.823467,519.5,-41.684,0.30,20057.2,4128.4
127.029168,-25.822675,517.0,-45.815,0.30,20145.2,1565.8
127.004611,-25.823132,509.5,-47.087,0.30,20094.4,-888.3
126.978261,-25.822322,497.4,-51.781,0.30,20184.5,-3521.7
126.953973,-25.846122,490.2,-50.545,0.30,17538.0,-5949.0
126.954638,-25.820627,494.9,-51.791,0.30,20373.0,-5882.6
126.955215,-25.798415,488.4,-51.595,0.30,22842.8,-5824.9
126.979049,-25.798953,497.7,-53.429,0.30,22783.0,-3443.0
127.004793,-25.799494,506.6,-50.154,0.30,22722.8,-870.2
127.030383,-25.799791,523.2,-46.699,0.30,22689.8,1687.3
127.005582,-25.777108,512.2,-50.456,0.30,25212.1,-791.3
126.980557,-25.776353,502.5,-51.395,0.30,25296.0,-3292.3
126.955956,-25.775733,489.9,-52.658,0.30,25364.9,-5750.8
126.981687,-25.754214,499.9,-55.136,0.30,27757.8,-3179.3
126.957065,-25.753920,489.5,-54.727,0.30,27790.4,-5640.0
126.931987,-25.753901,480.7,-56.126,0.30,27792.6,-8146.3
126.930651,-25.775815,481.1,-52.664,0.30,25355.8,-8279.8
126.930382,-25.797751,487.2,-49.117,0.30,22916.7,-8306.7
126.929872,-25.821288,483.2,-47.989,0.30,20299.5,-8357.6
126.905487,-25.820753,491.5,-53.175,0.30,20359.0,-10794.6
126.905890,-25.797648,485.7,-53.369,0.30,22928.1,-10754.3
126.905682,-25.775632,484.5,-54.806,0.30,25376.2,-10775.1
126.905996,-25.753325,483.2,-58.000,0.30,27856.6,-10743.7
126.881389,-25.752581,490.2,-53.248,0.30,27939.3,-13202.9
126.880772,-25.775815,489.9,-53.030,0.30,25355.8,-13264.6
126.880149,-25.797073,484.1,-52.290,0.30,22992.0,-13326.8
126.879899,-25.820013,484.3,-52.265,0.30,20441.2,-13351.8
126.855670,-25.819827,495.4,-49.571,0.30,20461.9,-15773.2
126.855475,-25.797294,490.2,-50.585,0.30,22967.5,-15792.7
126.856032,-25.775520,490.0,-52.568,0.30,25388.6,-15737.0
126.856294,-25.752350,492.2,-52.780,0.30,27965.0,-15710.9
126.831929,-25.774444,498.8,-48.690,0.30,25508.3,-18145.9
126.830745,-25.796907,506.0,-45.523,0.30,23010.5,-18264.2
126.830494,-25.818672,513.3,-41.254,0.30,20590.3,-18289.3
126.829858,-25.842674,511.3,-39.228,0.30,17921.4,-18352.8
126.854196,-25.842739,502.8,-46.026,0.30,17914.2,-15920.5
126.879046,-25.841827,492.0,-50.706,0.30,18015.6,-13437.1
126.903893,-25.843126,489.8,-51.791,0.30,17871.2,-10953.9
126.929653,-25.843427,486.2,-51.453,0.30,17837.7,-8379.5
126.979341,-25.844993,504.6,-47.975,0.30,17663.6,-3413.8
127.003748,-25.844036,509.9,-47.430,0.30,17770.0,-974.6
127.028470,-25.844984,513.4,-45.704,0.30,17664.6,1496.1
127.053835,-25.845577,526.6,-39.990,0.30,17598.6,4031.0
127.079703,-25.845526,540.5,-36.755,0.30,17604.3,6616.2
127.103941,-25.867464,540.4,-31.621,0.30,15164.9,9038.5
127.103932,-25.845977,552.3,-32.904,0.30,17554.2,9037.6
127.129530,-25.845681,542.6,-30.119,0.30,17587.1,11595.8
127.152787,-25.846552,539.1,-27.268,0.30,17490.2,13920.1
127.178362,-25.847060,517.8,-17.925,0.30,17433.7,16476.0
127.178607,-25.869252,507.1,-13.881,0.30,14966.1,16500.5
127.178279,-25.891731,503.4,-8.507,0.30,12466.6,16467.7
127.177482,-25.914732,504.0,-4.984,0.30,9909.0,16388.0
127.177389,-25.936836,502.0,-5.379,0.30,7451.1,16378.7
127.177320,-25.960504,498.7,-5.333,0.30,4819.3,16371.9
127.176298,-25.982556,503.4,-5.563,0.30,2367.3,16269.7
127.152334,-25.981690,509.7,-12.665,0.30,2463.6,13874.8
127.152272,-25.959454,507.2,-11.909,0.30,4936.1,13868.6
127.153077,-25.936294,512.7,-13.578,0.30,7511.4,13949.1
127.153292,-25.913869,509.6,-14.945,0.30,10004.9,13970.5
127.153779,-25.892383,510.1,-15.351,0.30,12394.1,14019.2
127.153773,-25.869548,521.6,-18.986,0.30,14933.2,14018.6
127.129235,-25.868881,529.6,-28.710,0.30,15007.4,11566.3
127.079426,-25.868308,534.1,-37.926,0.30,15071.1,6588.5
127.054275,-25.867652,530.6,-41.606,0.30,15144.0,4075.0
127.029172,-25.867512,523.4,-41.707,0.30,15159.6,1566.2
127.004348,-25.889740,502.8,-47.788,0.30,12687.9,-914.6
127.003800,-25.867638,501.9,-47.716,0.30,15145.6,-969.4
126.978103,-25.866294,495.2,-49.411,0.30,15295.0,-3537.5
126.954315,-25.866886,490.3,-50.462,0.30,15229.2,-5914.8
126.930211,-25.866234,493.2,-48.588,0.30,15301.7,-8323.7
126.904324,-25.865850,486.9,-49.638,0.30,15344.4,-10910.8
126.879359,-25.864501,496.4,-49.361,0.30,15494.4,-13405.8
126.854668,-25.864562,505.7,-45.512,0.30,15487.6,-15873.4
126.829788,-25.864561,513.1,-37.738,0.30,15487.7,-18359.8
126.803409,-25.909725,531.5,-33.174,0.30,10465.7,-20996.1
126.803456,-25.931792,538.9,-33.720,0.30,8012.0,-20991.4
126.802949,-25.954450,546.1,-29.221,0.30,5492.5,-21042.1
126.827387,-25.977060,524.9,-30.128,0.30,2978.4,-18599.8
126.802314,-25.977690,537.8,-29.593,0.30,2908.4,-21105.5
126.777177,-25.976658,540.2,-28.739,0.30,3023.1,-23617.7
126.753412,-25.976728,556.5,-30.999,0.30,3015.3,-25992.7
126.751820,-25.998525,542.4,-32.531,0.30,591.6,-26151.8
126.752020,-26.021088,524.4,-30.631,0.30,-1917.3,-26131.8
126.751199,-26.043950,514.9,-30.615,0.30,-4459.4,-26213.9
126.751065,-26.066260,516.9,-35.189,0.30,-6940.2,-26227.2
126.750522,-26.088772,513.9,-31.141,0.30,-9443.4,-26281.5
126.749790,-26.111387,516.4,-26.575,0.30,-11958.1,-26354.7
126.724901,-26.111445,510.4,-25.537,0.30,-11964.5,-28842.0
126.700458,-26.110829,520.1,-29.078,0.30,-11896.0,-31284.8
127.127754,-25.936746,524.8,-21.289,0.30,7461.1,11418.3
127.127683,-25.913895,526.9,-28.670,0.30,10002.0,11411.2
127.128139,-25.891648,531.6,-24.758,0.30,12475.8,11456.8
127.103457,-25.891856,537.8,-35.449,0.30,12452.7,8990.1
127.102789,-25.913573,536.8,-35.539,0.30,10037.8,8923.4
127.102491,-25.936340,524.7,-26.947,0.30,7506.3,8893.6
127.102142,-25.958431,540.0,-28.815,0.30,5049.9,8858.7
127.077266,-25.958067,535.1,-37.843,0.30,5090.3,6372.7
127.078395,-25.935422,521.1,-31.209,0.30,7608.3,6485.5
127.077893,-25.913605,526.6,-38.979,0.30,10034.3,6435.3
127.078738,-25.891691,529.5,-40.439,0.30,12471.0,6519.8
127.427342,-25.940406,530.7,29.522,0.30,7054.1,41358.6
127.426484,-25.962959,525.9,36.414,0.30,4546.4,41272.8
127.426526,-25.985166,532.4,38.333,0.30,2077.1,41277.0
127.426195,-26.007561,532.3,37.951,0.30,-413.1,41243.9
127.426498,-26.031124,525.5,40.220,0.30,-3033.2,41274.2
127.400995,-26.052372,508.9,40.422,0.30,-5395.9,38725.5
127.400211,-26.075146,502.1,30.832,0.30,-7928.3,38647.1
127.399794,-26.098568,504.4,26.402,0.30,-10532.7,38605.5
127.399792,-26.120096,509.3,13.875,0.30,-12926.5,38605.3
127.399151,-26.143267,507.9,5.070,0.30,-15503.0,38541.2
127.398995,-26.166018,515.9,-2.919,0.30,-18032.8,38525.6
127.399196,-26.188732,503.3,-9.222,0.30,-20558.4,38545.7
127.053377,-25.890646,523.4,-43.869,0.30,12587.2,3985.2
127.053622,-25.912701,514.2,-38.850,0.30,10134.8,4009.7
127.052795,-25.936262,515.9,-34.520,0.30,7514.9,3927.1
127.052151,-25.958094,520.5,-43.245,0.30,5087.3,3862.7
127.026830,-25.980555,524.0,-38.608,0.30,2589.8,1332.2
127.027090,-25.957899,511.9,-45.181,0.30,5109.0,1358.2
127.027874,-25.935816,501.7,-42.657,0.30,7564.5,1436.5
127.030275,-25.913334,506.3,-40.927,0.30,10064.4,1676.5
127.028110,-25.891052,515.5,-44.411,0.30,12542.1,1460.1
126.979370,-25.889724,490.1,-48.665,0.30,12689.7,-3410.9
126.954258,-25.889083,487.4,-47.472,0.30,12761.0,-5920.5
126.928576,-25.888050,493.6,-48.677,0.30,12875.9,-8487.1
126.904691,-25.887932,496.9,-44.196,0.30,12889.0,-10874.2
126.879154,-25.888435,510.2,-44.920,0.30,12833.1,-13426.3
126.853593,-25.887912,515.5,-42.573,0.30,12891.2,-15980.8
126.828837,-25.887726,516.3,-36.702,0.30,12911.9,-18454.9
126.828548,-25.910335,530.4,-32.712,0.30,10397.9,-18483.7
126.851424,-25.931604,522.2,-35.489,0.30,8032.9,-16197.6
126.853259,-25.910023,522.3,-36.026,0.30,10432.6,-16014.2
126.878989,-25.909163,511.9,-38.803,0.30,10528.2,-13442.8
126.904318,-25.910489,498.2,-41.248,0.30,10380.8,-10911.4
126.928086,-25.911506,494.1,-44.682,0.30,10267.7,-8536.1
126.952906,-25.911616,487.1,-47.544,0.30,10255.4,-6055.6
126.977602,-25.911852,493.1,-43.659,0.30,10229.2,-3587.6
127.002859,-25.912611,504.1,-44.947,0.30,10144.8,-1063.4
127.002225,-25.935239,501.1,-44.486,0.30,7628.7,-1126.8
126.978004,-25.934304,497.0,-47.269,0.30,7732.7,-3547.4
126.953952,-25.935071,494.1,-47.177,0.30,7647.4,-5951.1
126.929323,-25.934678,487.2,-45.808,0.30,7691.1,-8412.5
126.904284,-25.934544,494.3,-39.821,0.30,7706.0,-10914.8
126.878472,-25.932874,505.8,-40.163,0.30,7891.7,-13494.4
126.828893,-25.932281,538.5,-35.945,0.30,7957.6,-18449.3
126.828670,-25.954189,533.9,-31.827,0.30,5521.5,-18471.6
126.853564,-25.954876,529.6,-38.346,0.30,5445.2,-15983.7
126.878585,-25.955689,511.9,-38.405,0.30,5354.8,-13483.1
126.902399,-25.955567,495.3,-40.200,0.30,5368.3,-11103.2
126.928777,-25.955688,488.2,-45.370,0.30,5354.9,-8467.1
126.953487,-25.956302,500.0,-46.596,0.30,5286.6,-5997.6
126.979296,-25.957251,504.7,-49.267,0.30,5181.1,-3418.3
127.002866,-25.956999,510.8,-47.679,0.30,5209.1,-1062.7
127.001693,-25.980853,520.7,-43.051,0.30,2556.6,-1180.0
126.976162,-25.978548,515.7,-41.463,0.30,2812.9,-3731.5
126.951192,-25.979105,505.6,-41.903,0.30,2751.0,-6226.9
126.926114,-25.979187,489.8,-41.077,0.30,2741.9,-8733.2
126.901331,-25.978876,492.6,-39.311,0.30,2776.5,-11210.0
126.876463,-25.978353,504.4,-37.043,0.30,2834.6,-13695.2
126.851449,-25.978027,517.2,-34.101,0.30,2870.9,-16195.1
126.852439,-26.001109,509.5,-30.296,0.30,304.3,-16096.1
126.876395,-26.000905,501.5,-32.602,0.30,327.0,-13702.0
126.901770,-26.001911,494.8,-37.172,0.30,215.1,-11166.1
126.927319,-26.002029,495.4,-36.695,0.30,202.0,-8612.8
126.951735,-26.001185,506.2,-39.638,0.30,295.8,-6172.7
126.977120,-26.001265,519.9,-36.960,0.30,286.9,-3635.7
127.000969,-26.001745,534.3,-37.311,0.30,233.6,-1252.3
127.001087,-26.026076,537.1,-33.068,0.30,-2471.9,-1240.5
127.001129,-26.047190,531.3,-31.682,0.30,-4819.7,-1236.3
127.001155,-26.069450,520.9,-29.649,0.30,-7294.9,-1233.7
127.000809,-26.092254,512.8,-31.265,0.30,-9830.6,-1268.3
126.975196,-26.092175,505.6,-32.399,0.30,-9821.8,-3828.0
126.950432,-26.092529,497.8,-32.656,0.30,-9861.2,-6302.9
126.924364,-26.091713,491.6,-35.460,0.30,-9770.4,-8908.1
126.925359,-26.068471,491.6,-35.449,0.30,-7186.0,-8808.6
126.949920,-26.068190,506.5,-31.552,0.30,-7154.8,-6354.1
126.975970,-26.069755,510.0,-31.267,0.30,-7328.8,-3750.7
126.975248,-26.045670,519.0,-30.215,0.30,-4650.7,-3822.8
126.976516,-26.024452,524.3,-32.713,0.30,-2291.3,-3696.1
126.950897,-26.024537,511.3,-32.614,0.30,-2300.8,-6256.4
126.950487,-26.048085,506.4,-29.432,0.30,-4919.2,-6297.4
126.925756,-26.046623,496.2,-30.030,0.30,-4756.6,-8769.0
126.926130,-26.022136,492.0,-35.570,0.30,-2033.8,-8731.6
126.900293,-26.023193,498.7,-34.362,0.30,-2151.3,-11313.7
126.876721,-26.023218,496.5,-31.236,0.30,-2154.1,-13669.4
126.851864,-26.023224,501.9,-33.236,0.30,-2154.8,-16153.6
126.851881,-26.045904,499.1,-32.808,0.30,-4676.7,-16151.9
126.851366,-26.068725,496.7,-31.833,0.30,-7214.3,-16203.4
126.876498,-26.067305,499.3,-32.860,0.30,-7056.4,-13691.7
126.875985,-26.044672,497.2,-33.117,0.30,-4539.7,-13743.0
126.902310,-26.045718,492.7,-33.731,0.30,-4656.0,-11112.1
126.900450,-26.068515,497.7,-32.437,0.30,-7190.9,-11298.0
126.873952,-26.090622,497.6,-31.176,0.30,-9649.1,-13946.2
126.849714,-26.090285,491.7,-31.228,0.30,-9611.6,-16368.5
126.825573,-26.090276,499.4,-32.186,0.30,-9610.6,-18781.1
126.799849,-26.089635,506.1,-33.190,0.30,-9539.4,-21351.9
126.800238,-26.066712,524.0,-31.977,0.30,-6990.4,-21313.0
126.825381,-26.066829,511.7,-30.781,0.30,-7003.5,-18800.2
126.826081,-26.044189,504.9,-32.647,0.30,-4486.0,-18730.3
126.800605,-26.045156,515.8,-31.932,0.30,-4593.5,-21276.3
126.800916,-26.021048,515.2,-34.386,0.30,-1912.8,-21245.2
126.827550,-26.022004,509.8,-34.949,0.30,-2019.1,-18583.5
126.827015,-25.998677,522.3,-31.187,0.30,574.7,-18637.0
126.801648,-26.000302,523.2,-32.811,0.30,394.0,-21172.1
126.776469,-25.998531,527.6,-32.625,0.30,590.9,-23688.4
126.776880,-26.023097,524.3,-31.707,0.30,-2140.7,-23647.3
126.776611,-26.044765,526.9,-30.081,0.30,-4550.0,-23674.2
126.775272,-26.067449,518.2,-33.518,0.30,-7072.4,-23808.0
126.775261,-26.090200,514.0,-34.371,0.30,-9602.2,-23809.1
126.775939,-26.112130,511.1,-28.608,0.30,-12040.7,-23741.4
126.799842,-26.112345,503.9,-33.088,0.30,-12064.6,-21352.6
126.824882,-26.112905,495.9,-32.531,0.30,-12126.9,-18850.1
126.849782,-26.112700,491.5,-28.479,0.30,-12104.1,-16361.7
126.874717,-26.113615,495.3,-30.457,0.30,-12205.8,-13869.7
126.899916,-26.113797,494.8,-28.878,0.30,-12226.1,-11351.4
126.924724,-26.114428,498.1,-28.881,0.30,-12296.2,-8872.1
126.949827,-26.114431,503.8,-29.495,0.30,-12296.6,-6363.4
126.974695,-26.114766,510.4,-30.411,0.30,-12333.8,-3878.1
127.000058,-26.115069,511.3,-26.895,0.30,-12367.5,-1343.4
127.024510,-26.115665,502.5,-25.457,0.30,-12433.8,1100.3
127.025364,-26.093553,512.0,-28.576,0.30,-9975.0,1185.7
127.025704,-26.070165,523.7,-26.839,0.30,-7374.4,1219.6
127.027278,-26.048660,541.2,-30.779,0.30,-4983.2,1376.9
127.026175,-26.024278,547.7,-33.767,0.30,-2272.0,1266.7
127.026866,-26.002715,542.0,-36.004,0.30,125.7,1335.8
127.077068,-25.981153,533.3,-35.471,0.30,2523.3,6352.9
127.101552,-25.981399,535.7,-27.745,0.30,2495.9,8799.7
127.127610,-25.981263,521.4,-22.451,0.30,2511.1,11403.9
127.127361,-25.958981,521.8,-18.845,0.30,4988.7,11379.0
126.899986,-26.091046,491.0,-33.738,0.30,-9696.3,-11344.4
128.999653,-26.445742,522.5,-5.738,0.30,-49136.7,198492.3
128.924647,-26.400246,522.4,26.866,0.30,-44077.7,190996.3
128.951234,-26.399224,552.8,12.572,0.30,-43964.1,193653.4
128.974834,-26.400907,544.8,18.557,0.30,-44151.2,196011.9
128.999888,-26.400247,535.3,15.599,0.30,-44077.8,198515.8
129.000030,-26.423562,528.3,13.476,0.30,-46670.4,198530.0
128.975051,-26.443985,524.8,-5.466,0.30,-48941.3,196033.6
128.974931,-26.421795,555.0,4.521,0.30,-46473.9,196021.6
128.950148,-26.422719,537.8,0.723,0.30,-46576.6,193544.9
128.950108,-26.377614,551.5,23.505,0.30,-41561.2,193540.9
128.973935,-26.376723,539.9,23.960,0.30,-41462.1,195922.1
128.999966,-26.377305,542.2,15.163,0.30,-41526.8,198523.6
129.000009,-26.354056,548.9,21.261,0.30,-38941.6,198527.9
129.000888,-26.330416,555.7,24.580,0.30,-36313.0,198615.7
128.999593,-26.309250,563.0,31.956,0.30,-33959.4,198486.3
128.999984,-26.286193,581.5,35.015,0.30,-31395.6,198525.4
128.999519,-26.264136,704.4,50.415,0.30,-28943.0,198478.9
128.997414,-26.241142,673.0,58.816,0.30,-26386.2,198268.5
128.973680,-26.242188,671.8,58.694,0.30,-26502.5,195896.6
129.001302,-26.220870,659.6,56.035,0.30,-24132.0,198657.1
128.974367,-26.218519,660.2,54.720,0.30,-23870.6,195965.3
128.966333,-26.205874,670.8,48.550,0.30,-22464.5,195162.4
128.949305,-26.197695,669.5,45.335,0.30,-21555.1,193460.6
128.928220,-26.181822,659.4,30.402,0.30,-19790.1,191353.4
128.927684,-26.144766,671.9,26.427,0.30,-15669.6,191299.8
128.980425,-26.069603,683.0,27.886,0.30,-7311.9,196570.7
129.000292,-26.084655,676.7,33.653,0.30,-8985.6,198556.2
129.000550,-26.106974,661.2,36.537,0.30,-11467.4,198581.9
129.002543,-26.128493,684.2,31.560,0.30,-13860.2,198781.1
128.999831,-26.144019,648.4,27.091,0.30,-15586.6,198510.1
128.976398,-26.265866,594.8,48.945,0.30,-29135.4,196168.2
128.974648,-26.287578,576.9,35.528,0.30,-31549.6,195993.3
128.974657,-26.309592,562.8,30.759,0.30,-33997.5,195994.2
128.974774,-26.332406,578.3,28.775,0.30,-36534.3,196005.9
128.974792,-26.354856,546.6,25.467,0.30,-39030.6,196007.7
128.950002,-26.355016,547.5,29.421,0.30,-39048.4,193530.3
128.924472,-26.355090,538.4,29.615,0.30,-39056.6,190978.8
128.901981,-26.354800,546.9,40.974,0.30,-39024.4,188731.1
128.925653,-26.377917,528.7,26.255,0.30,-41594.9,191096.9
128.924868,-26.421955,522.2,8.902,0.30,-46491.7,191018.4
128.924704,-26.444634,511.9,-7.753,0.30,-49013.4,191002.0
128.950758,-26.444769,526.9,-5.828,0.30,-49028.5,193605.8
128.899670,-26.445039,520.0,-9.509,0.30,-49058.5,188500.2
128.899527,-26.423260,514.2,8.662,0.30,-46636.8,188485.9
128.899748,-26.401416,518.3,18.618,0.30,-44207.8,188508.0
128.899569,-26.378265,525.1,31.901,0.30,-41633.6,188490.1
128.923638,-26.333032,560.5,36.598,0.30,-36603.9,190895.5
128.952391,-26.330989,576.6,34.358,0.30,-36376.7,193769.0
128.949521,-26.310331,572.7,36.545,0.30,-34079.6,193482.2
128.952003,-26.286422,584.1,39.555,0.30,-31421.1,193730.2
128.949502,-26.264319,597.9,50.223,0.30,-28963.3,193480.3
128.975479,-26.084775,673.4,31.139,0.30,-8999.0,196076.4
128.974650,-26.107318,684.5,35.110,0.30,-11505.6,195993.5
128.978099,-26.129246,792.3,31.785,0.30,-13943.9,196338.2
128.975294,-26.145344,652.6,21.198,0.30,-15733.9,196057.9
128.949532,-26.219540,658.1,54.924,0.30,-23984.1,193483.3
128.950799,-26.240987,686.0,57.616,0.30,-26368.9,193609.9
128.926855,-26.243496,636.2,57.017,0.30,-26647.9,191217.0
128.924775,-26.264379,577.4,53.657,0.30,-28970.0,191009.1
128.925081,-26.286765,597.5,52.146,0.30,-31459.2,191039.7
128.924810,-26.309663,617.3,51.251,0.30,-34005.4,191012.6
128.899357,-26.310091,557.5,52.583,0.30,-34053.0,188468.9
128.901938,-26.334036,565.4,45.518,0.30,-36715.5,188726.8
128.874321,-26.377988,524.0,25.815,0.30,-41602.8,185966.9
128.874950,-26.400196,515.8,18.966,0.30,-44072.2,186029.7
128.849358,-26.400158,516.5,3.919,0.30,-44067.9,183472.1
128.825248,-26.399552,514.5,-1.663,0.30,-44000.6,181062.6
128.874926,-26.423106,512.9,-4.947,0.30,-46619.6,186027.3
128.875141,-26.445965,513.2,-12.082,0.30,-49161.5,186048.8
128.849171,-26.445863,505.5,-14.889,0.30,-49150.1,183453.4
128.849291,-26.421036,510.8,-8.158,0.30,-46389.5,183465.4
128.848866,-26.377852,522.8,18.034,0.30,-41587.6,183422.9
128.849944,-26.354867,529.4,27.046,0.30,-39031.8,183530.7
128.874824,-26.354879,529.0,42.251,0.30,-39033.1,186017.1
128.899680,-26.286869,558.9,58.834,0.30,-31470.8,188501.2
128.899991,-26.266214,562.8,57.619,0.30,-29174.1,188532.3
128.899844,-26.242071,577.7,56.344,0.30,-26489.5,188517.6
128.873049,-26.219734,597.7,51.583,0.30,-24005.7,185839.7
128.899895,-26.174372,622.4,29.557,0.30,-18961.7,188522.7
128.899835,-26.197989,632.7,48.123,0.30,-21587.8,188516.7
128.923243,-26.197859,674.8,41.630,0.30,-21573.3,190856.0
128.924890,-26.219558,649.4,55.572,0.30,-23986.1,191020.6
128.899336,-26.217790,717.2,53.670,0.30,-23789.5,188466.8
128.875488,-26.243870,576.7,54.203,0.30,-26689.5,186083.5
128.874832,-26.264435,559.1,48.054,0.30,-28976.2,186017.9
128.876016,-26.287590,549.2,46.680,0.30,-31551.0,186136.2
128.874996,-26.310178,543.4,47.416,0.30,-34062.6,186034.3
128.875737,-26.331593,545.2,45.813,0.30,-36443.9,186108.4
128.849101,-26.332734,534.5,31.524,0.30,-36570.7,183446.4
128.824238,-26.333068,529.5,26.849,0.30,-36607.9,180961.7
128.825077,-26.355786,525.3,16.187,0.30,-39134.0,181045.5
128.825093,-26.378500,520.1,8.013,0.30,-41659.7,181047.1
128.799395,-26.444242,516.0,-14.825,0.30,-48969.9,178478.9
128.799320,-26.421828,508.4,-14.037,0.30,-46477.5,178471.4
128.800595,-26.398994,511.9,-7.997,0.30,-43938.5,178598.8
128.798823,-26.376246,515.7,3.286,0.30,-41409.1,178421.7
128.749405,-26.378064,506.1,-9.769,0.30,-41611.2,173483.0
128.799816,-26.354571,520.2,11.324,0.30,-38998.9,178521.0
128.800284,-26.331274,525.5,28.841,0.30,-36408.4,178567.7
128.803964,-26.316318,530.8,36.598,0.30,-34745.4,178935.5
128.824766,-26.308995,535.4,33.569,0.30,-33931.1,181014.4
128.851382,-26.309623,540.7,36.568,0.30,-34000.9,183674.4
128.857250,-26.291847,548.7,55.326,0.30,-32024.3,184260.8
128.851267,-26.234760,569.4,49.443,0.30,-25676.5,183662.9
128.875596,-26.195931,678.0,47.368,0.30,-21358.9,186094.3
128.874837,-26.173625,612.1,36.288,0.30,-18878.6,186018.4
128.898476,-26.143612,646.2,20.256,0.30,-15541.3,188380.9
128.951116,-26.144646,670.4,28.371,0.30,-15656.3,193641.6
128.951885,-26.127396,940.8,32.772,0.30,-13738.2,193718.4
128.949554,-26.106041,688.1,34.561,0.30,-11363.6,193485.5
128.949888,-26.083286,675.1,26.533,0.30,-8833.4,193518.9
128.824578,-26.422939,509.7,-12.224,0.30,-46601.1,180995.6
128.823941,-26.445588,513.3,-16.168,0.30,-49119.5,180932.0
128.850543,-26.173827,603.0,35.311,0.30,-18901.1,183590.5
128.848474,-26.198490,611.4,45.293,0.30,-21643.5,183383.8
128.850224,-26.219454,578.2,49.701,0.30,-23974.6,183558.6
128.816089,-26.270365,551.8,51.941,0.30,-29635.6,180147.3
128.824921,-26.288236,543.2,48.702,0.30,-31622.8,181029.9
128.840076,-26.292137,543.1,45.571,0.30,-32056.6,182544.5
128.808232,-26.297710,541.0,41.424,0.30,-32676.2,179362.0
128.799487,-26.286894,548.6,44.509,0.30,-31473.6,178488.1
128.773055,-26.286074,538.1,39.510,0.30,-31382.4,175846.5
128.782036,-26.305555,524.1,35.761,0.30,-33548.6,176744.1
128.774215,-26.332920,517.1,22.394,0.30,-36591.4,175962.5
128.774557,-26.355438,514.4,1.687,0.30,-39095.3,175996.6
128.773849,-26.378434,510.6,-5.701,0.30,-41652.3,175925.9
128.774869,-26.400016,506.6,-10.362,0.30,-44052.2,176027.8
128.774659,-26.422430,501.3,-16.881,0.30,-46544.5,176006.8
128.774591,-26.445703,511.1,-18.596,0.30,-49132.3,176000.0
128.623075,-26.444468,471.9,-27.354,0.30,-48995.0,160857.8
128.598808,-26.444796,472.4,-30.700,0.30,-49031.5,158432.6
128.598579,-26.421465,495.0,-23.284,0.30,-46437.2,158409.7
128.573708,-26.422539,477.7,-26.954,0.30,-46556.6,155924.2
128.573756,-26.398648,482.7,-24.448,0.30,-43900.0,155929.0
128.548727,-26.399018,488.1,-30.680,0.30,-43941.2,153427.6
128.548934,-26.376201,490.3,-27.268,0.30,-41404.0,153448.3
128.524410,-26.376968,493.5,-32.886,0.30,-41489.3,150997.4
128.550529,-26.353386,496.4,-18.173,0.30,-38867.1,153607.7
128.574651,-26.376940,486.6,-17.068,0.30,-41486.2,156018.4
128.599995,-26.377235,492.4,-9.575,0.30,-41519.0,158551.2
128.598883,-26.400390,489.5,-17.949,0.30,-44093.7,158440.1
128.624725,-26.422519,481.6,-16.292,0.30,-46554.4,161022.7
128.624149,-26.398774,482.5,-5.501,0.30,-43914.1,160965.1
128.622839,-26.377411,485.8,-11.841,0.30,-41538.6,160834.2
128.649088,-26.376871,486.2,-14.272,0.30,-41478.5,163457.5
128.648909,-26.400372,482.7,-12.006,0.30,-44091.7,163439.6
128.647916,-26.422143,485.2,-11.379,0.30,-46512.6,163340.4
128.649264,-26.445678,476.7,-26.197,0.30,-49129.5,163475.1
128.675149,-26.444995,481.0,-9.386,0.30,-49053.6,166062.0
128.700143,-26.444619,485.1,-17.030,0.30,-49011.8,168559.8
128.725260,-26.444695,488.7,-21.313,0.30,-49020.2,171070.0
128.748798,-26.444364,493.4,-20.948,0.30,-48983.4,173422.3
128.749139,-26.422501,498.2,-20.161,0.30,-46552.4,173456.4
128.723251,-26.422286,494.5,-20.484,0.30,-46528.5,170869.2
128.699215,-26.423529,488.1,-18.607,0.30,-46666.7,168467.1
128.673131,-26.422544,483.0,-13.515,0.30,-46557.2,165860.3
128.673266,-26.400291,486.9,-14.558,0.30,-44082.7,165873.8
128.673954,-26.377055,490.2,-11.660,0.30,-41499.0,165942.6
128.700051,-26.377287,494.3,-12.881,0.30,-41524.8,168550.6
128.700263,-26.400009,492.7,-14.131,0.30,-44051.4,168571.8
128.725031,-26.399388,495.8,-16.063,0.30,-43982.3,171047.1
128.750992,-26.399662,503.8,-15.037,0.30,-44012.8,173641.6
128.722947,-26.377533,499.3,-10.611,0.30,-41552.2,170838.8
128.725734,-26.353309,502.8,-6.542,0.30,-38858.6,171117.4
128.748977,-26.354714,508.5,-3.750,0.30,-39014.8,173440.2
128.749360,-26.332471,510.5,5.401,0.30,-36541.5,173478.5
128.742531,-26.315657,507.9,18.457,0.30,-34671.9,172796.0
128.724170,-26.309983,504.5,4.736,0.30,-34040.9,170961.1
128.698375,-26.309072,498.8,-8.055,0.30,-33939.6,168383.1
128.699917,-26.332149,498.2,-5.010,0.30,-36505.7,168537.3
128.725794,-26.331739,503.0,-4.080,0.30,-36460.1,171123.4
128.698643,-26.354655,497.1,-8.027,0.30,-39008.2,168409.9
128.673372,-26.354027,491.9,-9.109,0.30,-38938.4,165884.4
128.649176,-26.354168,487.2,-12.521,0.30,-38954.1,163466.3
128.622641,-26.354915,487.6,-16.855,0.30,-39037.2,160814.4
128.599555,-26.354472,490.8,-16.990,0.30,-38987.9,158507.3
128.572978,-26.354055,489.1,-20.897,0.30,-38941.5,155851.2
128.575218,-26.330608,492.6,-25.668,0.30,-36334.3,156075.1
128.585853,-26.310792,495.4,-28.791,0.30,-34130.9,157137.9
128.601933,-26.315279,498.5,-24.403,0.30,-34629.8,158744.9
128.599869,-26.332047,491.6,-21.179,0.30,-36494.3,158538.7
128.616325,-26.332661,490.5,-20.614,0.30,-36562.6,160183.2
128.649336,-26.331237,487.9,-14.976,0.30,-36404.3,163482.3
128.675223,-26.331792,493.2,-10.772,0.30,-36466.0,166069.4
128.751896,-26.281211,518.1,40.368,0.30,-30841.6,173731.9
128.800054,-26.263854,564.7,52.101,0.30,-28911.6,178544.8
128.829237,-26.233746,645.3,39.472,0.30,-25563.8,181461.2
128.824510,-26.218036,591.6,40.643,0.30,-23816.9,180988.8
128.824745,-26.195426,586.1,38.791,0.30,-21302.8,181012.3
128.826602,-26.178261,594.1,34.642,0.30,-19394.1,181197.9
128.848929,-26.151884,614.3,16.651,0.30,-16461.1,183429.2
128.871369,-26.146932,624.9,23.186,0.30,-15910.5,185671.8
128.873860,-26.130175,641.7,30.726,0.30,-14047.2,185920.8
128.900809,-26.128468,881.4,29.141,0.30,-13857.4,188614.0
128.906995,-26.126299,771.7,31.147,0.30,-13616.2,189232.2
128.925257,-26.128198,873.3,33.312,0.30,-13827.4,191057.3
128.924776,-26.104864,692.2,34.163,0.30,-11232.7,191009.2
128.925297,-26.082783,680.4,30.196,0.30,-8777.5,191061.3
128.850515,-26.129942,631.9,25.091,0.30,-14021.3,183587.7
128.824938,-26.128911,615.9,15.265,0.30,-13906.7,181031.6
128.824937,-26.150823,615.7,13.654,0.30,-16343.2,181031.5
128.800237,-26.151955,600.9,8.870,0.30,-16469.0,178563.0
128.792844,-26.162873,600.5,9.337,0.30,-17683.1,177824.2
128.807066,-26.183434,591.2,19.310,0.30,-19969.3,179245.5
128.773556,-26.183557,599.2,7.313,0.30,-19983.0,175896.6
128.742911,-26.180105,592.9,3.169,0.30,-19599.2,172834.0
128.725015,-26.174373,588.7,2.767,0.30,-18961.8,171045.5
128.704601,-26.175744,600.3,15.617,0.30,-19114.2,169005.4
128.699936,-26.197539,665.8,23.683,0.30,-21537.7,168539.2
128.700926,-26.219259,531.5,34.200,0.30,-23952.9,168638.1
128.726183,-26.196556,608.3,21.841,0.30,-21428.4,171162.2
128.748129,-26.196650,611.8,10.402,0.30,-21438.9,173355.5
128.774860,-26.197079,611.6,14.191,0.30,-21486.6,176026.9
128.799957,-26.196898,595.1,20.566,0.30,-21466.5,178535.1
128.801120,-26.220529,733.1,27.718,0.30,-24094.1,178651.3
128.773954,-26.219648,629.1,21.941,0.30,-23996.1,175936.4
128.750435,-26.219498,590.2,27.996,0.30,-23979.5,173585.9
128.724256,-26.218974,704.7,29.471,0.30,-23921.2,170969.6
128.666104,-26.226203,513.0,8.396,0.30,-24725.0,165158.0
128.649439,-26.219716,509.9,-0.771,0.30,-24003.7,163492.6
128.649574,-26.242083,505.5,-11.855,0.30,-26490.8,163506.1
128.656194,-26.264217,500.7,-13.053,0.30,-28952.0,164167.7
128.674471,-26.287000,495.9,-13.309,0.30,-31485.3,165994.2
128.674934,-26.263731,501.0,-2.764,0.30,-28898.0,166040.5
128.674700,-26.242136,507.7,4.337,0.30,-26496.7,166017.1
128.699634,-26.242176,512.4,25.682,0.30,-26501.1,168509.0
128.726371,-26.243177,539.5,37.733,0.30,-26612.5,171181.0
128.750007,-26.243346,651.4,35.270,0.30,-26631.2,173543.2
128.774161,-26.241258,572.1,31.124,0.30,-26399.1,175957.1
128.799833,-26.240293,587.2,34.912,0.30,-26291.8,178522.7
128.774210,-26.264120,585.2,43.968,0.30,-28941.2,175962.0
128.745652,-26.264449,533.3,42.015,0.30,-28977.8,173107.9
128.722751,-26.264588,524.9,33.405,0.30,-28993.2,170819.2
128.700550,-26.264421,505.2,14.507,0.30,-28974.7,168600.5
128.699547,-26.286915,498.2,2.007,0.30,-31475.9,168500.3
128.717465,-26.287062,501.8,17.866,0.30,-31492.2,170291.0
128.674492,-26.309671,495.0,-13.683,0.30,-34006.2,165996.3
128.656831,-26.309373,495.0,-19.437,0.30,-33973.1,164231.3
128.548784,-26.331859,497.4,-30.013,0.30,-36473.4,153433.3
128.522939,-26.354684,504.4,-27.977,0.30,-39011.5,150850.4
128.523348,-26.332351,502.6,-29.557,0.30,-36528.2,150891.3
128.500993,-26.331457,508.8,-28.843,0.30,-36428.7,148657.2
128.499074,-26.308964,512.3,-29.365,0.30,-33927.6,148465.4
128.474822,-26.324535,516.2,-24.046,0.30,-35659.1,146041.7
128.474548,-26.309086,516.2,-32.832,0.30,-33941.2,146014.3
128.449851,-26.305893,522.0,-35.068,0.30,-33586.2,143546.1
128.449825,-26.286070,528.1,-38.382,0.30,-31381.9,143543.5
128.424006,-26.286761,538.0,-39.487,0.30,-31458.8,140963.2
128.400433,-26.284366,581.7,-40.440,0.30,-31192.5,138607.4
128.373666,-26.286159,569.4,-43.969,0.30,-31391.8,135932.4
128.347862,-26.285655,564.3,-44.025,0.30,-31335.8,133353.6
128.323405,-26.285168,566.6,-43.397,0.30,-31281.6,130909.4
128.299259,-26.286155,577.9,-45.766,0.30,-31391.4,128496.3
128.273523,-26.285314,571.1,-45.835,0.30,-31297.9,125924.3
128.247976,-26.285501,561.1,-47.209,0.30,-31318.7,123371.1
128.224087,-26.284622,571.3,-48.022,0.30,-31220.9,120983.7
128.199599,-26.284538,566.7,-48.863,0.30,-31211.6,118536.4
128.173533,-26.284739,557.8,-48.245,0.30,-31233.9,115931.5
128.147114,-26.285200,558.1,-48.119,0.30,-31285.2,113291.2
128.123559,-26.285055,551.8,-46.671,0.30,-31269.1,110937.1
128.473647,-26.286211,525.6,-36.925,0.30,-31397.6,145924.3
128.500527,-26.286722,509.9,-32.370,0.30,-31454.4,148610.6
128.711495,-26.152063,579.3,-4.674,0.30,-16481.0,169694.3
128.725242,-26.151000,579.8,-8.181,0.30,-16362.8,171068.2
128.751907,-26.147989,592.9,-2.991,0.30,-16028.0,173733.0
128.776626,-26.151895,591.8,1.696,0.30,-16462.4,176203.4
128.772834,-26.044279,630.0,10.806,0.30,-4496.0,175824.4
128.750393,-26.038491,615.4,3.714,0.30,-3852.4,173581.7
128.721452,-26.042310,593.1,-11.849,0.30,-4277.1,170689.4
128.710852,-26.022332,590.9,-19.087,0.30,-2055.6,169630.1
128.701376,-26.038402,584.3,-21.261,0.30,-3842.5,168683.1
128.680023,-26.039792,583.8,-26.604,0.30,-3997.1,166549.1
128.520645,-26.039849,544.2,-34.772,0.30,-4003.4,150621.2
128.500199,-26.037831,544.0,-34.865,0.30,-3779.0,148577.8
128.475753,-26.038178,554.7,-29.323,0.30,-3817.6,146134.7
128.451930,-26.038062,540.1,-22.011,0.30,-3804.7,143753.9
128.450615,-26.014248,545.5,-33.140,0.30,-1156.7,143622.5
128.450181,-25.948079,555.5,-48.332,0.30,6200.9,143579.1
128.471510,-25.936407,562.7,-45.050,0.30,7498.8,145710.7
128.451335,-25.925108,559.5,-47.727,0.30,8755.2,143694.4
128.450739,-25.902409,554.3,-43.917,0.30,11279.2,143634.9
128.451264,-25.878719,557.7,-42.889,0.30,13913.4,143687.4
128.450976,-25.855663,560.6,-42.284,0.30,16477.1,143658.6
128.452691,-25.834324,562.0,-45.640,0.30,18849.9,143830.0
128.476531,-25.834861,561.1,-53.705,0.30,18790.2,146212.5
128.452685,-25.812646,558.6,-54.985,0.30,21260.4,143829.4
128.451507,-25.788937,560.8,-53.171,0.30,23896.7,143711.6
128.451630,-25.767229,563.9,-55.716,0.30,26310.5,143723.9
128.452064,-25.744558,569.8,-57.681,0.30,28831.4,143767.3
128.476553,-25.721625,570.8,-60.562,0.30,31381.5,146214.7
128.450415,-25.721516,573.8,-59.097,0.30,31393.6,143602.5
128.452039,-25.699282,582.2,-60.290,0.30,33865.9,143764.8
128.454179,-25.676601,592.7,-60.721,0.30,36387.9,143978.7
128.452651,-25.653125,585.9,-67.285,0.30,38998.3,143826.0
128.452568,-25.631779,585.4,-70.778,0.30,41371.9,143817.7
128.452149,-25.608910,588.5,-74.588,0.30,43914.8,143775.8
128.452410,-25.586256,581.8,-80.249,0.30,46433.8,143801.9
128.452707,-25.563944,586.8,-82.663,0.30,48914.8,143831.6
128.477968,-25.564496,593.1,-85.181,0.30,48853.4,146356.1
128.501109,-25.564175,595.7,-84.532,0.30,48889.1,148668.8
128.526742,-25.564379,603.4,-85.230,0.30,48866.4,151230.5
128.551850,-25.564258,600.4,-86.139,0.30,48879.9,153739.7
128.577239,-25.564525,593.6,-85.370,0.30,48850.2,156277.1
128.601857,-25.564406,597.0,-84.350,0.30,48863.4,158737.3
128.625383,-25.564339,602.7,-86.474,0.30,48870.9,161088.5
128.650717,-25.564134,611.7,-85.280,0.30,48893.7,163620.3
128.677367,-25.564695,618.7,-85.471,0.30,48831.3,166283.7
128.676288,-25.588017,607.2,-81.369,0.30,46238.0,166175.8
128.676114,-25.609070,614.3,-76.118,0.30,43897.0,166158.4
128.650902,-25.586248,605.5,-80.857,0.30,46434.7,163638.8
128.626422,-25.587098,601.3,-80.439,0.30,46340.2,161192.3
128.601475,-25.586630,593.3,-81.581,0.30,46392.2,158699.2
128.577540,-25.587104,595.8,-81.689,0.30,46339.5,156307.1
128.551959,-25.586497,594.3,-79.580,0.30,46407.0,153750.6
128.526442,-25.586667,591.1,-80.338,0.30,46388.1,151200.5
128.501812,-25.586664,591.9,-80.201,0.30,46388.5,148739.0
128.477726,-25.586287,583.4,-80.601,0.30,46430.4,146331.9
128.477399,-25.608832,583.9,-74.544,0.30,43923.5,146299.2
128.477119,-25.631555,588.5,-71.896,0.30,41396.8,146271.3
128.477061,-25.654512,578.1,-69.172,0.30,38844.1,146265.5
128.476736,-25.676403,573.1,-64.666,0.30,36409.9,146233.0
128.476238,-25.699201,573.7,-63.424,0.30,33874.9,146183.2
128.477190,-25.745037,563.1,-59.552,0.30,28778.2,146278.3
128.476959,-25.767236,561.9,-57.861,0.30,26309.8,146255.3
128.476035,-25.789555,561.0,-56.094,0.30,23828.0,146162.9
128.476233,-25.812445,561.7,-58.241,0.30,21282.8,146182.7
128.474890,-25.856470,584.1,-46.625,0.30,16387.4,146048.5
128.478123,-25.879714,590.7,-43.633,0.30,13802.8,146371.6
128.476311,-25.902911,566.0,-40.401,0.30,11223.4,146190.5
128.475704,-25.925271,564.1,-40.121,0.30,8737.1,146129.8
128.497871,-25.925902,579.6,-39.086,0.30,8666.9,148345.2
128.499992,-25.903035,575.6,-47.241,0.30,11209.6,148557.1
128.500208,-25.879661,568.3,-54.485,0.30,13808.7,148578.7
128.500207,-25.858907,565.3,-57.435,0.30,16116.4,148578.6
128.500921,-25.835376,563.8,-56.361,0.30,18732.9,148650.0
128.500304,-25.812525,563.3,-56.804,0.30,21273.9,148588.3
128.500849,-25.789351,564.8,-56.580,0.30,23850.7,148642.8
128.526187,-25.789575,568.9,-54.462,0.30,23825.8,151175.0
128.500069,-25.766865,562.3,-57.757,0.30,26351.0,148564.8
128.501581,-25.743863,568.3,-58.307,0.30,28908.7,148715.9
128.501724,-25.722338,572.9,-60.368,0.30,31302.2,148730.2
128.501309,-25.700091,572.4,-60.470,0.30,33776.0,148688.8
128.502051,-25.677153,582.1,-63.285,0.30,36326.5,148762.9
128.501830,-25.654261,578.9,-68.481,0.30,38872.0,148740.8
128.525915,-25.653895,583.5,-68.440,0.30,38912.7,151147.8
128.501711,-25.632231,582.9,-72.934,0.30,41321.6,148728.9
128.501430,-25.609502,589.8,-76.088,0.30,43849.0,148700.8
128.526834,-25.609540,583.4,-75.115,0.30,43844.8,151239.7
128.552024,-25.608932,588.2,-75.958,0.30,43912.4,153757.1
128.577480,-25.609504,592.7,-75.763,0.30,43848.8,156301.1
128.602791,-25.609505,593.0,-77.157,0.30,43848.7,158830.7
128.627100,-25.609388,598.8,-76.691,0.30,43861.7,161260.1
128.652517,-25.609881,607.0,-77.842,0.30,43806.8,163800.2
128.702230,-25.609948,625.8,-76.198,0.30,43799.4,168768.4
128.701459,-25.585538,615.7,-80.516,0.30,46513.7,168691.4
128.700221,-25.563361,623.7,-87.615,0.30,48979.6,168567.6
128.925703,-25.565539,638.4,-79.727,0.30,48737.5,191101.9
128.725982,-25.565260,626.5,-86.269,0.30,48768.5,171142.1
128.725497,-25.588308,624.3,-80.275,0.30,46205.7,171093.7
128.726067,-25.610149,623.6,-74.934,0.30,43777.0,171150.6
128.751613,-25.609138,628.1,-73.043,0.30,43889.5,173703.7
128.775781,-25.609937,628.4,-70.661,0.30,43800.6,176119.0
128.775582,-25.586459,628.7,-79.514,0.30,46411.3,176099.1
128.750857,-25.588213,622.0,-79.677,0.30,46216.2,173628.1
128.750634,-25.564298,631.6,-86.373,0.30,48875.4,173605.8
128.775964,-25.564346,633.2,-85.745,0.30,48870.1,176137.2
128.801741,-25.564739,642.7,-85.232,0.30,48826.4,178713.3
128.825754,-25.564027,646.9,-85.348,0.30,48905.6,181113.2
128.850920,-25.564267,648.5,-81.882,0.30,48878.9,183628.2
128.875896,-25.564941,637.8,-80.032,0.30,48803.9,186124.3
128.900487,-25.564711,638.0,-80.836,0.30,48829.5,188581.8
128.950487,-25.565016,637.4,-77.954,0.30,48795.6,193578.7
128.976253,-25.564668,639.0,-73.079,0.30,48834.3,196153.7
129.000287,-25.565109,641.2,-69.734,0.30,48785.3,198555.7
129.000988,-25.587292,636.6,-58.145,0.30,46318.6,198625.7
129.001038,-25.609962,628.9,-49.496,0.30,43797.8,198630.7
129.000692,-25.633608,631.4,-45.679,0.30,41168.5,198596.1
129.000187,-25.655738,628.2,-45.096,0.30,38707.8,198545.7
128.999589,-25.679032,623.0,-40.481,0.30,36117.6,198485.9
129.000074,-25.699493,623.7,-34.894,0.30,33842.4,198534.4
128.975581,-25.700077,623.6,-36.051,0.30,33777.5,196086.6
129.000086,-25.724019,622.7,-34.886,0.30,31115.3,198535.6
129.001660,-25.746203,622.8,-40.151,0.30,28648.5,198692.9
129.000169,-25.769680,620.3,-39.240,0.30,26038.0,198543.9
129.001068,-25.792400,620.1,-37.420,0.30,23511.7,198633.7
128.999881,-25.814404,623.0,-39.777,0.30,21064.9,198515.1
129.000169,-25.836668,629.6,-40.849,0.30,18589.3,198543.9
129.000170,-25.858657,640.4,-40.343,0.30,16144.2,198544.0
129.000303,-25.882451,643.9,-40.454,0.30,13498.4,198557.2
129.000525,-25.903713,638.4,-40.978,0.30,11134.2,198579.4
128.999636,-25.927268,639.5,-42.569,0.30,8515.0,198490.6
129.000124,-26.038819,644.3,-3.564,0.30,-3888.9,198539.4
128.999950,-26.016015,645.0,-10.137,0.30,-1353.2,198522.0
128.999874,-25.993882,643.2,-27.438,0.30,1107.9,198514.4
129.000126,-25.970376,651.2,-34.564,0.30,3721.6,198539.6
129.000170,-25.947578,641.7,-41.374,0.30,6256.7,198544.0
128.973859,-25.948820,648.6,-41.124,0.30,6118.6,195914.5
128.978408,-25.917763,633.5,-42.971,0.30,9571.9,196369.1
128.974877,-25.903265,646.0,-43.300,0.30,11184.0,196016.2
128.975430,-25.880194,656.6,-40.444,0.30,13749.4,196071.5
128.974247,-25.858364,652.4,-40.724,0.30,16176.8,195953.3
128.974906,-25.835771,636.4,-42.255,0.30,18689.0,196019.1
128.974872,-25.812745,618.1,-44.026,0.30,21249.4,196015.7
128.974067,-25.789499,624.8,-39.504,0.30,23834.2,195935.3
128.974427,-25.768723,622.0,-41.660,0.30,26144.4,195971.3
128.974593,-25.745006,621.5,-36.882,0.30,28781.6,195987.8
128.975264,-25.721068,620.4,-35.017,0.30,31443.4,196054.9
128.974891,-25.677952,621.6,-40.102,0.30,36237.7,196017.6
128.974700,-25.654406,623.7,-47.469,0.30,38855.9,195998.5
128.975011,-25.631337,627.6,-48.583,0.30,41421.1,196029.6
128.975635,-25.608844,633.1,-55.953,0.30,43922.2,196092.0
128.975051,-25.586568,635.3,-62.891,0.30,46399.1,196033.6
128.948649,-25.587207,634.1,-68.851,0.30,46328.1,193395.0
128.950654,-25.609427,629.8,-58.064,0.30,43857.3,193595.4
128.949977,-25.633430,626.3,-55.596,0.30,41188.3,193527.8
128.924499,-25.632344,619.9,-55.174,0.30,41309.1,190981.5
128.925006,-25.609068,629.5,-62.319,0.30,43897.3,191032.2
128.925950,-25.586197,634.0,-71.411,0.30,46440.4,191126.6
128.898515,-25.587484,630.1,-72.604,0.30,46297.3,188384.8
128.900183,-25.610849,625.7,-62.949,0.30,43699.2,188551.5
128.900733,-25.632749,622.7,-56.041,0.30,41264.0,188606.4
128.874829,-25.633173,626.3,-57.106,0.30,41216.9,186017.6
128.875119,-25.609195,629.1,-63.951,0.30,43883.1,186046.6
128.875269,-25.586205,633.7,-72.898,0.30,46439.5,186061.6
128.849343,-25.587200,644.8,-75.406,0.30,46328.9,183470.6
128.851007,-25.611137,636.7,-65.404,0.30,43667.2,183636.9
128.849653,-25.633149,636.4,-58.853,0.30,41219.6,183501.6
128.824502,-25.632595,634.5,-61.289,0.30,41281.2,180988.0
128.825605,-25.608865,633.5,-69.120,0.30,43919.8,181098.3
128.825817,-25.585986,638.6,-77.936,0.30,46463.9,181119.5
128.800040,-25.587331,632.8,-77.452,0.30,46314.3,178543.4
128.800482,-25.610088,632.2,-67.757,0.30,43783.8,178587.5
128.800990,-25.632960,629.5,-62.994,0.30,41240.6,178638.3
128.801114,-25.655320,623.9,-60.212,0.30,38754.3,178650.7
128.774930,-25.632316,636.4,-63.917,0.30,41312.2,176033.9
128.750828,-25.632717,638.9,-67.256,0.30,41267.6,173625.2
128.724940,-25.632285,631.9,-70.858,0.30,41315.6,171038.0
128.700569,-25.632606,623.4,-71.941,0.30,41279.9,168602.4
128.674331,-25.632458,614.5,-72.610,0.30,41296.4,165980.2
128.651286,-25.632387,606.1,-72.778,0.30,41304.3,163677.2
128.625602,-25.632374,596.6,-71.743,0.30,41305.7,161110.4
128.601243,-25.631467,591.1,-70.787,0.30,41406.6,158676.0
128.575182,-25.631822,586.5,-72.314,0.30,41367.1,156071.5
128.551065,-25.632040,585.1,-73.135,0.30,41342.9,153661.3
128.525333,-25.631685,581.8,-72.279,0.30,41382.4,151089.7
128.526944,-25.677723,584.7,-60.858,0.30,36263.2,151250.7
128.526415,-25.700689,576.1,-58.617,0.30,33709.5,151197.8
128.552154,-25.699559,583.4,-58.241,0.30,33835.1,153770.1
128.551548,-25.676035,587.1,-64.282,0.30,36450.9,153709.5
128.551936,-25.653328,581.7,-70.282,0.30,38975.8,153748.3
128.577210,-25.654250,586.9,-71.417,0.30,38873.2,156274.2
128.577088,-25.676221,594.8,-66.656,0.30,36430.2,156262.0
128.576709,-25.699407,596.5,-63.000,0.30,33852.0,156224.1
128.602246,-25.699713,604.9,-64.966,0.30,33818.0,158776.2
128.601170,-25.676831,596.4,-64.698,0.30,36362.3,158668.7
128.601542,-25.654050,593.4,-68.464,0.30,38895.5,158705.8
128.627015,-25.654864,603.7,-70.827,0.30,38805.0,161251.6
128.626878,-25.677269,601.7,-68.310,0.30,36313.6,161237.9
128.625899,-25.700628,608.5,-65.534,0.30,33716.2,161140.0
128.651679,-25.699903,604.9,-63.358,0.30,33796.9,163716.4
128.650829,-25.677097,606.4,-67.977,0.30,36332.8,163631.5
128.652326,-25.653582,620.6,-69.959,0.30,38947.5,163781.1
128.677940,-25.655081,618.6,-69.320,0.30,38780.8,166340.9
128.676428,-25.677988,618.0,-65.782,0.30,36233.7,166189.8
128.675909,-25.700463,614.3,-59.816,0.30,33734.6,166137.9
128.701396,-25.699826,618.5,-59.819,0.30,33805.4,168685.1
128.700393,-25.675976,632.9,-64.601,0.30,36457.4,168584.8
128.700486,-25.654708,633.7,-67.048,0.30,38822.3,168594.1
128.726158,-25.654460,636.1,-65.739,0.30,38849.9,171159.7
128.726745,-25.677125,634.2,-62.772,0.30,36329.7,171218.4
128.726341,-25.700736,617.7,-57.500,0.30,33704.2,171178.0
128.749181,-25.699479,622.0,-57.920,0.30,33844.0,173460.6
128.750397,-25.676792,627.9,-60.689,0.30,36366.7,173582.1
128.750602,-25.654693,629.9,-64.010,0.30,38824.0,173602.6
128.775093,-25.654725,626.1,-61.424,0.30,38820.4,176050.2
128.826189,-25.654876,634.4,-58.681,0.30,38803.6,181156.6
128.850545,-25.654529,630.5,-55.509,0.30,38842.2,183590.7
128.881257,-25.658960,619.4,-52.026,0.30,38349.5,186660.0
128.901357,-25.655112,619.7,-50.553,0.30,38777.4,188668.8
128.925672,-25.654825,621.4,-46.859,0.30,38809.3,191098.8
128.951329,-25.655967,622.1,-46.469,0.30,38682.3,193662.9
128.950544,-25.678758,622.5,-40.570,0.30,36148.1,193584.4
128.950435,-25.700705,632.7,-39.698,0.30,33707.7,193573.5
128.949032,-25.724083,613.7,-39.224,0.30,31108.2,193433.3
128.950006,-25.746207,619.4,-38.508,0.30,28648.1,193530.7
128.951035,-25.766728,620.0,-43.659,0.30,26366.3,193633.5
128.950207,-25.791302,625.8,-43.124,0.30,23633.8,193550.8
128.951215,-25.814591,631.8,-43.265,0.30,21044.1,193651.5
128.944848,-25.861840,656.8,-42.615,0.30,15790.3,193015.2
128.950498,-25.881286,642.5,-40.876,0.30,13628.0,193579.8
128.950612,-25.903859,649.5,-43.081,0.30,11118.0,193591.2
128.951662,-25.918244,642.5,-41.780,0.30,9518.4,193696.2
128.950242,-25.958561,637.6,-37.513,0.30,5035.4,193554.3
128.950204,-25.970610,638.2,-34.701,0.30,3695.6,193550.5
128.975756,-25.971987,641.5,-35.473,0.30,3542.5,196104.1
128.974737,-25.993415,647.2,-26.263,0.30,1159.8,196002.2
128.950144,-25.993687,643.9,-20.595,0.30,1129.6,193544.5
128.924826,-25.994374,641.4,-19.439,0.30,1053.2,191014.2
128.924946,-25.970713,637.0,-31.079,0.30,3684.2,191026.2
128.924197,-25.957190,637.3,-35.382,0.30,5187.8,190951.4
128.924435,-25.917035,636.0,-40.571,0.30,9652.9,190975.1
128.925549,-25.903317,635.0,-43.131,0.30,11178.3,191086.5
128.924993,-25.879705,634.8,-43.845,0.30,13803.8,191030.9
128.926639,-25.859076,660.0,-44.149,0.30,16097.6,191195.4
128.925606,-25.835209,642.6,-42.617,0.30,18751.5,191092.2
128.900132,-25.811013,634.1,-45.351,0.30,21442.0,188546.4
128.927365,-25.813122,627.0,-44.911,0.30,21207.5,191268.0
128.925126,-25.789617,618.6,-44.205,0.30,23821.1,191044.2
128.925113,-25.767918,617.1,-43.811,0.30,26233.9,191042.9
128.925692,-25.744915,614.2,-37.646,0.30,28791.8,191100.8
128.925178,-25.722883,617.7,-39.790,0.30,31241.6,191049.4
128.925382,-25.699676,617.7,-42.166,0.30,33822.1,191069.8
128.925833,-25.677126,619.7,-44.180,0.30,36329.5,191114.9
128.900376,-25.677652,619.5,-47.570,0.30,36271.1,188570.7
128.874977,-25.678101,619.2,-49.960,0.30,36221.1,186032.4
128.850498,-25.678372,625.7,-51.656,0.30,36191.0,183586.0
128.825499,-25.677834,628.0,-54.594,0.30,36250.8,181087.7
128.800327,-25.677414,619.8,-56.720,0.30,36297.5,178572.0
128.775749,-25.677592,623.3,-59.395,0.30,36277.7,176115.8
128.775218,-25.700114,617.1,-56.583,0.30,33773.4,176062.7
128.775750,-25.723586,611.4,-56.409,0.30,31163.4,176115.9
128.750474,-25.722334,610.9,-55.946,0.30,31302.6,173589.8
128.725309,-25.723280,607.6,-55.038,0.30,31197.5,171074.9
128.700721,-25.722494,599.2,-54.392,0.30,31284.9,168617.6
128.676855,-25.722645,599.6,-59.299,0.30,31268.1,166232.5
128.650707,-25.722712,613.7,-60.679,0.30,31260.6,163619.3
128.625734,-25.722304,608.9,-63.027,0.30,31306.0,161123.5
128.600252,-25.722751,605.3,-64.858,0.30,31256.3,158576.9
128.575566,-25.722359,596.8,-60.107,0.30,31299.9,156109.9
128.549537,-25.722516,581.9,-57.878,0.30,31282.4,153508.6
128.526251,-25.722193,580.4,-58.043,0.30,31318.3,151181.4
128.526343,-25.744323,573.7,-57.534,0.30,28857.6,151190.6
128.551190,-25.744924,585.1,-55.969,0.30,28790.8,153673.8
128.576331,-25.744564,599.3,-60.635,0.30,28830.8,156186.3
128.601797,-25.744656,600.6,-63.959,0.30,28820.6,158731.3
128.625834,-25.745141,606.9,-63.635,0.30,28766.6,161133.5
128.650821,-25.744943,601.1,-61.152,0.30,28788.6,163630.7
128.675956,-25.745556,598.2,-56.888,0.30,28720.5,166142.6
128.700910,-25.745268,594.8,-54.855,0.30,28752.5,168636.5
128.726117,-25.745377,593.4,-54.314,0.30,28740.4,171155.6
128.750141,-25.744972,609.1,-58.074,0.30,28785.4,173556.5
128.775256,-25.745013,606.5,-56.636,0.30,28780.9,176066.5
128.801364,-25.745659,617.7,-54.756,0.30,28709.0,178675.7
128.800576,-25.722384,611.1,-55.349,0.30,31297.1,178596.9
128.800319,-25.699593,629.7,-54.921,0.30,33831.3,178571.2
128.825997,-25.700499,619.1,-52.650,0.30,33730.6,181137.4
128.850007,-25.700017,619.3,-50.877,0.30,33784.2,183537.0
128.875018,-25.700245,612.9,-47.242,0.30,33758.8,186036.5
128.901614,-25.700370,617.6,-47.044,0.30,33744.9,188694.5
128.900150,-25.721952,614.6,-44.098,0.30,31345.1,188548.2
128.880014,-25.716804,616.3,-47.766,0.30,31917.6,186535.8
128.847391,-25.728386,613.6,-49.292,0.30,30629.7,183275.5
128.824485,-25.722993,625.2,-51.853,0.30,31229.4,180986.3
128.825187,-25.745724,623.0,-50.615,0.30,28701.8,181056.5
128.849660,-25.745202,608.8,-48.335,0.30,28759.8,183502.3
128.874513,-25.745467,618.8,-45.207,0.30,28730.4,185986.0
128.899614,-25.745823,613.8,-45.599,0.30,28690.8,188494.6
128.899961,-25.766967,615.8,-47.705,0.30,26339.7,188529.3
128.900202,-25.790205,614.3,-46.492,0.30,23755.7,188553.3
128.901190,-25.835530,633.0,-46.811,0.30,18715.8,188652.1
128.900038,-25.857301,629.1,-44.778,0.30,16295.0,188537.0
128.900387,-25.880800,627.7,-44.993,0.30,13682.0,188571.8
128.900105,-25.903374,640.8,-46.224,0.30,11171.9,188543.7
128.898400,-25.918297,650.2,-42.174,0.30,9512.6,188373.3
128.892531,-25.952708,633.7,-37.641,0.30,5686.2,187786.7
128.899984,-25.971125,634.1,-33.582,0.30,3638.3,188531.6
128.900068,-25.993530,639.2,-25.608,0.30,1147.0,188540.0
128.921361,-26.008913,646.1,-13.158,0.30,-563.5,190667.9
128.899551,-26.107499,700.6,32.184,0.30,-11525.7,188488.3
128.874241,-26.105263,736.6,33.676,0.30,-11277.1,185958.9
128.851415,-26.106363,745.8,32.630,0.30,-11399.4,183677.7
128.824951,-26.105901,651.5,27.388,0.30,-11348.1,181032.9
128.800151,-26.106601,622.6,19.827,0.30,-11425.9,178554.4
128.800152,-26.128402,604.8,15.150,0.30,-13850.1,178554.5
128.775008,-26.129164,600.4,2.926,0.30,-13934.8,176041.7
128.750081,-26.128956,589.9,-4.838,0.30,-13911.7,173550.5
128.725475,-26.128681,579.3,-12.645,0.30,-13881.1,171091.5
128.700478,-26.128863,571.6,-14.162,0.30,-13901.3,168593.3
128.674926,-26.123135,567.9,-9.815,0.30,-13264.4,166039.7
128.649789,-26.118899,559.4,-11.634,0.30,-12793.4,163527.6
128.620225,-26.119063,553.7,-7.589,0.30,-12811.6,160573.0
128.617859,-26.164816,531.3,16.743,0.30,-17899.1,160336.5
128.591867,-26.159038,523.4,14.305,0.30,-17256.6,157738.9
128.574830,-26.151288,525.4,14.217,0.30,-16394.9,156036.3
128.566858,-26.174683,522.3,4.423,0.30,-18996.3,155239.6
128.574731,-26.196663,516.6,-3.502,0.30,-21440.3,156026.4
128.574865,-26.218436,512.2,-11.306,0.30,-23861.4,156039.8
128.591331,-26.218954,512.0,-15.063,0.30,-23919.0,157685.4
128.587945,-26.241947,508.8,-24.771,0.30,-26475.7,157347.0
128.574470,-26.241702,506.4,-20.179,0.30,-26448.4,156000.3
128.574842,-26.263623,502.9,-30.689,0.30,-28885.9,156037.5
128.550237,-26.264155,508.5,-26.275,0.30,-28945.1,153578.5
128.562811,-26.276905,502.9,-33.186,0.30,-30362.8,154835.1
128.549630,-26.286668,499.4,-34.743,0.30,-31448.4,153517.9
128.549063,-26.308467,496.5,-35.229,0.30,-33872.4,153461.2
128.524026,-26.309115,504.7,-30.373,0.30,-33944.4,150959.0
128.524325,-26.286866,504.7,-31.920,0.30,-31470.4,150988.9
128.524147,-26.264164,516.3,-29.648,0.30,-28946.1,150971.1
128.499307,-26.263134,513.9,-30.973,0.30,-28831.6,148488.7
128.499452,-26.240889,514.9,-17.290,0.30,-26358.0,148503.2
128.473536,-26.241476,519.3,-26.702,0.30,-26423.3,145913.2
128.474017,-26.264457,519.7,-36.427,0.30,-28978.7,145961.2
128.449217,-26.263330,537.3,-37.630,0.30,-28853.4,143482.8
128.449343,-26.240503,526.8,-34.069,0.30,-26315.1,143495.4
128.440271,-26.224890,531.2,-28.748,0.30,-24579.0,142588.7
128.425305,-26.218211,535.4,-30.409,0.30,-23836.4,141093.1
128.426695,-26.194247,580.4,-17.119,0.30,-21171.7,141232.0
128.440317,-26.188543,536.7,-14.119,0.30,-20537.4,142593.3
128.474757,-26.173696,520.8,-0.616,0.30,-18886.5,146035.2
128.482736,-26.188173,525.7,1.080,0.30,-20496.3,146832.6
128.499967,-26.196459,519.2,2.061,0.30,-21417.6,148554.6
128.525281,-26.196502,518.6,2.403,0.30,-21422.4,151084.5
128.523844,-26.218910,518.1,1.493,0.30,-23914.1,150940.9
128.524213,-26.240724,516.2,-9.034,0.30,-26339.7,150977.7
128.549988,-26.241772,513.2,-15.271,0.30,-26456.2,153553.6
128.549490,-26.219133,514.9,-5.523,0.30,-23938.9,153503.9
128.549876,-26.195344,518.8,1.376,0.30,-21293.7,153542.4
128.549605,-26.173235,522.3,2.075,0.30,-18835.3,153515.4
128.524779,-26.173519,522.2,3.856,0.30,-18866.8,151034.3
128.499269,-26.173330,518.5,3.766,0.30,-18845.8,148484.9
128.449070,-26.173300,528.8,-6.194,0.30,-18842.5,143468.1
128.424063,-26.173782,540.4,-10.543,0.30,-18896.1,140968.9
128.424907,-26.150671,536.1,-2.486,0.30,-16326.3,141053.3
128.450376,-26.150919,532.5,1.253,0.30,-16353.8,143598.6
128.450160,-26.127591,526.0,1.543,0.30,-13759.9,143577.0
128.449984,-26.105610,526.0,-4.762,0.30,-11315.7,143559.4
128.449718,-26.082599,544.8,-8.742,0.30,-8757.0,143532.8
128.450204,-26.060264,539.3,-2.161,0.30,-6273.5,143581.4
128.475141,-26.060581,538.3,-20.057,0.30,-6308.7,146073.6
128.475087,-26.081134,532.3,-13.826,0.30,-8594.1,146068.2
128.474842,-26.105476,526.9,-13.232,0.30,-11300.8,146043.7
128.474832,-26.127463,523.5,-4.625,0.30,-13745.6,146042.7
128.474837,-26.150964,520.7,-4.500,0.30,-16358.8,146043.2
128.499700,-26.151173,522.8,-0.066,0.30,-16382.1,148528.0
128.500025,-26.128114,524.0,-11.146,0.30,-13818.0,148560.4
128.499920,-26.105880,535.1,-15.180,0.30,-11345.7,148549.9
128.500217,-26.082579,537.1,-23.122,0.30,-8754.8,148579.6
128.500329,-26.060512,543.4,-28.496,0.30,-6301.0,148590.8
128.525259,-26.060835,543.5,-32.697,0.30,-6336.9,151082.3
128.525270,-26.083129,547.0,-26.751,0.30,-8815.9,151083.4
128.524852,-26.105740,536.5,-15.964,0.30,-11330.2,151041.6
128.524796,-26.128484,529.9,-8.317,0.30,-13859.2,151036.0
128.524853,-26.150998,525.9,-0.502,0.30,-16362.6,151041.7
128.549699,-26.151242,527.8,3.354,0.30,-16389.7,153524.8
128.564096,-26.138795,528.9,11.747,0.30,-15005.7,154963.6
128.549465,-26.127815,535.2,3.073,0.30,-13784.8,153501.4
128.550153,-26.105513,539.4,-16.656,0.30,-11304.9,153570.1
128.575105,-26.106323,544.4,-17.172,0.30,-11395.0,156063.8
128.598873,-26.106802,550.0,-16.974,0.30,-11448.2,158439.1
128.625764,-26.105928,555.0,-22.335,0.30,-11351.1,161126.5
128.750996,-26.106459,589.5,-5.343,0.30,-11410.1,173642.0
128.750144,-26.083545,583.9,-3.326,0.30,-8862.2,173556.8
128.773783,-26.085235,614.6,10.155,0.30,-9050.1,175919.3
128.802694,-26.084027,668.2,22.233,0.30,-8915.8,178808.6
128.825168,-26.083904,665.4,26.200,0.30,-8902.1,181054.6
128.898057,-26.084638,685.1,28.193,0.30,-8983.7,188339.0
128.875793,-26.083515,700.6,30.192,0.30,-8858.8,186114.0
128.850659,-26.085652,740.3,28.552,0.30,-9096.5,183602.1
128.845847,-26.066743,668.2,25.723,0.30,-6993.9,183121.2
128.823831,-26.061809,673.2,22.518,0.30,-6445.3,180921.0
128.799334,-26.061339,668.0,17.598,0.30,-6393.0,178472.8
128.775742,-26.061168,661.7,10.409,0.30,-6374.0,176115.1
128.750379,-26.061602,658.4,1.183,0.30,-6422.2,173580.3
128.724073,-26.062237,587.4,-13.037,0.30,-6492.8,170951.4
128.724948,-26.083304,574.0,-14.680,0.30,-8835.4,171038.8
128.725958,-26.107141,579.2,-16.458,0.30,-11485.9,171139.7
128.699384,-26.107618,571.7,-22.051,0.30,-11539.0,168484.0
128.700511,-26.082759,570.9,-24.493,0.30,-8774.8,168596.6
128.700444,-26.060659,576.0,-23.061,0.30,-6317.4,168589.9
128.673237,-26.062482,573.8,-29.081,0.30,-6520.1,165870.9
128.676116,-26.084913,566.3,-28.277,0.30,-9014.3,166158.6
128.674778,-26.107701,563.2,-24.209,0.30,-11548.2,166024.9
128.649476,-26.105671,557.3,-23.738,0.30,-11322.5,163496.3
128.649280,-26.083092,562.6,-33.020,0.30,-8811.8,163476.7
128.650047,-26.060132,575.5,-29.618,0.30,-6258.8,163553.3
128.634136,-26.072080,571.1,-31.787,0.30,-7587.3,161963.2
128.625678,-26.083989,561.1,-29.792,0.30,-8911.6,161118.0
128.599936,-26.083949,558.2,-31.744,0.30,-8907.1,158545.3
128.575230,-26.083225,556.1,-29.156,0.30,-8826.6,156076.3
128.549601,-26.083540,546.4,-27.720,0.30,-8861.6,153515.0
128.550194,-26.059912,552.4,-33.799,0.30,-6234.3,153574.2
128.526060,-25.925071,579.6,-47.883,0.30,8759.3,151162.3
128.525011,-25.901914,592.0,-51.564,0.30,11334.3,151057.5
128.525775,-25.880561,581.6,-53.722,0.30,13708.6,151133.8
128.525306,-25.857074,571.9,-56.504,0.30,16320.2,151087.0
128.526030,-25.834893,570.0,-58.110,0.30,18786.7,151159.3
128.526986,-25.810940,570.6,-55.961,0.30,21450.1,151254.9
128.525967,-25.767346,579.5,-54.700,0.30,26297.5,151153.0
128.550899,-25.767116,605.5,-54.337,0.30,26323.1,153644.7
128.576472,-25.768049,617.3,-57.368,0.30,26219.4,156200.4
128.600349,-25.767834,602.6,-60.625,0.30,26243.3,158586.6
128.625692,-25.768535,592.2,-62.447,0.30,26165.3,161119.4
128.651190,-25.768291,591.0,-60.423,0.30,26192.5,163667.6
128.675487,-25.767103,593.6,-57.558,0.30,26324.6,166095.8
128.701686,-25.767688,600.3,-56.091,0.30,26259.5,168714.0
128.726277,-25.767748,597.3,-58.779,0.30,26252.8,171171.6
128.701981,-25.790464,593.8,-59.241,0.30,23726.9,168743.5
128.674662,-25.790701,586.4,-57.476,0.30,23700.6,166013.3
128.649876,-25.790979,586.1,-61.032,0.30,23669.7,163536.3
128.625989,-25.790823,582.6,-60.370,0.30,23687.0,161149.0
128.601348,-25.790541,595.8,-59.786,0.30,23718.4,158686.5
128.584198,-25.794041,597.2,-56.318,0.30,23329.2,156972.5
128.550958,-25.791065,586.8,-53.986,0.30,23660.1,153650.6
128.551674,-25.812541,572.5,-54.409,0.30,21272.1,153722.1
128.575740,-25.812817,575.2,-54.633,0.30,21241.4,156127.2
128.575858,-25.833927,576.1,-51.989,0.30,18894.1,156139.0
128.549618,-25.835241,573.0,-52.506,0.30,18748.0,153516.7
128.551645,-25.857500,575.5,-53.639,0.30,16272.9,153719.2
128.575570,-25.857549,579.4,-54.608,0.30,16267.4,156110.3
128.577062,-25.879213,579.8,-52.626,0.30,13858.5,156259.4
128.549770,-25.880265,583.4,-51.696,0.30,13741.5,153531.9
128.550999,-25.902266,591.2,-51.631,0.30,11295.1,153654.7
128.551317,-25.919582,598.7,-52.496,0.30,9369.7,153686.5
128.575909,-25.902406,597.7,-54.175,0.30,11279.6,156144.1
128.587091,-25.917124,600.0,-52.809,0.30,9643.0,157261.6
128.599567,-25.903673,598.2,-53.487,0.30,11138.7,158508.5
128.625044,-25.902688,600.0,-55.117,0.30,11248.2,161054.6
128.624611,-25.918616,608.9,-52.913,0.30,9477.1,161011.3
128.650770,-25.903471,608.5,-54.986,0.30,11161.1,163625.6
128.650236,-25.924806,620.5,-53.625,0.30,8788.8,163572.2
128.655574,-25.942516,624.2,-49.310,0.30,6819.5,164105.7
128.674740,-25.947878,614.2,-46.021,0.30,6223.3,166021.1
128.684814,-25.962132,608.6,-41.897,0.30,4638.3,167027.9
128.700935,-25.971701,601.5,-35.621,0.30,3574.3,168639.0
128.699282,-25.947539,608.8,-49.810,0.30,6261.0,168473.8
128.674031,-25.925250,615.0,-53.692,0.30,8739.4,165950.3
128.675845,-25.902920,608.0,-54.604,0.30,11222.4,166131.5
128.699949,-25.902973,598.4,-57.358,0.30,11216.5,168540.5
128.701053,-25.927251,605.6,-53.371,0.30,8516.9,168650.8
128.725498,-25.925746,607.3,-53.092,0.30,8684.3,171093.8
128.750402,-25.925887,619.5,-48.896,0.30,8668.6,173582.6
128.750163,-25.948510,608.8,-43.952,0.30,6153.0,173558.7
128.725319,-25.948882,606.9,-44.266,0.30,6111.7,171075.9
128.726249,-25.970399,597.6,-37.620,0.30,3719.1,171168.8
128.749240,-25.971205,603.9,-36.919,0.30,3629.5,173466.5
128.774240,-25.971242,612.3,-38.167,0.30,3625.3,175965.0
128.798219,-25.970745,616.8,-37.615,0.30,3680.6,178361.4
128.824766,-25.971378,618.7,-34.753,0.30,3610.2,181014.4
128.849545,-25.971559,624.5,-35.003,0.30,3590.1,183490.8
128.848325,-25.988872,628.2,-25.568,0.30,1665.0,183368.9
128.874728,-25.993366,633.6,-24.485,0.30,1165.3,186007.5
128.949975,-26.015984,656.2,-6.999,0.30,-1349.7,193527.6
128.974830,-26.016866,652.3,-11.636,0.30,-1447.8,196011.5
128.979685,-26.029272,651.7,-8.306,0.30,-2827.3,196496.7
128.874901,-25.970847,629.8,-35.449,0.30,3669.3,186024.8
128.875162,-25.949017,627.2,-37.111,0.30,6096.6,186050.9
128.875102,-25.926082,641.1,-43.448,0.30,8646.9,186044.9
128.875393,-25.903361,637.7,-45.124,0.30,11173.4,186074.0
128.876485,-25.879167,626.6,-46.887,0.30,13863.6,186183.1
128.874616,-25.858440,616.9,-47.670,0.30,16168.3,185996.3
128.875407,-25.835864,615.9,-46.032,0.30,18678.7,186075.4
128.874793,-25.813305,615.2,-46.163,0.30,21187.1,186014.0
128.875282,-25.790970,611.9,-47.237,0.30,23670.7,186062.9
128.874777,-25.767843,611.6,-45.766,0.30,26242.3,186012.4
128.850534,-25.767929,610.3,-47.933,0.30,26232.7,183589.6
128.825660,-25.767945,615.0,-50.393,0.30,26230.9,181103.8
128.800351,-25.767650,602.6,-53.638,0.30,26263.7,178574.4
128.776331,-25.768422,606.6,-55.916,0.30,26177.9,176173.9
128.750382,-25.768146,601.5,-59.757,0.30,26208.6,173580.6
128.725788,-25.789199,595.0,-59.018,0.30,23867.6,171122.8
128.750542,-25.790479,602.6,-56.565,0.30,23725.3,173596.6
128.774844,-25.790199,603.1,-55.705,0.30,23756.4,176025.3
128.800317,-25.790493,604.0,-55.251,0.30,23723.7,178571.0
128.825964,-25.790427,605.5,-51.863,0.30,23731.0,181134.1
128.850302,-25.790544,608.0,-51.834,0.30,23718.0,183566.4
128.850506,-25.811694,610.7,-49.107,0.30,21366.3,183586.8
128.825022,-25.813345,605.1,-52.096,0.30,21182.7,181040.0
128.800029,-25.812546,602.9,-51.748,0.30,21271.5,178542.3
128.775418,-25.812770,600.0,-54.019,0.30,21246.6,176082.7
128.750700,-25.813319,596.4,-56.711,0.30,21185.6,173612.4
128.725738,-25.835548,592.2,-57.853,0.30,18713.8,171117.8
128.725802,-25.812441,593.6,-56.446,0.30,21283.2,171124.2
128.700129,-25.812820,592.6,-56.984,0.30,21241.1,168558.4
128.674578,-25.812574,588.7,-59.410,0.30,21268.4,166004.9
128.650911,-25.812709,580.2,-59.454,0.30,21253.4,163639.7
128.626488,-25.812950,578.0,-58.644,0.30,21226.6,161198.9
128.600581,-25.812722,580.5,-55.354,0.30,21252.0,158609.8
128.600623,-25.835273,579.2,-57.862,0.30,18744.4,158614.0
128.627160,-25.835012,581.0,-57.511,0.30,18773.4,161266.1
128.651118,-25.834998,579.9,-60.523,0.30,18775.0,163660.4
128.675791,-25.835235,583.8,-63.708,0.30,18748.6,166126.1
128.700013,-25.835791,589.0,-60.551,0.30,18686.8,168546.8
128.750813,-25.835871,597.2,-55.083,0.30,18677.9,173623.7
128.774657,-25.835792,602.6,-55.070,0.30,18686.7,176006.6
128.800003,-25.835668,607.5,-50.731,0.30,18700.5,178539.7
128.825146,-25.835405,605.7,-49.941,0.30,18729.7,181052.4
128.850757,-25.836326,608.2,-47.370,0.30,18627.3,183611.9
128.850061,-25.858079,614.6,-47.613,0.30,16208.5,183542.4
128.824951,-25.858431,607.9,-48.990,0.30,16169.3,181032.9
128.800528,-25.857588,609.1,-50.095,0.30,16263.1,178592.1
128.775940,-25.857941,597.3,-54.943,0.30,16223.8,176134.8
128.750467,-25.857457,592.9,-58.079,0.30,16277.7,173589.1
128.725161,-25.859696,588.9,-58.089,0.30,16028.7,171060.1
128.701043,-25.858076,585.7,-57.747,0.30,16208.8,168649.8
128.674344,-25.857844,585.8,-61.803,0.30,16234.6,165981.5
128.650188,-25.858040,586.8,-62.003,0.30,16212.8,163567.4
128.625471,-25.857577,579.9,-59.048,0.30,16264.3,161097.3
128.600582,-25.857764,582.5,-54.833,0.30,16243.5,158609.9
128.600593,-25.879749,584.3,-55.706,0.30,13798.9,158611.0
128.625509,-25.880581,590.0,-59.287,0.30,13706.4,161101.1
128.650772,-25.880611,601.4,-60.358,0.30,13703.0,163625.8
128.676294,-25.880584,596.4,-57.572,0.30,13706.0,166176.4
128.701106,-25.880466,588.8,-57.212,0.30,13719.2,168656.1
128.726116,-25.880353,594.2,-58.214,0.30,13731.7,171155.5
128.725551,-25.903825,604.1,-56.770,0.30,11121.8,171099.1
128.749911,-25.903274,610.5,-53.018,0.30,11183.0,173533.6
128.750197,-25.880305,597.7,-56.656,0.30,13737.1,173562.1
128.775911,-25.880979,603.1,-56.803,0.30,13662.1,176131.9
128.800496,-25.881062,612.8,-53.453,0.30,13652.9,178588.9
128.825788,-25.881127,621.8,-50.908,0.30,13645.7,181116.6
128.850936,-25.881292,635.5,-49.134,0.30,13627.3,183629.8
128.850523,-25.904167,629.1,-46.527,0.30,11083.7,183588.5
128.825466,-25.903395,623.4,-51.247,0.30,11169.6,181084.4
128.800321,-25.903187,617.0,-52.712,0.30,11192.7,178571.4
128.774065,-25.904199,610.0,-52.394,0.30,11080.2,175947.5
128.775713,-25.926600,620.3,-47.922,0.30,8589.3,176112.2
128.775231,-25.949275,615.9,-45.199,0.30,6068.0,176064.0
128.800729,-25.948520,620.9,-43.368,0.30,6151.9,178612.2
128.800347,-25.925340,620.8,-48.406,0.30,8729.4,178574.0
128.825351,-25.925595,623.6,-49.235,0.30,8701.1,181072.9
128.850606,-25.925631,626.9,-46.989,0.30,8697.1,183596.8
128.850078,-25.947953,627.1,-44.410,0.30,6215.0,183544.1
128.824988,-25.948413,630.0,-42.882,0.30,6163.8,181036.6
127.551902,-25.964374,525.6,49.332,0.30,4389.0,53806.9
128.960376,-26.056700,677.9,17.807,0.30,-5877.2,194567.0
126.581800,-26.133200,458.0,-33.929,0.50,-14383.6,-43143.3
131.973566,-25.610166,530.7,-125.732,0.30,43775.2,495699.4
131.973361,-25.592609,526.4,-119.138,0.30,45727.4,495678.9
131.974037,-25.573947,525.1,-115.255,0.30,47802.5,495746.5
131.966535,-25.933156,587.8,-128.034,0.30,7860.3,494996.7
131.923890,-25.932666,590.3,-128.888,0.30,7914.8,490734.9
131.925156,-25.897132,586.1,-129.194,0.30,11866.0,490861.4
131.927442,-25.861191,579.7,-126.658,0.30,15862.5,491089.9
131.907499,-25.826442,578.1,-125.802,0.30,19726.4,489096.8
131.908194,-25.807024,575.0,-125.231,0.30,21885.5,489166.3
131.908080,-25.789487,570.7,-125.402,0.30,23835.6,489154.9
131.909118,-25.771347,567.3,-124.788,0.30,25852.6,489258.6
131.908897,-25.752886,561.5,-126.708,0.30,27905.4,489236.5
131.911350,-25.734571,557.1,-130.228,0.30,29942.0,489481.7
131.910682,-25.717057,552.5,-135.785,0.30,31889.4,489414.9
131.911354,-25.700593,550.4,-139.737,0.30,33720.1,489482.1
131.912529,-25.681813,546.4,-142.539,0.30,35808.4,489599.5
131.910350,-25.662602,540.7,-142.299,0.30,37944.5,489381.7
131.913458,-25.645155,536.6,-140.317,0.30,39884.6,489692.3
131.912485,-25.626541,533.3,-136.400,0.30,41954.3,489595.1
131.934746,-25.627905,533.0,-135.798,0.30,41802.7,491819.8
131.952359,-25.627859,532.4,-134.404,0.30,41807.8,493580.0
131.972609,-25.628187,532.5,-133.229,0.30,41771.3,495603.8
131.972755,-25.646994,535.9,-137.514,0.30,39680.1,495618.4
131.952281,-25.645394,537.1,-138.219,0.30,39858.0,493572.2
131.933071,-25.645073,536.6,-139.772,0.30,39893.7,491652.4
131.932157,-25.662637,540.0,-141.340,0.30,37940.6,491561.1
131.952557,-25.664642,538.1,-139.773,0.30,37717.7,493599.8
131.971225,-25.665598,539.9,-139.101,0.30,37611.4,495465.4
131.971634,-25.682956,541.6,-139.342,0.30,35681.3,495506.3
131.951555,-25.681204,542.4,-139.941,0.30,35876.1,493499.7
131.933016,-25.682281,543.6,-141.263,0.30,35756.3,491646.9
131.931388,-25.698515,552.8,-139.234,0.30,33951.2,491484.2
131.951263,-25.699832,546.4,-137.500,0.30,33804.8,493470.5
131.972268,-25.700343,544.5,-137.705,0.30,33747.9,495569.7
131.989788,-25.701226,545.9,-137.502,0.30,33649.7,497320.6
131.991877,-25.684011,542.3,-139.012,0.30,35564.0,497529.4
131.990377,-25.666745,544.1,-138.673,0.30,37483.9,497379.5
131.992026,-25.645594,535.5,-136.573,0.30,39835.7,497544.3
131.993044,-25.628743,531.5,-132.455,0.30,41709.5,497646.0
131.992967,-25.611111,532.5,-126.238,0.30,43670.1,497638.3
131.993503,-25.591976,526.5,-118.179,0.30,45797.8,497691.9
131.993055,-25.575267,522.1,-114.143,0.30,47655.7,497647.1
131.963770,-25.899298,580.9,-128.315,0.30,11625.1,494720.4
131.873453,-25.903747,598.9,-128.709,0.30,11130.4,485694.3
131.875580,-25.939978,603.6,-127.844,0.30,7101.7,485906.9
131.875886,-25.975661,614.4,-126.362,0.30,3134.0,485937.5
131.833820,-25.974515,624.7,-129.134,0.30,3261.4,481733.5
131.795299,-25.975700,632.7,-128.817,0.30,3129.6,477883.7
131.755297,-25.975593,640.5,-128.834,0.30,3141.5,473886.0
131.715143,-25.977274,656.1,-127.851,0.30,2954.6,469873.1
131.674758,-25.977046,775.6,-128.631,0.30,2980.0,465837.1
131.636590,-25.979851,667.7,-129.539,0.30,2668.1,462022.7
131.596331,-25.977961,652.7,-129.258,0.30,2878.2,457999.3
131.598250,-25.943476,642.7,-130.924,0.30,6712.8,458191.0
131.636757,-25.942654,651.7,-131.569,0.30,6804.2,462039.4
131.677882,-25.942004,641.7,-132.487,0.30,6876.5,466149.3
131.717589,-25.941563,639.9,-131.390,0.30,6925.5,470117.6
131.757459,-25.939413,627.7,-130.031,0.30,7164.6,474102.1
131.797465,-25.939502,621.8,-131.203,0.30,7154.7,478100.2
131.838007,-25.938685,612.6,-129.931,0.30,7245.5,482151.9
131.833781,-25.900937,607.4,-131.342,0.30,11442.9,481729.6
131.791680,-25.904317,612.4,-133.105,0.30,11067.1,477522.1
131.754334,-25.904860,617.0,-131.770,0.30,11006.7,473789.8
131.713589,-25.905522,622.7,-133.192,0.30,10933.1,469717.8
131.675009,-25.901865,621.2,-134.571,0.30,11339.7,465862.2
131.633895,-25.908420,634.0,-131.778,0.30,10610.8,461753.3
131.593282,-25.908220,631.6,-131.807,0.30,10633.1,457694.6
131.596992,-25.870470,621.4,-129.971,0.30,14830.7,458065.3
131.637852,-25.868858,612.6,-132.757,0.30,15009.9,462148.8
131.672989,-25.868712,606.0,-134.403,0.30,15026.2,465660.3
131.715777,-25.868576,605.8,-131.624,0.30,15041.3,469936.5
131.754543,-25.868485,603.2,-134.063,0.30,15051.4,473810.7
131.795222,-25.867393,601.4,-135.366,0.30,15172.8,477876.1
131.834849,-25.866235,598.6,-134.082,0.30,15301.6,481836.3
131.874987,-25.865917,591.9,-129.397,0.30,15336.9,485847.6
131.873305,-25.827937,584.1,-129.972,0.30,19560.1,485679.5
131.871186,-25.793557,576.1,-126.750,0.30,23383.0,485467.7
131.870435,-25.757069,568.2,-128.454,0.30,27440.3,485392.7
131.869047,-25.721936,558.0,-135.287,0.30,31346.9,485254.0
131.871008,-25.684351,549.9,-144.159,0.30,35526.2,485450.0
131.866958,-25.648727,539.0,-143.177,0.30,39487.4,485045.2
131.865234,-25.610230,533.1,-132.593,0.30,43768.0,484872.9
131.867805,-25.576617,525.0,-122.643,0.30,47505.6,485129.9
131.827818,-25.577807,534.5,-124.746,0.30,47373.3,481133.6
131.828897,-25.615622,534.2,-136.276,0.30,43168.5,481241.5
131.826298,-25.648227,540.2,-143.566,0.30,39543.0,480981.7
131.826901,-25.685040,549.8,-144.465,0.30,35449.5,481042.0
131.829935,-25.722509,557.8,-137.202,0.30,31283.2,481345.2
131.830366,-25.757275,569.6,-131.040,0.30,27417.4,481388.3
131.830579,-25.793230,578.6,-131.061,0.30,23419.4,481409.6
131.831251,-25.830556,590.0,-131.195,0.30,19268.9,481476.7
131.967117,-25.862450,574.8,-125.638,0.30,15722.5,495054.9
131.984921,-25.827421,569.3,-124.172,0.30,19617.5,496834.2
131.966862,-25.827209,569.3,-125.142,0.30,19641.1,495029.4
131.946692,-25.827298,571.6,-125.693,0.30,19631.2,493013.7
131.926495,-25.826938,575.0,-125.525,0.30,19671.2,490995.2
131.928481,-25.806387,570.5,-123.766,0.30,21956.4,491193.7
131.928347,-25.789329,567.5,-123.266,0.30,23853.1,491180.3
131.930392,-25.769927,562.6,-124.058,0.30,26010.5,491384.7
131.929516,-25.753292,560.2,-125.282,0.30,27860.3,491297.1
131.931861,-25.734277,555.0,-129.654,0.30,29974.6,491531.5
131.931661,-25.716195,552.9,-135.103,0.30,31985.3,491511.5
131.951221,-25.717960,551.2,-134.154,0.30,31789.0,493466.3
131.950277,-25.738028,553.3,-127.685,0.30,29557.6,493371.9
131.949512,-25.756980,558.8,-124.722,0.30,27450.2,493295.5
131.948907,-25.773458,561.4,-124.480,0.30,25617.9,493235.0
131.948716,-25.790664,565.4,-124.382,0.30,23704.7,493215.9
131.949751,-25.809405,569.5,-123.616,0.30,21620.8,493319.4
131.968502,-25.808645,565.4,-124.127,0.30,21705.3,495193.3
131.970621,-25.790435,562.4,-124.695,0.30,23730.2,495405.1
131.968779,-25.770850,558.6,-123.002,0.30,25907.9,495221.0
131.968090,-25.753572,556.2,-125.613,0.30,27829.1,495152.1
131.971060,-25.734689,554.0,-130.086,0.30,29928.8,495449.0
131.970148,-25.717681,548.0,-134.373,0.30,31820.0,495357.8
131.992339,-25.718596,548.2,-134.125,0.30,31718.3,497575.5
131.990116,-25.738199,551.7,-129.558,0.30,29538.5,497353.4
131.989864,-25.755205,555.8,-125.096,0.30,27647.6,497328.2
131.990275,-25.772036,557.5,-123.323,0.30,25776.0,497369.3
131.988682,-25.791815,562.0,-124.282,0.30,23576.7,497210.1
131.988346,-25.809638,564.2,-123.955,0.30,21594.9,497176.5
131.787059,-25.578855,527.0,-120.878,0.30,47256.8,477060.3
131.748369,-25.580281,527.6,-118.126,0.30,47098.2,473193.7
131.749280,-25.615881,534.2,-121.061,0.30,43139.7,473284.7
131.789443,-25.615730,538.9,-134.035,0.30,43156.5,477298.5
131.789532,-25.650787,544.3,-140.964,0.30,39258.3,477307.4
131.790766,-25.687723,548.7,-142.749,0.30,35151.2,477430.7
131.789929,-25.724136,557.8,-133.448,0.30,31102.3,477347.1
131.791347,-25.761196,571.3,-133.053,0.30,26981.4,477488.8
131.791852,-25.797347,581.3,-132.800,0.30,22961.6,477539.3
131.793278,-25.832356,591.1,-134.412,0.30,19068.8,477681.8
131.751709,-25.832944,590.4,-135.610,0.30,19003.4,473527.4
131.711825,-25.833519,588.5,-135.002,0.30,18939.4,469541.5
131.672513,-25.832459,593.6,-134.958,0.30,19057.3,465612.8
131.631259,-25.835596,603.5,-135.176,0.30,18708.5,461489.9
131.592952,-25.836541,604.3,-131.011,0.30,18603.4,457661.6
131.551492,-25.835371,606.8,-134.591,0.30,18733.5,453518.1
131.553498,-25.797766,595.0,-137.728,0.30,22915.0,453718.6
131.472981,-25.765779,600.3,-136.548,0.30,26471.8,445671.9
131.391226,-25.692974,571.7,-132.668,0.30,34567.3,437501.5
131.308578,-25.658985,567.5,-131.175,0.30,38346.7,429241.8
131.230249,-25.622311,563.9,-121.604,0.30,42424.7,421413.7
131.190765,-25.587721,558.5,-109.378,0.30,46270.9,417467.8
130.790880,-25.559017,597.5,-103.882,0.30,49462.7,377504.1
130.792613,-25.597224,605.4,-114.665,0.30,45214.2,377677.2
130.793735,-25.632223,611.7,-114.412,0.30,41322.5,377789.4
130.793499,-25.666935,613.5,-121.528,0.30,37462.7,377765.8
130.794250,-25.704245,625.6,-123.189,0.30,33314.1,377840.8
130.793803,-25.742752,645.0,-123.633,0.30,29032.3,377796.2
130.795992,-25.777953,656.0,-125.074,0.30,25118.1,378014.9
130.795983,-25.813394,661.3,-126.766,0.30,21177.2,378014.0
130.796749,-25.848686,668.4,-125.120,0.30,17252.9,378090.6
130.797342,-25.885429,693.1,-122.762,0.30,13167.3,378149.9
130.797340,-25.921763,704.0,-123.653,0.30,9127.2,378149.7
130.798778,-25.954762,723.7,-122.895,0.30,5457.8,378293.4
130.800146,-25.991657,696.1,-121.461,0.30,1355.3,378430.1
130.841032,-25.990031,707.9,-122.649,0.30,1536.1,382516.1
130.880575,-25.989160,681.0,-126.754,0.30,1632.9,386468.0
130.920018,-25.990078,701.5,-124.423,0.30,1530.9,390409.9
130.959622,-25.989138,720.4,-124.757,0.30,1635.4,394367.8
131.000099,-25.988329,719.4,-127.064,0.30,1725.4,398413.0
131.038837,-25.987753,828.9,-125.727,0.30,1789.4,402284.4
131.080030,-25.987457,806.4,-126.295,0.30,1822.3,406401.1
131.119144,-25.986493,795.7,-130.112,0.30,1929.5,410310.1
131.159752,-25.984734,653.4,-130.820,0.30,2125.1,414368.4
131.200154,-25.985965,632.9,-130.789,0.30,1988.2,418406.1
131.238819,-25.984163,627.5,-130.254,0.30,2188.6,422270.2
131.279815,-25.984310,648.8,-132.297,0.30,2172.2,426367.3
131.319797,-25.984084,636.0,-132.978,0.30,2197.4,430363.0
131.359989,-25.982361,643.4,-132.032,0.30,2389.0,434379.7
131.399032,-25.982060,646.2,-131.258,0.30,2422.4,438281.6
131.396784,-25.945919,642.5,-133.666,0.30,6441.1,438056.9
131.397271,-25.908052,658.1,-134.539,0.30,10651.7,438105.6
131.435008,-25.910785,668.7,-132.818,0.30,10347.9,441877.0
131.436290,-25.949274,646.1,-129.694,0.30,6068.1,442005.1
131.439179,-25.983536,650.1,-129.165,0.30,2258.3,442293.8
131.479575,-25.981360,652.3,-128.077,0.30,2500.3,446330.9
131.519334,-25.981199,648.9,-126.591,0.30,2518.2,450304.3
131.560135,-25.979300,648.4,-128.386,0.30,2729.3,454381.9
131.556395,-25.942615,637.6,-129.702,0.30,6808.5,454008.1
131.556113,-25.906991,629.0,-132.706,0.30,10769.7,453980.0
131.554801,-25.870222,616.3,-133.925,0.30,14858.3,453848.8
131.513266,-25.836311,603.2,-137.276,0.30,18629.0,449697.9
131.514453,-25.799593,593.6,-138.428,0.30,22711.8,449816.5
131.594525,-25.799499,593.7,-135.292,0.30,22722.3,457818.8
131.635464,-25.797225,591.6,-134.289,0.30,22975.1,461910.1
131.675492,-25.797876,581.5,-137.086,0.30,22902.8,465910.5
131.711819,-25.797237,578.9,-136.645,0.30,22973.8,469540.9
131.754766,-25.796712,580.1,-135.069,0.30,23032.2,473833.0
131.752699,-25.762195,569.2,-133.182,0.30,26870.3,473626.4
131.712792,-25.759688,570.5,-136.014,0.30,27149.1,469638.2
131.674719,-25.761703,571.8,-136.316,0.30,26925.0,465833.2
131.633051,-25.762615,579.6,-139.261,0.30,26823.6,461669.0
131.592739,-25.763397,583.7,-137.242,0.30,26736.6,457640.3
131.554244,-25.763699,585.0,-139.109,0.30,26703.1,453793.2
131.513025,-25.763806,586.7,-136.708,0.30,26691.2,449673.8
131.516518,-25.872074,613.7,-134.827,0.30,14652.3,450022.9
131.516989,-25.908998,622.5,-131.284,0.30,10546.6,450070.0
131.515108,-25.944068,631.2,-128.718,0.30,6646.9,449882.0
131.475325,-25.944981,637.8,-128.673,0.30,6545.4,445906.2
131.359826,-25.946273,633.3,-136.567,0.30,6401.8,434363.4
131.319157,-25.948556,626.0,-134.839,0.30,6147.9,430299.0
131.276115,-25.948150,621.4,-132.468,0.30,6193.1,425997.5
131.238514,-25.951177,618.1,-132.558,0.30,5856.5,422239.7
131.197234,-25.949367,625.8,-132.673,0.30,6057.7,418114.3
131.197792,-25.913986,626.1,-133.480,0.30,9991.9,418170.1
131.240551,-25.912902,610.8,-135.764,0.30,10112.5,422443.3
131.275170,-25.911859,615.4,-133.220,0.30,10228.4,425903.1
131.314933,-25.912034,621.3,-137.060,0.30,10209.0,429876.9
131.356401,-25.911066,633.9,-138.414,0.30,10316.6,434021.1
131.476990,-25.909959,621.1,-131.609,0.30,10439.7,446072.6
131.475796,-25.873623,617.1,-135.407,0.30,14480.1,445953.2
131.474226,-25.836543,621.7,-135.944,0.30,18603.2,445796.3
131.472160,-25.799374,616.1,-136.374,0.30,22736.2,445589.9
131.472648,-25.731631,585.2,-136.012,0.30,30268.9,445638.6
131.511462,-25.726818,575.6,-137.590,0.30,30804.0,449517.6
131.551291,-25.729049,577.0,-136.551,0.30,30556.0,453498.1
131.592301,-25.727849,573.1,-138.071,0.30,30689.4,457596.5
131.632076,-25.726664,570.5,-137.911,0.30,30821.2,461571.6
131.672335,-25.725596,565.8,-137.074,0.30,30939.9,465595.0
131.710285,-25.726787,560.4,-135.155,0.30,30807.5,469387.6
131.749461,-25.725545,560.2,-132.701,0.30,30945.6,473302.8
131.751932,-25.687247,553.7,-140.118,0.30,35204.1,473549.7
131.748743,-25.651543,541.2,-134.581,0.30,39174.2,473231.0
131.707012,-25.579188,529.4,-119.979,0.30,47219.8,469060.5
131.709233,-25.614708,537.0,-122.581,0.30,43270.1,469282.5
131.710435,-25.654427,549.1,-139.621,0.30,38853.6,469402.6
131.708605,-25.685671,553.1,-140.873,0.30,35379.4,469219.7
131.671799,-25.689467,564.2,-140.237,0.30,34957.3,465541.4
131.630915,-25.689361,573.7,-139.567,0.30,34969.1,461455.5
131.589646,-25.691359,564.1,-139.717,0.30,34746.9,457331.2
131.550835,-25.692637,568.4,-138.890,0.30,34604.8,453452.5
131.511640,-25.694549,568.9,-139.275,0.30,34392.2,449535.4
131.472039,-25.692180,568.1,-137.641,0.30,34655.6,445577.8
131.431366,-25.693771,583.4,-135.317,0.30,34478.7,441513.0
131.432911,-25.731512,585.3,-138.132,0.30,30282.1,441667.4
131.433778,-25.763817,605.7,-138.481,0.30,26689.9,441754.0
131.430641,-25.800154,633.7,-137.866,0.30,22649.5,441440.5
131.433831,-25.839895,660.9,-136.900,0.30,18230.5,441759.3
131.431942,-25.872940,672.7,-135.706,0.30,14556.0,441570.5
131.394940,-25.874903,631.9,-136.775,0.30,14337.7,437872.6
131.354707,-25.874547,645.6,-139.690,0.30,14377.3,433851.8
131.313608,-25.879984,630.4,-139.615,0.30,13772.8,429744.5
131.273192,-25.878132,614.5,-138.466,0.30,13978.7,425705.4
131.233537,-25.877454,606.7,-136.068,0.30,14054.1,421742.3
131.197385,-25.877569,617.2,-136.425,0.30,14041.3,418129.4
131.157021,-25.877489,633.5,-135.841,0.30,14050.2,414095.5
131.155743,-25.911824,644.6,-134.898,0.30,10232.3,413967.8
131.156227,-25.951309,654.3,-132.476,0.30,5841.8,414016.1
131.114691,-25.950267,677.1,-131.549,0.30,5957.7,409865.1
131.076621,-25.953674,789.5,-129.388,0.30,5578.8,406060.5
131.038402,-25.953808,732.1,-129.144,0.30,5563.9,402240.9
130.996760,-25.954360,702.9,-129.559,0.30,5502.5,398079.3
130.997658,-25.917024,685.9,-131.016,0.30,9654.1,398169.0
130.957326,-25.918504,679.6,-130.468,0.30,9489.5,394138.3
130.958553,-25.952774,688.4,-129.411,0.30,5678.9,394261.0
130.916119,-25.954474,696.8,-125.781,0.30,5489.9,390020.2
130.877571,-25.954037,687.5,-125.175,0.30,5538.4,386167.8
130.837893,-25.956445,704.7,-123.274,0.30,5270.7,382202.4
130.839329,-25.916965,734.4,-124.766,0.30,9660.7,382346.0
130.838383,-25.882697,678.2,-125.042,0.30,13471.1,382251.4
130.832384,-25.847889,662.4,-125.868,0.30,17341.6,381651.9
130.834495,-25.809816,650.2,-127.669,0.30,21575.1,381862.9
130.834567,-25.774548,640.3,-128.348,0.30,25496.7,381870.0
130.833395,-25.737603,633.6,-125.188,0.30,29604.8,381752.9
130.873904,-25.737770,626.4,-130.708,0.30,29586.2,385801.3
130.874460,-25.703107,617.7,-127.009,0.30,33440.6,385856.9
130.833327,-25.701111,631.5,-122.199,0.30,33662.5,381746.1
130.832785,-25.663152,612.6,-119.027,0.30,37883.4,381692.0
130.832173,-25.629709,602.4,-115.866,0.30,41602.1,381630.8
130.830740,-25.592165,599.4,-115.873,0.30,45776.8,381487.6
130.831530,-25.557177,592.3,-103.922,0.30,49667.3,381566.5
130.870497,-25.555470,590.1,-105.147,0.30,49857.1,385460.8
130.872312,-25.593470,595.2,-112.723,0.30,45631.7,385642.2
130.872059,-25.627651,600.9,-114.601,0.30,41830.9,385616.9
130.874554,-25.663370,607.4,-118.551,0.30,37859.1,385866.3
130.875684,-25.774682,636.0,-129.658,0.30,25481.8,385979.2
130.877145,-25.809662,652.2,-128.748,0.30,21592.2,386125.2
130.876586,-25.846858,674.7,-126.996,0.30,17456.2,386069.3
130.876498,-25.881798,678.4,-127.234,0.30,13571.1,386060.6
130.877586,-25.917385,696.3,-125.072,0.30,9614.0,386169.3
130.915338,-25.918002,659.1,-128.869,0.30,9545.4,389942.1
131.039126,-25.915691,705.9,-131.323,0.30,9802.3,402313.3
131.076238,-25.914607,684.9,-131.621,0.30,9922.9,406022.2
131.118675,-25.915057,663.0,-133.186,0.30,9872.8,410263.3
131.116357,-25.878315,653.0,-134.388,0.30,13958.3,410031.6
131.157267,-25.841529,624.2,-136.730,0.30,18048.8,414120.1
131.194928,-25.841301,612.0,-138.029,0.30,18074.1,417883.8
131.232495,-25.841162,599.2,-137.797,0.30,18089.6,421638.2
131.272943,-25.841133,605.4,-138.663,0.30,18092.8,425680.5
131.314434,-25.839876,625.8,-141.081,0.30,18232.6,429827.0
131.354251,-25.839601,638.7,-140.845,0.30,18263.2,433806.3
131.393437,-25.839778,632.2,-140.833,0.30,18243.5,437722.4
131.391294,-25.801126,626.6,-139.857,0.30,22541.4,437508.3
131.352037,-25.804207,608.6,-144.060,0.30,22198.8,433585.0
131.309954,-25.804875,603.3,-141.969,0.30,22124.5,429379.3
131.274244,-25.805179,598.6,-139.462,0.30,22090.7,425810.5
131.232704,-25.806799,593.6,-138.302,0.30,21910.6,421659.1
131.195736,-25.806315,605.4,-137.305,0.30,21964.4,417964.6
131.155604,-25.807319,614.9,-135.736,0.30,21852.7,413953.9
131.116059,-25.808678,636.9,-134.651,0.30,21701.6,410001.8
131.115985,-25.840874,652.8,-135.592,0.30,18121.6,409994.4
131.076058,-25.880010,665.2,-133.382,0.30,13769.9,406004.2
131.074412,-25.841517,648.6,-135.061,0.30,18050.1,405839.7
131.073565,-25.807315,634.6,-133.509,0.30,21853.2,405755.0
131.072427,-25.770974,620.8,-129.431,0.30,25894.1,405641.3
131.072272,-25.734198,607.9,-127.966,0.30,29983.4,405625.8
131.069706,-25.700448,596.5,-128.422,0.30,33736.3,405369.4
131.114190,-25.700001,592.8,-127.808,0.30,33786.0,409815.0
131.113307,-25.734675,604.5,-128.389,0.30,29930.4,409726.8
131.114937,-25.771678,614.9,-132.191,0.30,25815.8,409889.7
131.154846,-25.771202,605.7,-133.327,0.30,25868.8,413878.1
131.191025,-25.770897,595.3,-137.689,0.30,25902.7,417493.8
131.233457,-25.770398,590.3,-139.061,0.30,25958.2,421734.3
131.273681,-25.769170,592.1,-138.184,0.30,26094.7,425754.3
131.316049,-25.768554,592.9,-139.668,0.30,26163.2,429988.4
131.353330,-25.767437,596.8,-141.453,0.30,26287.4,433714.2
131.393880,-25.767298,604.8,-138.261,0.30,26302.9,437766.7
131.390571,-25.730442,582.7,-135.274,0.30,30401.1,437436.0
131.429690,-25.659220,555.1,-133.946,0.30,38320.6,441345.5
131.470768,-25.658330,561.4,-137.089,0.30,38419.6,445450.7
131.509492,-25.656747,559.4,-138.346,0.30,38595.6,449320.7
131.549640,-25.656311,560.8,-135.478,0.30,38644.1,453333.1
131.551057,-25.620424,550.9,-127.686,0.30,42634.5,453474.7
131.547063,-25.585172,536.5,-125.102,0.30,46554.4,453075.5
131.588647,-25.584321,539.7,-123.715,0.30,46649.0,457231.3
131.588346,-25.617348,548.7,-125.766,0.30,42976.6,457201.3
131.589342,-25.653189,555.1,-136.143,0.30,38991.2,457300.8
131.628515,-25.654907,565.6,-138.686,0.30,38800.2,461215.7
131.668899,-25.654410,546.3,-141.292,0.30,38855.4,465251.6
131.667146,-25.617329,541.7,-127.352,0.30,42978.7,465076.4
131.629433,-25.618062,549.3,-129.502,0.30,42897.2,461307.4
131.627132,-25.582169,538.7,-119.874,0.30,46888.3,461077.5
131.667990,-25.581744,534.2,-117.499,0.30,46935.5,465160.7
130.912245,-25.557015,581.3,-106.278,0.30,49685.3,389633.0
130.912239,-25.592009,588.7,-114.703,0.30,45794.1,389632.4
130.913310,-25.628627,597.8,-119.035,0.30,41722.4,389739.5
130.914238,-25.666076,607.4,-122.698,0.30,37558.2,389832.2
130.913738,-25.701428,621.8,-125.943,0.30,33627.3,389782.2
130.915098,-25.736891,640.6,-128.205,0.30,29684.0,389918.2
130.912868,-25.773886,645.1,-128.558,0.30,25570.3,389695.3
130.914407,-25.808966,673.2,-130.580,0.30,21669.6,389849.1
130.915466,-25.842863,750.2,-129.512,0.30,17900.4,389954.9
130.916717,-25.881542,681.0,-128.606,0.30,13599.5,390080.0
130.958964,-25.880830,658.3,-131.630,0.30,13678.7,394302.0
130.995158,-25.880835,668.5,-132.158,0.30,13678.1,397919.2
131.036100,-25.881118,684.7,-132.743,0.30,13646.7,402010.9
131.034858,-25.841503,656.1,-133.728,0.30,18051.7,401886.7
130.995076,-25.844940,678.5,-131.743,0.30,17669.5,397911.0
130.952974,-25.844009,643.2,-131.677,0.30,17773.0,393703.4
130.956326,-25.808020,637.1,-131.419,0.30,21774.8,394038.4
130.995216,-25.808971,654.7,-132.123,0.30,21669.1,397925.0
131.033990,-25.808760,638.0,-131.077,0.30,21692.5,401800.0
131.031578,-25.770309,617.6,-126.783,0.30,25968.1,401558.9
130.955149,-25.738208,620.0,-128.920,0.30,29537.5,393920.8
130.992098,-25.736835,614.5,-128.300,0.30,29690.2,397613.4
131.033515,-25.735276,605.2,-127.242,0.30,29863.6,401752.5
131.155454,-25.734506,590.3,-131.138,0.30,29949.2,413938.9
131.151458,-25.698014,581.8,-130.150,0.30,34006.9,413539.5
131.191854,-25.698067,576.8,-132.701,0.30,34001.0,417576.6
131.192496,-25.734184,583.8,-134.110,0.30,29985.0,417640.8
131.232925,-25.733947,581.0,-133.433,0.30,30011.3,421681.2
131.275564,-25.732664,581.5,-136.162,0.30,30154.0,425942.4
131.313585,-25.732441,582.0,-138.799,0.30,30178.8,429742.2
131.353262,-25.732287,583.9,-138.116,0.30,30195.9,433707.4
131.351300,-25.697151,574.9,-133.296,0.30,34102.9,433511.3
131.352812,-25.660089,573.9,-127.498,0.30,38224.0,433662.5
131.349634,-25.624098,558.5,-125.082,0.30,42226.0,433344.8
131.389692,-25.622709,551.3,-129.277,0.30,42380.4,437348.2
131.391344,-25.655824,572.6,-130.054,0.30,38698.2,437513.3
131.429476,-25.622881,546.8,-129.119,0.30,42361.3,441324.1
131.467787,-25.622169,550.7,-129.893,0.30,42440.5,445152.8
131.508820,-25.620146,548.8,-128.289,0.30,42665.4,449253.6
131.268296,-25.589400,556.9,-113.606,0.30,46084.2,425216.1
131.309023,-25.588936,553.7,-118.376,0.30,46135.8,429286.3
131.348739,-25.587646,559.4,-121.861,0.30,46279.3,433255.4
131.388411,-25.586381,551.8,-122.103,0.30,46419.9,437220.1
131.427841,-25.586841,544.0,-123.254,0.30,46368.8,441160.7
131.467014,-25.586183,542.0,-121.763,0.30,46441.9,445075.6
131.508058,-25.584529,540.0,-121.638,0.30,46625.9,449177.4
131.311790,-25.623800,562.1,-124.966,0.30,42259.1,429562.8
131.313912,-25.699136,572.7,-134.074,0.30,33882.1,429774.9
131.269795,-25.695908,572.8,-133.364,0.30,34241.1,425365.9
131.231836,-25.696104,578.5,-134.643,0.30,34219.3,421572.3
131.032691,-25.700638,596.4,-128.871,0.30,33715.1,401670.2
130.992773,-25.699573,609.1,-128.090,0.30,33833.6,397680.8
130.952059,-25.701281,607.2,-128.058,0.30,33643.6,393612.0
130.954223,-25.665403,599.4,-125.136,0.30,37633.1,393828.2
130.950217,-25.630065,595.3,-122.366,0.30,41562.5,393427.9
130.952112,-25.591610,583.4,-114.482,0.30,45838.5,393617.3
130.952253,-25.556484,577.5,-104.825,0.30,49744.3,393631.4
130.990823,-25.554414,586.7,-105.799,0.30,49974.5,397486.0
130.990718,-25.592259,580.4,-115.776,0.30,45766.3,397475.5
130.991663,-25.628238,587.7,-123.286,0.30,41765.6,397569.9
130.993438,-25.665841,597.6,-124.134,0.30,37584.4,397747.3
131.031785,-25.662190,589.7,-122.195,0.30,37990.4,401579.6
131.032036,-25.627537,585.4,-122.496,0.30,41843.6,401604.7
131.032953,-25.589141,575.5,-111.049,0.30,46113.0,401696.4
131.070939,-25.554466,575.0,-99.799,0.30,49968.7,405492.6
131.070951,-25.591681,569.5,-110.525,0.30,45830.6,405493.8
131.072182,-25.630684,578.2,-120.869,0.30,41493.7,405616.8
131.072373,-25.661958,584.2,-122.773,0.30,38016.2,405635.9
131.111004,-25.661975,581.4,-125.197,0.30,38014.3,409496.6
131.112090,-25.628465,571.6,-120.482,0.30,41740.4,409605.2
131.112492,-25.591725,565.7,-110.885,0.30,45825.7,409645.3
131.150800,-25.556728,556.0,-107.195,0.30,49717.2,413473.8
131.149234,-25.590897,560.2,-110.659,0.30,45917.8,413317.3
131.150856,-25.626685,567.2,-120.413,0.30,41938.3,413479.4
131.152261,-25.662063,574.6,-127.581,0.30,38004.5,413619.8
131.193413,-25.659884,569.1,-128.536,0.30,38246.8,417732.4
131.191863,-25.625906,564.2,-119.817,0.30,42024.9,417577.5
131.232035,-25.662830,571.8,-128.091,0.30,37919.2,421592.2
131.270451,-25.660106,570.3,-128.732,0.30,38222.1,425431.5
131.271790,-25.624400,562.4,-120.778,0.30,42192.4,425565.3
131.229898,-25.591637,560.5,-113.348,0.30,45835.5,421378.7
131.914004,-25.574278,526.3,-116.142,0.30,47765.7,489746.9
131.914269,-25.589290,528.0,-121.191,0.30,46096.5,489773.4
131.913661,-25.607993,530.0,-128.560,0.30,44016.8,489712.6
131.932639,-25.609251,529.5,-127.777,0.30,43876.9,491609.2
131.934043,-25.591329,525.2,-119.163,0.30,45869.7,491749.6
131.934906,-25.573692,524.8,-115.129,0.30,47830.9,491835.8
131.954796,-25.573938,523.1,-115.190,0.30,47803.5,493823.6
131.954332,-25.592494,525.1,-119.226,0.30,45740.2,493777.2
131.954073,-25.611363,531.6,-127.264,0.30,43642.1,493751.3
130.997258,-25.772914,630.3,-127.844,0.30,25678.4,398129.1
130.954608,-25.773425,629.7,-129.950,0.30,25621.6,393866.7
129.956780,-25.638156,689.7,-46.621,0.40,40662.8,294145.7
129.956451,-25.674223,691.0,-44.032,0.40,36652.3,294112.8
129.995807,-25.674113,690.4,-48.474,0.40,36664.6,298046.0
130.035404,-25.673721,689.0,-53.722,0.40,36708.2,302003.2
130.075188,-25.673967,682.6,-60.541,0.40,36680.8,305979.2
130.115043,-25.673155,697.7,-63.645,0.40,36771.1,309962.2
130.155665,-25.673266,692.8,-70.627,0.40,36758.8,314021.9
130.195487,-25.672893,706.0,-77.905,0.40,36800.2,318001.6
130.236532,-25.677023,717.1,-82.904,0.40,36341.0,322103.6
130.274972,-25.672344,679.9,-85.994,0.40,36861.3,325945.2
130.313772,-25.671751,681.3,-90.715,0.40,36927.2,329822.8
130.394073,-25.671422,708.0,-99.467,0.40,36963.8,337847.9
130.394888,-25.635086,680.0,-96.970,0.40,41004.2,337929.4
130.394552,-25.596419,796.7,-97.030,0.40,45303.8,337895.8
129.956810,-25.710969,682.3,-41.665,0.40,32566.4,294148.7
129.996451,-25.710265,682.2,-44.196,0.40,32644.7,298110.4
130.036605,-25.709833,680.1,-51.829,0.40,32692.7,302123.3
130.076495,-25.710054,682.8,-55.396,0.40,32668.1,306109.8
130.116391,-25.709732,686.8,-59.755,0.40,32703.9,310096.9
130.156677,-25.709266,688.1,-66.437,0.40,32755.7,314123.0
130.196002,-25.709037,693.0,-73.750,0.40,32781.2,318053.1
130.235241,-25.708338,693.2,-79.760,0.40,32858.9,321974.6
130.276026,-25.708350,691.3,-84.857,0.40,32857.6,326050.5
130.315985,-25.707767,673.7,-90.674,0.40,32922.4,330044.0
130.395476,-25.706741,682.5,-99.936,0.40,33036.5,337988.1
130.395655,-25.741996,707.4,-101.563,0.40,29116.3,338006.0
130.396127,-25.779668,701.2,-102.181,0.40,24927.4,338053.2
130.396941,-25.813491,684.2,-105.468,0.40,21166.4,338134.6
130.397174,-25.850114,676.4,-105.705,0.40,17094.2,338157.8
130.396723,-25.888490,666.1,-104.971,0.40,12826.9,338112.8
130.397982,-25.924132,660.4,-105.691,0.40,8863.7,338238.6
130.398468,-25.959319,657.9,-103.260,0.40,4951.1,338287.2
130.399150,-25.995200,658.4,-96.727,0.40,961.3,338355.3
130.437488,-25.995618,649.7,-104.989,0.40,914.9,342186.7
130.477865,-25.994884,646.1,-109.753,0.40,996.5,346221.9
130.518201,-25.994764,644.6,-107.374,0.40,1009.8,350253.0
130.558966,-25.994386,645.7,-110.333,0.40,1051.8,354327.0
130.597920,-25.994134,647.4,-114.943,0.40,1079.9,358220.0
130.638805,-25.993418,649.3,-118.156,0.40,1159.5,362306.0
130.678775,-25.993035,650.3,-118.730,0.40,1202.1,366300.5
130.718903,-25.992539,659.0,-120.650,0.40,1257.2,370310.8
130.758092,-25.991743,677.5,-121.789,0.40,1345.7,374227.3
130.756071,-25.954971,699.4,-121.137,0.40,5434.6,374025.3
130.717443,-25.957397,668.4,-122.642,0.40,5164.8,370164.9
130.678905,-25.957206,657.8,-119.821,0.40,5186.1,366313.5
130.638342,-25.957392,676.1,-116.399,0.40,5165.4,362259.7
130.598905,-25.959015,649.7,-114.573,0.40,4984.9,358318.4
130.556315,-25.959009,650.0,-113.843,0.40,4985.6,354062.1
130.518611,-25.958908,648.5,-112.312,0.40,4996.8,350294.0
130.477987,-25.959418,649.0,-109.792,0.40,4940.1,346234.1
130.439443,-25.959608,651.6,-106.524,0.40,4919.0,342382.1
130.437290,-25.924276,654.9,-108.880,0.40,8847.7,342167.0
130.476622,-25.922888,656.2,-112.355,0.40,9002.1,346097.7
130.517660,-25.922400,656.6,-113.357,0.40,9056.3,350199.0
130.557313,-25.922061,657.1,-116.345,0.40,9094.0,354161.8
130.597509,-25.921722,659.7,-118.950,0.40,9131.7,358178.9
130.636672,-25.919999,663.6,-119.191,0.40,9323.3,362092.8
130.679777,-25.921202,671.2,-120.105,0.40,9189.5,366400.6
130.717076,-25.920363,673.5,-120.138,0.40,9282.8,370128.2
130.757426,-25.919353,685.9,-122.395,0.40,9395.1,374160.7
130.757919,-25.882995,705.6,-122.111,0.40,13438.0,374210.0
130.718335,-25.884155,695.6,-120.520,0.40,13309.0,370254.0
130.715546,-25.849142,711.3,-122.328,0.40,17202.2,369975.3
130.755313,-25.847650,716.1,-124.319,0.40,17368.1,373949.6
130.757053,-25.809242,697.0,-127.584,0.40,21638.9,374123.4
130.711464,-25.814319,727.8,-123.526,0.40,21074.4,369567.4
130.715054,-25.776117,682.1,-123.684,0.40,25322.2,369926.1
130.754659,-25.775369,670.2,-122.074,0.40,25405.4,373884.2
130.754998,-25.738593,653.1,-122.566,0.40,29494.7,373918.1
130.753994,-25.704203,644.1,-120.606,0.40,33318.7,373817.7
130.753416,-25.668076,626.1,-114.057,0.40,37335.9,373760.0
130.753545,-25.630831,619.4,-113.777,0.40,41477.3,373772.9
130.752174,-25.596106,613.1,-110.018,0.40,45338.6,373635.9
130.752023,-25.559751,602.0,-105.113,0.40,49381.1,373620.8
129.917507,-25.566427,706.0,-48.710,0.40,48638.7,290220.8
129.915435,-25.636769,711.9,-43.284,0.40,40817.0,290013.8
129.918083,-25.675607,683.3,-37.440,0.40,36498.5,290278.4
129.918820,-25.710890,682.7,-35.996,0.40,32575.2,290352.1
129.919040,-25.745233,670.7,-33.355,0.40,28756.4,290374.0
129.919277,-25.782962,696.9,-28.255,0.40,24561.1,290397.7
129.918661,-25.818725,696.0,-32.347,0.40,20584.5,290336.2
129.919526,-25.855943,704.3,-35.161,0.40,16446.0,290422.6
129.920095,-25.890792,714.8,-32.545,0.40,12571.0,290479.5
129.921221,-25.927839,728.7,-34.136,0.40,8451.5,290592.0
129.920440,-25.962981,741.5,-38.944,0.40,4543.9,290514.0
129.958143,-25.963455,764.3,-41.606,0.40,4491.2,294281.9
129.997947,-25.962536,768.5,-41.650,0.40,4593.4,298259.9
129.998883,-25.926872,741.1,-39.607,0.40,8559.1,298353.4
130.037133,-25.925764,732.8,-40.504,0.40,8682.3,302176.0
130.038309,-25.962370,790.2,-42.525,0.40,4611.9,302293.6
130.076296,-25.962068,745.4,-49.118,0.40,4645.4,306089.9
130.117456,-25.962072,722.4,-53.429,0.40,4645.0,310203.4
130.117561,-26.002441,1217.5,-57.570,0.40,156.2,310213.9
130.159199,-25.994658,1200.6,-65.574,0.40,1021.6,314375.1
130.200022,-25.995636,725.8,-68.499,0.40,912.8,318454.8
130.240529,-25.998008,709.4,-72.306,0.40,649.1,322503.0
130.277187,-25.995290,691.6,-75.561,0.40,951.3,326166.6
130.317224,-25.996987,680.3,-83.900,0.40,762.6,330167.8
130.357199,-25.996051,667.6,-88.909,0.40,866.7,334162.8
130.360083,-25.959621,662.4,-97.272,0.40,4917.5,334451.0
130.320218,-25.960407,669.5,-87.121,0.40,4830.1,330467.0
130.279967,-25.961312,676.0,-79.322,0.40,4729.5,326444.4
130.239336,-25.962254,720.2,-71.843,0.40,4624.8,322383.8
130.198180,-25.961187,700.7,-69.835,0.40,4743.4,318270.8
130.159203,-25.961378,715.7,-63.300,0.40,4722.2,314375.5
130.156217,-25.926508,702.1,-62.254,0.40,8599.5,314077.1
130.120255,-25.926109,711.9,-55.522,0.40,8643.9,310483.1
130.079163,-25.927052,724.3,-47.468,0.40,8539.0,306376.4
129.959494,-25.928194,731.6,-37.729,0.40,8412.1,294416.9
129.957775,-25.892854,714.5,-34.130,0.40,12341.7,294245.2
129.957956,-25.856501,704.0,-31.910,0.40,16384.0,294263.2
129.957050,-25.820495,690.8,-32.769,0.40,20387.6,294172.7
129.994193,-25.818656,691.3,-33.404,0.40,20592.1,297884.7
130.075391,-25.747043,679.0,-52.147,0.40,28555.1,305999.5
129.996236,-25.566193,701.9,-58.884,0.40,48664.7,298088.9
130.713499,-25.559290,609.9,-104.130,0.40,49432.3,369770.7
130.712555,-25.594217,614.5,-106.462,0.40,45548.6,369676.4
130.713074,-25.631741,624.0,-112.446,0.40,41376.1,369728.3
130.715352,-25.667197,637.2,-114.747,0.40,37433.6,369955.9
130.715928,-25.704452,645.3,-116.900,0.40,33291.0,370013.5
130.715587,-25.741648,659.3,-119.795,0.40,29155.0,369979.4
130.677040,-25.740986,664.4,-119.474,0.40,29228.6,366127.1
130.677370,-25.775035,683.4,-122.430,0.40,25442.6,366160.1
130.675967,-25.825167,709.3,-123.462,0.40,19868.1,366019.9
130.676215,-25.850743,690.4,-122.062,0.40,17024.2,366044.7
130.678408,-25.884119,682.5,-121.087,0.40,13313.0,366263.8
130.636452,-25.885315,670.3,-119.939,0.40,13180.0,362070.8
130.598415,-25.887681,669.8,-120.379,0.40,12916.9,358269.5
130.559418,-25.886946,668.4,-117.514,0.40,12998.6,354372.2
130.516209,-25.886133,665.8,-114.718,0.40,13089.0,350054.0
130.478610,-25.886539,668.1,-112.244,0.40,13043.9,346296.4
130.440070,-25.887716,665.1,-109.932,0.40,12913.0,342444.8
130.436766,-25.852967,672.5,-109.573,0.40,16776.9,342114.6
130.436775,-25.815720,679.9,-107.709,0.40,20918.6,342115.5
130.477585,-25.814542,682.8,-113.010,0.40,21049.6,346194.0
130.477566,-25.851054,676.4,-112.861,0.40,16989.6,346192.1
130.515503,-25.850424,684.2,-116.685,0.40,17059.7,349983.4
130.557111,-25.849979,696.3,-119.617,0.40,17109.2,354141.6
130.597071,-25.849460,690.2,-121.173,0.40,17166.9,358135.2
130.637656,-25.848893,685.4,-123.356,0.40,17229.9,362191.1
130.637030,-25.816935,706.5,-123.536,0.40,20783.5,362128.6
130.613724,-25.817788,707.4,-122.852,0.40,20688.6,359799.4
130.593704,-25.736343,704.8,-115.980,0.40,29744.9,357798.7
130.634623,-25.740721,677.0,-117.021,0.40,29258.1,361888.0
130.635032,-25.703334,668.3,-113.785,0.40,33415.3,361928.9
130.673409,-25.703313,653.5,-116.360,0.40,33417.7,365764.2
130.673753,-25.667331,647.8,-114.635,0.40,37418.7,365798.6
130.634787,-25.667358,675.2,-110.231,0.40,37415.7,361904.4
130.634024,-25.631020,652.4,-103.941,0.40,41456.3,361828.2
130.672505,-25.631947,646.5,-109.951,0.40,41353.2,365673.9
130.673226,-25.595068,648.2,-104.316,0.40,45454.0,365745.9
130.673144,-25.559132,619.0,-102.328,0.40,49449.9,365737.7
129.995350,-25.601710,700.3,-53.609,0.40,44715.4,298000.3
129.996613,-25.636500,693.4,-51.171,0.40,40847.0,298126.5
130.033867,-25.637991,702.7,-57.255,0.40,40681.2,301849.6
130.036871,-25.746106,679.2,-44.670,0.40,28659.3,302149.9
129.998076,-25.746584,678.7,-39.613,0.40,28606.2,298272.8
129.957873,-25.747167,676.2,-36.044,0.40,28541.3,294254.9
129.957299,-25.782640,686.4,-29.250,0.40,24596.9,294197.6
129.997655,-25.783165,684.6,-35.144,0.40,24538.5,298230.7
130.036633,-25.782777,684.0,-40.774,0.40,24581.7,302126.1
130.037616,-25.818532,672.8,-38.405,0.40,20605.9,302224.3
130.038527,-25.854129,691.5,-38.799,0.40,16647.7,302315.3
129.998707,-25.854845,700.7,-34.671,0.40,16568.1,298335.8
129.998166,-25.890333,716.0,-33.166,0.40,12622.0,298281.7
130.037720,-25.890720,705.6,-39.585,0.40,12579.0,302234.7
130.077631,-25.890136,696.9,-46.875,0.40,12643.9,306223.3
130.117095,-25.890248,700.8,-53.344,0.40,12631.5,310167.3
130.156125,-25.889878,698.0,-61.630,0.40,12672.6,314067.9
130.197905,-25.889512,689.2,-70.307,0.40,12713.3,318243.3
130.198517,-25.925789,695.6,-70.663,0.40,8679.5,318304.4
130.237781,-25.925799,683.1,-77.346,0.40,8678.4,322228.4
130.237790,-25.889983,685.7,-78.126,0.40,12660.9,322229.3
130.277321,-25.888488,673.4,-84.912,0.40,12827.2,326180.0
130.278311,-25.924373,673.9,-84.917,0.40,8836.9,326278.9
130.317041,-25.924325,659.1,-90.175,0.40,8842.3,330149.5
130.357296,-25.924263,655.2,-98.693,0.40,8849.2,334172.5
130.357725,-25.888262,665.5,-99.089,0.40,12852.3,334215.4
130.317869,-25.889247,670.8,-92.508,0.40,12742.8,330232.2
130.317222,-25.852898,685.0,-92.619,0.40,16784.6,330167.6
130.357325,-25.851707,678.0,-100.120,0.40,16917.0,334175.4
130.356718,-25.816354,690.8,-98.949,0.40,20848.1,334114.7
130.316303,-25.815711,696.3,-91.954,0.40,20919.6,330075.7
130.278895,-25.816969,669.8,-86.755,0.40,20779.7,326337.3
130.277930,-25.852558,675.8,-85.898,0.40,16822.4,326240.8
130.237315,-25.853281,701.2,-77.873,0.40,16742.0,322181.8
130.237317,-25.817711,685.7,-77.711,0.40,20697.2,322182.0
130.197942,-25.817386,694.4,-69.667,0.40,20733.3,318247.0
130.198260,-25.853774,677.6,-70.639,0.40,16687.2,318278.8
130.158084,-25.854121,687.0,-61.172,0.40,16648.6,314263.6
130.117719,-25.853424,688.5,-53.030,0.40,16726.1,310229.6
130.078205,-25.854264,689.1,-46.031,0.40,16632.7,306280.7
130.077603,-25.818377,677.2,-44.754,0.40,20623.2,306220.5
130.076783,-25.782532,678.3,-48.848,0.40,24608.9,306138.6
130.037188,-25.603329,692.6,-61.542,0.40,44535.4,302181.5
130.036048,-25.566167,682.5,-67.400,0.40,48667.6,302067.6
130.076453,-25.564396,681.0,-70.441,0.40,48864.5,306105.6
130.075709,-25.600109,686.4,-66.609,0.40,44893.4,306031.2
130.076511,-25.638557,697.5,-62.086,0.40,40618.2,306111.4
130.114972,-25.744993,675.3,-57.018,0.40,28783.1,309955.1
130.116835,-25.781622,677.5,-56.615,0.40,24710.1,310141.3
130.118223,-25.816416,679.9,-54.611,0.40,20841.2,310280.0
130.156288,-25.817780,681.7,-62.145,0.40,20689.5,314084.2
130.156431,-25.783735,668.6,-63.180,0.40,24475.2,314098.4
130.156071,-25.745568,675.0,-64.683,0.40,28719.1,314062.5
130.193183,-25.744752,681.4,-71.136,0.40,28809.9,317771.4
130.196879,-25.779368,682.7,-71.875,0.40,24960.8,318140.7
130.234910,-25.780144,678.4,-77.723,0.40,24874.5,321941.5
130.236182,-25.746980,685.4,-78.743,0.40,28562.1,322068.6
130.273859,-25.744409,681.7,-83.742,0.40,28848.0,325834.0
130.277201,-25.778703,688.6,-85.520,0.40,25034.7,326168.0
130.315246,-25.778973,706.5,-92.721,0.40,25004.7,329970.1
130.314498,-25.745407,693.1,-90.085,0.40,28737.0,329895.4
130.356827,-25.742854,684.4,-96.338,0.40,29020.9,334125.6
130.358447,-25.782303,705.7,-95.961,0.40,24634.4,334287.5
130.355685,-25.708333,669.0,-95.552,0.40,32859.5,334011.5
130.355053,-25.673591,656.9,-95.210,0.40,36722.6,333948.3
130.432844,-25.670331,733.8,-100.826,0.40,37085.1,341722.6
130.435496,-25.705319,693.0,-103.812,0.40,33194.6,341987.7
130.436111,-25.740905,718.1,-105.995,0.40,29237.6,342049.1
130.437065,-25.777443,697.2,-107.628,0.40,25174.8,342144.5
130.514560,-25.814313,693.1,-117.255,0.40,21075.0,349889.2
130.554434,-25.814133,711.8,-119.820,0.40,21095.1,353874.1
130.555642,-25.777736,720.2,-118.621,0.40,25142.2,353994.8
130.555705,-25.743299,704.3,-116.017,0.40,28971.4,354001.1
130.515144,-25.741857,702.2,-113.256,0.40,29131.8,349947.5
130.517407,-25.776735,700.9,-115.381,0.40,25253.5,350173.7
130.477014,-25.779060,692.3,-112.217,0.40,24995.0,346136.9
130.476106,-25.744870,712.8,-109.750,0.40,28796.8,346046.1
130.474819,-25.707990,696.3,-107.292,0.40,32897.6,345917.5
130.512446,-25.705249,693.8,-109.394,0.40,33202.4,349677.9
130.552830,-25.705168,680.3,-111.550,0.40,33211.4,353713.8
130.592123,-25.705020,679.7,-113.330,0.40,33227.9,357640.7
130.594985,-25.670933,659.0,-108.784,0.40,37018.2,357926.7
130.631222,-25.594847,645.9,-101.269,0.40,45478.6,361548.1
130.630648,-25.560732,626.8,-101.449,0.40,49272.0,361490.8
130.114399,-25.565514,670.2,-74.942,0.40,48740.2,309897.8
130.115566,-25.600263,685.2,-72.444,0.40,44876.3,310014.5
130.116857,-25.637305,689.0,-69.036,0.40,40757.4,310143.5
130.156815,-25.637411,706.0,-73.241,0.40,40745.7,314136.8
130.186681,-25.639191,707.1,-80.463,0.40,40547.7,317121.6
130.185375,-25.593688,687.9,-82.475,0.40,45607.4,316991.1
130.155117,-25.600894,692.3,-78.442,0.40,44806.2,313967.1
130.154389,-25.566487,694.7,-81.358,0.40,48632.0,313894.4
130.194435,-25.565137,692.1,-85.618,0.40,48782.2,317896.5
130.234872,-25.561708,665.4,-90.459,0.40,49163.4,321937.7
130.274003,-25.567387,668.4,-96.040,0.40,48532.0,325848.4
130.281211,-25.601739,685.0,-89.561,0.40,44712.2,326568.7
130.315687,-25.599776,648.9,-92.858,0.40,44930.5,330014.2
130.313095,-25.563006,650.5,-94.417,0.40,49019.1,329755.1
130.394373,-25.562526,660.2,-94.855,0.40,49072.5,337877.9
130.353315,-25.564520,630.4,-94.216,0.40,48850.8,333774.7
130.354931,-25.601260,641.9,-94.852,0.40,44765.5,333936.2
130.434172,-25.598195,736.7,-94.429,0.40,45106.3,341855.3
130.435724,-25.636227,661.3,-97.568,0.40,40877.3,342010.4
130.473957,-25.634358,658.0,-98.640,0.40,41085.1,345831.4
130.474973,-25.672437,675.6,-102.627,0.40,36850.9,345932.9
130.515903,-25.668819,683.4,-105.056,0.40,37253.2,350023.4
130.553776,-25.669315,664.1,-107.788,0.40,37198.1,353808.3
130.593257,-25.631705,647.7,-102.893,0.40,41380.1,357754.0
130.551796,-25.634168,661.2,-101.729,0.40,41106.3,353610.5
130.512303,-25.633184,657.6,-100.689,0.40,41215.7,349663.6
130.474414,-25.598283,644.1,-96.034,0.40,45096.5,345877.1
130.513924,-25.597503,645.9,-97.339,0.40,45183.2,349825.6
130.555781,-25.596439,639.2,-97.033,0.40,45301.5,354008.7
130.594284,-25.596130,648.0,-100.195,0.40,45335.9,357856.6
130.591148,-25.559865,642.9,-101.134,0.40,49368.4,357543.2
130.550883,-25.561992,642.4,-100.398,0.40,49131.9,353519.2
130.511402,-25.562949,631.7,-95.900,0.40,49025.4,349573.6
130.473765,-25.562034,635.2,-95.421,0.40,49127.2,345812.2
130.433790,-25.563028,748.4,-92.731,0.40,49016.7,341817.2
129.598779,-25.569251,697.8,-35.008,0.40,48324.7,258367.8
129.598501,-25.603835,699.1,-34.597,0.40,44479.1,258340.0
129.598363,-25.641407,682.4,-30.473,0.40,40301.3,258326.2
129.598673,-25.676409,674.1,-29.557,0.40,36409.3,258357.2
129.636996,-25.676858,678.7,-30.288,0.40,36359.3,262187.1
129.639871,-25.713285,667.2,-28.209,0.40,32308.8,262474.4
129.596667,-25.713484,675.4,-28.680,0.40,32286.7,258156.7
129.599483,-25.750404,665.7,-28.454,0.40,28181.4,258438.1
129.598683,-25.785983,669.4,-32.934,0.40,24225.2,258358.2
129.599741,-25.821707,669.1,-33.306,0.40,20252.9,258463.9
129.599124,-25.859340,676.8,-36.930,0.40,16068.3,258402.3
129.600201,-25.894925,701.2,-37.268,0.40,12111.4,258509.9
129.637811,-25.892132,679.5,-37.414,0.40,12422.0,262268.6
129.639438,-25.929825,704.0,-38.801,0.40,8230.7,262431.2
129.599499,-25.931343,727.2,-39.401,0.40,8061.9,258439.7
129.599743,-25.968102,757.2,-41.086,0.40,3974.5,258464.1
129.637502,-25.964879,732.5,-44.312,0.40,4332.9,262237.7
129.675365,-25.965605,952.2,-44.302,0.40,4252.1,266021.6
129.720979,-25.964757,714.5,-44.760,0.40,4346.4,270580.2
129.757129,-25.965211,709.6,-42.665,0.40,4296.0,274193.0
129.799258,-25.964471,717.9,-40.229,0.40,4378.2,278403.3
129.840041,-25.964178,716.4,-38.006,0.40,4410.8,282479.0
129.877677,-25.963136,736.6,-36.727,0.40,4526.7,286240.3
129.878247,-25.926354,725.0,-39.186,0.40,8616.7,286297.3
129.878984,-25.891682,714.9,-36.018,0.40,12472.0,286370.9
129.878142,-25.855942,702.9,-34.163,0.40,16446.1,286286.8
129.878311,-25.819843,694.6,-31.669,0.40,20460.1,286303.7
129.878587,-25.782396,689.0,-29.289,0.40,24624.1,286331.3
129.878435,-25.747323,671.2,-33.157,0.40,28524.0,286316.1
129.836782,-25.746509,667.8,-31.213,0.40,28614.5,282153.3
129.839395,-25.784633,686.6,-31.285,0.40,24375.3,282414.5
129.840008,-25.821665,692.4,-33.104,0.40,20257.5,282475.7
129.840689,-25.855824,700.0,-35.069,0.40,16459.2,282543.8
129.796553,-25.855955,692.2,-32.861,0.40,16444.7,278132.9
129.799177,-25.819054,688.9,-31.994,0.40,20547.9,278395.2
129.798818,-25.784454,680.2,-34.404,0.40,24395.2,278359.3
129.798750,-25.747657,673.9,-31.514,0.40,28486.9,278352.5
129.877299,-25.710515,673.6,-32.273,0.40,32616.9,286202.5
129.838052,-25.711971,673.8,-30.821,0.40,32455.0,282280.3
129.758988,-25.749751,672.9,-32.517,0.40,28254.0,274378.8
129.758864,-25.783641,680.5,-33.394,0.40,24485.6,274366.4
129.759633,-25.821062,691.8,-33.638,0.40,20324.6,274443.2
129.760581,-25.856272,703.5,-33.271,0.40,16409.4,274538.0
129.758916,-25.891639,689.9,-37.925,0.40,12476.8,274371.6
129.798334,-25.891093,700.4,-39.704,0.40,12537.5,278310.9
129.835939,-25.893154,709.1,-37.743,0.40,12308.3,282069.1
129.840729,-25.929008,717.6,-40.588,0.40,8321.5,282547.8
129.798735,-25.928472,704.1,-42.878,0.40,8381.1,278351.0
129.757907,-25.929322,699.5,-43.287,0.40,8286.6,274270.7
129.718572,-25.929094,698.4,-42.590,0.40,8312.0,270339.7
129.719596,-25.894363,687.4,-38.315,0.40,12173.9,270442.0
129.718748,-25.855806,676.5,-34.098,0.40,16461.2,270357.3
129.677490,-25.858209,694.6,-32.229,0.40,16194.0,266234.0
129.680868,-25.893447,685.2,-37.093,0.40,12275.7,266571.6
129.678683,-25.930398,690.4,-41.877,0.40,8167.0,266353.2
129.636862,-25.855811,676.0,-34.170,0.40,16460.7,262173.7
129.639442,-25.820877,669.4,-33.538,0.40,20345.2,262431.6
129.639063,-25.786230,668.7,-30.324,0.40,24197.7,262393.7
129.638578,-25.748560,668.6,-29.548,0.40,28386.4,262345.2
129.638262,-25.640458,682.9,-29.542,0.40,40406.8,262313.6
129.638367,-25.604841,688.9,-35.906,0.40,44367.3,262324.1
129.637375,-25.566557,697.8,-34.450,0.40,48624.3,262225.0
129.877312,-25.564745,715.9,-44.451,0.40,48825.7,286203.8
129.878312,-25.602502,696.8,-40.381,0.40,44627.4,286303.8
129.876621,-25.640313,696.4,-39.028,0.40,40423.0,286134.8
129.876775,-25.673950,687.6,-34.618,0.40,36682.7,286150.2
129.797178,-25.712159,677.2,-33.629,0.40,32434.1,278195.4
129.759095,-25.712934,670.0,-30.246,0.40,32347.9,274389.5
129.719472,-25.711869,679.0,-30.133,0.40,32466.3,270429.6
129.720349,-25.747170,664.1,-30.509,0.40,28541.0,270517.3
129.717928,-25.782615,669.9,-34.462,0.40,24599.7,270275.3
129.718228,-25.819483,674.0,-32.617,0.40,20500.2,270305.3
129.678165,-25.821751,663.7,-32.292,0.40,20248.0,266301.5
129.676429,-25.783221,670.3,-30.880,0.40,24532.3,266128.0
129.677826,-25.748598,653.5,-30.433,0.40,28382.2,266267.6
129.677570,-25.712106,673.4,-25.241,0.40,32439.9,266242.0
129.678013,-25.675647,680.2,-28.551,0.40,36494.0,266286.3
129.716344,-25.675682,685.7,-28.101,0.40,36490.1,270117.0
129.754645,-25.675857,685.2,-28.652,0.40,36470.7,273944.7
129.796893,-25.673974,680.9,-31.859,0.40,36680.0,278166.9
129.835054,-25.675444,671.4,-32.376,0.40,36516.6,281980.7
129.836814,-25.639126,689.7,-35.062,0.40,40555.0,282156.5
129.798701,-25.638644,695.0,-32.626,0.40,40608.5,278347.6
129.757678,-25.639447,688.6,-32.832,0.40,40519.3,274247.8
129.718049,-25.640864,694.8,-32.112,0.40,40361.7,270287.4
129.679095,-25.641785,694.9,-31.243,0.40,40259.3,266394.4
129.675853,-25.604560,694.9,-35.946,0.40,44398.5,266070.4
129.716722,-25.604073,716.0,-35.911,0.40,44452.7,270154.8
129.754454,-25.602266,706.1,-36.566,0.40,44653.6,273925.6
129.795395,-25.603597,710.0,-37.311,0.40,44505.6,278017.2
129.835972,-25.603068,702.2,-39.538,0.40,44564.4,282072.4
130.278918,-25.637382,674.8,-88.095,0.40,40748.9,326339.6
130.313955,-25.635584,654.8,-92.252,0.40,40948.8,329841.1
130.358571,-25.636088,646.1,-95.423,0.40,40892.8,334299.9
129.916972,-25.601322,703.8,-44.182,0.40,44758.6,290167.4
129.955160,-25.604202,695.7,-48.575,0.40,44438.3,293983.8
129.956343,-25.567822,713.2,-52.247,0.40,48483.6,294102.0
129.797442,-25.567731,717.6,-39.328,0.40,48493.7,278221.8
129.835567,-25.565580,707.1,-41.103,0.40,48732.9,282031.9
129.398269,-25.642289,663.2,-34.385,0.40,40203.2,238329.2
129.399465,-25.746223,655.4,-30.652,0.40,28646.3,238448.7
129.436931,-25.749550,658.1,-30.496,0.40,28276.4,242193.0
129.475455,-25.749019,662.3,-29.941,0.40,28335.4,246043.0
129.516902,-25.748944,666.1,-28.338,0.40,28343.7,250185.2
129.555001,-25.749564,666.1,-27.191,0.40,28274.8,253992.7
129.558491,-25.784371,669.1,-34.210,0.40,24404.4,254341.5
129.559351,-25.824227,672.7,-32.655,0.40,19972.7,254427.4
129.560328,-25.857957,696.9,-34.526,0.40,16222.1,254525.1
129.560136,-25.891480,689.1,-35.709,0.40,12494.5,254505.9
129.559523,-25.928548,706.2,-39.500,0.40,8372.7,254444.6
129.559364,-25.965042,716.4,-40.172,0.40,4314.7,254428.7
129.527786,-25.965572,719.3,-36.842,0.40,4255.8,251272.9
129.529193,-25.930339,707.6,-35.762,0.40,8173.5,251413.5
129.521018,-25.894570,708.4,-35.117,0.40,12150.9,250596.5
129.532539,-25.859161,706.4,-35.050,0.40,16088.2,251747.9
129.475014,-25.856356,684.1,-34.152,0.40,16400.1,245998.9
129.437466,-25.892453,680.5,-36.249,0.40,12386.3,242246.5
129.397212,-25.920158,695.0,-32.292,0.40,9305.6,238223.6
129.383549,-25.968596,714.2,-29.478,0.40,3919.6,236858.1
129.358275,-25.970226,687.6,-29.048,0.40,3738.3,234332.3
129.321539,-25.964734,681.0,-30.559,0.40,4349.0,230661.0
129.281863,-25.965202,676.8,-29.897,0.40,4297.0,226695.8
129.241119,-25.966451,670.0,-27.350,0.40,4158.1,222623.9
129.203209,-25.965253,665.6,-28.364,0.40,4291.3,218835.3
129.163261,-25.966246,659.5,-28.861,0.40,4180.9,214843.0
129.120609,-25.967171,660.6,-32.832,0.40,4078.0,210580.4
129.081043,-25.965993,649.3,-32.183,0.40,4209.0,206626.2
129.040829,-25.966472,645.4,-30.179,0.40,4155.7,202607.3
129.040499,-25.933056,643.0,-41.529,0.40,7871.4,202574.4
129.078484,-25.931258,649.2,-38.194,0.40,8071.4,206370.5
129.120078,-25.931126,648.3,-33.475,0.40,8086.0,210527.3
129.157729,-25.930541,662.7,-31.451,0.40,8151.1,214290.1
129.196915,-25.930822,663.6,-29.434,0.40,8119.8,218206.3
129.236257,-25.930076,664.1,-31.046,0.40,8202.8,222138.0
129.278800,-25.931403,674.7,-31.024,0.40,8055.2,226389.7
129.316464,-25.932112,692.0,-25.435,0.40,7976.4,230153.8
129.371162,-25.915808,695.6,-28.967,0.40,9789.3,235620.2
129.397714,-25.894555,679.0,-32.220,0.40,12152.5,238273.7
129.360654,-25.893406,681.7,-29.169,0.40,12280.3,234570.0
129.320959,-25.892341,674.7,-29.701,0.40,12398.7,230603.0
129.280748,-25.893393,651.6,-28.958,0.40,12281.8,226584.4
129.241669,-25.895062,648.8,-31.724,0.40,12096.2,222678.9
129.201803,-25.894492,648.9,-31.992,0.40,12159.5,218694.8
129.163135,-25.894562,642.2,-33.425,0.40,12151.8,214830.4
129.121229,-25.894492,640.3,-34.377,0.40,12159.5,210642.4
129.076244,-25.893013,653.6,-36.725,0.40,12324.0,206146.6
129.040821,-25.894596,645.3,-38.813,0.40,12148.0,202606.5
129.040223,-25.860170,633.5,-37.682,0.40,15976.0,202546.8
129.076250,-25.858413,630.9,-39.790,0.40,16171.4,206147.2
129.119592,-25.858408,631.7,-37.418,0.40,16171.9,210478.8
129.157189,-25.858057,637.7,-37.586,0.40,16210.9,214236.1
129.197537,-25.858061,641.1,-36.873,0.40,16210.5,218268.4
129.237629,-25.857952,694.3,-33.611,0.40,16222.6,222275.2
129.277590,-25.857595,651.1,-33.971,0.40,16262.3,226268.8
129.315998,-25.858252,656.1,-34.503,0.40,16189.3,230107.2
129.355964,-25.858215,660.4,-33.743,0.40,16193.4,234101.3
129.396979,-25.857745,664.8,-32.661,0.40,16245.6,238200.3
129.438232,-25.857415,671.5,-32.115,0.40,16282.3,242323.0
129.439300,-25.821927,660.3,-33.736,0.40,20228.4,242429.8
129.478159,-25.821565,670.3,-32.280,0.40,20268.7,246313.3
129.517997,-25.821460,714.9,-32.564,0.40,20280.3,250294.6
129.519504,-25.786454,666.4,-33.610,0.40,24172.8,250445.2
129.480586,-25.786294,665.2,-35.551,0.40,24190.6,246555.8
129.439687,-25.784751,661.9,-36.438,0.40,24362.2,242468.4
129.400225,-25.786013,658.8,-36.900,0.40,24221.9,238524.7
129.399800,-25.820525,656.4,-35.282,0.40,20384.3,238482.2
129.359803,-25.821359,655.1,-36.463,0.40,20291.6,234485.0
129.320518,-25.821126,650.5,-35.247,0.40,20317.5,230558.9
129.280104,-25.822360,651.9,-33.710,0.40,20180.3,226520.0
129.241537,-25.821616,640.9,-37.586,0.40,20263.0,222665.7
129.200472,-25.822657,636.1,-37.770,0.40,20147.2,218561.8
129.161216,-25.821497,634.9,-39.115,0.40,20276.2,214638.6
129.120889,-25.823115,632.4,-39.645,0.40,20096.3,210608.4
129.080548,-25.821993,623.8,-37.250,0.40,20221.1,206576.8
129.040324,-25.821808,624.1,-40.116,0.40,20241.6,202556.9
129.040536,-25.786934,623.4,-36.612,0.40,24119.5,202578.1
129.080339,-25.785714,620.1,-34.873,0.40,24255.1,206555.9
129.117336,-25.786057,627.4,-35.754,0.40,24217.0,210253.3
129.157072,-25.786173,629.1,-36.825,0.40,24204.1,214224.4
129.199469,-25.785842,637.5,-34.504,0.40,24240.9,218461.5
129.238868,-25.786329,637.8,-33.465,0.40,24186.7,222399.0
129.279824,-25.785710,647.1,-33.123,0.40,24255.6,226492.0
129.316110,-25.786079,650.9,-34.272,0.40,24214.5,230118.4
129.360439,-25.785898,654.6,-38.776,0.40,24234.7,234548.5
129.398974,-25.714418,655.3,-30.830,0.40,32182.9,238399.7
129.397763,-25.676563,656.7,-29.963,0.40,36392.1,238278.6
129.397908,-25.606773,672.7,-33.020,0.40,44152.4,238293.1
129.398198,-25.569956,694.7,-32.518,0.40,48246.3,238322.1
129.039453,-25.567390,639.0,-61.945,0.40,48531.6,202469.8
129.040148,-25.604982,633.5,-49.382,0.40,44351.6,202539.3
129.039638,-25.641711,624.8,-42.113,0.40,40267.5,202488.3
129.040094,-25.676147,625.9,-37.860,0.40,36438.4,202533.9
129.039572,-25.713784,623.6,-34.249,0.40,32253.4,202481.7
129.040212,-25.747969,624.4,-35.698,0.40,28452.2,202545.7
129.078778,-25.749933,628.8,-34.413,0.40,28233.8,206399.9
129.080118,-25.712545,625.3,-31.756,0.40,32391.1,206533.8
129.080494,-25.679689,633.4,-32.892,0.40,36044.6,206571.4
129.079543,-25.642878,635.5,-38.560,0.40,40137.7,206476.3
129.080768,-25.606556,641.8,-45.185,0.40,44176.6,206598.8
129.079872,-25.568265,645.9,-58.840,0.40,48434.3,206509.2
129.119564,-25.568738,654.4,-51.940,0.40,48381.7,210476.0
129.119723,-25.604114,639.3,-42.386,0.40,44448.1,210491.9
129.120324,-25.640494,637.8,-35.772,0.40,40402.8,210551.9
129.120035,-25.678537,630.9,-30.421,0.40,36172.6,210523.0
129.119966,-25.712004,629.8,-31.535,0.40,32451.3,210516.1
129.119393,-25.749735,630.9,-32.882,0.40,28255.8,210458.9
129.158193,-25.750289,626.2,-34.364,0.40,28194.2,214336.5
129.159174,-25.715374,633.5,-31.018,0.40,32076.6,214434.5
129.159336,-25.678927,633.3,-26.833,0.40,36129.3,214450.7
129.158487,-25.643445,645.3,-33.390,0.40,40074.7,214365.9
129.158876,-25.605038,642.1,-40.654,0.40,44345.4,214404.7
129.159564,-25.570499,651.3,-48.022,0.40,48185.9,214473.5
129.199670,-25.566769,652.4,-47.226,0.40,48600.7,218481.6
129.199410,-25.605468,654.6,-35.152,0.40,44297.6,218455.6
129.199557,-25.639290,647.1,-30.490,0.40,40536.7,218470.3
129.198958,-25.676940,631.9,-26.824,0.40,36350.2,218410.4
129.200440,-25.712259,633.2,-32.346,0.40,32422.9,218558.6
129.198967,-25.749280,638.0,-33.731,0.40,28306.4,218411.3
129.238937,-25.751105,641.2,-31.575,0.40,28103.5,222405.9
129.240152,-25.714867,639.4,-29.353,0.40,32132.9,222527.3
129.238657,-25.679050,633.0,-26.599,0.40,36115.6,222377.9
129.239440,-25.641195,643.4,-30.319,0.40,40324.9,222456.1
129.277189,-25.641060,651.2,-30.679,0.40,40339.9,226228.7
129.315385,-25.641217,655.8,-30.540,0.40,40322.4,230045.9
129.358022,-25.640935,654.7,-30.928,0.40,40353.8,234307.0
129.238895,-25.568045,655.9,-43.744,0.40,48458.8,222401.7
129.238926,-25.604722,661.1,-35.304,0.40,44380.5,222404.8
129.278011,-25.606408,661.6,-36.833,0.40,44193.0,226310.9
129.279447,-25.571498,668.2,-40.830,0.40,48074.8,226454.4
129.319370,-25.569317,679.3,-37.619,0.40,48317.4,230444.2
129.319623,-25.601421,672.2,-34.238,0.40,44747.6,230469.5
129.356147,-25.605571,665.5,-32.496,0.40,44286.1,234119.6
129.359620,-25.566774,678.7,-35.135,0.40,48600.1,234466.7
129.394660,-25.568486,690.0,-32.535,0.40,48409.8,237968.5
129.358296,-25.677762,644.8,-25.659,0.40,36258.8,234334.4
129.319853,-25.678018,642.2,-26.108,0.40,36230.4,230492.5
129.279618,-25.677894,636.4,-28.493,0.40,36244.1,226471.5
129.280141,-25.712640,639.1,-30.347,0.40,32380.6,226523.7
129.279559,-25.749004,645.0,-29.779,0.40,28337.1,226465.6
129.318508,-25.749973,651.2,-31.100,0.40,28229.3,230358.0
129.318857,-25.714235,645.9,-30.609,0.40,32203.2,230392.9
129.361766,-25.714692,654.1,-30.330,0.40,32152.4,234681.2
129.359622,-25.748333,651.4,-34.621,0.40,28411.7,234466.9
129.436978,-25.713035,656.8,-28.199,0.40,32336.6,242197.7
129.438934,-25.679151,659.4,-29.451,0.40,36104.4,242393.2
129.476913,-25.676395,663.2,-30.788,0.40,36410.8,246188.7
129.478688,-25.711502,658.5,-27.687,0.40,32507.1,246366.1
129.515661,-25.712624,667.9,-28.061,0.40,32382.3,250061.1
129.557277,-25.712528,673.3,-29.216,0.40,32393.0,254220.2
129.557900,-25.677195,670.6,-28.833,0.40,36321.9,254282.4
129.519354,-25.676911,664.1,-27.734,0.40,36353.5,250430.2
129.517608,-25.640522,668.2,-32.303,0.40,40399.7,250255.7
129.517734,-25.604700,675.6,-35.897,0.40,44382.9,250268.3
129.479803,-25.604400,678.0,-35.642,0.40,44416.3,246477.6
129.440684,-25.605675,675.7,-33.168,0.40,44274.5,242568.1
129.438306,-25.570751,705.5,-33.155,0.40,48157.9,242330.4
129.479931,-25.567484,696.9,-34.674,0.40,48521.2,246490.3
129.514749,-25.567655,677.9,-35.891,0.40,48502.2,249970.0
129.758196,-25.565221,711.7,-37.768,0.40,48772.8,274299.6
129.716407,-25.566843,727.1,-37.530,0.40,48592.5,270123.3
129.676654,-25.567782,706.2,-35.134,0.40,48488.0,266150.5
129.557117,-25.569592,680.7,-34.778,0.40,48286.8,254204.2
129.558456,-25.604797,685.7,-34.061,0.40,44372.2,254338.0
129.557588,-25.641614,677.3,-31.773,0.40,40278.3,254251.2
129.477924,-25.640960,663.9,-33.941,0.40,40351.0,246289.8
129.438218,-25.639820,666.6,-34.255,0.40,40477.8,242321.6
132.646293,-26.028565,572.5,-111.310,2.00,-2748.7,562930.4
132.976289,-25.891892,542.5,-104.823,2.00,12448.7,595909.6
132.831290,-25.881893,539.8,-109.151,2.00,13560.5,581418.7
132.441293,-25.871896,551.0,-126.967,2.00,14672.1,542443.1
132.352965,-25.958567,591.2,-124.517,2.00,5034.7,533615.8
132.157966,-25.896899,573.4,-125.950,2.00,11891.9,514128.0
132.082966,-25.891900,578.8,-118.371,2.00,12447.8,506632.6
132.052966,-25.830240,567.2,-125.160,2.00,19304.0,503634.5
132.166295,-25.820239,552.5,-122.155,2.00,20416.1,514960.4
132.257964,-25.833568,575.8,-124.337,2.00,18934.0,524121.6
132.391293,-25.835237,555.4,-126.645,2.00,18748.4,537446.2
132.519622,-25.850236,549.5,-118.588,2.00,17080.6,550271.2
132.604621,-25.818565,540.6,-115.069,2.00,20602.2,558765.8
132.719620,-25.818564,550.2,-112.704,2.00,20602.4,570258.6
132.847959,-25.828563,521.7,-116.979,2.00,19490.5,583084.6
132.907959,-25.810232,514.2,-117.349,2.00,21528.8,589080.8
132.966287,-25.738561,504.3,-120.813,2.00,29498.3,594910.0
132.867958,-25.740232,507.5,-122.217,2.00,29312.5,585083.2
132.736289,-25.716893,506.1,-120.156,2.00,31907.7,571924.5
132.639620,-25.711894,515.1,-119.401,2.00,32463.5,562263.6
132.514621,-25.706895,518.4,-116.326,2.00,33019.4,549771.4
132.467962,-25.761896,533.2,-114.162,2.00,26903.6,545108.4
132.326292,-25.713567,528.7,-133.963,2.00,32277.5,530950.2
132.187964,-25.715238,536.0,-135.598,2.00,32091.7,517125.9
132.077964,-25.718239,546.6,-132.236,2.00,31758.0,506132.7
132.001294,-25.631899,536.1,-132.521,2.00,41358.6,498470.5
132.127963,-25.611898,523.2,-124.141,2.00,43582.6,511129.5
132.229622,-25.621897,515.2,-123.301,2.00,42470.7,521289.1
132.337961,-25.620236,508.9,-108.374,2.00,42655.4,532116.3
132.472960,-25.616895,507.5,-112.732,2.00,43026.9,545607.9
132.554619,-25.620234,507.4,-114.227,2.00,42655.6,553768.7
132.649619,-25.613564,499.3,-110.691,2.00,43397.3,563262.8
132.804617,-25.613562,490.4,-102.356,2.00,43397.5,578753.0
132.911287,-25.625231,471.4,-107.643,2.00,42100.0,589413.4
132.464622,-25.760236,532.6,-117.824,2.00,27088.1,544774.6
132.417962,-25.708566,524.9,-129.073,2.00,32833.6,540111.5
132.456294,-25.920236,566.8,-126.367,2.00,9296.9,543942.3
132.407963,-25.866897,558.9,-128.661,2.00,15228.0,539112.2
132.272965,-25.881068,570.9,-129.912,2.00,13652.2,525620.8
132.144626,-25.903569,583.1,-125.355,2.00,11150.2,512794.8
132.252964,-25.828568,574.4,-124.387,2.00,19490.0,523621.9
132.332963,-25.753567,539.3,-129.679,2.00,27829.7,531616.8
132.334621,-25.623566,508.4,-109.873,2.00,42285.1,531782.5
132.542960,-25.685235,515.8,-121.415,2.00,35427.9,552603.5
132.971290,-25.986892,555.3,-94.462,2.00,1885.1,595410.0
132.899621,-25.981893,560.2,-92.745,2.00,2441.0,588247.6
132.816291,-25.968563,551.1,-103.752,2.00,3923.2,579919.7
132.772961,-25.954894,546.3,-108.317,2.00,5443.2,575589.4
132.711292,-25.951064,579.7,-115.597,2.00,5869.0,569426.3
132.649292,-25.928565,552.9,-124.868,2.00,8370.8,563230.2
132.576293,-25.943565,571.5,-124.051,2.00,6702.9,555934.8
132.496294,-25.976896,577.9,-127.277,2.00,2996.6,547939.8
132.432125,-25.990237,600.8,-126.608,2.00,1513.2,541526.9
132.371295,-26.001897,603.3,-126.265,2.00,216.7,535447.7
132.292966,-25.991898,602.9,-124.524,2.00,1328.5,527619.6
132.197966,-25.981899,613.7,-122.355,2.00,2440.3,518125.5
132.114627,-25.978570,602.3,-123.889,2.00,2810.5,509796.8
132.040127,-25.957740,596.8,-129.476,2.00,5126.7,502351.4
132.447968,-26.326898,615.7,-54.618,0.10,-35921.8,543110.2
132.480468,-26.338568,606.2,-51.648,0.10,-37219.4,546358.2
132.009633,-26.440243,633.7,-30.800,3.00,-48525.2,499303.9
132.012969,-26.041901,609.8,-127.261,3.00,-4231.6,499637.3
132.086298,-26.036900,624.3,-126.024,3.00,-3675.5,506965.6
132.144627,-26.036900,649.2,-122.414,3.00,-3675.5,512794.9
132.206297,-26.031899,648.1,-121.316,3.00,-3119.4,518958.1
132.276296,-26.040238,620.0,-122.487,3.00,-4046.7,525953.7
132.361296,-26.036898,626.8,-121.216,3.00,-3675.3,534448.4
132.422965,-26.043567,668.4,-117.933,3.00,-4416.8,540611.5
132.489625,-26.043567,608.8,-120.365,3.00,-4416.8,547273.3
132.554624,-26.026896,589.5,-120.054,3.00,-2563.1,553769.2
132.619623,-26.038565,587.6,-112.626,3.00,-3860.6,560265.1
132.691293,-26.041895,581.6,-105.612,3.00,-4230.9,567427.7
132.762962,-26.050234,565.8,-97.983,3.00,-5158.2,574590.1
132.832962,-26.045233,558.5,-92.162,3.00,-4602.1,581585.8
132.897961,-26.046893,550.7,-86.787,3.00,-4786.7,588081.7
132.964621,-26.043562,531.6,-86.954,3.00,-4416.3,594743.5
132.012969,-26.095241,623.4,-122.219,3.00,-10162.7,499637.3
132.069629,-26.101901,695.9,-117.736,3.00,-10903.3,505299.8
132.144628,-26.095240,654.3,-120.290,3.00,-10162.6,512795.0
132.211298,-26.095239,660.6,-117.415,3.00,-10162.5,519457.9
132.269627,-26.093569,632.2,-116.453,3.00,-9976.8,525287.2
132.346296,-26.091898,688.9,-113.169,3.00,-9791.0,532949.3
132.419626,-26.100237,644.9,-110.746,3.00,-10718.3,540277.8
132.494625,-26.103567,614.5,-113.913,3.00,-11088.5,547773.0
132.551295,-26.101896,604.5,-110.640,3.00,-10902.7,553436.5
132.626294,-26.101896,598.9,-107.401,3.00,-10902.7,560931.8
132.697964,-26.100235,571.4,-97.559,3.00,-10718.0,568094.3
132.767963,-26.095234,556.8,-89.782,3.00,-10161.9,575089.9
132.831292,-26.095234,557.4,-88.252,3.00,-10161.9,581418.9
132.897962,-26.096893,542.1,-83.601,3.00,-10346.4,588081.8
132.966291,-26.103563,515.5,-78.850,3.00,-11088.1,594910.4
132.011300,-26.148571,645.5,-109.368,3.00,-16092.7,499470.5
132.082969,-26.136901,695.7,-110.768,3.00,-14795.1,506632.9
132.139629,-26.146900,704.2,-104.952,3.00,-15906.9,512295.4
132.279628,-26.151899,667.5,-109.156,3.00,-16462.8,526286.6
132.351297,-26.148568,678.7,-107.754,3.00,-16092.4,533449.1
132.422966,-26.150238,630.5,-106.931,3.00,-16278.1,540611.6
132.496296,-26.156897,625.0,-98.672,3.00,-17018.6,547940.0
132.561295,-26.153566,593.7,-102.386,3.00,-16648.2,554435.9
132.632965,-26.155236,571.9,-94.441,3.00,-16833.9,561598.5
132.772963,-26.153564,540.8,-84.510,3.00,-16647.9,575589.6
132.841293,-26.151894,530.8,-79.939,3.00,-16462.2,582418.4
132.909622,-26.150233,523.0,-77.060,3.00,-16277.6,589247.0
132.979622,-26.151893,504.0,-72.476,3.00,-16462.1,596242.7
132.011300,-26.191901,654.1,-97.197,3.00,-20910.8,499470.5
132.096300,-26.210241,853.0,-93.755,3.00,-22950.1,507965.2
132.142969,-26.201900,709.1,-87.223,3.00,-22022.7,512629.2
132.222969,-26.216900,685.0,-99.521,3.00,-23690.6,520624.3
132.274628,-26.205239,672.6,-100.548,3.00,-22393.9,525787.0
132.341298,-26.201899,656.8,-97.518,3.00,-22022.5,532449.8
132.409627,-26.210238,657.9,-90.774,3.00,-22949.8,539278.5
132.502966,-26.218567,623.4,-79.178,3.00,-23875.9,548606.6
132.562966,-26.216897,612.6,-80.547,3.00,-23690.3,554602.9
132.642965,-26.211896,595.4,-81.058,3.00,-23134.2,562597.8
132.704625,-26.215235,592.5,-73.560,3.00,-23505.4,568760.0
132.771294,-26.216895,557.3,-70.385,3.00,-23690.0,575422.8
132.831294,-26.211894,518.2,-67.193,3.00,-23133.9,581419.1
132.892963,-26.211894,501.6,-63.015,3.00,-23133.9,587582.2
132.964623,-26.215233,490.6,-57.817,3.00,-23505.2,594743.7
132.011301,-26.243572,708.4,-68.853,3.00,-26656.4,499470.6
132.076301,-26.266901,722.2,-78.016,3.00,-29250.4,505966.5
132.422968,-26.270238,667.0,-69.693,3.00,-29621.5,540611.8
132.484627,-26.271898,657.9,-67.598,3.00,-29806.1,546773.9
132.551297,-26.273567,603.5,-65.808,3.00,-29991.7,553436.7
132.617966,-26.270236,599.5,-62.250,3.00,-29621.3,560099.5
132.684626,-26.273566,580.0,-61.936,3.00,-29991.6,566761.4
132.754625,-26.273565,575.5,-56.137,3.00,-29991.4,573756.9
132.822964,-26.273564,529.3,-50.413,3.00,-29991.3,580586.6
132.887964,-26.271894,506.9,-46.513,3.00,-29805.6,587082.6
132.954623,-26.268563,485.1,-41.505,3.00,-29435.2,593744.3
132.011302,-26.331902,634.9,-61.354,3.00,-36478.2,499470.7
132.187970,-26.323570,715.0,-63.373,3.00,-35551.7,517126.5
132.261300,-26.313570,728.6,-65.699,3.00,-34439.8,524455.0
132.362969,-26.320239,663.2,-57.291,3.00,-35181.4,534615.6
132.557967,-26.331897,592.0,-53.616,3.00,-36477.7,554103.3
132.627967,-26.331896,567.5,-51.085,3.00,-36477.6,561099.0
132.691296,-26.341896,550.0,-45.791,3.00,-37589.5,567428.0
132.751296,-26.336895,551.9,-40.637,3.00,-37033.4,573424.2
132.816295,-26.330235,541.2,-36.369,3.00,-36292.9,579920.1
132.876294,-26.318564,530.9,-35.297,3.00,-34995.1,585916.3
132.182971,-26.375241,646.0,-45.076,3.00,-41297.3,516626.9
132.256300,-26.370240,666.4,-46.643,3.00,-40741.2,523955.3
132.332970,-26.373569,647.0,-42.242,3.00,-41111.4,531617.5
132.397969,-26.375239,633.5,-42.553,3.00,-41297.1,538113.4
132.537968,-26.376897,605.7,-41.063,3.00,-41481.4,552104.6
132.609627,-26.378567,561.5,-42.195,3.00,-41667.1,559266.1
132.676297,-26.380236,546.4,-38.272,3.00,-41852.7,565929.0
132.744626,-26.383566,545.4,-29.877,3.00,-42223.0,572757.7
132.821296,-26.381895,519.9,-24.129,3.00,-42037.2,580419.9
132.882965,-26.385234,524.4,-18.874,3.00,-42408.5,586583.0
132.957965,-26.388564,496.4,-15.455,3.00,-42778.8,594078.3
132.056302,-26.425242,600.8,-33.153,3.00,-46857.2,503967.9
132.131302,-26.428571,639.1,-27.419,3.00,-47227.3,511463.2
132.186301,-26.430241,620.4,-27.595,3.00,-47413.0,516959.7
132.252971,-26.425240,625.7,-29.587,3.00,-46856.9,523622.6
132.317970,-26.426900,627.5,-27.089,3.00,-47041.5,530118.5
132.396300,-26.428569,619.6,-29.711,3.00,-47227.1,537946.6
132.464629,-26.433568,617.0,-30.784,3.00,-47783.0,544775.3
132.591298,-26.433567,595.5,-30.361,3.00,-47782.9,557434.3
132.652968,-26.440237,558.2,-25.863,3.00,-48524.5,563597.5
132.812966,-26.450235,526.0,-17.122,3.00,-49636.3,579587.4
132.889626,-26.446895,507.1,-14.310,3.00,-49264.9,587248.7
132.956295,-26.446894,477.5,-11.755,3.00,-49264.8,593911.4
132.229628,-26.155239,660.2,-109.426,3.00,-16834.2,521289.7
132.714624,-26.156895,552.9,-87.972,3.00,-17018.3,569759.3
132.752967,-26.446896,523.0,-20.202,3.00,-49265.0,573591.2
132.954624,-26.336894,490.5,-24.420,3.00,-37033.3,593744.4
132.019632,-26.391902,611.5,-49.430,3.00,-43149.9,500303.2
132.059632,-26.366902,619.2,-52.457,3.00,-40370.0,504300.7
132.092971,-26.335241,641.2,-61.513,3.00,-36849.5,507632.5
132.136301,-26.313571,663.7,-68.009,3.00,-34439.9,511962.8
132.141300,-26.278571,680.5,-72.124,3.00,-30548.1,512462.4
132.187970,-26.263570,699.1,-81.652,3.00,-28880.1,517126.5
132.281299,-26.258569,689.6,-90.068,3.00,-28324.0,526453.6
132.329628,-26.270239,680.3,-78.320,3.00,-29621.6,531283.6
132.411298,-26.310238,653.8,-60.414,3.00,-34069.3,539445.5
132.454629,-26.366898,611.0,-43.144,3.00,-40369.6,543775.9
132.526298,-26.415238,590.6,-33.400,3.00,-45744.8,550938.4
132.975090,-25.987062,555.3,-94.560,0.50,1866.2,595789.8
132.999390,-25.993962,538.0,-95.944,0.50,1099.0,598218.3
132.995190,-26.009362,537.3,-91.474,0.50,-613.4,597798.5
132.987789,-25.943962,558.8,-98.876,0.50,6658.7,597058.9
132.988689,-25.916862,553.1,-103.954,0.50,9672.1,597148.8
132.987989,-25.887662,545.7,-104.362,0.50,12919.0,597078.9
132.988589,-25.874761,540.1,-106.119,0.50,14353.5,597138.8
132.989188,-25.837661,534.1,-108.472,0.50,18478.9,597198.7
132.988988,-25.815561,528.1,-108.919,0.50,20936.3,597178.7
132.995486,-25.679561,499.6,-114.077,0.50,36058.8,597828.1
132.994387,-25.713261,507.7,-120.795,0.50,32311.5,597718.3
132.988287,-25.722361,523.0,-121.032,0.50,31299.6,597108.7
132.988187,-25.744361,520.0,-118.879,0.50,28853.4,597098.7
132.988387,-25.763561,529.0,-115.897,0.50,26718.4,597118.7
132.988588,-25.789661,528.6,-112.876,0.50,23816.2,597138.7
132.994785,-25.590160,479.1,-105.271,0.50,45999.7,597758.1
132.999486,-25.651861,491.3,-108.834,0.50,39138.9,598227.9
132.999185,-25.561160,478.8,-104.195,0.50,49224.4,598197.8
132.621393,-25.972865,580.2,-117.558,1.00,3444.9,560442.0
132.631493,-25.967765,576.7,-118.295,1.00,4012.0,561451.4
132.625693,-25.979165,585.1,-115.920,1.00,2744.3,560871.7
132.603593,-25.988765,578.3,-119.411,1.00,1676.9,558663.1
132.570394,-26.003566,586.8,-121.019,1.00,31.1,555345.2
132.557594,-26.003366,590.6,-120.821,1.00,53.3,554066.0
132.540694,-26.003166,585.0,-121.907,1.00,75.6,552377.1
132.525194,-26.003166,582.6,-123.568,1.00,75.6,550828.0
132.525494,-25.989966,579.5,-124.922,1.00,1543.3,550858.0
132.536493,-25.969966,576.7,-125.339,1.00,3767.2,551957.2
132.632793,-25.981965,585.5,-115.957,1.00,2433.0,561581.3
132.648693,-25.988465,572.4,-116.374,1.00,1710.2,563170.3
132.667293,-25.996465,572.8,-114.632,1.00,820.7,565029.1
132.667993,-25.998865,564.6,-113.970,1.00,553.8,565099.1
132.672693,-25.998865,562.2,-113.643,1.00,553.8,565568.8
132.689192,-25.998665,562.8,-112.718,1.00,576.0,567217.7
132.705592,-25.998664,574.2,-111.426,1.00,576.2,568856.7
132.721392,-25.998364,562.1,-110.750,1.00,609.5,570435.7
132.754192,-25.998464,560.6,-104.464,1.00,598.4,573713.7
132.736792,-25.998364,558.9,-107.973,1.00,609.5,571974.7
132.657193,-25.998865,566.7,-113.125,1.00,553.8,564019.8
132.640693,-25.998965,571.9,-113.057,1.00,542.7,562370.8
132.624193,-25.999065,571.2,-114.203,1.00,531.6,560721.8
132.608393,-25.998965,577.0,-118.171,1.00,542.7,559142.8
132.592193,-25.999065,575.1,-120.447,1.00,531.6,557523.8
132.579793,-26.001366,577.0,-120.804,1.00,275.7,556284.6
132.509694,-26.002666,583.8,-124.762,1.00,131.1,549279.0
132.495094,-26.002066,583.8,-124.035,1.00,197.9,547819.9
132.520794,-25.973466,576.3,-126.751,1.00,3378.0,550388.3
132.511294,-25.974966,577.9,-127.146,1.00,3211.2,549438.9
132.500794,-25.976366,577.5,-127.572,1.00,3055.6,548389.6
132.489094,-25.977666,578.1,-127.565,1.00,2911.0,547220.3
132.481294,-25.978666,577.7,-127.547,1.00,2799.8,546440.8
132.468194,-25.980466,583.6,-127.037,1.00,2599.7,545131.6
132.458294,-25.981767,588.8,-126.755,1.00,2455.0,544142.2
132.442094,-25.984067,597.5,-126.199,1.00,2199.3,542523.2
132.431094,-25.985667,598.1,-124.858,1.00,2021.4,541423.9
132.418695,-25.987867,600.4,-125.863,1.00,1776.7,540184.7
132.408695,-25.992567,602.3,-126.564,1.00,1254.1,539185.4
132.399795,-25.995067,604.4,-125.500,1.00,976.1,538295.9
132.388095,-26.001367,604.6,-124.107,1.00,275.6,537126.6
132.369195,-26.001567,603.9,-125.307,1.00,253.4,535237.8
132.549493,-25.965766,582.0,-125.227,1.00,4234.2,553256.4
132.561993,-25.963866,575.1,-123.870,1.00,4445.5,554505.7
132.572693,-25.962865,572.0,-122.336,1.00,4556.8,555575.0
132.589693,-25.955165,569.5,-125.568,1.00,5413.0,557273.9
132.596793,-25.954365,567.2,-125.216,1.00,5502.0,557983.5
132.607693,-25.949865,570.2,-124.928,1.00,6002.4,559072.8
132.615492,-25.942165,564.1,-125.610,1.00,6858.6,559852.2
132.627792,-25.928065,560.3,-125.800,1.00,8426.4,561081.5
132.639092,-25.924565,558.4,-125.172,1.00,8815.6,562210.8
132.647792,-25.920065,556.2,-124.343,1.00,9316.0,563080.2
132.531193,-25.966466,572.5,-125.613,1.00,4156.4,551427.6
132.532593,-25.959266,571.0,-125.946,1.00,4957.0,551567.5
132.533893,-25.953366,571.6,-125.856,1.00,5613.1,551697.4
132.537593,-25.945566,569.8,-125.971,1.00,6480.4,552067.2
132.543093,-25.939366,568.7,-127.101,1.00,7169.8,552616.8
132.548793,-25.933066,566.9,-127.212,1.00,7870.3,553186.5
132.554493,-25.924066,565.1,-126.928,1.00,8871.1,553756.1
132.566793,-25.927365,564.6,-127.971,1.00,8504.2,554985.4
132.573393,-25.928465,565.8,-127.808,1.00,8381.9,555645.0
132.580493,-25.923465,564.8,-127.555,1.00,8937.9,556354.5
132.590392,-25.923065,564.8,-127.659,1.00,8982.4,557343.8
132.597792,-25.922665,564.6,-126.765,1.00,9026.9,558083.3
132.609792,-25.922065,563.2,-126.049,1.00,9093.6,559282.6
132.621292,-25.921765,561.8,-126.125,1.00,9126.9,560431.9
132.629992,-25.922365,559.6,-125.518,1.00,9060.2,561301.3
132.485094,-26.001566,588.2,-123.807,1.00,253.5,546820.5
132.475694,-26.001367,593.6,-123.379,1.00,275.6,545881.1
132.464394,-26.001367,598.7,-123.119,1.00,275.6,544751.8
132.450794,-25.998567,601.7,-124.010,1.00,586.9,543392.6
132.440295,-25.999067,609.1,-124.153,1.00,531.3,542343.4
132.433595,-26.000467,608.2,-124.703,1.00,375.7,541673.8
132.425195,-26.000767,609.0,-123.699,1.00,342.3,540834.3
132.415195,-26.000767,610.7,-125.351,1.00,342.3,539835.0
132.407295,-26.000967,610.7,-125.164,1.00,320.1,539045.4
132.370595,-26.000967,609.2,-124.380,1.00,320.1,535377.7
132.619192,-25.917365,558.6,-126.481,1.00,9616.2,560222.0
132.616792,-25.909765,559.2,-125.697,1.00,10461.3,559982.2
132.611492,-25.901365,556.7,-124.207,1.00,11395.3,559452.5
132.610992,-25.892965,554.9,-124.729,1.00,12329.3,559402.5
132.606692,-25.883565,554.6,-123.206,1.00,13374.6,558972.8
132.602392,-25.874965,552.3,-121.616,1.00,14330.9,558543.1
132.595092,-25.869165,552.3,-121.737,1.00,14975.8,557813.5
132.588392,-25.863765,549.5,-120.769,1.00,15576.2,557143.9
132.594792,-25.859365,549.0,-121.479,1.00,16065.5,557783.5
132.587192,-25.874065,553.1,-120.349,1.00,14430.9,557024.0
132.583192,-25.881265,555.3,-120.920,1.00,13630.3,556624.2
132.578492,-25.888065,558.6,-122.818,1.00,12874.2,556154.5
132.572892,-25.895865,561.9,-124.307,1.00,12006.9,555594.9
132.568392,-25.902665,563.3,-124.778,1.00,11250.8,555145.2
132.562993,-25.909265,567.1,-125.023,1.00,10516.9,554605.6
132.558893,-25.916865,561.9,-126.560,1.00,9671.8,554195.9
132.657992,-25.927865,559.9,-124.222,1.00,8448.6,564099.6
132.670092,-25.930765,559.3,-122.987,1.00,8126.2,565308.9
132.678992,-25.936264,556.5,-122.308,1.00,7514.7,566198.3
132.686092,-25.940864,557.5,-120.669,1.00,7003.2,566907.9
132.695492,-25.946064,560.6,-116.771,1.00,6425.0,567847.3
132.707992,-25.951564,573.2,-115.227,1.00,5813.4,569096.5
132.713692,-25.953364,579.1,-115.583,1.00,5613.3,569666.2
132.722092,-25.954064,569.0,-113.809,1.00,5535.4,570505.6
132.730192,-25.952964,565.9,-113.379,1.00,5657.8,571315.1
132.740892,-25.952564,560.7,-111.732,1.00,5702.2,572384.5
132.752091,-25.953964,555.1,-108.592,1.00,5546.6,573503.7
132.762291,-25.952964,550.4,-106.692,1.00,5657.8,574523.1
132.770991,-25.951964,547.7,-107.639,1.00,5769.0,575392.5
132.783091,-25.947864,544.0,-108.005,1.00,6224.9,576601.8
132.791791,-25.947063,543.8,-107.673,1.00,6313.9,577471.2
132.802591,-25.946363,547.6,-106.497,1.00,6391.8,578550.6
132.811491,-25.947263,551.2,-104.622,1.00,6291.7,579440.0
132.824391,-25.950863,551.8,-103.474,1.00,5891.4,580729.2
132.601592,-25.851465,547.8,-120.249,1.00,16943.9,558463.1
132.608091,-25.846465,545.4,-118.790,1.00,17499.9,559112.6
132.611891,-25.837565,543.1,-119.538,1.00,18489.5,559492.4
132.616491,-25.830565,540.9,-118.990,1.00,19267.9,559952.1
132.614791,-25.821265,539.5,-117.369,1.00,20302.0,559782.2
132.614191,-25.811665,538.2,-113.965,1.00,21369.5,559722.2
132.618191,-25.805064,537.0,-112.570,1.00,22103.5,560122.0
132.640090,-25.767664,528.1,-110.168,1.00,26262.2,562310.5
132.634790,-25.774964,528.9,-111.114,1.00,25450.5,561780.9
132.632391,-25.783664,530.4,-109.242,1.00,24483.1,561541.1
132.629491,-25.792064,533.5,-109.659,1.00,23549.0,561251.3
132.621791,-25.797864,535.1,-112.259,1.00,22904.1,560481.8
132.621792,-25.934165,561.6,-126.362,1.00,7748.1,560481.9
132.544293,-25.921166,564.8,-126.685,1.00,9193.5,552736.8
132.534593,-25.918166,564.9,-126.834,1.00,9527.1,551767.4
132.524793,-25.915266,562.0,-126.680,1.00,9849.6,550788.0
132.513093,-25.911566,565.1,-126.504,1.00,10261.0,549618.7
132.501893,-25.913366,562.4,-127.159,1.00,10060.9,548499.4
132.492193,-25.915466,562.4,-128.007,1.00,9827.3,547530.0
132.483593,-25.919366,560.9,-128.257,1.00,9393.7,546670.5
132.474893,-25.924566,566.7,-127.682,1.00,8815.5,545801.1
132.466794,-25.929466,566.6,-127.847,1.00,8270.6,544991.7
132.459294,-25.933566,566.2,-127.198,1.00,7814.7,544242.1
132.452594,-25.940066,566.4,-127.796,1.00,7092.0,543572.5
132.798792,-25.998364,558.8,-100.972,1.00,609.5,578170.9
132.776892,-25.998364,559.1,-100.810,1.00,609.5,575982.3
132.785192,-25.998364,558.8,-100.428,1.00,609.5,576811.7
132.801292,-25.998464,561.9,-96.984,1.00,598.4,578420.7
132.809691,-25.998364,561.3,-97.987,1.00,609.5,579260.1
132.817391,-25.998663,567.2,-99.248,1.00,576.3,580029.6
132.818891,-25.998663,569.1,-98.521,1.00,576.3,580179.6
132.819591,-25.989763,565.3,-100.153,1.00,1565.9,580249.5
132.820291,-25.980863,561.0,-101.257,1.00,2555.5,580319.5
132.820791,-25.971963,556.8,-101.961,1.00,3545.2,580369.4
132.822191,-25.962863,554.7,-102.274,1.00,4557.0,580509.3
132.824891,-25.998663,572.9,-98.402,1.00,576.3,580779.2
132.834091,-25.998563,566.8,-96.776,1.00,587.4,581698.6
132.840791,-25.998763,566.6,-96.617,1.00,565.1,582368.2
132.849191,-25.999263,565.8,-96.022,1.00,509.5,583207.7
132.857391,-25.999163,565.6,-94.980,1.00,520.7,584027.2
132.865291,-25.999263,566.6,-94.378,1.00,509.5,584816.7
132.873391,-25.999063,557.7,-93.760,1.00,531.8,585626.2
132.881091,-25.999063,555.1,-93.341,1.00,531.8,586395.7
132.889791,-25.999063,551.4,-91.886,1.00,531.8,587265.2
132.897491,-25.999063,549.5,-90.864,1.00,531.8,588034.7
132.899591,-25.999163,550.7,-90.831,1.00,520.7,588244.6
132.905291,-26.005763,546.7,-90.070,1.00,-213.2,588814.2
132.911291,-26.012963,545.7,-89.389,1.00,-1013.8,589413.8
132.921291,-26.016063,547.3,-89.253,1.00,-1358.5,590413.2
132.931391,-26.013562,544.2,-89.057,1.00,-1080.4,591422.6
132.941390,-26.011162,545.5,-89.366,1.00,-813.6,592421.9
132.941990,-26.005562,548.9,-90.178,1.00,-190.9,592481.8
132.828391,-25.943563,548.6,-103.420,1.00,6703.1,581129.0
132.827891,-25.934663,545.4,-104.562,1.00,7692.7,581079.0
132.827091,-25.925363,540.6,-105.802,1.00,8726.9,580999.0
132.826490,-25.916263,537.3,-106.515,1.00,9738.7,580939.0
132.825890,-25.907563,533.6,-108.024,1.00,10706.1,580879.0
132.825090,-25.898363,534.5,-108.462,1.00,11729.1,580799.1
132.824190,-25.889263,535.1,-109.436,1.00,12741.0,580709.1
132.823890,-25.880463,531.0,-110.212,1.00,13719.5,580679.1
132.823390,-25.871063,529.1,-111.319,1.00,14764.7,580629.2
132.833090,-25.871263,532.2,-111.330,1.00,14742.5,581598.6
132.843490,-25.871363,530.3,-110.657,1.00,14731.4,582637.9
132.852990,-25.871163,529.8,-110.628,1.00,14753.6,583587.3
132.865990,-25.871063,535.2,-110.137,1.00,14764.7,584886.5
132.866190,-25.880263,538.9,-107.923,1.00,13741.7,584906.5
132.866290,-25.889163,540.3,-104.578,1.00,12752.1,584916.5
132.866390,-25.898363,543.2,-103.067,1.00,11729.1,584926.5
132.865790,-25.907463,542.4,-102.781,1.00,10717.2,584866.5
132.865390,-25.915263,547.4,-102.481,1.00,9849.9,584826.6
132.832291,-25.959263,553.0,-102.955,1.00,4957.3,581518.7
132.842691,-25.958863,554.0,-100.591,1.00,5001.8,582558.1
132.850791,-25.960163,555.0,-99.356,1.00,4857.3,583367.6
132.851491,-25.967363,556.7,-98.464,1.00,4056.7,583437.5
132.852391,-25.974863,559.1,-99.050,1.00,3222.7,583527.5
132.839991,-25.978563,560.5,-100.157,1.00,2811.3,582288.2
132.840891,-25.969463,557.2,-100.005,1.00,3823.2,582378.2
132.857991,-25.963063,559.1,-98.794,1.00,4534.8,584087.1
132.865991,-25.969063,564.2,-97.456,1.00,3867.6,584886.6
132.872591,-25.975563,566.2,-95.281,1.00,3144.9,585546.2
132.880091,-25.980563,561.3,-95.793,1.00,2588.9,586295.8
132.889191,-25.982463,560.4,-94.739,1.00,2377.6,587205.2
132.885291,-25.975663,564.8,-95.102,1.00,3133.7,586815.4
132.893490,-25.973763,566.8,-95.227,1.00,3345.0,587634.8
132.896091,-25.979363,561.1,-93.534,1.00,2722.3,587894.8
132.901691,-25.984963,560.7,-92.919,1.00,2099.6,588454.4
132.909890,-25.986863,562.1,-92.488,1.00,1888.4,589273.8
132.920490,-25.983562,562.1,-93.227,1.00,2255.4,590333.2
132.927090,-25.977662,567.7,-94.674,1.00,2911.5,590992.7
132.833491,-25.952963,552.4,-102.627,1.00,5657.9,581638.6
132.843991,-25.955763,551.5,-101.744,1.00,5346.5,582688.0
132.854191,-25.958463,555.7,-99.104,1.00,5046.3,583707.4
132.865791,-25.961363,560.0,-98.586,1.00,4723.8,584866.6
132.873891,-25.963163,561.0,-96.802,1.00,4523.7,585676.1
132.882190,-25.964063,563.7,-95.980,1.00,4423.6,586505.5
132.891390,-25.967663,565.4,-96.198,1.00,4023.3,587425.0
132.902190,-25.970663,566.9,-95.338,1.00,3689.7,588504.3
132.914390,-25.974062,572.8,-94.147,1.00,3311.8,589723.5
132.935190,-25.979662,561.2,-93.754,1.00,2689.1,591802.2
132.942190,-25.983162,561.1,-93.891,1.00,2299.9,592501.8
132.952390,-25.982162,568.5,-93.736,1.00,2411.1,593521.2
132.960290,-25.983562,562.7,-94.184,1.00,2255.4,594310.7
132.969190,-25.985962,560.6,-94.471,1.00,1988.5,595200.1
132.981590,-25.982362,557.5,-96.327,1.00,2388.9,596439.4
132.988990,-25.979862,549.6,-96.199,1.00,2666.8,597178.9
132.974290,-25.998062,551.5,-93.345,1.00,643.1,595709.8
132.974890,-26.007162,546.8,-91.986,1.00,-368.8,595769.8
132.971090,-26.010362,542.5,-91.773,1.00,-724.6,595390.0
132.960490,-26.008662,549.9,-90.264,1.00,-535.6,594330.7
132.951090,-26.007362,547.3,-90.140,1.00,-391.0,593391.3
132.978090,-26.011562,542.2,-91.618,1.00,-858.0,596089.6
132.987890,-26.013262,544.6,-91.998,1.00,-1047.1,597069.0
132.998590,-26.004862,539.0,-92.959,1.00,-113.0,598138.3
132.838391,-25.943963,550.4,-102.992,1.00,6658.6,582128.3
132.847891,-25.944363,548.3,-102.311,1.00,6614.1,583077.8
132.857990,-25.944363,555.7,-102.328,1.00,6614.1,584087.0
132.866090,-25.944763,553.9,-101.638,1.00,6569.7,584896.5
132.865990,-25.935763,552.2,-102.832,1.00,7570.4,584886.5
132.865990,-25.926463,550.4,-102.900,1.00,8604.5,584886.5
132.876190,-25.944263,560.8,-100.143,1.00,6625.3,585905.9
132.886390,-25.944363,568.1,-97.990,1.00,6614.1,586925.3
132.895690,-25.944663,575.9,-97.981,1.00,6580.8,587854.7
132.905690,-25.944662,581.1,-97.874,1.00,6580.9,588854.1
132.914490,-25.945162,579.9,-98.131,1.00,6525.3,589733.5
132.914890,-25.954562,585.0,-96.295,1.00,5480.1,589773.5
132.914790,-25.963062,580.6,-95.331,1.00,4534.9,589763.5
132.865990,-25.952563,558.7,-99.824,1.00,5702.3,584886.5
132.878490,-25.917763,551.3,-102.262,1.00,9571.9,586135.8
132.888590,-25.917863,554.2,-102.183,1.00,9560.8,587145.1
132.898190,-25.917862,558.4,-102.571,1.00,9560.9,588104.5
132.908190,-25.918062,560.4,-102.582,1.00,9538.7,589103.9
132.913390,-25.918562,563.3,-102.586,1.00,9483.1,589623.6
132.923390,-25.918062,560.6,-102.648,1.00,9538.7,590623.0
132.933190,-25.918062,558.8,-104.315,1.00,9538.7,591602.4
132.944889,-25.918362,559.1,-104.836,1.00,9505.3,592771.5
132.945190,-25.927162,561.0,-102.664,1.00,8526.8,592801.6
132.944890,-25.934262,563.5,-102.014,1.00,7737.3,592771.6
132.935990,-25.930562,563.9,-101.922,1.00,8148.7,591882.2
132.924990,-25.927662,565.6,-102.154,1.00,8471.2,590782.9
132.942589,-25.909262,555.8,-105.347,1.00,10517.2,592541.7
132.935889,-25.903262,557.1,-105.336,1.00,11184.4,591872.1
132.938289,-25.897762,551.8,-105.842,1.00,11795.9,592112.0
132.947889,-25.902762,550.2,-104.369,1.00,11240.0,593071.4
132.953689,-25.910362,552.0,-105.122,1.00,10394.9,593651.0
132.956989,-25.918462,554.4,-103.501,1.00,9494.2,593980.8
132.966989,-25.918762,553.1,-104.481,1.00,9460.8,594980.2
132.977089,-25.918662,554.3,-103.935,1.00,9472.0,595989.6
132.976490,-25.979362,562.4,-95.708,1.00,2722.4,595929.7
132.973590,-25.970162,564.2,-96.925,1.00,3745.4,595639.9
132.965490,-25.961562,570.6,-98.124,1.00,4701.7,594830.4
132.965790,-25.955262,566.4,-99.432,1.00,5402.2,594860.4
132.965990,-25.944962,563.3,-101.027,1.00,6547.5,594880.3
132.967489,-25.936662,558.3,-101.630,1.00,7470.5,595030.1
132.963589,-25.927562,556.2,-102.498,1.00,8482.3,594640.4
132.962390,-25.937762,560.0,-102.649,1.00,7348.1,594520.6
132.813390,-25.870863,529.2,-112.853,1.00,14787.0,579629.8
132.803790,-25.870963,532.5,-113.433,1.00,14775.9,578670.4
132.793890,-25.870863,536.8,-114.740,1.00,14787.0,577681.0
132.785490,-25.870763,537.2,-114.954,1.00,14798.1,576841.5
132.779490,-25.855663,536.7,-116.109,1.00,16477.1,576241.9
132.782790,-25.845663,534.8,-116.000,1.00,17589.1,576571.7
132.775090,-25.871063,542.5,-113.098,1.00,14764.7,575802.2
132.765690,-25.870963,544.0,-113.359,1.00,14775.9,574862.7
132.956990,-25.958362,567.2,-98.389,1.00,5057.5,593980.9
132.949790,-25.951362,567.9,-100.041,1.00,5835.9,593261.3
132.944790,-25.945362,567.2,-100.727,1.00,6503.1,592761.7
132.943390,-25.945562,580.9,-98.908,1.00,6480.8,592621.7
132.934590,-25.945762,576.5,-99.873,1.00,6458.6,591742.3
132.988389,-25.884962,539.9,-106.356,1.00,13219.2,597118.9
132.988289,-25.893862,540.5,-105.576,1.00,12229.6,597108.9
132.988389,-25.902562,545.9,-105.560,1.00,11262.2,597118.9
132.988489,-25.911662,548.7,-104.528,1.00,10250.3,597128.8
132.988689,-25.928062,551.9,-102.476,1.00,8426.7,597148.8
132.988589,-25.936862,556.2,-100.146,1.00,7448.2,597138.8
132.988989,-25.954962,561.5,-98.356,1.00,5435.6,597178.8
132.988990,-25.963862,560.0,-96.895,1.00,4446.0,597178.9
132.988990,-25.972862,558.6,-95.543,1.00,3445.2,597178.9
132.983689,-25.872161,540.2,-105.985,1.00,14642.6,596649.1
132.973989,-25.872062,535.3,-106.635,1.00,14653.7,595679.7
132.963989,-25.871862,534.8,-107.000,1.00,14675.9,594680.4
132.953789,-25.871962,534.6,-106.883,1.00,14664.8,593661.0
132.943689,-25.871762,536.4,-106.320,1.00,14687.0,592651.6
132.933689,-25.871862,539.9,-105.782,1.00,14675.9,591652.2
132.928089,-25.871862,538.8,-106.217,1.00,14675.9,591092.6
132.917889,-25.871662,539.4,-106.009,1.00,14698.1,590073.2
132.906089,-25.871562,540.9,-106.144,1.00,14709.2,588894.0
132.895989,-25.871562,543.2,-106.864,1.00,14709.2,587884.6
132.886389,-25.871462,541.9,-107.722,1.00,14720.4,586925.2
132.876190,-25.871362,538.5,-109.178,1.00,14731.5,585905.9
132.988189,-25.866661,534.0,-106.818,1.00,15254.2,597098.9
132.988288,-25.857461,532.9,-107.403,1.00,16277.2,597108.8
132.988288,-25.848461,535.5,-106.979,1.00,17278.0,597108.8
132.987988,-25.828861,533.9,-108.803,1.00,19457.4,597078.8
132.987888,-25.817061,526.9,-109.096,1.00,20769.5,597068.8
132.987888,-25.808061,525.5,-109.770,1.00,21770.2,597068.8
132.987688,-25.799061,526.2,-111.086,1.00,22771.0,597048.8
132.988388,-25.781561,527.5,-114.088,1.00,24716.9,597118.8
132.988187,-25.772461,527.6,-115.340,1.00,25728.8,597098.7
132.987987,-25.754261,519.8,-116.849,1.00,27752.5,597078.7
132.988087,-25.736761,526.5,-120.063,1.00,29698.4,597088.7
132.987987,-25.727761,527.9,-120.944,1.00,30699.2,597078.7
132.978387,-25.723261,515.5,-121.309,1.00,31199.6,596119.3
132.968787,-25.723161,510.5,-121.477,1.00,31210.7,595159.9
132.958587,-25.723161,500.6,-122.019,1.00,31210.7,594140.5
132.947187,-25.723061,492.0,-121.910,1.00,31221.8,593001.2
132.978588,-25.817461,535.7,-110.400,1.00,20725.0,596139.4
132.968388,-25.817661,531.8,-111.218,1.00,20702.8,595120.0
132.958388,-25.818062,520.8,-111.768,1.00,20658.2,594120.6
132.948288,-25.818162,518.2,-112.966,1.00,20647.1,593111.2
132.938288,-25.818362,515.8,-113.856,1.00,20624.8,592111.9
132.928288,-25.818762,513.4,-114.502,1.00,20580.3,591112.5
132.918489,-25.818962,512.8,-115.302,1.00,20558.1,590133.2
132.908389,-25.819262,517.3,-115.717,1.00,20524.7,589123.8
132.898089,-25.819562,521.6,-115.967,1.00,20491.4,588094.4
132.888389,-25.819862,537.0,-115.626,1.00,20458.0,587125.0
132.926789,-25.862862,534.7,-106.732,1.00,15676.6,590962.7
132.925089,-25.854062,526.3,-108.657,1.00,16655.2,590792.8
132.923289,-25.845262,523.0,-109.233,1.00,17633.7,590612.9
132.921789,-25.836262,519.2,-111.149,1.00,18634.4,590463.0
132.919989,-25.827162,516.0,-113.631,1.00,19646.3,590283.1
132.878589,-25.819962,526.9,-117.024,1.00,20446.9,586145.7
132.868289,-25.819962,532.6,-117.812,1.00,20446.9,585116.3
132.858689,-25.820862,520.2,-117.968,1.00,20346.8,584156.9
132.817288,-25.723162,504.0,-120.769,1.00,31210.6,580019.3
132.931989,-25.880062,542.6,-105.200,1.00,13764.1,591482.3
132.935389,-25.888562,546.1,-104.800,1.00,12818.9,591822.1
132.866489,-25.862363,531.0,-111.617,1.00,15732.1,584936.4
132.866289,-25.852962,525.6,-112.657,1.00,16777.5,584916.4
132.863689,-25.844362,523.1,-114.432,1.00,17733.8,584656.6
132.862489,-25.836062,524.8,-115.262,1.00,18656.7,584536.7
132.858789,-25.828162,521.5,-116.506,1.00,19535.1,584166.9
132.848389,-25.818963,521.2,-118.733,1.00,20558.0,583127.5
132.849189,-25.810262,519.6,-119.566,1.00,21525.5,583207.5
132.858789,-25.810762,520.5,-119.589,1.00,21469.9,584166.9
132.854489,-25.828562,525.6,-117.257,1.00,19490.6,583737.1
132.854889,-25.803462,518.3,-120.710,1.00,22281.6,583777.1
132.848789,-25.796462,519.3,-120.067,1.00,23060.0,583167.5
132.842889,-25.789762,515.4,-120.361,1.00,23805.0,582577.9
132.836989,-25.782562,515.2,-120.345,1.00,24605.6,581988.2
132.828989,-25.773163,512.3,-120.033,1.00,25650.7,581188.7
132.830989,-25.767362,511.2,-120.741,1.00,26295.8,581388.6
132.823389,-25.766463,510.6,-120.139,1.00,26395.7,580629.1
132.817589,-25.759063,509.2,-120.359,1.00,27218.6,580049.4
132.811489,-25.751663,506.9,-120.471,1.00,28041.4,579439.8
132.808389,-25.742963,506.2,-120.619,1.00,29008.8,579130.0
132.812689,-25.734663,507.3,-120.473,1.00,29931.7,579559.7
132.937287,-25.723161,491.1,-122.379,1.00,31210.7,592011.8
132.927487,-25.723061,493.0,-122.691,1.00,31221.8,591032.4
132.917688,-25.722962,492.2,-122.602,1.00,31232.8,590053.1
132.907488,-25.722862,492.7,-122.327,1.00,31243.9,589033.8
132.897588,-25.722762,492.8,-121.735,1.00,31255.1,588044.4
132.887388,-25.722862,495.5,-121.684,1.00,31243.9,587025.0
132.877388,-25.722762,501.1,-121.588,1.00,31255.1,586025.6
132.866088,-25.722562,514.2,-121.590,1.00,31277.3,584896.3
132.855988,-25.722562,517.5,-121.421,1.00,31277.3,583887.0
132.845788,-25.722962,506.8,-121.456,1.00,31232.8,582867.6
132.835688,-25.722962,506.4,-121.332,1.00,31232.8,581858.2
132.826188,-25.722862,500.5,-120.901,1.00,31243.9,580908.8
132.824988,-25.731862,502.8,-121.437,1.00,30243.2,580788.9
132.823489,-25.741662,505.0,-121.239,1.00,29153.5,580639.1
132.815989,-25.742563,506.0,-120.922,1.00,29053.3,579889.5
132.807988,-25.723163,502.1,-120.651,1.00,31210.5,579089.9
132.797989,-25.723163,504.4,-120.925,1.00,31210.5,578090.6
132.788089,-25.723063,506.6,-120.416,1.00,31221.6,577101.3
132.777789,-25.723063,506.4,-119.668,1.00,31221.6,576071.9
132.767789,-25.722963,512.5,-119.862,1.00,31232.7,575072.5
132.758089,-25.722963,512.5,-119.573,1.00,31232.7,574103.1
132.748189,-25.723063,515.3,-120.034,1.00,31221.6,573113.7
132.738389,-25.722863,511.0,-119.951,1.00,31243.8,572134.3
132.727989,-25.722963,513.0,-119.819,1.00,31232.7,571095.0
132.718189,-25.722763,512.5,-119.763,1.00,31254.9,570115.6
132.708489,-25.722763,514.4,-120.123,1.00,31254.9,569146.2
132.698389,-25.722663,515.1,-119.760,1.00,31266.1,568136.8
132.688789,-25.723464,515.9,-119.169,1.00,31177.0,567177.4
132.682590,-25.723564,519.8,-119.267,1.00,31165.9,566557.9
132.676290,-25.723564,518.2,-118.523,1.00,31165.9,565928.3
132.660690,-25.723964,519.2,-115.784,1.00,31121.4,564369.2
132.756091,-25.871164,547.5,-113.359,1.00,14753.5,573903.4
132.745791,-25.871164,552.4,-115.296,1.00,14753.5,572874.1
132.735891,-25.871064,557.1,-116.201,1.00,14764.6,571884.7
132.725691,-25.870864,559.7,-116.032,1.00,14786.9,570865.3
132.715991,-25.870864,563.5,-115.528,1.00,14786.9,569895.9
132.706091,-25.870864,569.3,-115.582,1.00,14786.9,568906.5
132.696091,-25.870764,570.5,-115.283,1.00,14798.0,567907.2
132.686091,-25.871064,566.5,-113.966,1.00,14764.6,566907.8
132.675891,-25.871064,566.0,-115.994,1.00,14764.6,565888.4
132.666991,-25.871064,561.2,-115.118,1.00,14764.6,564999.0
132.666191,-25.862064,558.6,-113.881,1.00,15765.4,564919.0
132.665591,-25.852964,554.6,-115.448,1.00,16777.3,564859.0
132.664991,-25.843864,562.6,-115.881,1.00,17789.1,564799.1
132.664391,-25.834864,551.8,-114.640,1.00,18789.9,564739.1
132.663591,-25.825764,541.4,-115.522,1.00,19801.8,564659.2
132.663191,-25.818864,537.1,-114.446,1.00,20569.0,564619.2
132.662591,-25.809964,535.2,-113.411,1.00,21558.6,564559.2
132.661891,-25.800964,536.0,-110.409,1.00,22559.4,564489.3
132.661090,-25.789464,532.0,-106.141,1.00,23838.1,564409.2
132.662990,-25.781164,533.8,-107.638,1.00,24761.0,564599.1
132.665190,-25.772264,534.2,-107.856,1.00,25750.7,564819.0
132.668090,-25.759364,526.2,-110.560,1.00,27185.1,565108.8
132.668990,-25.723464,520.6,-117.457,1.00,31177.0,565198.7
132.674090,-25.732264,518.7,-115.390,1.00,30198.5,565708.4
132.672190,-25.741164,522.9,-111.487,1.00,29208.8,565518.5
132.669990,-25.749964,526.6,-110.921,1.00,28230.3,565298.7
132.659690,-25.764364,527.6,-110.514,1.00,26629.1,564269.3
132.649790,-25.765564,527.1,-109.534,1.00,26495.7,563279.9
132.651890,-25.769964,531.2,-108.759,1.00,26006.4,563489.8
132.650590,-25.781864,530.7,-107.862,1.00,24683.2,563359.9
132.640391,-25.783164,532.4,-109.345,1.00,24538.7,562340.6
132.644590,-25.759964,526.6,-109.699,1.00,27118.4,562760.2
132.648790,-25.751564,525.3,-111.320,1.00,28052.4,563180.0
132.685590,-25.742764,521.4,-112.509,1.00,29030.9,566857.7
132.652190,-25.734664,519.3,-112.350,1.00,29931.6,563519.8
132.658490,-25.728364,520.0,-113.899,1.00,30632.1,564149.4
132.611791,-25.792865,528.5,-114.549,1.00,23460.0,559482.4
132.607191,-25.800565,537.1,-112.770,1.00,22603.8,559022.7
132.602391,-25.808065,540.6,-113.238,1.00,21769.8,558543.0
132.653291,-25.819164,536.5,-115.450,1.00,20535.6,563629.8
132.643191,-25.820364,539.9,-115.873,1.00,20402.2,562620.4
132.633091,-25.820664,544.5,-117.424,1.00,20368.8,561611.1
132.622791,-25.821265,542.2,-118.103,1.00,20302.0,560581.7
132.650990,-25.723764,520.9,-114.587,1.00,31143.6,563399.8
132.640790,-25.724264,522.2,-113.778,1.00,31088.0,562380.5
132.631190,-25.724264,531.0,-114.367,1.00,31088.0,561421.1
132.621090,-25.724264,528.5,-115.259,1.00,31088.0,560411.7
132.610690,-25.724264,521.4,-117.868,1.00,31088.0,559372.3
132.600790,-25.723964,521.6,-120.005,1.00,31121.4,558383.0
132.590890,-25.724064,521.4,-121.402,1.00,31110.3,557393.6
132.580890,-25.723965,525.0,-121.799,1.00,31121.3,556394.2
132.571190,-25.724065,525.1,-120.418,1.00,31110.2,555424.8
132.560491,-25.723965,524.7,-120.042,1.00,31121.3,554355.6
132.551091,-25.724065,527.3,-118.252,1.00,31110.2,553416.1
132.540791,-25.723965,523.5,-118.583,1.00,31121.3,552386.8
132.530991,-25.723865,526.5,-117.645,1.00,31132.4,551407.4
132.520891,-25.723765,525.2,-116.219,1.00,31143.5,550398.0
132.510691,-25.723665,525.6,-115.605,1.00,31154.6,549378.6
132.501291,-25.723665,525.2,-115.387,1.00,31154.6,548439.2
132.491991,-25.723165,525.9,-115.661,1.00,31210.2,547509.8
132.482391,-25.723065,532.7,-118.241,1.00,31221.4,546550.4
132.327995,-25.996268,603.3,-126.220,1.00,842.6,531120.4
132.472791,-25.723065,531.6,-121.536,1.00,31221.4,545591.0
132.462891,-25.723066,529.1,-123.954,1.00,31221.3,544601.6
132.452491,-25.723166,526.6,-126.302,1.00,31210.1,543562.2
132.442492,-25.722966,534.0,-128.199,1.00,31232.4,542563.0
132.438792,-25.731566,524.9,-128.038,1.00,30276.1,542193.2
132.434792,-25.739966,530.6,-124.829,1.00,29342.1,541793.4
132.430892,-25.748366,533.2,-122.491,1.00,28408.0,541403.7
132.427092,-25.756766,533.2,-121.379,1.00,27474.0,541023.9
132.423592,-25.765066,536.8,-121.148,1.00,26551.1,540674.1
132.419892,-25.773466,536.8,-121.882,1.00,25617.0,540304.4
132.416092,-25.781766,541.1,-122.243,1.00,24694.1,539924.6
132.412393,-25.790466,544.5,-121.909,1.00,23726.7,539554.9
132.408593,-25.798666,548.0,-121.724,1.00,22814.9,539175.2
132.404693,-25.807466,556.2,-122.453,1.00,21836.4,538785.4
132.401093,-25.815766,555.2,-122.505,1.00,20913.5,538425.6
132.397393,-25.823767,562.6,-123.600,1.00,20023.8,538055.9
132.393893,-25.832067,555.2,-124.866,1.00,19100.9,537706.1
132.390293,-25.840667,558.3,-126.294,1.00,18144.6,537346.3
132.386693,-25.849367,563.9,-127.809,1.00,17177.2,536986.5
132.383293,-25.858067,561.0,-129.563,1.00,16209.8,536646.7
132.379994,-25.866267,562.3,-130.651,1.00,15298.0,536317.0
132.376694,-25.874767,564.3,-130.729,1.00,14352.9,535987.2
132.373294,-25.882967,565.0,-130.552,1.00,13441.1,535647.4
132.369794,-25.891567,567.1,-130.523,1.00,12484.8,535297.7
132.366194,-25.899967,572.1,-129.587,1.00,11550.8,534937.9
132.362894,-25.908567,578.5,-128.068,1.00,10594.5,534608.1
132.359194,-25.917067,581.2,-126.574,1.00,9649.3,534238.3
132.355994,-25.925467,582.0,-124.766,1.00,8715.3,533918.5
132.352695,-25.933467,583.6,-124.312,1.00,7825.7,533588.8
132.349195,-25.942267,580.9,-124.408,1.00,6847.2,533239.0
132.345595,-25.950167,584.9,-124.905,1.00,5968.8,532879.3
132.342195,-25.958468,591.8,-124.377,1.00,5045.7,532539.5
132.338895,-25.966768,591.1,-123.890,1.00,4122.8,532209.7
132.335895,-25.974968,598.4,-125.831,1.00,3211.0,531909.9
132.332795,-25.983768,596.9,-123.846,1.00,2232.5,531600.1
132.330995,-25.988968,599.2,-124.398,1.00,1654.3,531420.2
132.340795,-25.992568,601.6,-124.416,1.00,1254.0,532399.6
132.350495,-25.994368,601.2,-124.564,1.00,1053.8,533369.0
132.360695,-25.994468,602.8,-123.770,1.00,1042.7,534388.3
132.369495,-25.994967,599.0,-125.743,1.00,987.2,535267.8
132.378995,-26.001467,602.7,-125.033,1.00,264.5,536217.2
132.481194,-25.970766,576.4,-127.160,1.00,3678.3,546430.8
132.478494,-25.962266,575.3,-126.900,1.00,4623.4,546160.9
132.476394,-25.953966,571.2,-127.683,1.00,5546.3,545951.1
132.475594,-25.945166,569.6,-128.409,1.00,6524.9,545871.1
132.473294,-25.936766,567.1,-128.038,1.00,7458.9,545641.3
132.473094,-25.927266,571.8,-127.396,1.00,8515.2,545621.3
132.469993,-25.921466,563.6,-126.769,1.00,9160.2,545311.4
132.447394,-25.947767,573.4,-128.179,1.00,6235.6,543052.9
132.442394,-25.955267,578.8,-127.806,1.00,5401.7,542553.2
132.437194,-25.963167,582.2,-128.056,1.00,4523.2,542033.5
132.431594,-25.969867,587.0,-127.706,1.00,3778.2,541473.8
132.423694,-25.975067,593.9,-126.338,1.00,3200.0,540684.3
132.415395,-25.980567,594.2,-127.812,1.00,2588.4,539854.9
132.407895,-25.985967,596.7,-127.887,1.00,1988.0,539105.4
132.399395,-25.991067,600.6,-125.698,1.00,1420.9,538255.9
132.389595,-25.992967,599.7,-125.043,1.00,1209.6,537276.5
132.381795,-25.993867,599.2,-124.827,1.00,1109.6,536497.0
132.379695,-25.988467,596.5,-125.780,1.00,1710.0,536287.2
132.377895,-25.979867,595.7,-126.689,1.00,2666.3,536107.3
132.370195,-25.983367,597.1,-126.554,1.00,2277.1,535337.7
132.371495,-25.990367,599.2,-126.447,1.00,1498.7,535467.7
132.363495,-26.003468,604.3,-124.158,1.00,42.0,534668.2
132.353695,-26.000268,604.5,-124.472,1.00,397.8,533688.8
132.343895,-25.998568,604.5,-125.668,1.00,586.8,532709.4
132.334595,-25.998568,603.3,-126.371,1.00,586.8,531779.9
132.326695,-25.998468,601.6,-125.717,1.00,597.9,530990.4
132.319096,-25.998768,598.0,-126.559,1.00,564.6,530231.0
132.310296,-25.998968,601.7,-126.215,1.00,542.3,529351.5
132.302796,-25.998868,600.4,-126.320,1.00,553.5,528602.0
132.294696,-25.998868,605.2,-124.421,1.00,553.5,527792.5
132.286696,-25.998868,604.0,-122.926,1.00,553.5,526993.0
132.278796,-25.998968,605.0,-122.673,1.00,542.3,526203.5
132.270396,-25.998868,614.4,-122.103,1.00,553.5,525364.0
132.262996,-25.998868,606.8,-122.779,1.00,553.5,524624.5
132.318896,-25.994868,599.9,-126.536,1.00,998.2,530211.0
132.308596,-25.993968,600.5,-126.884,1.00,1098.3,529181.7
132.298996,-25.993268,602.7,-126.100,1.00,1176.2,528222.2
132.282796,-25.990868,604.9,-123.808,1.00,1443.0,526603.3
132.273296,-25.989968,602.6,-124.357,1.00,1543.1,525653.8
132.262996,-25.988768,608.8,-124.117,1.00,1676.5,524624.5
132.253796,-25.988368,604.6,-124.711,1.00,1721.0,523705.0
132.243896,-25.987869,606.3,-124.352,1.00,1776.5,522715.7
132.234096,-25.987669,607.8,-124.758,1.00,1798.7,521736.3
132.223896,-25.985569,607.4,-123.067,1.00,2032.2,520716.9
132.214096,-25.985769,608.6,-124.365,1.00,2010.0,519737.5
132.205196,-25.985169,610.8,-122.439,1.00,2076.7,518848.1
132.195296,-25.985369,614.5,-122.489,1.00,2054.5,517858.7
132.194997,-25.995269,622.2,-121.649,1.00,953.7,517828.8
132.199997,-25.998569,616.4,-121.425,1.00,586.7,518328.5
132.208297,-26.004869,623.7,-122.093,1.00,-113.8,519158.0
132.214896,-26.002869,618.5,-123.248,1.00,108.6,519817.5
132.222396,-25.998969,616.1,-123.475,1.00,542.2,520567.0
132.229896,-25.998869,613.5,-124.371,1.00,553.4,521316.5
132.238996,-25.998869,612.2,-123.550,1.00,553.4,522226.0
132.247496,-25.998669,610.8,-122.587,1.00,575.6,523075.4
132.255496,-25.998868,606.3,-124.245,1.00,553.5,523874.9
132.262996,-25.993368,606.3,-123.374,1.00,1165.0,524624.5
132.259896,-25.984168,602.5,-123.941,1.00,2188.0,524314.7
132.260596,-25.976068,600.7,-123.707,1.00,3088.7,524384.6
132.322095,-25.985268,598.1,-126.485,1.00,2065.7,530530.7
132.316095,-25.979268,595.8,-126.766,1.00,2732.9,529931.1
132.306595,-25.976668,597.3,-127.297,1.00,3022.0,528981.7
132.300895,-25.974968,596.0,-127.293,1.00,3211.0,528412.0
132.290296,-25.975068,597.4,-127.024,1.00,3199.9,527352.8
132.280596,-25.975968,598.8,-124.871,1.00,3099.8,526383.4
132.270196,-25.976868,599.0,-125.405,1.00,2999.8,525344.0
132.250896,-25.977068,598.9,-124.369,1.00,2977.5,523415.2
132.240596,-25.978269,600.4,-125.104,1.00,2844.0,522385.9
132.230896,-25.979369,603.0,-124.584,1.00,2721.7,521416.5
132.220896,-25.980469,604.2,-122.988,1.00,2599.3,520417.1
132.210396,-25.981569,607.5,-124.028,1.00,2477.0,519367.7
132.299795,-25.967768,596.8,-126.479,1.00,4011.6,528302.1
132.300995,-25.958768,592.6,-125.571,1.00,5012.4,528422.0
132.302395,-25.949468,590.5,-124.501,1.00,6046.5,528561.9
132.292795,-25.951068,591.3,-123.891,1.00,5868.6,527602.5
132.282995,-25.952868,592.3,-124.019,1.00,5668.4,526623.1
132.278095,-25.953768,592.5,-124.147,1.00,5568.4,526133.4
132.277896,-25.964268,595.5,-125.861,1.00,4400.8,526113.6
132.287395,-25.966268,595.2,-125.734,1.00,4178.4,527062.9
132.258696,-25.968168,597.5,-123.640,1.00,3967.2,524194.7
132.258396,-25.962668,596.1,-124.603,1.00,4578.7,524164.8
132.257296,-25.953768,592.5,-124.014,1.00,5568.4,524054.8
132.259895,-25.945268,590.0,-123.114,1.00,6513.5,524314.6
132.263495,-25.936668,586.6,-122.621,1.00,7469.8,524674.3
132.264295,-25.927668,585.2,-122.618,1.00,8470.5,524754.3
132.265695,-25.920268,583.1,-123.298,1.00,9293.4,524894.2
132.266895,-25.913468,580.2,-125.561,1.00,10049.5,525014.1
132.268195,-25.907068,578.7,-127.460,1.00,10761.2,525144.1
132.269095,-25.898568,576.6,-129.694,1.00,11706.3,525234.0
132.274195,-25.891968,578.1,-131.132,1.00,12440.2,525743.7
132.278895,-25.884768,573.5,-130.670,1.00,13240.8,526213.4
132.282695,-25.876668,569.6,-130.426,1.00,14141.5,526593.2
132.284494,-25.868568,566.3,-128.799,1.00,15042.2,526772.9
132.616893,-25.983065,575.0,-116.216,1.00,2310.7,559992.3
132.530894,-25.982066,579.9,-125.224,1.00,2421.8,551397.7
132.539293,-25.972666,576.0,-125.092,1.00,3467.0,552237.1
132.775891,-25.957064,546.0,-108.114,1.00,5201.9,575882.2
132.768491,-25.962264,551.7,-108.706,1.00,4623.6,575142.7
132.773291,-25.970164,552.0,-107.727,1.00,3745.2,575622.4
132.781291,-25.964864,547.6,-107.748,1.00,4334.5,576421.9
132.770791,-25.944264,549.3,-107.479,1.00,6625.2,575372.5
132.769691,-25.935364,546.7,-107.262,1.00,7614.8,575262.6
132.768791,-25.925964,546.1,-107.238,1.00,8660.0,575172.7
132.767791,-25.917064,546.7,-108.336,1.00,9649.7,575072.7
132.767091,-25.907664,546.9,-107.728,1.00,10694.9,575002.8
132.767191,-25.898464,544.3,-106.559,1.00,11717.9,575012.8
132.767891,-25.889963,544.1,-108.954,1.00,12663.2,575082.7
132.767191,-25.880963,545.0,-110.960,1.00,13663.9,575012.8
132.767190,-25.872063,544.1,-113.229,1.00,14653.5,575012.7
132.838889,-25.796963,520.5,-119.588,1.00,23004.3,582178.1
132.828789,-25.798063,519.0,-119.565,1.00,22882.0,581168.7
132.818989,-25.799363,517.8,-119.189,1.00,22737.4,580189.3
132.809289,-25.800563,519.0,-118.884,1.00,22604.0,579219.9
132.799289,-25.801963,524.8,-118.469,1.00,22448.3,578220.6
132.789690,-25.803163,526.8,-117.617,1.00,22314.9,577261.3
132.779290,-25.804563,527.1,-117.033,1.00,22159.2,576221.9
132.769390,-25.805563,532.8,-116.141,1.00,22048.0,575232.5
132.764790,-25.806063,536.2,-116.066,1.00,21992.4,574772.8
132.854989,-25.789162,518.4,-120.329,1.00,23871.7,583787.1
132.862889,-25.783062,520.5,-120.437,1.00,24550.0,584576.6
132.869689,-25.777462,525.6,-120.767,1.00,25172.7,585256.2
132.873888,-25.772762,527.1,-121.244,1.00,25695.3,585675.8
132.880488,-25.776562,524.6,-120.648,1.00,25272.8,586335.4
132.901588,-25.759662,506.2,-120.601,1.00,27152.0,588444.1
132.892888,-25.764462,509.9,-120.783,1.00,26618.2,587574.7
132.887288,-25.769962,521.6,-120.949,1.00,26006.7,587015.0
132.765290,-25.814863,534.2,-115.913,1.00,21013.9,574822.8
132.765590,-25.823963,536.8,-116.195,1.00,20002.0,574852.8
132.765890,-25.832963,536.3,-116.680,1.00,19001.3,574882.7
132.766190,-25.842163,539.8,-116.527,1.00,17978.3,574912.7
132.766590,-25.850963,541.3,-116.054,1.00,16999.8,574952.7
132.766790,-25.859763,543.0,-115.674,1.00,16021.2,574972.7
132.767190,-25.868163,543.9,-113.720,1.00,15087.2,575012.7
132.755290,-25.807263,533.8,-115.601,1.00,21859.0,573823.4
132.745490,-25.808263,529.4,-115.330,1.00,21747.8,572844.0
132.735390,-25.809263,529.6,-116.009,1.00,21636.6,571834.6
132.725490,-25.810464,533.5,-115.636,1.00,21503.0,570845.2
132.715590,-25.811664,533.1,-114.903,1.00,21369.6,569855.8
132.706290,-25.813364,531.3,-113.232,1.00,21180.6,568926.4
132.695990,-25.814364,534.3,-112.070,1.00,21069.4,567897.1
132.686091,-25.816364,539.6,-112.360,1.00,20847.0,566907.8
132.675891,-25.817264,535.1,-113.925,1.00,20746.9,565888.4
132.514391,-25.723665,525.6,-115.899,1.00,31154.6,549748.4
132.510591,-25.731665,527.6,-114.070,1.00,30265.1,549368.6
132.507391,-25.740265,529.6,-109.991,1.00,29308.8,549048.8
132.504691,-25.749165,530.1,-105.695,1.00,28319.2,548779.0
132.502091,-25.756665,531.4,-104.224,1.00,27485.2,548519.2
132.498692,-25.765065,538.5,-105.480,1.00,26551.2,548179.5
132.495992,-25.773865,540.4,-108.112,1.00,25572.7,547909.6
132.492492,-25.781666,539.9,-111.651,1.00,24705.2,547559.9
132.491292,-25.785266,538.6,-113.106,1.00,24304.9,547439.9
132.491292,-25.793166,542.1,-113.962,1.00,23426.5,547439.9
132.493592,-25.801266,541.6,-113.297,1.00,22525.8,547669.8
132.494892,-25.810066,543.2,-115.420,1.00,21547.3,547799.7
132.496492,-25.818966,546.3,-117.381,1.00,20557.7,547959.6
132.497892,-25.828066,547.5,-118.783,1.00,19545.8,548099.5
132.498992,-25.836966,550.4,-121.765,1.00,18556.1,548209.5
132.497692,-25.845966,550.0,-122.629,1.00,17555.4,548079.5
132.494993,-25.854866,551.7,-123.544,1.00,16565.8,547809.8
132.490693,-25.862866,553.2,-122.435,1.00,15676.2,547380.1
132.485793,-25.870966,554.2,-122.086,1.00,14775.5,546890.4
132.481693,-25.879066,554.9,-123.806,1.00,13874.8,546480.6
132.478093,-25.887166,557.1,-123.926,1.00,12974.2,546120.9
132.476993,-25.895466,561.4,-125.443,1.00,12051.2,546010.9
132.476093,-25.904666,561.3,-126.911,1.00,11028.3,545921.0
132.472593,-25.914266,561.7,-126.837,1.00,9960.8,545571.2
132.464193,-25.914266,563.0,-126.597,1.00,9960.8,544731.7
132.459193,-25.907566,560.5,-126.451,1.00,10705.8,544232.0
132.453893,-25.899666,560.5,-127.232,1.00,11584.2,543702.4
132.448393,-25.892066,554.3,-126.075,1.00,12429.3,543152.7
132.442993,-25.884266,554.2,-125.659,1.00,13296.6,542613.0
132.437193,-25.876966,564.2,-126.924,1.00,14108.4,542033.4
132.431693,-25.869766,558.8,-127.540,1.00,14909.0,541483.7
132.426293,-25.862366,555.0,-127.755,1.00,15731.8,540944.1
132.420993,-25.854766,552.9,-127.621,1.00,16576.9,540414.4
132.415393,-25.847166,552.7,-127.254,1.00,17422.0,539854.7
132.408193,-25.840266,555.9,-127.191,1.00,18189.2,539135.2
132.402793,-25.832567,552.5,-126.061,1.00,19045.3,538595.5
132.126897,-25.983270,601.8,-123.007,1.00,2287.9,511023.0
132.136697,-25.983169,602.7,-120.882,1.00,2299.1,512002.4
132.147097,-25.982269,601.0,-118.325,1.00,2399.2,513041.8
132.156997,-25.982369,603.9,-118.191,1.00,2388.1,514031.1
132.166797,-25.982969,610.4,-118.436,1.00,2321.4,515010.5
132.176797,-25.983369,612.0,-119.250,1.00,2276.9,516009.9
132.186696,-25.984069,610.9,-120.125,1.00,2199.0,516999.2
132.118397,-25.986670,605.7,-123.657,1.00,1909.8,510173.5
132.111997,-25.993770,608.9,-125.197,1.00,1120.3,509533.9
132.104697,-25.998670,611.5,-127.341,1.00,575.5,508804.4
132.102597,-25.999170,614.0,-127.808,1.00,519.9,508594.5
132.110897,-25.999070,612.2,-126.223,1.00,531.0,509424.0
132.118997,-25.999170,610.8,-124.991,1.00,519.9,510233.5
132.126797,-25.998970,608.9,-123.677,1.00,542.1,511013.0
132.134597,-25.999070,621.4,-123.389,1.00,531.0,511792.5
132.094497,-25.999170,612.1,-128.806,1.00,519.9,507785.0
132.086097,-25.998970,609.0,-129.556,1.00,542.1,506945.5
132.078198,-25.999070,605.7,-130.275,1.00,531.0,506156.1
132.070698,-25.998970,604.5,-130.490,1.00,542.1,505406.6
132.062698,-25.998970,602.0,-130.698,1.00,542.1,504607.1
132.054398,-25.998870,599.5,-130.918,1.00,553.2,503777.6
132.046598,-25.998870,597.9,-130.418,1.00,553.2,502998.1
132.038298,-25.999070,597.9,-130.025,1.00,531.0,502168.6
132.030398,-25.999070,599.5,-130.897,1.00,531.0,501379.1
132.022498,-25.998771,596.9,-131.397,1.00,564.3,500589.6
132.014498,-25.998671,598.1,-131.314,1.00,575.4,499790.1
132.006498,-25.998471,600.9,-130.273,1.00,597.6,498990.6
132.003798,-25.991671,599.2,-130.143,1.00,1353.7,498720.7
132.003398,-25.986271,598.1,-129.444,1.00,1954.2,498680.8
132.108097,-25.980870,603.6,-125.497,1.00,2554.8,509144.2
132.097997,-25.979270,606.7,-126.875,1.00,2732.7,508134.8
132.087997,-25.976970,605.6,-127.160,1.00,2988.4,507135.4
132.078597,-25.973870,603.7,-127.887,1.00,3333.1,506196.0
132.068797,-25.973770,602.3,-128.646,1.00,3344.2,505216.6
132.059197,-25.972870,597.0,-128.836,1.00,3444.3,504257.2
132.049097,-25.972270,596.4,-129.729,1.00,3511.0,503247.8
132.039798,-25.968570,598.1,-130.308,1.00,3922.5,502318.5
132.036298,-25.967370,590.2,-129.855,1.00,4055.9,501968.7
132.026198,-25.964770,589.4,-129.574,1.00,4345.0,500959.3
132.017198,-25.962170,591.7,-128.760,1.00,4634.1,500059.9
132.007798,-25.961671,592.5,-128.301,1.00,4689.6,499120.5
132.000498,-25.960471,591.6,-128.250,1.00,4823.0,498390.9
132.001498,-25.969671,593.0,-126.997,1.00,3800.0,498490.9
132.002798,-25.978671,597.6,-128.429,1.00,2799.3,498620.8
132.012698,-25.990471,596.8,-131.041,1.00,1487.2,499610.2
132.021898,-25.992871,597.4,-131.396,1.00,1220.3,500529.6
132.030998,-25.996170,599.0,-130.892,1.00,853.5,501439.0
132.123197,-25.978270,600.5,-123.781,1.00,2843.9,510653.2
132.114797,-25.979270,602.6,-124.588,1.00,2732.7,509813.8
132.114197,-25.970670,603.7,-124.133,1.00,3688.9,509753.8
132.122997,-25.971370,596.5,-122.789,1.00,3611.1,510633.2
132.131897,-25.967069,595.2,-120.291,1.00,4089.4,511522.7
132.140797,-25.962669,593.7,-117.430,1.00,4578.6,512412.1
132.149796,-25.957369,589.0,-114.638,1.00,5167.9,513311.5
132.155896,-25.950369,587.4,-115.666,1.00,5946.3,513921.1
132.160896,-25.943469,586.1,-118.673,1.00,6713.6,514420.8
132.164596,-25.935369,584.5,-121.231,1.00,7614.2,514790.6
132.165296,-25.926769,582.1,-124.234,1.00,8570.5,514860.5
132.165796,-25.917869,580.9,-123.673,1.00,9560.1,514910.5
132.177395,-25.873369,567.1,-126.167,1.00,14508.3,516069.7
132.287394,-25.860268,564.0,-128.588,1.00,15965.1,527062.8
132.291394,-25.852368,561.0,-128.686,1.00,16843.5,527462.5
132.294994,-25.844068,559.1,-127.249,1.00,17766.4,527822.3
132.297594,-25.835967,557.0,-123.248,1.00,18667.2,528082.1
132.169696,-25.909969,580.0,-125.936,1.00,10438.6,515300.3
132.168796,-25.901169,575.7,-126.593,1.00,11417.1,515210.3
132.173596,-25.892969,573.9,-126.923,1.00,12328.9,515690.0
132.175295,-25.884469,569.4,-127.109,1.00,13274.1,515859.8
132.212293,-25.723168,534.4,-135.435,1.00,31209.9,519557.3
132.278095,-25.918468,580.9,-125.014,1.00,9493.5,526133.4
132.276695,-25.907068,576.0,-128.260,1.00,10761.2,525993.5
132.258995,-25.904468,576.4,-127.436,1.00,11050.3,524224.6
132.249895,-25.901468,575.4,-127.840,1.00,11383.9,523315.2
132.240195,-25.897668,577.0,-129.459,1.00,11806.4,522345.8
132.231295,-25.894368,575.0,-128.225,1.00,12173.3,521456.3
132.221895,-25.890968,573.1,-127.789,1.00,12551.4,520516.9
132.212495,-25.887768,570.9,-129.876,1.00,12907.2,519577.5
132.204895,-25.884468,569.3,-130.078,1.00,13274.2,518818.0
132.194595,-25.881569,571.8,-128.511,1.00,13596.5,517788.6
132.185395,-25.877669,569.1,-127.834,1.00,14030.2,516869.2
132.169495,-25.869569,563.7,-124.965,1.00,14930.9,515280.2
132.160595,-25.865069,564.0,-122.471,1.00,15431.2,514390.7
132.151795,-25.860869,567.9,-119.610,1.00,15898.3,513511.3
132.143195,-25.856769,566.4,-118.594,1.00,16354.2,512651.8
132.134695,-25.852869,568.4,-118.330,1.00,16787.8,511802.3
132.125796,-25.848169,566.0,-117.181,1.00,17310.4,510913.0
132.117196,-25.843169,568.2,-119.194,1.00,17866.4,510053.5
132.108196,-25.837469,565.2,-121.438,1.00,18500.2,509154.1
132.100396,-25.832569,561.3,-122.097,1.00,19045.1,508374.5
132.093796,-25.827269,561.0,-122.355,1.00,19634.4,507715.0
132.083496,-25.827869,562.5,-122.031,1.00,19567.7,506685.6
132.075196,-25.832369,564.8,-123.050,1.00,19067.3,505856.1
132.066896,-25.836970,567.1,-123.805,1.00,18555.7,505026.6
132.060896,-25.843970,567.3,-124.955,1.00,17777.3,504427.0
132.177895,-25.864569,566.7,-125.808,1.00,15486.8,516119.6
132.180895,-25.856669,565.5,-125.075,1.00,16365.3,516419.5
132.183795,-25.848369,564.2,-124.151,1.00,17288.2,516709.3
132.186795,-25.839468,558.3,-124.426,1.00,18277.9,517009.1
132.190095,-25.831768,555.4,-125.437,1.00,19134.1,517338.9
132.189295,-25.822968,553.4,-126.333,1.00,20112.7,517258.9
132.191095,-25.813868,550.0,-125.420,1.00,21124.5,517438.8
132.194594,-25.805368,548.3,-125.221,1.00,22069.7,517788.5
132.194294,-25.796968,547.6,-124.880,1.00,23003.7,517758.5
132.191694,-25.789568,544.4,-125.513,1.00,23826.6,517498.7
132.192494,-25.780468,541.0,-129.158,1.00,24838.4,517578.6
132.195694,-25.771968,538.4,-130.445,1.00,25783.6,517898.4
132.196694,-25.765868,537.8,-130.526,1.00,26461.9,517998.4
132.199894,-25.757968,535.6,-131.355,1.00,27340.3,518318.2
132.202494,-25.751068,536.1,-131.952,1.00,28107.6,518578.0
132.210894,-25.757168,539.2,-131.621,1.00,27429.3,519417.5
132.206094,-25.764668,550.5,-131.051,1.00,26595.3,518937.8
132.203394,-25.768768,543.8,-130.650,1.00,26139.4,518668.0
132.205494,-25.742368,536.5,-132.930,1.00,29075.0,518877.8
132.208194,-25.734068,534.8,-134.150,1.00,29997.9,519147.7
132.211093,-25.726068,532.5,-135.045,1.00,30887.4,519437.4
132.432692,-25.722966,533.8,-129.386,1.00,31232.4,541583.6
132.422492,-25.722766,529.4,-129.103,1.00,31254.6,540564.2
132.412892,-25.722866,535.5,-129.724,1.00,31243.5,539604.8
132.402392,-25.722766,538.0,-130.892,1.00,31254.6,538555.4
132.392492,-25.722866,532.1,-130.509,1.00,31243.5,537566.1
132.382492,-25.722866,529.4,-131.333,1.00,31243.5,536566.7
132.371992,-25.722766,529.5,-131.382,1.00,31254.6,535517.3
132.362292,-25.722766,530.5,-132.053,1.00,31254.6,534547.9
132.351992,-25.722667,537.1,-132.602,1.00,31265.6,533518.6
132.342292,-25.722967,543.6,-133.078,1.00,31232.3,532549.2
132.332292,-25.722967,547.7,-133.535,1.00,31232.3,531549.8
132.322093,-25.722867,534.2,-133.608,1.00,31243.4,530530.5
132.311893,-25.723067,531.7,-133.812,1.00,31221.1,529511.2
132.302693,-25.723267,525.8,-133.796,1.00,31198.9,528591.7
132.292793,-25.723067,537.8,-135.377,1.00,31221.1,527602.3
132.282393,-25.723167,530.9,-134.585,1.00,31210.0,526563.0
132.272593,-25.723167,532.8,-135.182,1.00,31210.0,525583.6
132.262493,-25.723167,533.5,-135.282,1.00,31210.0,524574.2
132.252593,-25.723367,544.0,-135.030,1.00,31187.8,523584.8
132.243093,-25.723068,547.4,-135.720,1.00,31221.0,522635.4
132.232893,-25.723168,544.4,-135.146,1.00,31209.9,521616.0
132.222693,-25.722968,539.8,-135.307,1.00,31232.1,520596.7
132.202094,-25.723168,532.8,-135.038,1.00,31209.9,518538.1
132.192594,-25.723168,532.6,-135.139,1.00,31209.9,517588.6
132.182894,-25.723668,532.7,-135.129,1.00,31154.3,516619.2
132.172894,-25.723568,536.7,-135.125,1.00,31165.4,515619.9
132.162594,-25.723568,537.3,-135.262,1.00,31165.4,514590.5
132.152894,-25.723568,541.4,-135.402,1.00,31165.4,513621.1
132.143194,-25.723968,541.0,-135.528,1.00,31121.0,512651.7
132.133194,-25.723768,543.1,-135.653,1.00,31143.2,511652.3
132.122894,-25.723869,545.5,-135.569,1.00,31132.0,510623.0
132.112994,-25.723869,547.0,-134.955,1.00,31132.0,509633.6
132.103094,-25.723769,544.0,-134.656,1.00,31143.1,508644.2
132.093294,-25.723669,544.7,-133.865,1.00,31154.2,507664.8
132.082895,-25.723869,548.6,-132.236,1.00,31132.0,506625.5
132.073495,-25.723669,546.6,-131.071,1.00,31154.2,505686.1
132.063095,-25.723469,545.1,-131.107,1.00,31176.4,504646.8
132.053195,-25.724369,547.0,-131.467,1.00,31076.4,503657.4
132.035198,-25.989170,598.7,-130.270,1.00,1631.8,501858.8
132.035598,-25.980870,590.9,-130.031,1.00,2554.8,501898.8
132.036098,-25.972370,589.2,-130.114,1.00,3499.9,501948.7
132.036697,-25.957670,586.6,-129.824,1.00,5134.5,502008.6
132.025598,-25.960870,587.0,-129.758,1.00,4778.7,500899.4
132.020597,-25.952370,589.0,-129.573,1.00,5723.8,500399.6
132.034497,-25.947870,586.2,-129.537,1.00,6224.2,501788.7
132.036097,-25.939070,583.0,-128.910,1.00,7202.7,501948.6
132.038397,-25.929970,583.3,-128.037,1.00,8214.6,502178.5
132.037297,-25.920670,582.4,-127.428,1.00,9248.7,502068.6
132.040097,-25.912170,579.8,-125.306,1.00,10193.8,502348.4
132.043497,-25.903370,578.3,-120.468,1.00,11172.4,502688.2
132.045197,-25.894970,577.3,-119.155,1.00,12106.4,502858.1
132.047697,-25.886870,579.0,-120.709,1.00,13007.1,503107.9
132.052496,-25.880070,577.6,-119.887,1.00,13763.2,503587.5
132.059496,-25.873970,573.8,-119.816,1.00,14441.5,504287.1
132.060396,-25.865370,571.6,-121.251,1.00,15397.8,504377.0
132.058396,-25.856570,572.1,-121.974,1.00,16376.3,504177.2
132.059296,-25.848370,568.9,-123.911,1.00,17288.1,504267.1
132.061296,-25.838870,567.3,-124.908,1.00,18344.4,504467.0
132.051596,-25.836370,567.6,-125.644,1.00,18622.4,503497.6
132.042096,-25.833670,566.8,-124.971,1.00,18922.6,502548.2
132.032496,-25.830670,565.8,-124.157,1.00,19256.2,501588.8
132.023096,-25.827970,567.5,-122.268,1.00,19556.5,500649.3
132.013696,-25.824970,565.1,-123.105,1.00,19890.0,499709.9
132.004596,-25.822370,564.9,-123.526,1.00,20179.1,498800.5
132.000196,-25.829570,565.5,-124.257,1.00,19378.5,498360.8
132.000196,-25.838670,567.2,-122.787,1.00,18366.7,498360.8
132.000397,-25.847570,569.1,-123.949,1.00,17377.0,498380.8
132.000297,-25.883770,580.3,-123.277,1.00,13351.8,498370.8
132.000898,-25.952271,591.0,-128.799,1.00,5734.8,498430.9
132.000898,-25.943071,590.2,-127.106,1.00,6757.8,498430.9
132.000797,-25.933970,590.0,-128.837,1.00,7769.8,498420.8
132.000697,-25.925070,586.2,-128.211,1.00,8759.4,498410.8
132.000497,-25.916170,586.4,-127.374,1.00,9749.1,498390.8
132.000497,-25.907070,585.1,-125.094,1.00,10760.9,498390.8
132.000397,-25.897870,583.1,-122.992,1.00,11783.9,498380.8
132.000297,-25.889070,581.2,-122.984,1.00,12762.4,498370.8
132.000396,-25.775370,557.5,-123.877,1.00,25405.3,498380.7
132.000396,-25.766870,555.4,-123.996,1.00,26350.5,498380.7
132.000396,-25.757670,554.8,-126.023,1.00,27373.5,498380.7
132.000395,-25.748670,552.3,-127.235,1.00,28374.2,498380.6
132.000295,-25.739970,554.9,-130.072,1.00,29341.6,498370.6
132.000495,-25.729470,554.8,-132.864,1.00,30509.2,498390.6
132.009795,-25.729770,555.1,-132.107,1.00,30475.8,499320.1
132.014295,-25.723570,551.3,-133.345,1.00,31165.2,499769.8
132.024495,-25.724069,548.0,-133.134,1.00,31109.7,500789.2
132.034495,-25.724469,546.3,-132.283,1.00,31065.2,501788.5
132.044495,-25.724969,545.6,-132.028,1.00,31009.6,502787.9
132.913086,-25.620661,477.1,-106.356,1.00,42608.2,589593.2
132.944587,-25.716961,481.5,-124.151,1.00,31900.1,592741.4
132.942287,-25.710461,484.6,-123.713,1.00,32622.9,592511.5
132.939787,-25.702961,489.2,-120.407,1.00,33456.8,592261.7
132.940987,-25.696761,488.4,-119.329,1.00,34146.2,592381.6
132.935687,-25.689661,488.6,-117.561,1.00,34935.7,591851.9
132.933087,-25.682761,485.9,-115.500,1.00,35703.0,591592.1
132.930587,-25.675561,483.5,-113.364,1.00,36503.6,591342.2
132.927987,-25.668161,484.1,-111.137,1.00,37326.4,591082.4
132.925787,-25.660561,482.5,-109.755,1.00,38171.5,590862.5
132.923187,-25.653461,482.8,-108.579,1.00,38961.0,590602.7
132.921287,-25.647461,481.0,-107.984,1.00,39628.1,590412.8
132.917887,-25.638261,478.4,-107.629,1.00,40651.1,590073.0
132.915087,-25.629361,476.3,-107.161,1.00,41640.8,589793.2
132.912387,-25.634461,478.2,-107.349,1.00,41073.7,589523.4
132.921586,-25.618261,478.4,-106.387,1.00,42875.0,590442.7
132.931286,-25.613961,475.8,-105.543,1.00,43353.2,591412.1
132.940486,-25.611161,476.6,-105.733,1.00,43664.5,592331.5
132.949786,-25.608161,475.4,-105.464,1.00,43998.1,593260.9
132.951986,-25.607661,474.1,-105.781,1.00,44053.7,593480.8
132.957686,-25.603261,474.0,-105.685,1.00,44543.0,594050.5
132.966486,-25.600061,476.0,-105.905,1.00,44898.8,594929.9
132.975886,-25.596661,477.4,-105.733,1.00,45276.8,595869.3
132.985086,-25.593760,477.0,-105.522,1.00,45599.4,596788.8
132.960686,-25.609161,475.0,-106.571,1.00,43886.9,594350.3
132.969786,-25.606461,474.2,-106.452,1.00,44187.1,595259.7
132.979886,-25.610561,475.5,-107.118,1.00,43731.2,596269.1
132.987686,-25.615161,475.8,-107.463,1.00,43219.7,597048.6
132.995486,-25.620860,476.2,-108.093,1.00,42586.0,597828.1
132.981086,-25.601661,479.0,-106.172,1.00,44720.9,596389.0
132.987086,-25.586960,478.1,-105.004,1.00,46355.5,596988.6
132.986585,-25.577560,478.5,-104.626,1.00,47400.8,596938.6
132.983485,-25.569460,477.6,-103.899,1.00,48301.5,596628.8
132.996185,-25.581660,478.2,-105.340,1.00,46944.9,597898.0
132.997785,-25.572460,478.3,-103.910,1.00,47967.9,598057.9
132.980485,-25.561460,477.9,-103.030,1.00,49191.0,596328.9
132.919286,-25.555961,478.2,-99.854,1.00,49802.5,590212.8
132.918986,-25.565761,479.8,-101.442,1.00,48712.8,590182.9
132.918386,-25.573961,481.5,-102.288,1.00,47801.0,590122.9
132.915486,-25.582761,480.6,-102.961,1.00,46822.5,589833.1
132.912986,-25.590461,481.4,-103.664,1.00,45966.3,589583.2
132.910086,-25.598061,480.6,-104.245,1.00,45121.2,589293.4
132.901086,-25.593461,484.4,-103.863,1.00,45632.7,588394.0
132.891686,-25.591361,479.1,-102.737,1.00,45866.2,587454.5
132.891186,-25.582961,477.2,-101.796,1.00,46800.2,587404.6
132.891286,-25.573861,473.3,-101.287,1.00,47812.1,587414.6
132.892186,-25.564661,475.8,-100.231,1.00,48835.1,587504.5
132.894486,-25.555761,476.0,-98.712,1.00,49824.7,587734.4
132.903587,-25.624861,480.3,-107.126,1.00,42141.1,588643.9
132.893787,-25.628361,480.4,-106.824,1.00,41752.0,587664.5
132.884287,-25.631562,479.6,-106.075,1.00,41396.0,586715.1
132.884787,-25.635062,480.9,-106.305,1.00,41006.8,586765.1
132.864787,-25.638362,480.7,-106.681,1.00,40639.9,584766.3
132.856287,-25.641462,487.5,-106.749,1.00,40295.2,583916.8
132.847387,-25.644562,492.7,-107.039,1.00,39950.5,583027.4
132.849287,-25.653762,494.3,-108.506,1.00,38927.5,583217.3
132.851187,-25.662462,494.0,-109.717,1.00,37960.1,583407.2
132.852988,-25.671362,497.4,-112.640,1.00,36970.5,583587.1
132.855188,-25.680362,497.8,-115.010,1.00,35969.7,583807.0
132.856688,-25.689062,497.9,-117.392,1.00,35002.3,583956.9
132.856088,-25.697862,507.4,-119.182,1.00,34023.8,583896.9
132.853788,-25.706362,517.9,-120.315,1.00,33078.7,583667.1
132.859588,-25.713662,515.3,-121.127,1.00,32266.9,584246.7
132.913586,-25.613661,477.7,-106.103,1.00,43386.5,589643.2
132.914286,-25.606261,480.5,-105.363,1.00,44209.4,589713.1
132.881286,-25.592561,479.1,-102.137,1.00,45732.7,586415.2
132.871187,-25.591861,480.9,-101.662,1.00,45810.6,585405.9
132.861687,-25.592362,480.9,-101.211,1.00,45754.9,584456.5
132.851987,-25.593562,484.0,-100.627,1.00,45621.4,583487.1
132.842787,-25.592062,483.2,-100.536,1.00,45788.2,582567.7
132.836087,-25.592762,483.9,-100.920,1.00,45710.4,581898.1
132.826287,-25.593462,485.8,-100.290,1.00,45632.6,580918.7
132.816987,-25.593062,490.2,-100.125,1.00,45677.0,579989.3
132.807487,-25.591762,490.5,-99.992,1.00,45821.6,579039.9
132.797987,-25.590262,494.3,-99.773,1.00,45988.4,578090.4
132.787987,-25.590262,494.1,-99.455,1.00,45988.4,577091.1
132.004068,-25.999131,599.2,-129.852,0.50,524.2,498747.7
132.009624,-25.589959,527.3,-117.406,0.50,46022.1,499303.0
132.001074,-25.616629,532.7,-128.040,6.00,43056.5,498448.5
132.001204,-25.630319,534.7,-132.592,6.00,41534.2,498461.5
132.001064,-25.635979,534.8,-133.854,6.00,40904.9,498447.5
132.001034,-25.638839,535.5,-134.916,6.00,40586.9,498444.5
132.001294,-25.645239,535.9,-135.823,6.00,39875.2,498470.5
132.000454,-25.647739,536.4,-136.513,6.00,39597.2,498386.5
132.001014,-25.652469,538.3,-137.021,6.00,39071.3,498442.5
132.000454,-25.656629,538.5,-137.247,6.00,38608.7,498386.5
132.001284,-25.661359,539.8,-137.679,6.00,38082.8,498469.5
132.001285,-25.666079,538.5,-138.249,6.00,37557.9,498469.6
132.000735,-25.670519,540.1,-138.469,6.00,37064.2,498414.6
132.001015,-25.674959,539.5,-139.050,6.00,36570.5,498442.6
132.000735,-25.679959,540.4,-139.331,6.00,36014.5,498414.6
132.001565,-25.684410,541.4,-139.597,6.00,35519.6,498497.6
132.001015,-25.688850,543.8,-139.243,6.00,35025.9,498442.6
132.000455,-25.693300,545.1,-138.561,6.00,34531.1,498386.6
132.000315,-25.697760,550.5,-138.286,6.00,34035.1,498372.6
132.000185,-25.702190,546.8,-137.268,6.00,33542.6,498359.7
132.000185,-25.707740,545.6,-137.110,6.00,32925.4,498359.7
132.000245,-25.719650,546.3,-135.646,6.00,31601.1,498365.7
132.001844,-25.623579,535.5,-131.169,6.00,42283.7,498525.5
132.000724,-25.619129,531.3,-129.556,6.00,42778.5,498413.5
132.056999,-26.445276,595.9,-26.523,0.50,-49084.8,504037.5
132.059378,-26.436523,595.9,-29.564,0.50,-48111.5,504275.3
132.059904,-26.427559,596.4,-32.851,0.50,-47114.8,504327.9
132.060151,-26.418586,597.8,-35.289,0.50,-46117.0,504352.5
132.060571,-26.409439,608.7,-33.662,0.50,-45099.9,504394.5
132.059803,-26.400577,603.4,-33.834,0.50,-44114.5,504317.8
132.057258,-26.391749,606.8,-40.483,0.50,-43132.9,504063.4
132.056381,-26.382745,611.0,-48.974,0.50,-42131.7,503975.8
132.056988,-26.373516,614.2,-52.165,0.50,-41105.5,504036.4
132.062293,-26.366250,618.1,-52.363,0.50,-40297.5,504566.6
132.068407,-26.359090,622.0,-53.387,0.50,-39501.4,505177.6
132.074606,-26.352055,626.4,-55.873,0.50,-38719.1,505797.1
132.081160,-26.344757,631.6,-57.937,0.50,-37907.6,506452.1
132.087914,-26.338630,635.5,-59.987,0.50,-37226.3,507127.1
132.095709,-26.333045,639.3,-62.131,0.50,-36605.3,507906.1
132.104537,-26.328986,644.4,-64.635,0.50,-36154.0,508788.4
132.114270,-26.326733,648.4,-65.923,0.50,-35903.5,509761.1
132.123408,-26.324445,652.1,-66.525,0.50,-35649.0,510674.3
132.131839,-26.320119,658.8,-67.396,0.50,-35168.0,511516.9
132.135330,-26.312073,660.7,-67.880,0.50,-34273.3,511865.8
132.135969,-26.303046,663.4,-68.757,0.50,-33269.6,511929.6
132.138037,-26.295180,671.1,-69.642,0.50,-32394.9,512136.3
132.138593,-26.286378,674.2,-70.498,0.50,-31416.2,512191.9
132.139003,-26.277502,677.2,-71.758,0.50,-30429.2,512232.9
132.139702,-26.268438,682.3,-73.112,0.50,-29421.3,512302.7
132.137507,-26.259501,688.4,-74.566,0.50,-28427.6,512083.4
132.136079,-26.250720,692.6,-76.258,0.50,-27451.2,511940.6
132.133835,-26.242071,699.3,-77.900,0.50,-26489.5,511716.4
132.134213,-26.232951,712.4,-79.571,0.50,-25475.4,511754.2
132.136944,-26.224278,716.3,-81.982,0.50,-24511.0,512027.1
132.140132,-26.215674,710.0,-84.165,0.50,-23554.3,512345.7
132.145628,-26.208333,706.4,-85.801,0.50,-22738.0,512894.9
132.148389,-26.200440,703.6,-87.654,0.50,-21860.3,513170.9
132.145681,-26.191781,706.2,-89.950,0.50,-20897.5,512900.2
132.142939,-26.184883,715.7,-93.788,0.50,-20130.5,512626.2
132.141162,-26.174239,726.4,-97.132,0.50,-18946.9,512448.6
132.140493,-26.165121,712.3,-100.426,0.50,-17933.0,512381.8
132.139649,-26.156257,710.5,-102.850,0.50,-16947.4,512297.4
132.140000,-26.147203,703.2,-104.525,0.50,-15940.6,512332.5
132.139828,-26.138296,696.1,-108.489,0.50,-14950.2,512315.3
132.848587,-25.914641,543.4,-104.235,0.19,9919.1,583147.3
132.848002,-25.924070,546.4,-104.897,0.19,8870.6,583088.8
132.848408,-25.932684,548.2,-104.065,0.19,7912.8,583129.4
132.847905,-25.941521,548.6,-102.505,0.19,6930.2,583079.2
132.900114,-25.816323,518.8,-116.326,0.19,20851.5,588296.8
132.993156,-25.654872,495.1,-109.711,0.19,38804.1,597595.3
132.982177,-25.655341,489.4,-109.640,0.19,38751.9,596498.0
132.972530,-25.654020,489.3,-109.643,0.19,38898.8,595533.9
132.963395,-25.654545,495.7,-109.889,0.19,38840.4,594621.0
132.952036,-25.654908,495.0,-109.798,0.19,38800.1,593485.8
132.943142,-25.654524,488.3,-109.385,0.19,38842.8,592597.0
132.932095,-25.654353,483.6,-109.094,0.19,38861.8,591492.9
132.922646,-25.653753,479.4,-108.829,0.19,38928.5,590548.6
132.912376,-25.653740,480.7,-109.086,0.19,38930.0,589522.3
132.903474,-25.653494,486.9,-109.466,0.19,38957.3,588632.6
132.902263,-25.663170,484.7,-111.119,0.19,37881.4,588511.6
132.913189,-25.663039,482.3,-110.279,0.19,37895.9,589603.5
132.923461,-25.663294,480.0,-110.424,0.19,37867.6,590630.1
132.933105,-25.663050,486.0,-110.667,0.19,37894.7,591593.9
132.942140,-25.663180,493.8,-110.951,0.19,37880.3,592496.8
132.953257,-25.663184,498.4,-111.311,0.19,37879.8,593607.8
132.963158,-25.663935,502.9,-111.691,0.19,37796.3,594597.3
132.973378,-25.663190,497.6,-111.093,0.19,37879.2,595618.7
132.982508,-25.663651,496.6,-110.513,0.19,37827.9,596531.1
132.992652,-25.664148,494.0,-110.425,0.19,37772.6,597544.9
132.992665,-25.673293,497.7,-112.324,0.19,36755.8,597546.2
132.982783,-25.672764,506.4,-112.904,0.19,36814.6,596558.6
132.973019,-25.672410,500.6,-113.106,0.19,36853.9,595582.8
132.962588,-25.672208,511.0,-113.706,0.19,36876.4,594540.4
132.953124,-25.672246,498.0,-112.958,0.19,36872.2,593594.5
132.942788,-25.672917,496.1,-112.759,0.19,36797.6,592561.6
132.932824,-25.672246,484.9,-112.387,0.19,36872.2,591565.8
132.922678,-25.671902,481.0,-112.512,0.19,36910.4,590551.8
132.912954,-25.671916,484.0,-112.961,0.19,36908.9,589580.0
132.903212,-25.671281,485.4,-113.324,0.19,36979.5,588606.4
132.902155,-25.681137,488.1,-116.318,0.19,35883.5,588500.8
132.902879,-25.689764,487.7,-118.510,0.19,34924.3,588573.1
132.892651,-25.689542,489.0,-118.203,0.19,34948.9,587551.0
132.883247,-25.690442,487.2,-117.727,0.19,34848.9,586611.2
132.872618,-25.689879,491.8,-117.140,0.19,34911.5,585548.9
132.862797,-25.689131,493.5,-116.826,0.19,34994.7,584567.4
132.852663,-25.689335,504.5,-116.971,0.19,34972.0,583554.7
132.842901,-25.688216,501.7,-116.460,0.19,35096.4,582579.1
132.832806,-25.697654,501.3,-118.332,0.19,34046.9,581570.2
132.832979,-25.688931,498.7,-116.552,0.19,35016.9,581587.5
132.822499,-25.688404,495.8,-116.352,0.19,35075.5,580540.1
132.813050,-25.687954,502.8,-116.488,0.19,35125.5,579595.8
132.802940,-25.687872,499.6,-116.171,0.19,35134.6,578585.4
132.793603,-25.688402,500.5,-116.281,0.19,35075.7,577652.3
132.783594,-25.688007,506.1,-116.253,0.19,35119.6,576652.0
132.773634,-25.687863,503.0,-115.979,0.19,35135.6,575656.7
132.763279,-25.687671,504.4,-115.865,0.19,35157.0,574621.8
132.752609,-25.687125,502.4,-115.758,0.19,35217.7,573555.5
132.743247,-25.687281,508.4,-115.935,0.19,35200.4,572619.8
132.732880,-25.687670,508.1,-116.000,0.19,35157.1,571583.8
132.722844,-25.687722,507.7,-116.112,0.19,35151.3,570580.8
132.713426,-25.686531,509.6,-116.037,0.19,35283.8,569639.6
132.703716,-25.686470,510.2,-116.343,0.19,35290.5,568669.2
132.693652,-25.686510,511.4,-116.708,0.19,35286.1,567663.4
132.684024,-25.686433,511.4,-116.858,0.19,35294.7,566701.2
132.673435,-25.686374,511.5,-116.946,0.19,35301.2,565643.0
132.673509,-25.695180,512.6,-118.314,0.19,34322.0,565650.4
132.682823,-25.695408,514.0,-118.136,0.19,34296.7,566581.2
132.693162,-25.695373,516.4,-118.307,0.19,34300.6,567614.4
132.702695,-25.695822,512.7,-118.291,0.19,34250.6,568567.1
132.712712,-25.695546,511.0,-118.038,0.19,34281.3,569568.2
132.723035,-25.695627,520.5,-118.241,0.19,34272.3,570599.9
132.732707,-25.696023,506.4,-117.777,0.19,34228.3,571566.5
132.743091,-25.696150,515.6,-117.928,0.19,34214.2,572604.2
132.752350,-25.696182,503.4,-117.320,0.19,34210.6,573529.6
132.762215,-25.696067,510.1,-117.639,0.19,34223.4,574515.5
132.772939,-25.696554,503.0,-117.555,0.19,34169.3,575587.2
132.782509,-25.697177,507.1,-117.949,0.19,34100.0,576543.6
132.792997,-25.697317,503.3,-118.042,0.19,34084.4,577591.8
132.802251,-25.697897,500.1,-118.060,0.19,34019.9,578516.6
132.812559,-25.697565,498.2,-118.131,0.19,34056.8,579546.7
132.822551,-25.697798,496.9,-118.318,0.19,34030.9,580545.3
132.842292,-25.697908,509.8,-118.674,0.19,34018.7,582518.2
132.852316,-25.697953,509.8,-118.797,0.19,34013.7,583520.0
132.862238,-25.698211,503.4,-118.778,0.19,33985.0,584511.6
132.872094,-25.698330,494.8,-118.836,0.19,33971.8,585496.6
132.882035,-25.698469,490.5,-119.084,0.19,33956.3,586490.0
132.892200,-25.698932,487.7,-119.609,0.19,33904.8,587505.9
132.901616,-25.699096,488.5,-120.107,0.19,33886.6,588446.9
132.912339,-25.698913,487.7,-120.307,0.19,33906.9,589518.6
132.921787,-25.698879,487.1,-120.041,0.19,33910.7,590462.8
132.932135,-25.699014,485.8,-120.148,0.19,33895.7,591496.9
132.941391,-25.698768,485.7,-120.074,0.19,33923.1,592422.0
132.952098,-25.699058,497.9,-120.570,0.19,33890.8,593492.0
132.952002,-25.690626,510.0,-118.732,0.19,34828.4,593482.4
132.942668,-25.690311,492.6,-118.301,0.19,34863.4,592549.6
132.932863,-25.690188,484.4,-118.025,0.19,34877.1,591569.7
132.922123,-25.689459,485.9,-118.201,0.19,34958.2,590496.4
132.912746,-25.690236,486.1,-118.472,0.19,34871.8,589559.2
132.912389,-25.680993,484.8,-115.793,0.19,35899.6,589523.6
132.921646,-25.680608,483.3,-115.495,0.19,35942.4,590448.7
132.932262,-25.680930,483.2,-115.247,0.19,35906.6,591509.6
132.942115,-25.681768,495.4,-115.609,0.19,35813.4,592494.3
132.952080,-25.681728,502.2,-115.783,0.19,35817.8,593490.2
132.963361,-25.681925,504.8,-115.984,0.19,35795.9,594617.6
132.972572,-25.681782,510.1,-116.086,0.19,35811.8,595538.1
132.981943,-25.681725,508.1,-115.758,0.19,35818.2,596474.7
132.992260,-25.681893,500.0,-115.135,0.19,35799.5,597505.7
132.992404,-25.690967,502.0,-117.290,0.19,34790.5,597520.1
132.982118,-25.690873,508.7,-117.963,0.19,34800.9,596492.1
132.971322,-25.691247,513.1,-118.642,0.19,34759.4,595413.2
132.961510,-25.690270,499.1,-118.102,0.19,34868.0,594432.6
132.961907,-25.699952,499.3,-120.461,0.19,33791.4,594472.3
132.961931,-25.709324,510.1,-122.049,0.19,32749.3,594474.7
132.941710,-25.708350,493.5,-121.532,0.19,32857.6,592453.8
132.932110,-25.708377,488.1,-121.341,0.19,32854.6,591494.4
132.922401,-25.708187,487.7,-121.289,0.19,32875.7,590524.1
132.912090,-25.707873,488.7,-121.175,0.19,32910.6,589493.7
132.902633,-25.707799,488.5,-121.098,0.19,32918.9,588548.6
132.892449,-25.707916,489.7,-120.583,0.19,32905.9,587530.8
132.881300,-25.706991,494.5,-120.156,0.19,33008.7,586416.6
132.872007,-25.716404,505.1,-120.892,0.19,31962.0,585487.9
132.872340,-25.707663,500.5,-120.061,0.19,32934.0,585521.1
132.862544,-25.707388,506.6,-120.049,0.19,32964.6,584542.1
132.852302,-25.707008,524.5,-120.335,0.19,33006.8,583518.6
132.842343,-25.706927,510.6,-119.862,0.19,33015.8,582523.3
132.832516,-25.706414,498.6,-119.536,0.19,33072.9,581541.2
132.822072,-25.706644,498.1,-119.425,0.19,33047.3,580497.5
132.812950,-25.705977,500.5,-119.231,0.19,33121.5,579585.8
132.802358,-25.706435,500.0,-119.059,0.19,33070.5,578527.3
132.792547,-25.706676,502.6,-118.949,0.19,33043.7,577546.8
132.782789,-25.705987,504.8,-118.928,0.19,33120.3,576571.6
132.772737,-25.705945,506.3,-118.731,0.19,33125.0,575567.0
132.761884,-25.705602,506.4,-118.615,0.19,33163.2,574482.4
132.752811,-25.705813,507.1,-118.518,0.19,33139.7,573575.6
132.742442,-25.705314,517.6,-119.009,0.19,33195.2,572539.4
132.732697,-25.705390,508.0,-118.964,0.19,33186.7,571565.5
132.723152,-25.705269,510.0,-119.180,0.19,33200.2,570611.6
132.712468,-25.704834,511.2,-119.258,0.19,33248.6,569543.8
132.703267,-25.704451,513.6,-119.273,0.19,33291.1,568624.3
132.692943,-25.704705,515.3,-119.211,0.19,33262.9,567592.6
132.682856,-25.704704,515.9,-119.169,0.19,33263.0,566584.5
132.673640,-25.704393,517.8,-119.325,0.19,33297.6,565663.4
132.672640,-25.712841,522.2,-119.806,0.19,32358.2,565563.5
132.682662,-25.713506,518.9,-119.621,0.19,32284.3,566565.1
132.692374,-25.713847,517.3,-119.613,0.19,32246.4,567535.7
132.702862,-25.714180,513.1,-119.702,0.19,32209.3,568583.8
132.712236,-25.714015,512.7,-119.782,0.19,32227.7,569520.7
132.723063,-25.713390,516.2,-119.798,0.19,32297.2,570602.7
132.732243,-25.714260,511.2,-119.577,0.19,32200.4,571520.1
132.743041,-25.714575,510.8,-119.253,0.19,32165.4,572599.2
132.753208,-25.714776,518.3,-119.443,0.19,32143.1,573615.3
132.763221,-25.714609,509.1,-119.059,0.19,32161.6,574616.0
132.772506,-25.715081,509.4,-119.384,0.19,32109.1,575543.9
132.783034,-25.714977,506.0,-119.526,0.19,32120.7,576596.1
132.792704,-25.715056,505.4,-119.804,0.19,32111.9,577562.5
132.802729,-25.715384,502.6,-119.907,0.19,32075.5,578564.4
132.812325,-25.715648,501.1,-120.045,0.19,32046.1,579523.4
132.821811,-25.716027,502.6,-120.263,0.19,32004.0,580471.4
132.832469,-25.715015,504.7,-120.511,0.19,32116.5,581536.5
132.842653,-25.716106,511.4,-120.786,0.19,31995.2,582554.3
132.851938,-25.716208,518.3,-121.073,0.19,31983.8,583482.2
132.862263,-25.716381,512.4,-120.904,0.19,31964.6,584514.1
132.882445,-25.716310,495.9,-121.075,0.19,31972.5,586531.0
132.891787,-25.716607,490.7,-121.157,0.19,31939.5,587464.6
132.901691,-25.717173,490.7,-121.683,0.19,31876.5,588454.4
132.911488,-25.716986,490.5,-122.060,0.19,31897.3,589433.5
132.922011,-25.716946,490.2,-121.952,0.19,31901.8,590485.2
132.932786,-25.717119,490.5,-122.069,0.19,31882.5,591562.0
132.941240,-25.717568,490.3,-122.042,0.19,31832.6,592406.9
132.951487,-25.717555,495.6,-121.915,0.19,31834.0,593430.9
132.961321,-25.717669,508.4,-121.906,0.19,31821.4,594413.7
132.971434,-25.717507,513.1,-121.711,0.19,31839.4,595424.4
132.982194,-25.717979,521.3,-121.401,0.19,31786.9,596499.7
132.992113,-25.717992,511.3,-120.717,0.19,31785.5,597491.0
132.992110,-25.709245,508.7,-120.553,0.19,32758.1,597490.7
132.981396,-25.708825,514.4,-121.287,0.19,32804.8,596420.0
132.971799,-25.708799,514.7,-121.632,0.19,32807.7,595460.9
132.972044,-25.699941,510.3,-120.458,0.19,33792.6,595485.4
132.981505,-25.699700,513.9,-120.123,0.19,33819.4,596430.9
132.992000,-25.700146,505.8,-119.638,0.19,33769.8,597479.7
132.991097,-25.727206,519.6,-120.597,0.19,30760.9,597389.5
132.980488,-25.727095,517.1,-120.921,0.19,30773.2,596329.2
132.971612,-25.726866,505.5,-121.086,0.19,30798.7,595442.2
132.960765,-25.726515,507.8,-121.624,0.19,30837.7,594358.2
132.951956,-25.726486,494.6,-121.706,0.19,30841.0,593477.8
132.941631,-25.726836,491.5,-121.956,0.19,30802.0,592445.9
132.931312,-25.726409,493.4,-122.276,0.19,30849.5,591414.7
132.921356,-25.725851,494.2,-122.477,0.19,30911.6,590419.7
132.911902,-25.726159,493.4,-122.401,0.19,30877.3,589474.9
132.911919,-25.735073,496.4,-122.111,0.19,29886.1,589476.6
132.901569,-25.725993,493.2,-121.888,0.19,30895.8,588442.2
132.891221,-25.726366,494.8,-121.638,0.19,30854.3,587408.1
132.880988,-25.725646,501.3,-121.381,0.19,30934.4,586385.4
132.871257,-25.725210,513.7,-121.647,0.19,30982.8,585412.9
132.861543,-25.726017,516.1,-121.413,0.19,30893.1,584442.1
132.851238,-25.724924,511.1,-121.402,0.19,31014.7,583412.2
132.841491,-25.725095,503.7,-121.187,0.19,30995.6,582438.2
132.831955,-25.724483,504.3,-120.901,0.19,31063.7,581485.1
132.821466,-25.724718,503.9,-120.729,0.19,31037.6,580436.9
132.811202,-25.724064,502.3,-120.509,0.19,31110.3,579411.1
132.801233,-25.724341,501.7,-120.309,0.19,31079.5,578414.8
132.791230,-25.724561,506.6,-120.256,0.19,31055.0,577415.2
132.782835,-25.724139,508.2,-119.940,0.19,31101.9,576576.2
132.771515,-25.724127,510.1,-119.566,0.19,31103.3,575444.9
132.762269,-25.723650,510.2,-119.403,0.19,31156.3,574520.9
132.752003,-25.723637,520.0,-119.551,0.19,31157.8,573494.9
132.742754,-25.723743,512.5,-119.442,0.19,31146.0,572570.6
132.731864,-25.723043,518.3,-119.626,0.19,31223.8,571482.2
132.722321,-25.723052,512.3,-119.642,0.19,31222.8,570528.5
132.723185,-25.732411,515.5,-119.315,0.19,30182.1,570614.9
132.712116,-25.723071,513.5,-119.759,0.19,31220.7,569508.7
132.702169,-25.723017,516.2,-119.615,0.19,31226.7,568514.6
132.691903,-25.723014,516.6,-119.134,0.19,31227.0,567488.6
132.681801,-25.722604,518.9,-118.766,0.19,31272.6,566479.0
132.672838,-25.722128,519.9,-117.904,0.19,31325.6,565583.3
132.672450,-25.732011,521.9,-114.015,0.19,30226.6,565544.5
132.682278,-25.731749,527.1,-116.840,0.19,30255.7,566526.7
132.692637,-25.731759,519.5,-117.429,0.19,30254.6,567562.0
132.702367,-25.731948,515.9,-118.651,0.19,30233.6,568534.4
132.712782,-25.731818,519.3,-119.305,0.19,30248.1,569575.2
132.732097,-25.732340,511.3,-119.229,0.19,30190.0,571505.5
132.742218,-25.732262,511.2,-119.181,0.19,30198.7,572517.0
132.751626,-25.732204,519.0,-119.540,0.19,30205.2,573457.2
132.762380,-25.733045,511.8,-119.218,0.19,30111.6,574532.0
132.772123,-25.732994,510.3,-119.469,0.19,30117.3,575505.6
132.782220,-25.733068,507.9,-119.961,0.19,30109.1,576514.7
132.792466,-25.732485,506.2,-120.217,0.19,30173.9,577538.7
132.802316,-25.733352,503.0,-120.457,0.19,30077.5,578523.1
132.811837,-25.733511,504.3,-120.771,0.19,30059.8,579474.6
132.822339,-25.733626,504.5,-120.992,0.19,30047.0,580524.1
132.831882,-25.733676,502.9,-121.155,0.19,30041.5,581477.8
132.842066,-25.733924,503.1,-121.297,0.19,30013.9,582495.6
132.852331,-25.734210,512.0,-121.591,0.19,29982.1,583521.5
132.862008,-25.734305,513.9,-121.559,0.19,29971.5,584488.6
132.872381,-25.734487,509.2,-121.601,0.19,29951.3,585525.2
132.882733,-25.734975,500.2,-121.457,0.19,29897.0,586559.8
132.892330,-25.734659,498.4,-121.479,0.19,29932.2,587518.9
132.901191,-25.734459,496.3,-121.818,0.19,29954.4,588404.5
132.922291,-25.734932,496.3,-122.372,0.19,29901.8,590513.1
132.931784,-25.735668,494.9,-122.064,0.19,29820.0,591461.9
132.941939,-25.735500,494.1,-121.500,0.19,29838.7,592476.7
132.952292,-25.708432,496.3,-121.643,0.19,32848.5,593511.4
132.977585,-25.979746,560.9,-95.930,0.19,2679.7,596039.1
132.977544,-25.970797,566.7,-96.514,0.19,3674.8,596035.0
132.977658,-25.961553,566.5,-98.410,0.19,4702.7,596046.4
132.977847,-25.952476,564.1,-98.673,0.19,5712.0,596065.3
132.977901,-25.943537,558.9,-99.398,0.19,6706.0,596070.7
132.977568,-25.934838,558.4,-101.008,0.19,7673.3,596037.4
132.978269,-25.925912,554.1,-101.566,0.19,8665.8,596107.5
132.978662,-25.916284,551.1,-104.896,0.19,9736.4,596146.8
132.977927,-25.907604,547.1,-105.218,0.19,10701.6,596073.3
132.968216,-25.907651,547.1,-104.965,0.19,10696.3,595102.8
132.968778,-25.898269,542.9,-105.931,0.19,11739.6,595159.0
132.969124,-25.889364,540.6,-106.208,0.19,12729.8,595193.5
132.969061,-25.880419,536.2,-106.567,0.19,13724.4,595187.2
132.969346,-25.871753,531.8,-106.762,0.19,14688.0,595215.7
132.979303,-25.871763,533.3,-106.963,0.19,14686.9,596210.8
132.979396,-25.862367,527.6,-107.633,0.19,15731.7,596220.1
132.979471,-25.853277,526.2,-108.385,0.19,16742.4,596227.6
132.979473,-25.844609,528.9,-108.195,0.19,17706.3,596227.8
132.980182,-25.835618,534.1,-109.401,0.19,18706.0,596298.7
132.979720,-25.826025,536.7,-109.894,0.19,19772.7,596252.5
132.980157,-25.817377,534.0,-110.166,0.19,20734.3,596296.2
132.970089,-25.817095,532.3,-111.480,0.19,20765.7,595290.0
132.969758,-25.825989,523.8,-110.544,0.19,19776.7,595256.9
132.967093,-25.979416,564.3,-95.275,0.19,2716.4,594990.6
132.967531,-25.970707,572.9,-96.488,0.19,3684.8,595034.3
132.967617,-25.961324,569.8,-98.116,0.19,4728.2,595042.9
132.967538,-25.952656,565.4,-99.495,0.19,5692.0,595035.0
132.967865,-25.943536,563.7,-101.219,0.19,6706.1,595067.7
132.967978,-25.934329,556.8,-100.969,0.19,7729.9,595079.0
132.968374,-25.925973,555.6,-102.468,0.19,8659.0,595118.6
132.968441,-25.916248,552.4,-104.919,0.19,9740.4,595125.3
132.978304,-25.898416,543.5,-105.429,0.19,11723.2,596111.0
132.979061,-25.889787,540.0,-104.906,0.19,12682.7,596186.6
132.979445,-25.880565,538.4,-106.524,0.19,13708.2,596225.0
132.969396,-25.862492,530.1,-108.426,0.19,15717.8,595220.7
132.969225,-25.853253,527.5,-108.912,0.19,16745.1,595203.6
132.969629,-25.844079,523.3,-110.076,0.19,17765.2,595244.0
132.969320,-25.835160,521.6,-110.697,0.19,18757.0,595213.1
132.970500,-25.807699,539.1,-112.451,0.19,21810.5,595331.1
132.980489,-25.808215,530.8,-110.878,0.19,21753.1,596329.3
132.980177,-25.799076,530.4,-111.959,0.19,22769.3,596298.2
132.970277,-25.798990,531.6,-113.459,0.19,22778.9,595308.8
132.970250,-25.790248,531.6,-114.239,0.19,23751.0,595306.1
132.980432,-25.789577,533.9,-113.303,0.19,23825.6,596323.6
132.980779,-25.780886,529.5,-114.168,0.19,24792.0,596358.3
132.970933,-25.780618,528.6,-115.343,0.19,24821.8,595374.3
132.960968,-25.780924,518.4,-116.086,0.19,24787.7,594378.5
132.960439,-25.789584,523.8,-115.024,0.19,23824.8,594325.6
132.959702,-25.798973,518.7,-113.887,0.19,22780.8,594251.9
132.960258,-25.807790,517.0,-113.183,0.19,21800.4,594307.5
132.960314,-25.816928,518.1,-112.337,0.19,20784.3,594313.1
132.960017,-25.826009,519.8,-111.962,0.19,19774.5,594283.4
132.959600,-25.834609,522.3,-111.745,0.19,18818.2,594241.7
132.959453,-25.843568,525.3,-110.759,0.19,17822.0,594227.0
132.959363,-25.853030,527.5,-109.282,0.19,16769.9,594218.1
132.958936,-25.861718,529.5,-108.048,0.19,15803.9,594175.4
132.959421,-25.871498,532.1,-107.448,0.19,14716.4,594223.8
132.969345,-25.871754,531.9,-106.758,0.19,14687.9,595215.6
132.958781,-25.880242,535.9,-106.734,0.19,13744.1,594159.9
132.958721,-25.889288,540.5,-105.910,0.19,12738.2,594153.9
132.958587,-25.898019,544.6,-105.331,0.19,11767.4,594140.5
132.958356,-25.907138,548.6,-105.064,0.19,10753.4,594117.4
132.958361,-25.916520,552.7,-103.719,0.19,9710.1,594117.9
132.967388,-25.988722,561.6,-93.599,0.19,1681.7,595020.1
132.967288,-25.997626,563.5,-92.022,0.19,691.6,595010.1
132.976833,-25.998008,555.4,-92.856,0.19,649.1,595964.0
132.987132,-25.997744,563.6,-93.333,0.19,678.5,596993.2
132.997146,-25.997843,543.9,-93.378,0.19,667.4,597994.0
132.996989,-25.988435,547.8,-94.514,0.19,1713.6,597978.3
132.986979,-25.989130,561.8,-94.450,0.19,1636.3,596977.9
132.976119,-25.988574,555.5,-94.667,0.19,1698.1,595892.6
132.957124,-25.988033,571.1,-93.027,0.19,1758.3,593994.3
132.956889,-25.997576,574.0,-91.393,0.19,697.1,593970.8
132.946754,-25.997324,562.2,-91.329,0.19,725.2,592957.9
132.946699,-25.987786,576.8,-92.592,0.19,1785.7,592952.4
132.936656,-25.997512,555.0,-90.904,0.19,704.2,591948.8
132.937353,-25.987708,555.1,-92.748,0.19,1794.4,592018.4
132.937547,-25.978708,560.8,-94.125,0.19,2795.2,592037.8
132.937158,-25.970179,575.6,-94.714,0.19,3743.5,591998.9
132.937438,-25.960810,577.4,-96.356,0.19,4785.3,592026.9
132.937681,-25.952039,572.0,-98.218,0.19,5760.6,592051.2
132.938114,-25.943011,572.9,-100.064,0.19,6764.5,592094.5
132.937895,-25.934194,565.8,-101.081,0.19,7744.9,592072.6
132.938421,-25.924839,560.5,-102.227,0.19,8785.1,592125.1
132.938280,-25.916216,557.4,-104.168,0.19,9744.0,592111.1
132.938667,-25.906654,552.5,-105.530,0.19,10807.2,592149.7
132.938933,-25.897511,550.1,-105.744,0.19,11823.9,592176.3
132.938213,-25.888759,544.6,-104.806,0.19,12797.0,592104.4
132.938946,-25.880342,541.8,-105.496,0.19,13733.0,592177.6
132.939388,-25.871558,534.5,-106.293,0.19,14709.7,592221.8
132.928684,-25.871061,536.9,-106.331,0.19,14765.0,591152.1
132.929082,-25.879797,541.8,-105.494,0.19,13793.6,591191.8
132.928881,-25.888861,545.3,-104.855,0.19,12785.7,591171.7
132.928529,-25.898159,551.6,-104.228,0.19,11751.8,591136.6
132.928486,-25.906983,554.2,-103.578,0.19,10770.6,591132.3
132.919037,-25.871403,536.1,-106.417,0.19,14726.9,590187.9
132.919109,-25.879339,540.9,-105.057,0.19,13844.5,590195.1
132.918791,-25.888519,546.3,-103.981,0.19,12823.7,590163.4
132.918570,-25.897920,554.4,-102.922,0.19,11778.4,590141.3
132.918698,-25.906442,555.3,-102.547,0.19,10830.8,590154.1
132.918089,-25.915501,561.1,-102.502,0.19,9823.5,590093.2
132.927838,-25.916218,559.7,-103.711,0.19,9743.7,591067.5
132.928102,-25.924697,564.5,-102.466,0.19,8800.9,591093.9
132.917901,-25.924641,566.3,-102.328,0.19,8807.1,590074.4
132.917833,-25.933701,572.2,-100.969,0.19,7799.7,590067.6
132.927505,-25.933680,570.4,-100.282,0.19,7802.0,591034.2
132.927903,-25.942858,578.0,-99.412,0.19,6781.5,591074.0
132.917903,-25.942976,581.6,-98.705,0.19,6768.4,590074.6
132.917929,-25.951880,587.9,-96.849,0.19,5778.3,590077.2
132.927652,-25.951971,581.4,-97.320,0.19,5768.2,591048.9
132.927508,-25.961045,582.2,-96.189,0.19,4759.2,591034.5
132.917880,-25.960590,584.0,-95.667,0.19,4809.8,590072.3
132.917199,-25.969797,575.4,-94.220,0.19,3786.0,590004.3
132.927219,-25.970230,576.5,-95.062,0.19,3737.9,591005.6
132.927141,-25.978921,567.4,-93.811,0.19,2771.5,590997.8
132.917352,-25.978536,568.8,-92.450,0.19,2814.3,590019.6
132.858194,-25.942151,554.8,-102.409,0.19,6860.1,584107.4
132.857661,-25.950935,556.8,-101.256,0.19,5883.4,584054.1
132.857814,-25.959734,558.1,-98.596,0.19,4905.0,584069.4
132.858167,-25.932671,550.6,-103.282,0.19,7914.2,584104.7
132.858517,-25.923680,548.6,-103.892,0.19,8914.0,584139.7
132.858285,-25.914432,544.6,-102.791,0.19,9942.3,584116.5
132.858775,-25.906030,542.1,-102.269,0.19,10876.6,584165.5
132.859404,-25.896929,544.3,-103.537,0.19,11888.6,584228.3
132.858746,-25.888033,540.6,-105.634,0.19,12877.8,584162.6
132.859395,-25.878998,534.9,-107.761,0.19,13882.4,584227.4
132.909340,-25.870416,535.6,-106.842,0.19,14836.7,589218.8
132.909376,-25.861548,530.1,-108.110,0.19,15822.8,589222.4
132.909754,-25.852205,523.6,-109.830,0.19,16861.6,589260.2
132.909244,-25.843635,520.0,-110.948,0.19,17814.6,589209.3
132.909962,-25.834249,518.8,-113.485,0.19,18858.3,589281.0
132.909677,-25.825358,516.1,-114.967,0.19,19846.9,589252.5
132.909993,-25.816921,514.7,-116.201,0.19,20785.1,589284.1
132.910461,-25.807297,512.7,-117.341,0.19,21855.2,589330.9
132.910604,-25.798236,511.0,-118.366,0.19,22862.7,589345.2
132.910502,-25.788883,508.9,-118.965,0.19,23902.7,589335.0
132.910780,-25.780047,507.3,-119.466,0.19,24885.3,589362.8
132.910807,-25.771545,505.0,-120.078,0.19,25830.6,589365.5
132.910657,-25.762239,501.7,-120.681,0.19,26865.4,589350.5
132.911220,-25.753124,499.6,-121.102,0.19,27879.0,589406.7
132.911222,-25.743877,497.6,-121.719,0.19,28907.2,589406.9
132.901946,-25.743657,498.2,-121.630,0.19,28931.6,588479.9
132.901212,-25.753009,501.8,-121.145,0.19,27891.7,588406.6
132.901226,-25.762374,504.0,-120.762,0.19,26850.4,588408.0
132.901020,-25.770689,506.4,-120.265,0.19,25925.8,588387.4
132.900928,-25.779649,509.3,-119.966,0.19,24929.5,588378.2
132.900905,-25.788846,514.8,-119.118,0.19,23906.8,588375.9
132.900593,-25.797866,517.6,-118.493,0.19,22903.9,588344.7
132.900072,-25.807028,518.1,-117.714,0.19,21885.1,588292.6
132.939388,-25.871558,534.5,-106.295,0.19,14709.7,592221.8
132.900094,-25.825013,518.9,-115.451,0.19,19885.3,588294.8
132.899596,-25.834016,525.7,-114.311,0.19,18884.2,588245.1
132.899613,-25.843251,530.7,-112.593,0.19,17857.3,588246.8
132.899897,-25.851986,534.2,-110.960,0.19,16886.0,588275.1
132.899320,-25.860894,532.4,-109.067,0.19,15895.5,588217.5
132.899231,-25.870086,539.4,-107.125,0.19,14873.4,588208.6
132.889596,-25.870459,539.5,-108.076,0.19,14831.9,587245.7
132.879683,-25.861143,532.5,-110.328,0.19,15867.8,586255.0
132.869839,-25.860653,529.7,-111.894,0.19,15922.3,585271.2
132.869483,-25.852046,525.6,-112.588,0.19,16879.3,585235.6
132.869794,-25.842808,525.2,-114.203,0.19,17906.5,585266.7
132.869731,-25.834012,526.2,-115.249,0.19,18884.6,585260.4
132.860079,-25.833658,524.5,-115.473,0.19,18924.0,584295.8
132.859688,-25.869641,530.3,-110.513,0.19,14922.9,584256.7
132.859645,-25.861266,526.8,-112.297,0.19,15854.1,584252.4
132.860275,-25.851364,524.6,-112.952,0.19,16955.2,584315.4
132.859846,-25.842375,523.3,-114.635,0.19,17954.7,584272.5
132.859880,-25.824139,519.2,-117.130,0.19,19982.4,584275.9
132.869873,-25.824766,523.9,-116.784,0.19,19912.7,585274.6
132.870147,-25.815674,522.7,-118.014,0.19,20923.7,585302.0
132.860775,-25.815718,523.0,-118.803,0.19,20918.8,584365.4
132.859912,-25.806401,520.8,-119.533,0.19,21954.8,584279.1
132.870330,-25.806835,523.8,-119.320,0.19,21906.6,585320.3
132.870916,-25.797661,526.9,-119.705,0.19,22926.7,585378.8
132.860400,-25.797509,521.6,-120.045,0.19,22943.6,584327.9
132.860652,-25.788721,520.3,-119.967,0.19,23920.7,584353.1
132.870607,-25.788716,526.9,-120.096,0.19,23921.3,585347.9
132.870897,-25.779818,526.7,-120.720,0.19,24910.7,585376.9
132.861160,-25.779208,514.2,-120.608,0.19,24978.5,584403.8
132.861290,-25.770384,517.1,-120.936,0.19,25959.7,584416.8
132.870955,-25.770516,528.5,-121.067,0.19,25945.1,585382.7
132.871309,-25.761676,528.9,-121.469,0.19,26928.0,585418.1
132.861377,-25.761660,518.2,-121.459,0.19,26929.8,584425.5
132.861167,-25.752693,519.0,-121.572,0.19,27926.9,584404.5
132.861484,-25.743023,514.0,-121.589,0.19,29002.1,584436.2
132.871737,-25.743449,511.4,-121.464,0.19,28954.8,585460.9
132.871685,-25.752397,516.6,-121.515,0.19,27959.8,585455.7
132.831607,-25.751987,508.3,-120.828,0.19,28005.4,581450.4
132.831534,-25.742777,505.6,-121.121,0.19,29029.5,581443.1
132.822063,-25.743293,505.5,-120.865,0.19,28972.1,580496.6
132.821853,-25.752013,507.5,-120.662,0.19,28002.5,580475.6
132.821754,-25.760545,508.8,-120.375,0.19,27053.8,580465.7
132.831528,-25.761101,509.8,-120.716,0.19,26992.0,581442.5
132.830911,-25.770300,510.8,-120.086,0.19,25969.1,581380.8
132.821665,-25.770050,509.2,-119.834,0.19,25996.9,580456.8
132.821097,-25.778831,511.4,-119.659,0.19,25020.5,580400.0
132.830627,-25.779281,513.0,-120.038,0.19,24970.4,581352.4
132.830934,-25.788238,514.8,-119.832,0.19,23974.5,581383.1
132.821140,-25.788247,513.5,-119.504,0.19,23973.5,580404.3
132.820233,-25.797260,515.8,-119.377,0.19,22971.3,580313.7
132.830763,-25.797283,517.3,-119.654,0.19,22968.7,581366.0
132.830837,-25.805496,518.2,-119.926,0.19,22055.5,581373.4
132.830537,-25.814686,519.2,-119.544,0.19,21033.6,581343.4
132.830009,-25.823848,521.3,-118.688,0.19,20014.8,581290.7
132.830165,-25.833112,523.4,-117.294,0.19,18984.7,581306.3
132.830322,-25.841917,524.6,-116.181,0.19,18005.6,581321.9
132.829774,-25.850920,526.5,-115.089,0.19,17004.5,581267.2
132.829497,-25.860059,527.3,-112.906,0.19,15988.3,581239.5
132.829638,-25.869359,528.8,-111.083,0.19,14954.2,581253.6
132.819389,-25.869160,528.8,-111.954,0.19,14976.3,580229.3
132.819421,-25.859977,527.4,-113.618,0.19,15997.4,580232.5
132.820198,-25.851354,525.5,-114.981,0.19,16956.3,580310.2
132.809653,-25.868913,531.2,-113.238,0.19,15003.8,579256.3
132.799338,-25.869367,536.3,-113.940,0.19,14953.3,578225.5
132.799400,-25.860129,535.2,-115.012,0.19,15980.5,578231.7
132.809832,-25.859659,530.0,-114.711,0.19,16032.8,579274.2
132.809639,-25.851270,528.1,-115.271,0.19,16965.6,579254.9
132.800193,-25.850871,531.3,-115.346,0.19,17010.0,578310.9
132.799296,-25.841645,530.6,-115.954,0.19,18035.9,578221.3
132.810090,-25.842237,526.5,-115.953,0.19,17970.0,579300.0
132.820598,-25.841760,524.0,-116.125,0.19,18023.1,580350.1
132.820481,-25.833466,522.8,-117.046,0.19,18945.3,580338.5
132.819913,-25.824057,521.3,-118.234,0.19,19991.6,580281.7
132.820531,-25.814881,519.5,-119.174,0.19,21011.9,580343.4
132.820712,-25.805814,517.9,-119.433,0.19,22020.1,580361.5
132.810478,-25.805923,518.5,-119.149,0.19,22008.0,579338.8
132.810783,-25.814610,521.3,-118.827,0.19,21042.0,579369.3
132.810225,-25.823743,522.5,-117.823,0.19,20026.5,579313.5
132.810223,-25.832589,524.6,-117.152,0.19,19042.8,579313.3
132.799952,-25.832577,528.8,-116.769,0.19,19044.2,578286.8
132.800271,-25.823822,527.0,-117.596,0.19,20017.7,578318.7
132.800454,-25.814662,525.2,-118.459,0.19,21036.2,578337.0
132.800584,-25.805585,523.2,-118.666,0.19,22045.6,578350.0
132.790710,-25.805522,525.4,-118.024,0.19,22052.6,577363.2
132.790644,-25.814044,527.3,-117.829,0.19,21105.0,577356.6
132.790943,-25.823387,528.2,-117.545,0.19,20066.1,577386.5
132.790386,-25.832562,531.4,-116.421,0.19,19045.9,577330.8
132.790221,-25.841247,534.0,-115.922,0.19,18080.1,577314.3
132.790164,-25.850340,534.5,-115.678,0.19,17069.0,577308.6
132.790132,-25.859471,535.4,-115.345,0.19,16053.7,577305.4
132.789458,-25.868509,539.6,-114.874,0.19,15048.7,577238.1
132.849215,-25.905544,539.6,-102.984,0.19,10930.6,583210.1
132.848720,-25.896825,537.1,-104.460,0.19,11900.1,583160.6
132.849033,-25.887409,535.6,-107.543,0.19,12947.1,583191.9
132.848916,-25.878586,533.4,-108.376,0.19,13928.2,583180.2
132.839134,-25.878369,530.9,-109.691,0.19,13952.3,582202.6
132.838635,-25.887405,532.6,-108.291,0.19,12947.6,582152.7
132.838925,-25.896810,537.7,-107.128,0.19,11901.8,582181.7
132.838812,-25.905352,539.6,-106.462,0.19,10952.0,582170.4
132.838589,-25.914628,539.7,-106.569,0.19,9920.5,582148.1
132.838252,-25.923367,542.3,-106.086,0.19,8948.8,582114.5
132.838035,-25.932321,545.0,-104.848,0.19,7953.2,582092.8
132.837785,-25.941920,550.6,-102.658,0.19,6885.8,582067.8
132.828180,-25.941674,547.8,-103.662,0.19,6913.2,581107.9
132.827531,-25.932462,544.9,-104.908,0.19,7937.5,581043.0
132.828356,-25.923556,539.8,-106.000,0.19,8927.8,581125.5
132.828615,-25.914475,536.7,-106.936,0.19,9937.5,581151.3
132.828506,-25.905827,534.5,-107.748,0.19,10899.2,581140.5
132.828729,-25.896626,533.7,-108.446,0.19,11922.3,581162.7
132.829052,-25.887273,542.0,-108.859,0.19,12962.3,581195.0
132.829149,-25.878213,532.4,-110.027,0.19,13969.7,581204.7
132.818518,-25.914103,536.1,-107.561,0.19,9978.9,580142.3
132.818041,-25.923094,538.6,-106.641,0.19,8979.2,580094.6
132.818081,-25.932319,541.9,-106.389,0.19,7953.4,580098.6
132.817897,-25.941249,545.7,-104.707,0.19,6960.4,580080.2
132.808156,-25.940702,546.7,-105.304,0.19,7021.2,579106.7
132.808374,-25.932239,542.3,-106.286,0.19,7962.3,579128.5
132.808710,-25.923184,538.3,-107.174,0.19,8969.1,579162.1
132.808707,-25.914337,538.0,-107.932,0.19,9952.9,579161.8
132.808944,-25.905111,541.1,-108.904,0.19,10978.8,579185.5
132.818482,-25.905362,535.6,-108.130,0.19,10950.9,580138.7
132.819104,-25.895908,536.5,-108.820,0.19,12002.1,580200.8
132.808838,-25.895930,533.9,-109.045,0.19,11999.7,579174.9
132.809210,-25.886953,533.7,-110.011,0.19,12997.8,579212.1
132.818790,-25.887057,533.1,-109.465,0.19,12986.3,580169.5
132.819612,-25.878464,529.4,-110.390,0.19,13941.8,580251.6
132.809414,-25.878182,531.2,-111.512,0.19,13973.1,579232.4
132.799200,-25.877786,533.9,-112.774,0.19,14017.2,578211.7
132.799369,-25.886543,534.7,-110.816,0.19,13043.4,578228.6
132.798835,-25.895856,536.9,-109.001,0.19,12007.9,578175.2
132.798961,-25.904726,538.5,-109.455,0.19,11021.6,578187.8
132.798498,-25.913288,543.8,-109.233,0.19,10069.5,578141.5
132.798424,-25.922963,541.2,-108.297,0.19,8993.7,578134.1
132.798340,-25.931509,540.3,-106.807,0.19,8043.4,578125.7
132.798088,-25.940921,544.5,-107.172,0.19,6996.9,578100.5
132.778072,-25.949736,545.3,-107.669,0.19,6016.7,576100.2
132.778410,-25.940589,552.6,-107.408,0.19,7033.8,576134.0
132.788301,-25.940754,542.6,-107.558,0.19,7015.4,577122.4
132.788291,-25.932178,550.3,-107.723,0.19,7969.1,577121.4
132.788842,-25.923032,544.3,-106.158,0.19,8986.0,577176.5
132.789072,-25.913911,539.5,-108.271,0.19,10000.3,577199.5
132.788661,-25.905260,537.3,-108.315,0.19,10962.2,577158.4
132.778853,-25.904568,541.6,-107.539,0.19,11039.1,576178.2
132.779005,-25.896037,540.6,-108.638,0.19,11987.8,576193.4
132.788935,-25.895608,536.7,-109.493,0.19,12035.5,577185.8
132.789064,-25.886716,536.0,-110.907,0.19,13024.2,577198.7
132.789310,-25.877913,538.0,-112.850,0.19,14003.1,577223.3
132.779229,-25.877651,540.0,-111.973,0.19,14032.2,576215.8
132.779019,-25.885857,539.0,-110.297,0.19,13119.7,576194.8
132.769052,-25.886217,542.1,-109.676,0.19,13079.7,575198.7
132.769498,-25.877317,543.5,-111.819,0.19,14069.3,575243.3
132.759385,-25.877077,548.3,-111.561,0.19,14096.0,574232.6
132.749273,-25.877032,552.1,-110.880,0.19,14101.0,573222.1
132.739736,-25.876754,557.6,-115.626,0.19,14131.9,572269.0
132.739121,-25.885987,557.7,-114.959,0.19,13105.3,572207.5
132.739525,-25.895019,556.0,-113.948,0.19,12100.9,572247.9
132.738734,-25.903549,562.6,-114.333,0.19,11152.5,572168.8
132.749099,-25.903952,552.8,-108.568,0.19,11107.6,573204.7
132.749261,-25.894800,553.7,-107.713,0.19,12125.3,573220.9
132.749544,-25.886162,550.7,-107.871,0.19,13085.8,573249.1
132.759258,-25.886345,545.6,-109.098,0.19,13065.5,574219.9
132.759202,-25.895292,546.7,-106.271,0.19,12070.6,574214.3
132.768418,-25.895384,543.4,-107.032,0.19,12060.4,575135.4
132.768878,-25.904546,545.7,-107.060,0.19,11041.6,575181.3
132.738124,-25.940072,561.4,-111.772,0.19,7091.3,572107.9
132.748462,-25.940049,554.6,-109.320,0.19,7093.8,573141.0
132.758229,-25.940455,549.5,-107.001,0.19,7048.7,574117.1
132.768292,-25.940452,547.0,-106.999,0.19,7049.0,575122.8
132.768570,-25.931527,545.7,-107.373,0.19,8041.4,575150.6
132.778543,-25.931405,544.7,-106.346,0.19,8055.0,576147.2
132.778357,-25.922523,542.2,-106.710,0.19,9042.6,576128.7
132.779316,-25.913810,541.4,-107.547,0.19,10011.5,576224.5
132.768882,-25.913675,547.0,-107.420,0.19,10026.5,575181.7
132.768255,-25.922527,547.5,-107.504,0.19,9042.2,575119.1
132.758433,-25.931252,550.1,-108.611,0.19,8072.0,574137.5
132.758589,-25.922503,552.7,-109.572,0.19,9044.9,574153.1
132.758679,-25.913069,551.2,-108.030,0.19,10093.9,574162.1
132.758969,-25.903976,550.2,-106.103,0.19,11105.0,574191.1
132.748377,-25.913307,555.6,-111.903,0.19,10067.4,573132.5
132.748585,-25.922013,559.9,-111.838,0.19,9099.4,573153.3
132.748283,-25.931533,555.5,-110.357,0.19,8040.8,573123.1
132.737995,-25.931039,571.4,-113.712,0.19,8095.7,572095.0
132.728065,-25.939976,579.8,-113.979,0.19,7102.0,571102.6
132.728204,-25.949103,568.2,-113.739,0.19,6087.1,571116.5
132.717878,-25.948644,573.1,-115.391,0.19,6138.1,570084.5
132.707928,-25.948229,568.2,-116.566,0.19,6184.3,569090.1
132.718890,-25.939472,565.0,-115.427,0.19,7158.0,570185.6
132.728674,-25.930771,569.9,-115.719,0.19,8125.5,571163.4
132.728588,-25.921791,568.1,-116.682,0.19,9124.0,571154.8
132.738265,-25.921953,562.1,-115.063,0.19,9106.0,572121.9
132.738624,-25.912953,563.7,-115.613,0.19,10106.8,572157.8
132.728694,-25.912775,567.5,-117.156,0.19,10126.6,571165.4
132.729189,-25.903839,566.9,-117.722,0.19,11120.2,571214.9
132.729166,-25.895046,564.7,-117.376,0.19,12097.9,571212.6
132.729323,-25.885705,562.9,-117.203,0.19,13136.6,571228.3
132.729288,-25.876650,561.7,-116.222,0.19,14143.5,571224.8
132.719269,-25.876600,567.6,-116.345,0.19,14149.0,570223.5
132.709483,-25.876211,572.2,-116.007,0.19,14192.3,569245.5
132.709629,-25.885941,579.8,-117.926,0.19,13110.4,569260.1
132.719285,-25.885942,574.1,-117.646,0.19,13110.3,570225.1
132.719364,-25.894386,572.5,-118.205,0.19,12171.3,570233.0
132.709043,-25.894364,575.6,-118.678,0.19,12173.8,569201.6
132.709393,-25.903455,577.8,-117.601,0.19,11162.9,569236.5
132.719158,-25.903717,574.0,-117.829,0.19,11133.8,570212.4
132.718720,-25.912643,574.2,-118.369,0.19,10141.3,570168.7
132.708827,-25.912298,570.6,-118.711,0.19,10179.6,569180.0
132.708827,-25.921481,564.3,-119.264,0.19,9158.5,569180.0
132.718494,-25.921665,564.6,-117.646,0.19,9138.0,570146.1
132.718750,-25.930335,563.1,-117.298,0.19,8174.0,570171.7
132.708453,-25.930536,562.1,-118.254,0.19,8151.6,569142.6
132.707851,-25.939634,558.5,-117.949,0.19,7140.0,569082.4
132.708511,-25.957689,577.8,-115.406,0.19,5132.4,569148.4
132.697609,-25.957582,560.7,-117.256,0.19,5144.3,568058.9
132.698145,-25.948360,562.5,-116.209,0.19,6169.7,568112.4
132.688277,-25.948294,560.1,-117.887,0.19,6177.0,567126.2
132.678376,-25.948127,561.7,-119.277,0.19,6195.6,566136.8
132.678313,-25.939145,557.8,-121.689,0.19,7194.4,566130.5
132.668307,-25.939006,564.2,-121.654,0.19,7209.8,565130.5
132.667996,-25.948109,559.5,-121.738,0.19,6197.6,565099.4
132.668031,-25.957524,566.4,-121.196,0.19,5150.7,565102.9
132.667940,-25.965974,564.2,-119.689,0.19,4211.1,565093.8
132.667993,-25.974646,572.1,-118.214,0.19,3246.8,565099.1
132.667529,-25.984413,568.1,-115.413,0.19,2160.8,565052.7
132.667463,-25.992838,573.5,-114.264,0.19,1224.0,565046.1
132.677279,-25.993290,563.2,-113.098,0.19,1173.7,566027.1
132.677854,-25.984291,571.1,-114.860,0.19,2174.4,566084.6
132.677356,-25.974999,565.6,-117.705,0.19,3207.6,566034.8
132.677936,-25.966583,562.4,-118.601,0.19,4143.4,566092.8
132.677741,-25.957451,560.3,-119.858,0.19,5158.8,566073.3
132.687908,-25.957627,560.7,-117.947,0.19,5139.3,567089.4
132.688081,-25.966449,561.6,-117.108,0.19,4158.3,567106.7
132.687905,-25.975052,565.8,-116.396,0.19,3201.7,567089.1
132.686870,-25.984366,563.7,-113.490,0.19,2166.0,566985.6
132.687178,-25.993456,563.3,-112.669,0.19,1155.3,567016.4
132.697338,-25.993232,565.5,-112.541,0.19,1180.2,568031.8
132.717209,-25.994002,563.4,-111.069,0.19,1094.5,570017.6
132.727527,-25.994212,558.6,-109.600,0.19,1071.2,571048.8
132.727105,-25.985028,561.8,-109.854,0.19,2092.4,571006.6
132.717537,-25.985094,564.6,-110.884,0.19,2085.1,570050.4
132.707568,-25.984502,561.0,-110.505,0.19,2150.9,569054.1
132.697443,-25.984561,560.8,-111.674,0.19,2144.3,568042.3
132.697638,-25.975361,558.1,-115.153,0.19,3167.3,568061.8
132.698290,-25.966879,568.1,-114.929,0.19,4110.5,568126.9
132.707919,-25.966012,565.1,-113.308,0.19,4206.9,569089.2
132.708062,-25.975317,559.7,-113.332,0.19,3172.2,569103.5
132.717553,-25.966627,565.4,-112.889,0.19,4138.5,570052.0
132.728079,-25.957723,565.9,-112.414,0.19,5128.6,571104.0
132.727856,-25.966843,561.9,-111.247,0.19,4114.5,571081.7
132.727493,-25.975895,557.7,-111.100,0.19,3107.9,571045.4
132.717587,-25.975314,565.2,-112.971,0.19,3172.6,570055.4
132.787482,-25.949652,543.9,-107.744,0.19,6026.0,577040.6
132.797845,-25.959394,549.2,-105.802,0.19,4942.8,578076.3
132.787764,-25.958951,546.3,-106.970,0.19,4992.0,577068.8
132.777763,-25.959117,547.0,-107.565,0.19,4973.6,576069.3
132.698494,-25.939336,558.4,-119.577,0.19,7173.1,568147.3
132.688459,-25.939321,559.3,-120.035,0.19,7174.8,567144.4
132.688275,-25.930332,557.5,-121.368,0.19,8174.3,567126.0
132.698532,-25.930064,566.2,-119.671,0.19,8204.1,568151.1
132.698713,-25.921221,564.6,-120.658,0.19,9187.4,568169.2
132.699083,-25.912498,570.9,-119.535,0.19,10157.4,568206.2
132.688648,-25.912403,573.0,-119.591,0.19,10167.9,567163.3
132.688437,-25.921247,564.7,-121.107,0.19,9184.5,567142.2
132.678356,-25.930047,555.3,-122.480,0.19,8206.0,566134.8
132.679168,-25.921570,566.7,-122.316,0.19,9148.6,566215.9
132.678661,-25.912252,570.8,-120.790,0.19,10184.7,566165.2
132.669769,-25.912027,570.3,-121.036,0.19,10209.7,565276.6
132.668560,-25.920905,559.4,-122.519,0.19,9222.6,565155.8
132.668521,-25.930252,558.1,-122.968,0.19,8183.2,565151.9
132.717860,-25.957636,569.2,-113.838,0.19,5138.3,570082.7
132.760685,-25.805743,534.1,-115.625,0.19,22028.0,574362.6
132.760675,-25.813886,536.1,-115.606,0.19,21122.5,574361.6
132.770367,-25.814219,532.5,-116.076,0.19,21085.5,575330.2
132.780650,-25.814540,530.1,-116.454,0.19,21049.8,576357.8
132.780432,-25.823178,530.4,-116.619,0.19,20089.3,576336.0
132.780342,-25.832271,531.8,-116.206,0.19,19078.2,576327.0
132.779784,-25.841242,534.3,-116.121,0.19,18080.7,576271.3
132.779872,-25.850361,537.4,-115.711,0.19,17066.7,576280.1
132.780169,-25.859416,538.3,-115.354,0.19,16059.8,576309.7
132.779575,-25.868396,541.7,-114.496,0.19,15061.3,576250.4
132.769583,-25.868270,544.0,-113.668,0.19,15075.3,575251.8
132.770078,-25.859181,542.3,-115.394,0.19,16086.0,575301.3
132.770125,-25.850121,540.3,-116.135,0.19,17093.4,575306.0
132.770171,-25.841385,537.8,-116.146,0.19,18064.8,575310.6
132.770363,-25.832013,536.6,-116.446,0.19,19106.9,575329.8
132.770507,-25.823123,534.1,-116.208,0.19,20095.4,575344.1
132.761005,-25.823477,537.3,-116.080,0.19,20056.1,574394.5
132.760200,-25.832372,535.2,-116.237,0.19,19067.0,574314.1
132.760455,-25.841225,539.2,-116.208,0.19,18082.6,574339.6
132.759968,-25.850229,543.0,-116.178,0.19,17081.4,574290.9
132.759561,-25.859129,545.3,-115.214,0.19,16091.7,574250.2
132.759327,-25.868225,546.9,-113.503,0.19,15080.3,574226.8
132.750091,-25.867868,549.5,-115.169,0.19,15120.0,573303.8
132.749654,-25.859057,547.5,-115.267,0.19,16099.7,573260.1
132.749901,-25.849921,544.2,-115.560,0.19,17115.6,573284.8
132.749798,-25.841165,540.8,-115.762,0.19,18089.2,573274.5
132.750690,-25.831722,536.3,-115.507,0.19,19139.3,573363.7
132.750458,-25.822841,532.4,-115.868,0.19,20126.8,573340.5
132.750935,-25.813841,532.3,-115.454,0.19,21127.5,573388.2
132.751055,-25.804928,531.7,-115.499,0.19,22118.6,573400.2
132.751273,-25.796118,527.6,-115.190,0.19,23098.2,573421.9
132.761358,-25.796408,531.2,-115.723,0.19,23066.0,574429.8
132.780798,-25.805008,526.9,-117.114,0.19,22109.7,576372.6
132.781051,-25.796655,525.0,-117.293,0.19,23038.5,576397.9
132.781130,-25.786997,521.2,-117.167,0.19,24112.4,576405.8
132.781394,-25.778531,517.7,-117.274,0.19,25053.8,576432.2
132.781283,-25.769584,514.8,-117.584,0.19,26048.7,576421.1
132.761433,-25.768835,525.3,-116.565,0.19,26132.0,574437.3
132.760759,-25.778025,532.5,-116.058,0.19,25110.1,574370.0
132.761092,-25.786832,529.0,-115.355,0.19,24130.8,574403.2
132.751404,-25.786441,521.0,-114.753,0.19,24174.3,573435.0
132.751002,-25.777812,518.9,-115.191,0.19,25133.8,573394.9
132.751814,-25.768488,519.3,-115.987,0.19,26170.6,573476.0
132.751245,-25.759876,516.5,-116.956,0.19,27128.2,573419.1
132.761891,-25.760013,519.6,-117.343,0.19,27112.9,574483.1
132.761532,-25.750965,517.9,-118.135,0.19,28119.0,574447.2
132.752057,-25.750503,517.3,-117.958,0.19,28170.4,573500.3
132.761403,-25.741940,516.4,-118.930,0.19,29122.6,574434.3
132.751554,-25.741655,517.2,-118.762,0.19,29154.2,573450.0
132.742269,-25.741647,513.9,-118.564,0.19,29155.1,572522.1
132.741930,-25.751015,514.4,-117.746,0.19,28113.5,572488.2
132.741752,-25.759534,517.1,-116.912,0.19,27166.2,572470.4
132.741806,-25.768772,515.9,-115.869,0.19,26139.0,572475.8
132.740959,-25.777691,518.2,-115.192,0.19,25147.2,572391.2
132.740707,-25.786988,522.3,-114.641,0.19,24113.4,572366.0
132.740703,-25.795654,525.9,-114.817,0.19,23149.8,572365.6
132.740547,-25.804553,528.1,-115.568,0.19,22160.3,572350.0
132.740357,-25.813488,530.7,-115.686,0.19,21166.8,572331.0
132.740901,-25.822514,534.2,-115.578,0.19,20163.1,572385.4
132.739935,-25.831711,540.0,-114.733,0.19,19140.5,572288.8
132.730629,-25.831852,543.3,-114.247,0.19,19124.8,571358.8
132.730813,-25.822847,540.0,-114.243,0.19,20126.1,571377.2
132.730849,-25.813128,531.8,-115.595,0.19,21206.8,571380.8
132.720636,-25.813229,534.4,-115.213,0.19,21195.6,570360.1
132.720763,-25.822938,542.2,-115.327,0.19,20116.0,570372.8
132.720450,-25.831498,548.4,-115.937,0.19,19164.2,570341.5
132.720031,-25.840560,551.6,-114.460,0.19,18156.5,570299.7
132.730409,-25.840726,547.2,-113.208,0.19,18138.1,571336.8
132.740163,-25.840637,543.4,-114.724,0.19,18148.0,572311.6
132.739997,-25.849998,546.5,-114.638,0.19,17107.1,572295.0
132.729432,-25.850137,549.8,-114.008,0.19,17091.6,571239.2
132.720154,-25.849097,553.6,-114.344,0.19,17207.2,570312.0
132.719598,-25.858636,555.7,-114.476,0.19,16146.6,570256.4
132.729907,-25.858817,550.0,-113.777,0.19,16126.4,571286.7
132.739681,-25.858805,552.8,-115.027,0.19,16127.8,572263.5
132.739652,-25.867791,553.0,-115.380,0.19,15128.6,572260.6
132.729473,-25.867567,557.6,-115.765,0.19,15153.5,571243.3
132.719539,-25.867219,559.8,-114.845,0.19,15192.2,570250.5
132.709773,-25.867388,564.8,-114.691,0.19,15173.4,569274.5
132.709773,-25.858482,560.7,-114.653,0.19,16163.7,569274.5
132.709945,-25.849302,555.9,-114.031,0.19,17184.4,569291.7
132.710152,-25.840167,549.7,-114.526,0.19,18200.2,569312.4
132.710350,-25.831620,543.5,-115.643,0.19,19150.6,569332.2
132.710593,-25.822215,537.4,-114.833,0.19,20196.4,569356.5
132.710686,-25.813167,532.6,-113.714,0.19,21202.5,569365.8
132.730975,-25.804523,528.2,-115.541,0.19,22163.6,571393.4
132.731350,-25.795967,528.3,-115.123,0.19,23115.0,571430.9
132.731044,-25.786445,522.2,-114.785,0.19,24173.8,571400.3
132.731758,-25.777145,518.9,-115.098,0.19,25207.9,571471.6
132.731443,-25.768321,519.2,-115.965,0.19,26189.1,571440.2
132.731729,-25.759528,519.0,-116.817,0.19,27166.9,571468.7
132.722041,-25.759424,518.7,-116.778,0.19,27178.4,570500.5
132.721494,-25.768156,519.2,-115.816,0.19,26207.5,570445.9
132.721128,-25.777234,520.7,-114.955,0.19,25198.0,570409.3
132.721219,-25.786107,522.7,-114.563,0.19,24211.4,570418.4
132.721200,-25.795360,525.4,-114.619,0.19,23182.5,570416.5
132.721360,-25.804330,529.3,-115.132,0.19,22185.1,570432.5
132.711069,-25.804097,528.6,-113.961,0.19,22211.0,569404.0
132.711177,-25.795088,526.2,-113.739,0.19,23212.8,569414.8
132.711376,-25.786297,524.8,-114.018,0.19,24190.3,569434.7
132.711613,-25.777105,528.1,-114.753,0.19,25212.4,569458.4
132.711616,-25.767950,522.2,-115.605,0.19,26230.4,569458.7
132.711980,-25.759005,519.7,-116.548,0.19,27225.0,569495.1
132.711994,-25.750251,520.3,-117.413,0.19,28198.4,569496.5
132.721830,-25.750562,517.1,-117.550,0.19,28163.8,570479.5
132.732322,-25.750418,515.8,-117.693,0.19,28179.8,571528.0
132.732027,-25.741456,521.1,-118.728,0.19,29176.4,571498.5
132.722001,-25.741196,520.2,-118.694,0.19,29205.3,570496.6
132.712317,-25.741161,516.1,-118.108,0.19,29209.2,569528.8
132.702332,-25.740950,519.1,-117.104,0.19,29232.6,568530.9
132.692166,-25.740916,520.9,-116.143,0.19,29236.4,567514.9
132.682489,-25.740868,522.6,-114.601,0.19,29241.8,566547.8
132.672322,-25.740883,524.3,-110.932,0.19,29240.1,565531.7
132.672232,-25.749407,528.3,-110.176,0.19,28292.3,565522.7
132.671990,-25.757901,525.2,-109.517,0.19,27347.8,565498.5
132.671799,-25.767584,526.6,-108.862,0.19,26271.1,565479.5
132.681684,-25.767825,526.0,-107.909,0.19,26244.3,566467.3
132.682148,-25.758627,521.5,-109.922,0.19,27267.0,566513.7
132.682395,-25.749604,521.5,-112.203,0.19,28270.4,566538.4
132.691816,-25.749859,518.0,-114.563,0.19,28242.0,567479.9
132.702091,-25.750137,518.3,-116.175,0.19,28211.1,568506.8
132.701803,-25.759110,521.2,-116.010,0.19,27213.3,568478.0
132.692067,-25.758522,524.2,-113.678,0.19,27278.7,567505.0
132.691523,-25.767787,525.6,-111.834,0.19,26248.5,567450.6
132.701620,-25.768174,526.9,-115.072,0.19,26205.5,568459.7
132.701620,-25.776739,522.6,-113.360,0.19,25253.1,568459.7
132.691565,-25.776840,526.8,-110.136,0.19,25241.9,567454.8
132.701138,-25.786058,528.4,-112.529,0.19,24216.9,568411.5
132.701050,-25.794971,527.3,-111.885,0.19,23225.8,568402.7
132.700943,-25.804330,528.0,-111.852,0.19,22185.1,568392.1
132.701102,-25.813122,531.9,-112.359,0.19,21207.5,568407.9
132.680380,-25.821961,541.3,-113.556,0.19,20224.6,566337.0
132.680413,-25.831007,544.2,-114.097,0.19,19218.8,566340.3
132.680366,-25.840053,546.4,-115.310,0.19,18212.9,566335.6
132.679941,-25.848912,554.8,-114.204,0.19,17227.8,566293.2
132.679979,-25.858094,562.5,-113.373,0.19,16206.8,566297.0
132.680243,-25.866841,567.6,-114.466,0.19,15234.2,566323.3
132.679503,-25.876051,568.6,-115.316,0.19,14210.1,566249.4
132.679407,-25.884979,571.9,-117.099,0.19,13217.3,566239.8
132.679084,-25.894184,574.7,-117.584,0.19,12193.8,566207.5
132.679089,-25.902896,578.8,-118.584,0.19,11225.1,566208.0
132.668941,-25.902602,570.7,-119.332,0.19,11257.8,565193.8
132.669663,-25.893529,570.9,-117.923,0.19,12266.6,565266.0
132.669579,-25.884523,567.7,-117.431,0.19,13268.1,565257.6
132.670063,-25.875456,565.0,-115.493,0.19,14276.3,565306.0
132.669993,-25.866692,562.5,-114.639,0.19,15250.8,565299.0
132.670061,-25.857666,563.0,-114.464,0.19,16254.4,565305.8
132.670487,-25.848635,553.7,-115.120,0.19,17258.6,565348.3
132.670564,-25.839640,549.5,-114.902,0.19,18258.8,565356.0
132.670259,-25.830870,550.8,-114.311,0.19,19234.0,565325.6
132.670792,-25.821441,536.5,-114.639,0.19,20282.4,565378.8
132.670833,-25.812367,532.0,-113.038,0.19,21291.4,565382.9
132.671060,-25.803554,532.8,-110.319,0.19,22271.4,565405.6
132.671759,-25.794547,531.6,-106.133,0.19,23272.9,565475.5
132.671887,-25.785551,537.4,-105.244,0.19,24273.2,565488.3
132.671746,-25.776343,535.7,-107.229,0.19,25297.1,565474.2
132.681902,-25.776829,532.8,-107.119,0.19,25243.1,566489.1
132.681363,-25.785545,541.6,-105.468,0.19,24273.9,566435.3
132.691553,-25.785781,536.3,-109.383,0.19,24247.7,567453.6
132.690947,-25.794808,532.7,-108.963,0.19,23243.9,567393.1
132.680923,-25.795186,538.3,-106.459,0.19,23201.9,566391.3
132.681016,-25.804127,535.3,-109.649,0.19,22207.7,566400.6
132.690924,-25.804042,533.6,-109.092,0.19,22217.1,567390.8
132.707297,-25.993620,568.5,-111.971,0.19,1137.0,569027.1
132.987111,-25.979293,551.9,-96.120,0.19,2730.1,596991.1
132.997261,-25.979611,547.0,-95.744,0.19,2694.7,598005.5
132.997228,-25.970989,548.4,-95.428,0.19,3653.5,598002.2
132.997172,-25.962108,550.1,-96.823,0.19,4641.0,597996.6
132.997595,-25.953019,557.5,-96.897,0.19,5651.6,598038.9
132.997829,-25.943956,559.3,-99.148,0.19,6659.4,598062.3
132.997924,-25.934972,555.2,-99.266,0.19,7658.4,598071.8
132.998122,-25.925939,552.7,-100.419,0.19,8662.8,598091.6
132.998483,-25.916829,549.2,-102.342,0.19,9675.8,598127.6
132.998319,-25.907830,548.0,-104.455,0.19,10676.4,598111.2
132.998624,-25.898673,543.0,-104.463,0.19,11694.6,598141.7
132.998638,-25.888971,540.0,-105.703,0.19,12773.5,598143.1
132.998709,-25.880792,536.9,-105.638,0.19,13682.9,598150.2
132.988547,-25.871546,536.0,-106.572,0.19,14711.0,597134.6
132.999279,-25.871407,534.2,-105.946,0.19,14726.5,598207.2
132.998814,-25.862781,529.7,-106.916,0.19,15685.7,598160.7
132.999549,-25.853448,531.3,-107.178,0.19,16723.4,598234.2
132.999638,-25.843962,533.4,-107.224,0.19,17778.2,598243.1
132.999658,-25.835483,528.9,-107.799,0.19,18721.1,598245.1
132.999719,-25.826948,522.4,-107.835,0.19,19670.1,598251.2
132.990378,-25.817288,523.9,-108.863,0.19,20744.2,597317.6
132.987215,-25.970674,557.7,-96.303,0.19,3688.5,597001.5
132.987319,-25.961769,559.3,-97.101,0.19,4678.7,597011.9
132.987762,-25.952489,563.1,-98.429,0.19,5710.6,597056.2
132.987993,-25.943508,559.1,-98.766,0.19,6709.2,597079.3
132.988006,-25.934670,555.4,-99.973,0.19,7692.0,597080.6
132.988238,-25.925545,552.9,-102.672,0.19,8706.6,597103.8
132.988611,-25.916711,551.1,-104.141,0.19,9688.9,597141.0
132.988589,-25.907523,547.5,-104.420,0.19,10710.6,597138.8
132.988558,-25.898614,544.8,-105.561,0.19,11701.2,597135.7
132.988554,-25.889518,540.6,-104.719,0.19,12712.6,597135.3
132.988534,-25.880449,539.5,-105.819,0.19,13721.1,597133.3
132.988567,-25.862298,531.4,-107.635,0.19,15739.4,597136.6
132.988557,-25.853437,532.6,-107.481,0.19,16724.7,597135.6
132.989425,-25.844360,534.0,-107.586,0.19,17734.0,597222.4
132.989548,-25.835489,531.7,-108.347,0.19,18720.4,597234.7
132.989609,-25.826326,526.5,-108.811,0.19,19739.3,597240.8
132.989747,-25.808120,523.0,-109.821,0.19,21763.7,597254.6
132.999874,-25.808277,518.1,-108.613,0.19,21746.2,598266.6
132.991268,-25.736068,520.0,-119.618,0.19,29775.5,597406.6
132.990819,-25.745053,518.6,-118.356,0.19,28776.4,597361.7
132.991061,-25.754597,516.9,-116.629,0.19,27715.2,597385.9
132.990713,-25.763222,520.9,-115.790,0.19,26756.1,597351.1
132.990585,-25.772191,524.0,-114.678,0.19,25758.8,597338.3
132.990557,-25.781286,526.3,-113.434,0.19,24747.5,597335.5
132.990337,-25.790517,526.5,-112.443,0.19,23721.0,597313.5
132.989771,-25.798977,524.8,-111.014,0.19,22780.3,597257.0
132.951490,-25.735722,498.0,-121.240,0.19,29814.0,593431.2
132.951062,-25.744701,500.9,-120.495,0.19,28815.5,593388.5
132.950841,-25.753889,502.9,-119.661,0.19,27793.9,593366.4
132.950665,-25.762543,501.7,-118.682,0.19,26831.6,593348.8
132.951257,-25.771594,505.5,-117.574,0.19,25825.2,593408.0
132.950504,-25.780773,505.4,-116.466,0.19,24804.5,593332.7
132.950258,-25.789420,513.8,-115.746,0.19,23843.0,593308.1
132.950193,-25.798483,512.6,-114.636,0.19,22835.3,593301.6
132.949859,-25.807711,513.9,-114.112,0.19,21809.2,593268.2
132.949619,-25.816813,515.3,-113.353,0.19,20797.1,593244.3
132.949954,-25.825816,517.6,-112.636,0.19,19796.0,593277.7
132.949432,-25.834778,520.8,-111.668,0.19,18799.4,593225.6
132.949377,-25.843778,523.7,-110.313,0.19,17798.7,593220.1
132.949359,-25.852853,526.7,-108.491,0.19,16789.6,593218.3
132.949377,-25.861620,530.4,-107.375,0.19,15814.7,593220.1
132.949030,-25.871288,533.6,-106.697,0.19,14739.7,593185.4
132.957335,-25.979276,566.7,-94.721,0.19,2732.0,594015.4
132.946880,-25.979330,569.3,-94.546,0.19,2726.0,592970.5
132.947361,-25.970208,575.0,-95.429,0.19,3740.3,593018.6
132.957123,-25.970437,571.8,-95.755,0.19,3714.9,593994.2
132.957889,-25.961085,571.4,-97.712,0.19,4754.7,594070.7
132.947023,-25.961107,570.9,-96.722,0.19,4752.3,592984.8
132.947867,-25.952241,568.8,-98.980,0.19,5738.2,593069.2
132.957697,-25.952302,565.9,-99.748,0.19,5731.4,594051.6
132.957981,-25.943368,563.5,-101.120,0.19,6724.8,594079.9
132.947851,-25.943073,565.1,-100.446,0.19,6757.6,593067.6
132.948388,-25.934422,561.5,-101.957,0.19,7719.5,593121.2
132.957862,-25.934173,561.1,-103.468,0.19,7747.2,594068.0
132.958305,-25.925378,558.0,-103.497,0.19,8725.2,594112.3
132.947956,-25.924878,560.1,-103.442,0.19,8780.8,593078.1
132.948521,-25.916115,556.4,-104.722,0.19,9755.2,593134.5
132.948613,-25.907056,551.1,-105.069,0.19,10762.5,593143.7
132.948737,-25.898213,546.1,-105.188,0.19,11745.8,593156.1
132.948822,-25.888981,541.3,-105.613,0.19,12772.3,593164.6
132.948769,-25.880019,538.0,-106.165,0.19,13768.9,593159.3
132.980819,-25.772085,528.8,-115.390,0.19,25770.6,596362.3
132.970891,-25.771882,528.2,-116.502,0.19,25793.2,595370.1
132.960999,-25.771835,518.2,-117.229,0.19,25798.4,594381.5
132.961037,-25.762984,512.8,-118.140,0.19,26782.6,594385.3
132.970762,-25.763074,531.7,-117.864,0.19,26772.6,595357.2
132.980782,-25.763067,526.2,-116.540,0.19,26773.3,596358.6
132.981208,-25.754212,521.6,-117.524,0.19,27758.0,596401.2
132.970904,-25.753975,519.5,-118.601,0.19,27784.3,595371.4
132.960898,-25.753382,516.4,-119.357,0.19,27850.3,594371.5
132.960723,-25.744989,513.3,-120.296,0.19,28783.5,594354.0
132.971009,-25.744449,510.9,-119.566,0.19,28843.6,595381.9
132.981105,-25.745384,516.7,-119.007,0.19,28739.6,596390.9
132.981458,-25.736021,516.0,-120.078,0.19,29780.7,596426.2
132.971919,-25.735749,506.6,-120.416,0.19,29811.0,595472.9
132.961115,-25.735944,513.7,-121.172,0.19,29789.3,594393.1
132.941372,-25.735399,493.8,-121.538,0.19,29849.9,592420.1
132.940737,-25.744622,495.3,-120.994,0.19,28824.3,592356.6
132.941010,-25.753557,496.6,-120.281,0.19,27830.8,592383.9
132.940808,-25.762533,498.0,-119.423,0.19,26832.7,592363.7
132.940830,-25.771500,500.9,-118.379,0.19,25835.6,592365.9
132.940619,-25.780678,503.3,-117.469,0.19,24815.1,592344.8
132.940468,-25.789624,505.7,-116.516,0.19,23820.3,592329.7
132.939845,-25.798729,508.1,-115.910,0.19,22807.9,592267.5
132.940022,-25.807873,510.9,-115.153,0.19,21791.1,592285.1
132.940442,-25.816604,514.2,-114.011,0.19,20820.3,592327.1
132.939813,-25.825493,517.7,-112.721,0.19,19831.9,592264.3
132.939531,-25.834699,520.1,-111.872,0.19,18808.2,592236.1
132.939449,-25.843795,522.9,-110.190,0.19,17796.8,592227.9
132.939238,-25.853129,526.0,-108.287,0.19,16758.9,592206.8
132.939151,-25.861980,530.0,-107.074,0.19,15774.7,592198.1
132.867730,-25.951021,556.2,-99.186,0.19,5873.8,585060.4
132.867798,-25.959943,558.2,-97.833,0.19,4881.7,585067.2
132.877660,-25.960298,562.4,-97.184,0.19,4842.3,586052.8
132.887913,-25.960465,566.0,-96.041,0.19,4823.7,587077.5
132.897788,-25.960477,571.8,-96.354,0.19,4822.4,588064.4
132.897484,-25.969671,566.2,-95.278,0.19,3800.0,588034.0
132.907212,-25.969739,570.9,-94.590,0.19,3792.5,589006.2
132.907683,-25.960392,577.2,-96.093,0.19,4831.8,589053.3
132.907675,-25.951484,583.7,-96.789,0.19,5822.3,589052.5
132.907894,-25.942756,576.8,-98.522,0.19,6792.8,589074.3
132.908341,-25.933735,570.2,-100.664,0.19,7795.9,589119.0
132.908132,-25.924460,566.2,-101.704,0.19,8827.3,589098.1
132.908422,-25.915375,562.6,-101.869,0.19,9837.5,589127.1
132.908481,-25.906474,557.8,-101.584,0.19,10827.2,589133.0
132.908771,-25.897369,556.8,-102.026,0.19,11839.6,589162.0
132.908987,-25.888457,549.2,-103.306,0.19,12830.6,589183.6
132.909105,-25.879529,543.3,-105.079,0.19,13823.4,589195.4
132.899110,-25.879335,542.8,-104.995,0.19,13844.9,588196.5
132.899228,-25.888423,547.3,-103.041,0.19,12834.4,588208.3
132.898644,-25.897349,551.9,-101.760,0.19,11841.9,588149.9
132.898605,-25.906259,555.4,-101.125,0.19,10851.1,588146.0
132.898354,-25.915305,559.4,-101.457,0.19,9845.2,588120.9
132.898143,-25.924434,562.6,-102.156,0.19,8830.2,588099.8
132.898216,-25.933607,566.6,-101.407,0.19,7810.2,588107.1
132.898029,-25.942563,576.9,-98.163,0.19,6814.3,588088.4
132.897853,-25.951540,579.6,-96.699,0.19,5816.1,588070.9
132.887667,-25.951412,570.5,-96.783,0.19,5830.3,587052.9
132.877920,-25.950985,560.6,-97.695,0.19,5877.8,586078.8
132.867784,-25.942012,555.1,-102.057,0.19,6875.6,585065.8
132.878056,-25.942159,560.7,-100.641,0.19,6859.2,586092.4
132.888366,-25.942810,568.0,-98.453,0.19,6786.8,587122.7
132.888304,-25.933209,562.6,-101.892,0.19,7854.4,587116.6
132.888527,-25.924086,559.4,-102.570,0.19,8868.8,587138.8
132.888524,-25.915123,555.1,-100.853,0.19,9865.5,587138.5
132.888636,-25.906121,552.9,-101.918,0.19,10866.5,587149.7
132.888563,-25.897067,548.6,-101.612,0.19,11873.2,587142.4
132.889042,-25.887958,544.8,-103.148,0.19,12886.1,587190.3
132.889194,-25.879036,539.9,-105.347,0.19,13878.2,587205.5
132.879243,-25.879029,538.3,-107.148,0.19,13879.0,586211.0
132.878919,-25.888015,542.3,-104.124,0.19,12879.8,586178.6
132.878705,-25.897140,543.8,-102.191,0.19,11865.1,586157.2
132.878648,-25.906173,548.7,-102.163,0.19,10860.7,586151.5
132.878389,-25.915336,552.5,-102.027,0.19,9841.8,586125.7
132.878215,-25.924024,553.9,-103.104,0.19,8875.7,586108.3
132.877924,-25.933198,557.8,-100.984,0.19,7855.6,586079.2
132.868292,-25.933102,552.9,-102.286,0.19,7866.3,585116.6
132.868282,-25.923990,551.5,-103.383,0.19,8879.5,585115.6
132.868314,-25.914959,546.7,-101.969,0.19,9883.7,585118.8
132.868543,-25.905941,544.0,-102.290,0.19,10886.5,585141.7
132.868911,-25.896933,541.2,-102.688,0.19,11888.1,585178.5
132.869032,-25.887863,539.1,-105.070,0.19,12896.7,585190.5
132.869056,-25.878849,538.1,-108.050,0.19,13899.0,585192.9
132.929537,-25.861588,531.0,-106.886,0.19,15818.3,591237.3
132.929539,-25.852747,525.8,-108.713,0.19,16801.4,591237.5
132.929557,-25.843633,521.8,-109.598,0.19,17814.8,591239.3
132.929628,-25.834510,518.6,-111.362,0.19,18829.2,591246.4
132.929643,-25.825647,514.8,-113.165,0.19,19814.8,591247.9
132.930148,-25.816109,511.2,-115.009,0.19,20875.3,591298.4
132.930012,-25.807320,508.4,-116.423,0.19,21852.6,591284.8
132.930436,-25.798505,506.2,-117.105,0.19,22832.8,591327.1
132.930531,-25.789568,504.4,-117.799,0.19,23826.6,591336.6
132.930500,-25.780243,502.6,-118.522,0.19,24863.5,591333.5
132.931103,-25.771303,500.6,-119.295,0.19,25857.5,591393.8
132.931027,-25.762430,498.7,-120.088,0.19,26844.2,591386.2
132.931361,-25.753337,497.1,-120.907,0.19,27855.3,591419.6
132.931472,-25.744365,495.4,-121.526,0.19,28852.9,591430.7
132.921193,-25.744059,497.6,-121.854,0.19,28886.9,590403.4
132.921342,-25.753386,498.9,-121.204,0.19,27849.8,590418.3
132.921250,-25.762112,500.7,-120.548,0.19,26879.5,590409.1
132.920955,-25.771436,501.7,-119.804,0.19,25842.8,590379.6
132.920955,-25.780118,503.3,-119.218,0.19,24877.4,590379.6
132.920594,-25.789391,505.1,-118.625,0.19,23846.2,590343.6
132.920570,-25.798296,507.4,-118.003,0.19,22856.1,590341.2
132.920212,-25.807391,508.8,-117.057,0.19,21844.7,590305.4
132.920006,-25.816234,510.3,-115.808,0.19,20861.4,590284.8
132.919864,-25.825407,513.1,-114.219,0.19,19841.5,590270.6
132.919831,-25.834441,516.0,-111.891,0.19,18836.9,590267.3
132.919803,-25.843471,520.2,-109.845,0.19,17832.8,590264.5
132.919424,-25.852243,523.4,-109.520,0.19,16857.4,590226.6
132.919257,-25.861763,530.2,-107.494,0.19,15798.8,590209.9
132.869263,-25.869755,534.0,-110.565,0.19,14910.2,585213.6
132.879309,-25.869952,536.1,-109.333,0.19,14888.3,586217.6
132.889530,-25.861155,532.1,-109.644,0.19,15866.5,587239.1
132.889632,-25.851933,529.7,-111.348,0.19,16891.9,587249.3
132.889839,-25.843183,539.0,-113.036,0.19,17864.8,587270.0
132.879922,-25.842959,530.9,-113.526,0.19,17889.8,586278.9
132.879692,-25.851713,529.6,-111.297,0.19,16916.4,586255.9
132.880246,-25.833700,532.2,-115.091,0.19,18919.3,586311.3
132.889948,-25.834175,533.7,-114.737,0.19,18866.5,587280.8
132.890233,-25.825087,532.9,-115.970,0.19,19877.0,587309.3
132.879714,-25.824659,534.0,-116.387,0.19,19924.6,586258.1
132.880259,-25.815815,525.4,-117.487,0.19,20908.0,586312.5
132.890160,-25.815893,529.1,-116.727,0.19,20899.4,587302.0
132.890055,-25.806681,528.3,-117.957,0.19,21923.7,587291.5
132.880101,-25.806804,529.8,-118.446,0.19,21910.0,586296.8
132.880232,-25.797777,532.8,-119.577,0.19,22913.8,586309.9
132.890456,-25.798084,522.2,-118.708,0.19,22879.6,587331.6
132.890769,-25.788643,519.7,-119.594,0.19,23929.4,587362.9
132.880366,-25.788513,525.1,-119.545,0.19,23943.9,586323.2
132.881007,-25.779972,521.3,-120.026,0.19,24893.6,586387.3
132.890869,-25.779821,518.1,-120.140,0.19,24910.4,587372.9
132.891065,-25.770731,513.2,-120.654,0.19,25921.1,587392.5
132.881018,-25.770818,523.4,-120.807,0.19,25911.5,586388.4
132.881288,-25.761614,518.4,-121.142,0.19,26934.9,586415.4
132.891288,-25.761833,507.8,-120.918,0.19,26910.6,587414.8
132.891468,-25.752798,506.7,-121.259,0.19,27915.2,587432.8
132.881108,-25.752577,509.4,-121.460,0.19,27939.8,586397.4
132.891250,-25.743846,501.5,-121.454,0.19,28910.6,587411.0
132.881320,-25.743781,504.5,-121.235,0.19,28917.8,586418.6
132.851892,-25.743386,510.2,-121.420,0.19,28961.8,583477.6
132.841774,-25.743097,511.3,-121.180,0.19,28993.9,582466.4
132.841198,-25.752304,513.0,-121.085,0.19,27970.1,582408.9
132.851853,-25.752158,514.7,-121.275,0.19,27986.4,583473.7
132.851226,-25.761226,512.3,-121.259,0.19,26978.1,583411.0
132.841301,-25.760947,511.6,-120.938,0.19,27009.1,582419.2
132.841386,-25.770216,512.2,-120.525,0.19,25978.4,582427.7
132.851245,-25.770304,515.6,-120.801,0.19,25968.6,583412.9
132.850989,-25.779537,514.3,-120.457,0.19,24942.0,583387.4
132.841020,-25.779176,513.7,-120.326,0.19,24982.1,582391.1
132.840844,-25.787999,516.5,-119.987,0.19,24001.0,582373.5
132.850893,-25.788519,516.8,-120.023,0.19,23943.2,583377.8
132.850843,-25.797225,518.5,-119.740,0.19,22975.1,583372.8
132.840765,-25.797138,517.9,-119.674,0.19,22984.8,582365.6
132.840426,-25.806348,518.6,-119.906,0.19,21960.7,582331.7
132.850567,-25.806612,518.8,-119.944,0.19,21931.4,583345.2
132.850345,-25.815483,519.5,-119.295,0.19,20944.9,583323.0
132.840279,-25.815171,520.4,-119.515,0.19,20979.6,582317.0
132.840270,-25.824680,521.0,-118.214,0.19,19922.3,582316.1
132.850061,-25.823992,523.2,-117.665,0.19,19998.8,583294.6
132.849724,-25.833601,523.2,-116.091,0.19,18930.3,583260.9
132.840485,-25.833340,522.3,-116.801,0.19,18959.3,582337.6
132.849611,-25.842507,525.2,-115.114,0.19,17940.0,583249.6
132.849277,-25.869424,528.1,-110.897,0.19,14947.0,583216.3
132.839153,-25.869088,538.2,-111.146,0.19,14984.3,582204.5
132.839711,-25.860261,530.8,-112.407,0.19,15965.9,582260.3
132.849456,-25.860454,526.1,-112.097,0.19,15944.4,583234.2
132.849491,-25.851390,530.7,-113.978,0.19,16952.3,583237.7
132.839974,-25.851411,526.8,-113.997,0.19,16949.9,582286.5
132.839717,-25.842487,524.1,-115.645,0.19,17942.2,582260.9
132.810486,-25.796886,516.8,-118.885,0.19,23012.8,579339.6
132.810636,-25.787632,514.1,-118.808,0.19,24041.8,579354.6
132.811025,-25.778523,512.2,-119.128,0.19,25054.7,579393.4
132.811140,-25.769794,510.4,-119.431,0.19,26025.3,579404.9
132.811487,-25.760572,507.7,-119.897,0.19,27050.8,579439.6
132.811818,-25.751651,506.5,-120.308,0.19,28042.7,579472.7
132.811861,-25.742994,504.8,-120.667,0.19,29005.4,579477.0
132.801629,-25.742401,504.7,-120.295,0.19,29071.3,578454.4
132.801694,-25.751696,506.4,-119.939,0.19,28037.7,578460.9
132.801571,-25.760612,507.4,-119.321,0.19,27046.3,578448.6
132.801616,-25.769523,510.4,-118.858,0.19,26055.5,578453.1
132.801022,-25.778543,514.2,-118.261,0.19,25052.5,578393.8
132.800952,-25.787542,518.0,-118.322,0.19,24051.8,578386.8
132.800852,-25.796603,520.0,-118.691,0.19,23044.3,578376.8
132.790719,-25.796212,522.7,-118.041,0.19,23087.8,577364.1
132.791002,-25.787492,519.8,-117.941,0.19,24057.4,577392.4
132.791177,-25.777795,517.6,-117.923,0.19,25135.7,577409.9
132.791160,-25.769668,513.4,-118.237,0.19,26039.3,577408.2
132.791492,-25.760234,508.6,-118.743,0.19,27088.4,577441.3
132.791708,-25.751001,506.3,-119.442,0.19,28115.0,577462.9
132.791836,-25.742098,505.0,-119.941,0.19,29105.0,577475.7
132.782020,-25.742888,506.2,-119.332,0.19,29017.1,576494.7
132.772456,-25.742151,509.9,-119.051,0.19,29099.1,575538.9
132.771485,-25.750922,513.2,-118.454,0.19,28123.8,575441.9
132.781606,-25.751070,509.4,-118.810,0.19,28107.3,576453.4
132.781282,-25.760521,511.4,-118.106,0.19,27056.4,576421.0
132.772254,-25.760105,514.1,-117.674,0.19,27102.7,575518.7
132.771369,-25.769172,524.4,-117.143,0.19,26094.5,575430.3
132.771568,-25.778753,527.6,-116.382,0.19,25029.1,575450.2
132.770860,-25.787037,532.5,-116.089,0.19,24108.0,575379.4
132.771228,-25.796090,534.0,-116.334,0.19,23101.4,575416.2
132.770515,-25.804922,531.7,-116.109,0.19,22119.3,575344.9
132.867553,-25.969206,563.0,-97.093,0.19,3851.7,585042.7
132.877682,-25.969138,561.2,-95.425,0.19,3859.3,586055.0
132.887525,-25.969626,564.5,-95.233,0.19,3805.0,587038.7
132.896950,-25.978718,560.3,-93.083,0.19,2794.0,587980.6
132.907339,-25.978747,564.5,-92.418,0.19,2790.8,589018.9
132.907236,-25.987668,560.6,-91.616,0.19,1798.9,589008.6
132.917029,-25.987842,560.9,-91.934,0.19,1779.5,589987.3
132.927366,-25.987875,563.9,-91.996,0.19,1775.8,591020.3
132.926838,-25.996898,554.8,-90.684,0.19,772.5,590967.6
132.916914,-25.996739,563.2,-90.799,0.19,790.2,589975.8
132.907086,-25.996694,562.6,-90.900,0.19,795.2,588993.6
132.896602,-25.996613,552.4,-90.764,0.19,804.2,587945.8
132.897190,-25.987489,559.1,-92.407,0.19,1818.8,588004.6
132.887086,-25.987290,554.8,-94.413,0.19,1840.9,586994.8
132.887080,-25.996394,553.7,-92.233,0.19,828.6,586994.2
132.876625,-25.996228,561.9,-93.922,0.19,847.0,585949.4
132.866902,-25.996034,563.7,-94.601,0.19,868.6,584977.7
132.867225,-25.986817,568.6,-96.499,0.19,1893.5,585010.0
132.877165,-25.987335,559.5,-95.327,0.19,1835.9,586003.3
132.886953,-25.978621,561.0,-94.886,0.19,2804.8,586981.5
132.877371,-25.978231,562.0,-95.448,0.19,2848.2,586023.9
132.867086,-25.977825,564.2,-97.149,0.19,2893.3,584996.1
132.847851,-25.950656,551.4,-101.506,0.19,5914.4,583073.8
132.846947,-25.959974,552.2,-99.562,0.19,4878.3,582983.4
132.847549,-25.968795,555.4,-98.563,0.19,3897.4,583043.6
132.857657,-25.969013,559.4,-97.697,0.19,3873.2,584053.7
132.857284,-25.978102,562.8,-98.340,0.19,2862.5,584016.5
132.847071,-25.977995,560.6,-99.567,0.19,2874.4,582995.8
132.847292,-25.987035,561.0,-98.711,0.19,1869.2,583017.9
132.857421,-25.987053,565.0,-97.265,0.19,1867.2,584030.2
132.857137,-25.995932,564.5,-95.106,0.19,879.9,584001.8
132.846993,-25.995913,565.0,-96.799,0.19,882.0,582988.0
132.837332,-25.995603,564.1,-96.780,0.19,916.5,582022.5
132.827013,-25.995190,569.7,-97.810,0.19,962.4,580991.2
132.827340,-25.986783,562.4,-99.181,0.19,1897.3,581023.9
132.837098,-25.986677,561.7,-98.670,0.19,1909.0,581999.1
132.837391,-25.977663,559.2,-100.515,0.19,2911.4,582028.4
132.827356,-25.977650,558.3,-99.877,0.19,2912.8,581025.5
132.827544,-25.968394,555.5,-101.764,0.19,3942.0,581044.3
132.837299,-25.968216,554.6,-101.111,0.19,3961.8,582019.2
132.837892,-25.959786,551.7,-101.124,0.19,4899.2,582078.5
132.827858,-25.959392,553.8,-102.525,0.19,4943.0,581075.7
132.828162,-25.950377,550.5,-103.011,0.19,5945.4,581106.1
132.838000,-25.950731,551.2,-101.916,0.19,5906.1,582089.3
132.817900,-25.950281,548.1,-104.045,0.19,5956.1,580080.5
132.807955,-25.949689,549.7,-105.125,0.19,6021.9,579086.6
132.798028,-25.949789,546.4,-106.697,0.19,6010.8,578094.5
132.738221,-25.948902,563.1,-111.781,0.19,6109.4,572117.5
132.737817,-25.958041,558.2,-110.569,0.19,5093.2,572077.2
132.737753,-25.967369,555.6,-110.701,0.19,4056.0,572070.8
132.737594,-25.976331,559.4,-110.124,0.19,3059.5,572054.9
132.737302,-25.985404,558.3,-108.625,0.19,2050.6,572025.7
132.737024,-25.994271,557.4,-108.796,0.19,1064.6,571997.9
132.747194,-25.994609,557.4,-107.108,0.19,1027.0,573014.3
132.757218,-25.994673,558.9,-104.430,0.19,1019.9,574016.1
132.767454,-25.994572,558.2,-103.932,0.19,1031.2,575039.0
132.777291,-25.995024,555.9,-102.207,0.19,980.9,576022.1
132.787000,-25.995113,556.9,-100.176,0.19,971.0,576992.4
132.797145,-25.995196,559.0,-98.425,0.19,961.8,578006.3
132.807097,-25.995507,564.0,-98.750,0.19,927.2,579000.9
132.816734,-25.995637,566.0,-99.602,0.19,912.7,579964.0
132.817234,-25.985975,565.0,-100.883,0.19,1987.1,580014.0
132.817404,-25.977221,558.8,-101.989,0.19,2960.5,580030.9
132.817547,-25.968251,556.2,-103.128,0.19,3957.9,580045.2
132.817761,-25.959630,552.9,-103.665,0.19,4916.5,580066.6
132.807722,-25.958906,550.5,-105.257,0.19,4997.0,579063.3
132.807644,-25.968098,554.6,-103.177,0.19,3974.9,579055.5
132.807369,-25.976927,557.5,-102.111,0.19,2993.2,579028.1
132.807250,-25.985798,562.1,-101.818,0.19,2006.8,579016.2
132.797638,-25.986048,558.5,-102.602,0.19,1979.0,578055.6
132.787517,-25.985986,555.7,-103.638,0.19,1985.9,577044.1
132.777247,-25.986019,554.8,-105.319,0.19,1982.2,576017.7
132.767470,-25.985448,555.1,-105.015,0.19,2045.7,575040.6
132.757547,-25.985382,556.6,-106.464,0.19,2053.0,574048.9
132.747624,-25.984975,556.7,-107.807,0.19,2098.3,573057.3
132.747420,-25.976113,556.3,-108.905,0.19,3083.7,573036.9
132.747906,-25.967115,558.6,-109.938,0.19,4084.2,573085.4
132.757763,-25.967581,554.0,-109.410,0.19,4032.4,574070.5
132.757688,-25.976459,555.6,-106.569,0.19,3045.2,574063.0
132.767368,-25.976390,552.9,-105.620,0.19,3052.9,575030.4
132.777313,-25.976762,555.3,-106.384,0.19,3011.5,576024.3
132.787712,-25.977296,554.9,-105.291,0.19,2952.2,577063.6
132.797477,-25.976915,557.7,-103.431,0.19,2994.5,578039.5
132.797034,-25.967648,555.9,-104.361,0.19,4025.0,577995.2
132.787496,-25.967282,549.2,-106.123,0.19,4065.7,577042.0
132.777727,-25.967881,550.5,-107.398,0.19,3999.1,576065.7
132.767211,-25.967387,555.1,-108.176,0.19,4054.0,575014.8
132.758137,-25.958406,557.0,-108.877,0.19,5052.6,574107.9
132.747937,-25.957858,555.7,-109.803,0.19,5113.6,573088.5
132.767995,-25.958464,554.3,-108.026,0.19,5046.2,575093.1
132.767603,-25.949573,551.8,-106.536,0.19,6034.8,575053.9
132.758004,-25.949351,549.9,-107.549,0.19,6059.5,574094.6
132.747921,-25.949450,554.6,-109.227,0.19,6048.5,573086.9
132.700678,-25.822256,536.3,-113.207,0.19,20191.8,568365.6
132.700347,-25.831057,539.1,-115.038,0.19,19213.2,568332.5
132.700311,-25.840297,545.5,-115.980,0.19,18185.8,568328.9
132.699907,-25.849251,551.6,-115.332,0.19,17190.1,568288.5
132.699842,-25.858266,563.4,-114.382,0.19,16187.7,568282.0
132.699715,-25.867224,566.8,-114.738,0.19,15191.6,568269.3
132.699612,-25.876243,579.3,-116.123,0.19,14188.7,568259.0
132.699320,-25.885298,580.8,-117.350,0.19,13181.9,568229.9
132.699215,-25.894300,579.9,-118.661,0.19,12180.9,568219.4
132.698988,-25.903344,580.7,-117.818,0.19,11175.3,568196.7
132.689134,-25.903066,582.0,-118.325,0.19,11206.2,567211.9
132.689289,-25.894214,582.5,-118.115,0.19,12190.5,567227.4
132.689534,-25.885141,575.9,-117.171,0.19,13199.3,567251.9
132.689626,-25.876062,571.6,-115.675,0.19,14208.9,567261.1
132.689670,-25.867033,569.6,-114.085,0.19,15212.9,567265.5
132.689761,-25.857913,559.4,-112.870,0.19,16226.9,567274.5
132.690313,-25.849014,551.3,-115.543,0.19,17216.5,567329.7
132.690481,-25.839942,544.4,-116.395,0.19,18225.2,567346.5
132.690527,-25.830980,540.5,-114.369,0.19,19221.8,567351.1
132.690820,-25.821940,541.5,-112.635,0.19,20227.0,567380.4
132.690821,-25.812940,535.6,-112.049,0.19,21227.7,567380.5
132.680731,-25.812724,542.5,-112.631,0.19,21251.7,566372.1
132.966045,-25.627028,478.0,-107.922,0.30,41900.2,594885.8
132.925424,-25.626224,477.5,-106.254,0.30,41989.6,590826.3
132.886068,-25.663334,484.2,-111.521,0.30,37863.1,586893.1
132.886053,-25.628116,477.9,-106.258,0.30,41779.2,586891.6
132.850949,-25.624211,483.1,-103.810,0.30,42213.4,583383.4
132.846251,-25.657881,493.5,-108.758,0.30,38469.5,582913.9
132.809760,-25.659314,506.7,-108.959,0.30,38310.1,579267.0
132.809889,-25.622357,488.6,-102.811,0.30,42419.6,579279.9
132.851456,-25.591772,481.0,-100.619,0.30,45820.5,583434.0
132.888611,-25.588932,475.6,-102.574,0.30,46136.3,587147.2
132.929893,-25.591503,466.5,-104.142,0.30,45850.4,591272.9
132.968598,-25.590364,477.0,-104.904,0.30,45977.0,595141.0
132.969511,-25.555505,479.9,-102.221,0.30,49853.2,595232.2
132.771715,-25.589153,489.8,-100.013,0.30,46111.7,575464.9
132.769152,-25.629999,494.6,-105.294,0.30,41569.8,575208.7
132.767642,-25.659235,498.8,-109.816,0.30,38318.9,575057.8
132.730816,-25.661524,502.8,-111.229,0.30,38064.4,571377.5
132.644755,-25.731713,521.4,-111.532,0.30,30259.7,562776.7
132.648797,-25.764329,528.7,-108.950,0.30,26633.0,563180.7
132.648612,-25.799512,535.8,-109.827,0.30,22720.8,563162.2
132.646400,-25.840247,542.1,-116.304,0.30,18191.3,562941.1
132.644292,-25.873690,555.0,-119.451,0.30,14472.6,562730.5
132.645651,-25.910832,561.4,-122.179,0.30,10342.6,562866.3
132.642557,-25.944883,562.9,-123.283,0.30,6556.3,562557.1
132.604240,-25.947547,568.7,-125.032,0.30,6260.1,558727.7
132.565019,-25.948317,574.7,-125.541,0.30,6174.5,554808.1
132.520735,-25.947328,573.8,-125.661,0.30,6284.5,550382.4
132.481712,-25.938189,569.0,-127.589,0.30,7300.7,546482.5
132.444053,-25.942785,572.4,-127.622,0.30,6789.6,542719.0
132.404594,-25.942557,578.1,-127.037,0.30,6815.0,538775.5
132.245838,-25.832000,570.3,-124.845,0.30,19108.3,522909.7
132.109076,-25.721202,542.7,-134.787,0.30,31428.5,509242.0
132.729836,-25.588378,491.5,-102.692,0.30,46197.9,571279.6
132.731651,-25.623665,496.1,-106.785,0.30,42274.1,571461.0
132.689242,-25.622924,497.7,-109.573,0.30,42356.5,567222.7
132.687998,-25.661027,506.0,-113.981,0.30,38119.7,567098.4
132.649712,-25.657728,512.6,-112.436,0.30,38486.5,563272.1
132.647930,-25.695064,513.4,-118.624,0.30,34334.9,563094.0
132.608331,-25.694882,516.1,-121.270,0.30,34355.2,559136.6
132.607146,-25.733663,522.8,-111.552,0.30,30042.9,559018.2
132.607763,-25.769135,530.2,-110.503,0.30,26098.6,559079.8
132.605224,-25.803111,539.0,-112.807,0.30,22320.7,558826.1
132.605743,-25.839418,547.2,-118.881,0.30,18283.5,558878.0
132.602262,-25.876778,551.3,-121.607,0.30,14129.3,558530.1
132.604793,-25.914280,561.1,-126.400,0.30,9959.2,558783.0
132.565128,-25.910040,561.6,-125.943,0.30,10430.7,554819.0
132.523265,-25.908990,564.3,-125.013,0.30,10547.4,550635.3
132.481946,-25.909645,562.0,-127.436,0.30,10474.6,546505.9
132.443597,-25.909639,563.5,-126.730,0.30,10475.3,542673.4
132.404985,-25.905898,568.3,-127.739,0.30,10891.3,538814.6
132.365942,-25.906090,573.6,-128.300,0.30,10869.9,534912.7
132.361848,-25.946903,581.9,-124.083,0.30,6331.7,534503.6
132.325024,-25.942103,585.6,-122.262,0.30,6865.4,530823.4
132.284164,-25.941870,588.5,-122.575,0.30,6891.4,526740.0
132.245356,-25.941122,588.4,-120.938,0.30,6974.5,522861.6
132.205012,-25.940261,586.7,-118.556,0.30,7070.3,518829.7
132.204917,-25.903768,576.0,-127.287,0.30,11128.1,518820.2
132.165004,-25.903317,576.9,-126.473,0.30,11178.3,514831.3
132.163392,-25.939570,587.0,-119.180,0.30,7147.1,514670.2
132.125884,-25.937959,601.0,-119.966,0.30,7326.2,510921.8
132.089257,-25.938786,588.8,-124.151,0.30,7234.3,507261.3
132.043924,-25.936564,583.8,-127.218,0.30,7481.4,502730.8
132.000527,-25.935762,589.5,-128.892,0.30,7570.5,498393.8
132.691838,-25.587087,492.9,-105.185,0.30,46341.4,567482.1
132.648746,-25.586511,496.6,-107.190,0.30,46405.5,563175.6
132.648988,-25.624266,506.1,-111.504,0.30,42207.3,563199.8
132.610092,-25.623567,504.7,-110.818,0.30,42285.0,559312.6
132.610300,-25.658651,514.3,-114.859,0.30,38383.9,559333.4
132.565346,-25.729927,525.9,-114.493,0.30,30458.3,554840.8
132.526267,-25.729274,526.8,-114.993,0.30,30531.0,550935.3
132.527897,-25.766301,532.1,-111.613,0.30,26413.7,551098.2
132.567260,-25.764872,531.4,-109.833,0.30,26572.6,555032.0
132.566526,-25.803148,540.5,-114.869,0.30,22316.5,554958.7
132.565316,-25.839724,544.8,-121.175,0.30,18249.5,554837.8
132.565593,-25.876282,556.8,-120.231,0.30,14184.4,554865.4
132.523739,-25.874221,556.3,-112.819,0.30,14413.6,550682.6
132.484349,-25.873233,554.8,-122.130,0.30,14523.4,546746.1
132.443305,-25.873644,551.2,-126.846,0.30,14477.7,542644.2
132.404594,-25.872660,560.7,-128.656,0.30,14587.2,538775.5
132.364093,-25.871248,563.9,-131.240,0.30,14744.2,534727.9
132.322155,-25.870115,569.6,-128.421,0.30,14870.1,530536.7
132.322884,-25.905797,576.6,-129.347,0.30,10902.5,530609.6
132.282642,-25.906062,579.0,-127.804,0.30,10873.0,526587.9
132.242400,-25.903159,578.6,-127.177,0.30,11195.8,522566.2
132.121597,-25.902499,581.5,-122.583,0.30,11269.2,510493.3
132.083808,-25.902052,579.6,-118.944,0.30,11318.9,506716.8
132.042607,-25.900223,578.9,-118.026,0.30,11522.3,502599.2
132.003509,-25.900095,582.3,-122.939,0.30,11536.5,498691.9
132.005335,-25.863664,573.6,-123.387,0.30,15587.5,498874.3
132.044155,-25.864710,574.0,-123.167,0.30,15471.2,502753.9
132.087306,-25.864383,570.8,-118.505,0.30,15507.5,507066.4
132.125021,-25.865136,570.2,-116.228,0.30,15423.8,510835.5
132.163282,-25.865527,572.6,-123.349,0.30,15380.3,514659.3
132.204852,-25.866571,566.5,-128.629,0.30,15264.2,518813.7
132.245073,-25.867972,567.7,-126.695,0.30,15108.4,522833.3
132.284623,-25.867597,566.7,-128.323,0.30,15150.1,526785.8
132.407955,-25.833312,551.5,-125.199,0.30,18962.5,539111.4
132.448160,-25.833600,548.6,-124.340,0.30,18930.4,543129.4
132.487113,-25.836350,548.8,-121.615,0.30,18624.6,547022.3
132.527929,-25.837624,546.4,-120.400,0.30,18483.0,551101.4
132.525456,-25.801625,540.3,-114.196,0.30,22485.9,550854.2
132.527300,-25.690470,520.1,-117.943,0.30,34845.8,551038.5
132.566853,-25.694737,518.4,-122.493,0.30,34371.3,554991.4
132.569938,-25.657627,511.3,-117.143,0.30,38497.7,555299.7
132.809630,-25.588913,486.6,-100.237,0.30,46138.4,579254.0
132.611925,-25.587068,499.4,-109.209,0.30,46343.5,559495.8
132.569135,-25.585548,501.4,-108.621,0.30,46512.6,555219.4
132.569474,-25.623156,509.8,-113.619,0.30,42330.7,555253.3
132.530958,-25.620982,505.6,-113.962,0.30,42572.5,551404.1
132.530217,-25.658215,514.4,-116.671,0.30,38432.4,551330.0
132.487548,-25.657112,513.9,-112.240,0.30,38555.0,547065.8
132.488883,-25.693276,523.3,-112.317,0.30,34533.7,547199.2
132.488877,-25.728881,526.4,-115.595,0.30,30574.7,547198.6
132.487741,-25.764190,535.9,-108.039,0.30,26648.5,547085.1
132.485719,-25.800911,540.7,-114.840,0.30,22565.3,546883.0
132.446033,-25.800444,538.9,-120.203,0.30,22617.2,542916.8
132.406666,-25.799438,545.6,-121.950,0.30,22729.1,538982.6
132.385430,-25.798939,546.7,-122.690,0.30,22784.6,536860.3
132.386710,-25.816364,550.6,-123.294,0.30,20847.0,536988.2
132.387715,-25.836576,554.6,-125.420,0.30,18599.5,537088.7
132.363434,-25.834391,554.9,-124.658,0.30,18842.5,534662.1
132.344399,-25.833673,559.2,-124.934,0.30,18922.3,532759.7
132.324615,-25.834358,560.4,-125.017,0.30,18846.1,530782.6
132.305531,-25.833624,559.4,-124.307,0.30,18927.8,528875.3
132.287096,-25.832799,558.1,-122.214,0.30,19019.5,527033.0
132.264838,-25.833590,570.4,-124.008,0.30,18931.5,524808.6
132.225558,-25.832647,558.4,-126.393,0.30,19036.4,520883.0
132.205210,-25.832635,558.8,-125.677,0.30,19037.7,518849.5
132.185949,-25.831853,558.8,-124.767,0.30,19124.7,516924.6
132.165366,-25.830397,555.8,-121.758,0.30,19286.6,514867.5
132.145230,-25.829321,562.3,-120.453,0.30,19406.2,512855.2
132.125158,-25.830866,564.9,-119.791,0.30,19234.4,510849.2
132.106128,-25.831413,560.7,-121.083,0.30,19173.6,508947.4
132.085529,-25.829650,567.1,-121.585,0.30,19369.7,506888.8
132.065781,-25.829649,565.0,-125.342,0.30,19369.8,504915.2
132.046725,-25.828099,569.2,-123.473,0.30,19542.1,503010.8
132.048131,-25.808805,563.7,-122.972,0.30,21687.5,503151.3
132.049587,-25.791708,557.4,-123.081,0.30,23588.6,503296.8
132.027003,-25.792321,562.1,-123.648,0.30,23520.4,501039.8
132.029276,-25.811348,564.3,-122.961,0.30,21404.7,501267.0
132.027413,-25.828966,567.5,-122.431,0.30,19445.7,501080.8
132.009110,-25.828291,568.3,-122.911,0.30,19520.8,499251.6
132.008530,-25.809161,563.5,-124.382,0.30,21647.9,499193.6
132.006791,-25.792709,560.4,-123.121,0.30,23477.3,499019.8
132.010151,-25.771824,556.6,-123.662,0.30,25799.6,499355.6
132.009263,-25.753801,553.6,-125.968,0.30,27803.7,499266.9
132.011413,-25.736681,550.2,-129.374,0.30,29707.3,499481.8
132.011219,-25.717908,547.4,-134.263,0.30,31794.8,499462.4
132.010262,-25.701327,545.3,-137.160,0.30,33638.5,499366.7
132.010250,-25.682189,540.9,-138.316,0.30,35766.6,499365.5
132.012605,-25.664353,538.3,-137.654,0.30,37749.8,499600.9
132.012278,-25.646238,534.5,-135.588,0.30,39764.1,499568.2
132.011053,-25.628310,531.1,-132.022,0.30,41757.6,499445.8
132.012194,-25.610852,532.5,-125.436,0.30,43698.9,499559.8
132.014537,-25.592287,532.0,-117.646,0.30,45763.2,499794.0
132.013878,-25.575348,522.3,-112.719,0.30,47646.7,499728.1
132.053863,-25.575684,521.7,-109.227,0.30,47609.4,503724.1
132.095169,-25.576773,521.2,-105.784,0.30,47488.3,507852.2
132.134872,-25.577581,517.4,-108.038,0.30,47398.4,511820.0
132.172451,-25.577634,517.4,-108.664,0.30,47392.6,515575.6
132.154261,-25.578844,517.6,-108.653,0.30,47258.0,513757.7
132.113736,-25.576579,520.2,-105.752,0.30,47509.9,509707.7
132.074962,-25.575195,521.0,-106.691,0.30,47663.8,505832.7
132.031720,-25.576673,521.9,-111.902,0.30,47499.4,501511.2
132.033296,-25.590811,525.0,-116.178,0.30,45927.3,501668.7
132.030622,-25.612272,528.4,-125.443,0.30,43541.0,501401.5
132.032857,-25.630166,532.6,-132.073,0.30,41551.3,501624.8
132.032242,-25.647008,535.0,-135.216,0.30,39678.5,501563.4
132.032280,-25.665061,536.8,-136.400,0.30,37671.1,501567.2
132.031346,-25.683611,539.7,-137.259,0.30,35608.4,501473.8
132.030206,-25.702527,544.9,-136.244,0.30,33505.1,501359.9
132.031351,-25.722027,546.9,-132.282,0.30,31336.8,501474.3
132.030425,-25.737548,553.1,-128.863,0.30,29610.9,501381.8
132.029273,-25.754506,554.7,-126.710,0.30,27725.3,501266.7
132.028764,-25.773903,556.0,-124.578,0.30,25568.4,501215.8
132.047513,-25.774736,556.3,-123.427,0.30,25475.8,503089.5
132.069570,-25.774938,558.0,-122.293,0.30,25453.3,505293.9
132.068320,-25.793044,560.0,-123.264,0.30,23440.1,505168.9
132.067316,-25.810703,562.2,-124.360,0.30,21476.5,505068.6
132.087993,-25.812451,559.7,-123.016,0.30,21282.1,507135.0
132.108583,-25.811249,556.9,-121.806,0.30,21415.7,509192.7
132.126545,-25.812339,564.8,-123.445,0.30,21294.5,510987.8
132.148006,-25.812663,554.4,-122.929,0.30,21258.5,513132.6
132.169957,-25.814187,548.8,-124.759,0.30,21089.1,515326.3
132.186232,-25.813845,557.6,-125.511,0.30,21127.1,516952.8
132.207472,-25.814528,560.3,-125.739,0.30,21051.1,519075.5
132.229607,-25.816225,554.1,-124.918,0.30,20862.4,521287.6
132.247206,-25.813528,555.1,-123.925,0.30,21162.3,523046.5
132.264689,-25.814654,558.2,-122.633,0.30,21037.1,524793.7
132.284910,-25.815677,552.9,-123.113,0.30,20923.4,526814.5
132.309025,-25.816176,553.5,-122.539,0.30,20867.9,529224.5
132.325447,-25.816550,555.0,-122.985,0.30,20826.3,530865.7
132.347344,-25.816522,551.9,-122.838,0.30,20829.4,533054.1
132.369451,-25.818586,553.2,-122.788,0.30,20599.9,535263.4
132.366864,-25.799673,550.4,-122.152,0.30,22702.9,535004.8
132.387081,-25.782280,545.4,-123.265,0.30,24637.0,537025.3
132.410296,-25.759624,537.1,-123.200,0.30,27156.2,539345.4
132.448614,-25.764736,535.6,-119.207,0.30,26587.8,543174.8
132.450872,-25.729616,530.5,-125.890,0.30,30492.9,543400.4
132.449175,-25.692102,522.9,-119.879,0.30,34664.3,543230.8
132.449470,-25.656076,517.1,-110.507,0.30,38670.2,543260.3
132.493013,-25.622491,509.2,-113.118,0.30,42404.7,547611.9
132.531114,-25.585745,500.1,-111.219,0.30,46490.6,551419.7
132.491580,-25.586607,503.3,-111.167,0.30,46394.8,547468.7
132.451072,-25.618682,511.5,-110.661,0.30,42828.2,543420.4
132.416756,-25.617923,508.3,-108.613,0.30,42912.6,539991.0
132.409810,-25.655661,517.0,-114.979,0.30,38716.3,539296.8
132.409459,-25.691259,521.4,-126.050,0.30,34758.0,539261.7
132.407513,-25.727868,529.3,-129.226,0.30,30687.3,539067.2
132.388808,-25.725297,529.3,-130.209,0.30,30973.2,537197.9
132.386619,-25.743814,535.1,-128.442,0.30,28914.2,536979.1
132.387192,-25.762441,542.3,-126.005,0.30,26843.0,537036.4
132.366450,-25.763067,538.3,-126.670,0.30,26773.3,534963.5
132.364921,-25.781033,543.5,-123.496,0.30,24775.6,534810.7
132.345824,-25.780596,544.2,-124.576,0.30,24824.2,532902.1
132.347006,-25.798913,550.3,-122.023,0.30,22787.4,533020.3
132.325723,-25.797022,549.1,-123.393,0.30,22997.7,530893.3
132.308990,-25.796918,547.3,-123.733,0.30,23009.3,529221.0
132.287741,-25.797110,550.5,-123.074,0.30,22987.9,527097.4
132.268932,-25.798024,554.2,-124.245,0.30,22886.3,525217.7
132.246423,-25.797127,550.5,-125.343,0.30,22986.0,522968.2
132.226947,-25.797296,549.7,-124.292,0.30,22967.3,521021.8
132.206505,-25.795321,547.1,-123.858,0.30,23186.9,518978.9
132.187647,-25.795696,545.6,-124.721,0.30,23145.2,517094.2
132.167147,-25.794653,547.8,-123.863,0.30,23261.1,515045.5
132.148623,-25.795644,555.2,-123.436,0.30,23150.9,513194.3
132.128546,-25.794213,564.2,-122.380,0.30,23310.1,511187.8
132.107049,-25.793314,555.3,-121.955,0.30,23410.0,509039.4
132.087082,-25.793904,559.0,-123.155,0.30,23344.4,507044.0
132.089679,-25.776076,554.5,-122.804,0.30,25326.8,507303.5
132.089881,-25.756489,551.7,-128.341,0.30,27504.8,507323.7
132.069987,-25.755837,552.1,-125.957,0.30,27577.3,505335.5
132.048981,-25.755873,552.0,-124.904,0.30,27573.3,503236.2
132.050200,-25.737532,548.7,-128.764,0.30,29612.7,503358.1
132.051569,-25.719059,546.1,-131.704,0.30,31666.8,503494.9
132.050872,-25.702219,543.7,-134.620,0.30,33539.3,503425.2
132.052912,-25.684219,539.5,-135.965,0.30,35540.8,503629.1
132.051570,-25.665208,537.6,-136.063,0.30,37654.8,503495.0
132.051518,-25.648467,534.8,-135.319,0.30,39516.3,503489.8
132.052254,-25.630720,531.1,-131.142,0.30,41489.7,503563.3
132.052884,-25.612371,528.8,-123.787,0.30,43530.0,503626.3
132.053487,-25.594733,525.6,-117.792,0.30,45491.2,503686.6
132.072576,-25.593364,524.5,-116.743,0.30,45643.5,505594.3
132.072060,-25.613169,527.9,-124.151,0.30,43441.2,505542.7
132.073533,-25.631103,530.9,-131.004,0.30,41447.1,505689.9
132.073161,-25.648053,532.9,-135.232,0.30,39562.3,505652.7
132.071073,-25.665832,542.0,-136.773,0.30,37585.4,505444.1
132.069104,-25.684016,541.2,-136.304,0.30,35563.4,505247.3
132.069260,-25.703807,543.4,-134.307,0.30,33362.8,505262.9
132.069740,-25.719424,546.7,-131.522,0.30,31626.2,505310.8
132.069112,-25.738283,549.8,-128.778,0.30,29529.2,505248.1
132.089498,-25.738925,547.7,-129.947,0.30,29457.8,507285.4
132.090132,-25.721449,545.6,-133.692,0.30,31401.1,507348.8
132.092120,-25.703448,541.0,-136.328,0.30,33402.7,507547.5
132.092717,-25.686005,538.6,-137.423,0.30,35342.2,507607.1
132.091780,-25.667108,535.6,-136.956,0.30,37443.5,507513.5
132.092462,-25.649091,532.1,-135.602,0.30,39446.9,507581.6
132.092712,-25.628761,530.1,-130.390,0.30,41707.5,507606.6
132.093346,-25.609685,528.5,-123.294,0.30,43828.6,507670.0
132.092139,-25.593155,525.3,-116.195,0.30,45666.7,507549.4
132.111285,-25.594638,524.2,-116.978,0.30,45501.8,509462.8
132.112430,-25.613591,528.4,-125.105,0.30,43394.3,509577.2
132.111673,-25.631956,529.5,-131.439,0.30,41352.2,509501.6
132.111036,-25.650473,536.7,-135.444,0.30,39293.2,509437.9
132.111097,-25.668109,534.9,-137.036,0.30,37332.2,509444.0
132.110142,-25.684066,537.9,-137.249,0.30,35557.9,509348.5
132.108961,-25.702444,539.5,-136.795,0.30,33514.3,509230.5
132.110116,-25.738966,546.3,-132.076,0.30,29453.3,509345.9
132.109751,-25.758134,551.0,-129.605,0.30,27321.9,509309.5
132.110133,-25.775309,552.7,-125.611,0.30,25412.1,509347.6
132.129634,-25.775919,553.3,-128.239,0.30,25344.3,511296.5
132.128404,-25.755142,550.4,-130.842,0.30,27654.6,511173.6
132.129586,-25.739844,545.9,-132.667,0.30,29355.6,511291.7
132.131058,-25.722146,542.1,-135.345,0.30,31323.6,511438.9
132.129241,-25.702822,539.1,-136.930,0.30,33472.3,511257.3
132.130734,-25.687301,537.7,-137.256,0.30,35198.1,511406.5
132.131849,-25.667673,534.1,-137.126,0.30,37380.7,511517.9
132.132769,-25.651100,530.8,-135.419,0.30,39223.5,511609.8
132.134621,-25.629269,526.8,-130.963,0.30,41651.0,511794.9
132.133417,-25.614539,527.8,-125.746,0.30,43288.9,511674.6
132.134601,-25.596375,520.5,-117.905,0.30,45308.6,511792.9
132.152759,-25.597081,521.5,-118.037,0.30,45230.1,513607.6
132.172640,-25.597705,520.0,-117.912,0.30,45160.8,515594.5
132.194437,-25.579718,515.3,-108.864,0.30,47160.8,517772.8
132.213850,-25.577945,511.7,-105.275,0.30,47358.0,519712.9
132.251165,-25.578775,511.3,-103.165,0.30,47265.7,523442.1
132.233849,-25.578584,513.9,-103.852,0.30,47286.9,521711.6
132.232054,-25.596671,514.6,-110.381,0.30,45275.7,521532.2
132.212226,-25.596473,516.4,-114.727,0.30,45297.8,519550.6
132.191294,-25.596151,518.2,-116.953,0.30,45333.6,517458.7
132.190950,-25.613562,520.7,-124.572,0.30,43397.5,517424.3
132.172250,-25.614252,520.7,-125.038,0.30,43320.8,515555.5
132.152846,-25.612801,523.0,-125.167,0.30,43482.2,513616.3
132.151499,-25.629409,525.5,-131.422,0.30,41635.4,513481.7
132.150017,-25.649052,531.8,-135.624,0.30,39451.2,513333.6
132.149682,-25.667473,532.5,-137.142,0.30,37402.9,513300.1
132.149498,-25.685724,533.8,-137.286,0.30,35373.5,513281.7
132.150038,-25.705115,536.4,-136.396,0.30,33217.3,513335.7
132.148970,-25.720754,540.9,-135.209,0.30,31478.3,513228.9
132.149890,-25.739091,537.7,-132.720,0.30,29439.4,513320.9
132.148524,-25.756931,544.2,-130.712,0.30,27455.6,513184.4
132.147268,-25.775105,547.3,-129.095,0.30,25434.8,513058.8
132.168919,-25.776206,543.3,-128.797,0.30,25312.4,515222.6
132.170406,-25.759496,540.6,-130.707,0.30,27170.4,515371.2
132.189117,-25.759085,537.9,-130.722,0.30,27216.1,517241.2
132.189868,-25.778106,540.9,-128.969,0.30,25101.1,517316.2
132.211034,-25.778083,544.4,-128.886,0.30,25103.6,519431.5
132.208143,-25.759667,539.6,-130.890,0.30,27151.4,519142.6
132.228589,-25.760535,542.2,-130.432,0.30,27054.9,521185.9
132.225622,-25.776652,543.7,-128.445,0.30,25262.8,520889.4
132.247545,-25.778589,547.0,-127.237,0.30,25047.4,523080.3
132.248814,-25.760731,541.8,-130.110,0.30,27033.1,523207.2
132.267752,-25.760344,537.7,-129.573,0.30,27076.1,525099.8
132.268219,-25.776876,545.7,-126.844,0.30,25237.9,525146.5
132.287905,-25.780518,551.3,-125.736,0.30,24832.9,527113.8
132.288849,-25.760163,533.9,-129.371,0.30,27096.3,527208.2
132.306411,-25.763222,552.1,-128.766,0.30,26756.1,528963.3
132.308399,-25.779237,543.1,-125.090,0.30,24975.3,529162.0
132.326255,-25.780258,542.9,-125.151,0.30,24861.8,530946.5
132.451113,-25.584680,514.1,-110.294,0.30,46609.1,543424.5
132.410781,-25.582685,502.4,-109.089,0.30,46830.9,539393.8
132.388745,-25.618200,509.0,-106.762,0.30,42881.8,537191.6
132.389825,-25.637355,514.3,-111.261,0.30,40751.9,537299.5
132.391210,-25.655512,513.0,-117.256,0.30,38732.9,537437.9
132.391252,-25.672941,519.5,-123.316,0.30,36794.9,537442.1
132.389850,-25.690177,524.6,-128.277,0.30,34878.3,537302.0
132.388429,-25.710163,527.3,-131.273,0.30,32656.0,537160.0
132.367961,-25.708545,525.2,-131.995,0.30,32835.9,535114.5
132.367305,-25.727018,530.6,-131.321,0.30,30781.8,535048.9
132.369368,-25.745820,535.8,-129.454,0.30,28691.1,535255.1
132.347399,-25.742487,532.9,-130.942,0.30,29061.7,533059.6
132.346939,-25.763445,539.5,-127.686,0.30,26731.3,533013.6
132.326384,-25.761983,539.8,-129.005,0.30,26893.9,530959.4
132.327698,-25.741158,534.7,-131.786,0.30,29209.5,531090.7
132.308685,-25.743516,539.3,-131.758,0.30,28947.3,529190.5
132.287894,-25.742818,530.2,-132.307,0.30,29024.9,527112.7
132.267667,-25.742110,534.8,-132.610,0.30,29103.7,525091.3
132.246925,-25.741753,548.0,-133.110,0.30,29143.4,523018.4
132.228765,-25.742058,542.5,-133.032,0.30,29109.4,521203.5
132.207094,-25.741250,536.5,-132.952,0.30,29199.3,519037.7
132.187096,-25.741250,534.4,-132.557,0.30,29199.3,517039.2
132.168048,-25.741711,535.2,-132.681,0.30,29148.0,515135.6
132.169716,-25.721015,538.0,-135.167,0.30,31449.3,515302.3
132.170167,-25.702749,534.0,-136.596,0.30,33480.4,515347.3
132.170030,-25.684426,535.5,-137.766,0.30,35517.8,515333.6
132.169462,-25.667445,535.1,-137.680,0.30,37406.0,515276.9
132.172039,-25.649132,527.0,-135.493,0.30,39442.3,515534.4
132.172604,-25.631112,524.7,-131.143,0.30,41446.1,515590.9
132.193901,-25.632422,521.1,-130.854,0.30,41300.4,517719.3
132.190925,-25.651410,524.0,-134.949,0.30,39189.0,517421.8
132.189473,-25.667865,526.7,-136.925,0.30,37359.3,517276.7
132.191143,-25.688739,529.7,-137.267,0.30,35038.2,517443.6
132.190358,-25.705722,531.0,-136.301,0.30,33149.8,517365.2
132.190188,-25.722878,531.1,-134.787,0.30,31242.2,517348.2
132.210967,-25.723145,534.6,-134.850,0.30,31212.5,519424.8
132.208993,-25.703591,532.1,-136.101,0.30,33386.8,519227.5
132.210452,-25.686488,528.4,-136.470,0.30,35288.5,519373.3
132.208515,-25.669403,527.2,-136.185,0.30,37188.3,519179.8
132.209785,-25.650708,530.4,-134.171,0.30,39267.1,519306.7
132.211660,-25.631888,521.2,-129.547,0.30,41359.8,519494.1
132.212469,-25.613844,522.2,-123.046,0.30,43366.2,519574.9
132.232396,-25.615027,519.2,-120.916,0.30,43234.6,521566.4
132.230952,-25.635483,519.7,-128.674,0.30,40960.0,521422.1
132.232042,-25.653340,528.2,-132.558,0.30,38974.4,521531.0
132.230302,-25.671169,523.6,-134.629,0.30,36991.9,521357.1
132.230482,-25.689035,527.9,-135.756,0.30,35005.3,521375.1
132.229073,-25.706079,545.5,-136.375,0.30,33110.1,521234.3
132.230115,-25.725504,539.7,-134.861,0.30,30950.2,521338.4
132.249574,-25.724317,544.1,-134.915,0.30,31082.1,523283.1
132.248373,-25.706651,542.9,-135.910,0.30,33046.5,523163.1
132.249658,-25.687409,528.0,-134.986,0.30,35186.1,523291.5
132.251913,-25.668670,514.3,-132.596,0.30,37269.8,523516.9
132.252784,-25.652586,521.0,-129.910,0.30,39058.3,523603.9
132.250877,-25.633227,510.0,-125.581,0.30,41210.9,523413.3
132.252541,-25.616331,509.5,-118.770,0.30,43089.6,523579.6
132.252763,-25.598164,512.2,-107.405,0.30,45109.7,523601.8
132.273517,-25.598049,509.5,-104.964,0.30,45122.5,525675.9
132.273326,-25.579475,506.2,-101.714,0.30,47187.8,525656.8
132.293516,-25.579369,505.8,-102.275,0.30,47199.6,527674.6
132.291859,-25.598669,504.4,-103.684,0.30,45053.6,527509.0
132.311894,-25.598615,506.1,-103.575,0.30,45059.6,529511.3
132.331073,-25.599211,509.2,-105.237,0.30,44993.3,531428.0
132.332664,-25.579698,501.0,-106.145,0.30,47163.0,531587.0
132.312136,-25.580189,502.5,-103.639,0.30,47108.4,529535.4
132.332401,-25.614993,506.2,-107.244,0.30,43238.4,531560.7
132.311565,-25.617035,505.9,-110.290,0.30,43011.4,529478.4
132.292508,-25.616849,507.8,-112.704,0.30,43032.0,527573.9
132.272565,-25.616429,506.1,-115.256,0.30,43078.7,525580.8
132.270518,-25.632631,509.1,-123.790,0.30,41277.2,525376.2
132.270659,-25.651399,516.8,-128.550,0.30,39190.3,525390.3
132.270927,-25.669259,519.7,-131.826,0.30,37204.3,525417.1
132.271286,-25.688093,523.3,-134.469,0.30,35110.1,525453.0
132.270678,-25.705631,528.3,-135.245,0.30,33159.9,525392.2
132.271257,-25.722903,532.6,-134.789,0.30,31239.4,525450.1
132.286202,-25.723802,530.3,-134.487,0.30,31139.4,526943.6
132.291195,-25.704514,526.2,-135.107,0.30,33284.1,527442.6
132.288926,-25.687030,519.1,-134.047,0.30,35228.3,527215.9
132.289533,-25.670210,520.1,-131.794,0.30,37098.6,527276.5
132.292922,-25.651834,515.7,-127.931,0.30,39141.9,527615.2
132.292585,-25.635782,512.9,-123.007,0.30,40926.8,527581.5
132.311094,-25.635034,511.4,-120.428,0.30,41010.0,529431.3
132.312762,-25.653110,511.2,-126.618,0.30,39000.0,529598.0
132.308689,-25.672014,520.2,-131.741,0.30,36898.0,529190.9
132.306333,-25.690746,524.5,-133.920,0.30,34815.1,528955.5
132.310039,-25.706582,525.3,-134.260,0.30,33054.2,529325.9
132.310467,-25.722904,528.2,-133.818,0.30,31239.3,529368.6
132.326733,-25.725537,533.4,-133.470,0.30,30946.5,530994.2
132.350578,-25.726215,534.6,-132.314,0.30,30871.1,533377.3
132.350932,-25.706490,532.4,-132.638,0.30,33064.4,533412.6
132.331724,-25.707927,529.9,-133.802,0.30,32904.6,531493.0
132.330445,-25.688807,524.5,-132.607,0.30,35030.7,531365.2
132.331521,-25.673195,519.7,-130.441,0.30,36766.7,531472.7
132.331439,-25.651836,515.1,-124.391,0.30,39141.7,531464.5
132.331706,-25.635962,515.3,-117.492,0.30,40906.8,531491.2
132.350651,-25.619357,509.3,-108.030,0.30,42753.2,533384.6
132.351736,-25.636225,510.3,-114.992,0.30,40877.5,533493.0
132.350403,-25.653177,519.1,-122.668,0.30,38992.6,533359.8
132.355672,-25.673902,518.2,-128.617,0.30,36688.0,533886.3
132.352210,-25.689151,521.1,-131.566,0.30,34992.4,533540.4
132.369939,-25.688366,520.3,-130.146,0.30,35079.7,535312.2
132.370798,-25.669582,516.6,-125.839,0.30,37168.4,535398.0
132.368921,-25.653718,512.9,-120.157,0.30,38932.4,535210.4
132.370877,-25.635809,511.1,-112.594,0.30,40923.8,535405.9
132.369730,-25.616264,506.4,-106.441,0.30,43097.1,535291.3
132.350956,-25.599781,502.4,-105.053,0.30,44929.9,533415.0
132.369637,-25.599253,507.1,-105.740,0.30,44988.6,535282.0
132.390185,-25.599190,506.8,-106.948,0.30,44995.6,537335.5
132.390969,-25.583145,504.3,-108.119,0.30,46779.8,537413.9
132.372343,-25.581644,501.9,-107.262,0.30,46946.7,535552.4
132.353660,-25.581576,502.0,-106.668,0.30,46954.2,533685.3
132.393381,-25.564048,501.4,-109.510,0.30,48903.2,537654.9
132.812768,-25.554911,481.4,-96.434,0.30,49919.2,579567.6
132.888283,-25.554976,473.9,-98.485,0.30,49912.0,587114.5
132.927715,-25.554750,465.0,-100.126,0.30,49937.1,591055.2
132.523935,-25.874092,556.4,-112.887,0.30,14427.9,550702.2
132.527805,-25.872539,556.6,-112.380,0.30,14600.6,551089.0
