# VFSA 2D iteration best - 2026-09-15 00:42:25
# chains=2  n_ctrl=250  frac_update_controls=1.0  temp_kappa=1.0  cool_ratio=0.001  target_rms=1.0  n_trials=1
--------------------------------------------------------------------------------------------------------------------------------------------------------------------------------------------------------
 Chain     Iter         Temp       Chi2Curr        dChi2      RMSCurr     CurrRMS     Chi2Best     RMSBest   Nacc Model
--------------------------------------------------------------------------------------------------------------------------------------------------------------------------------------------------------
     1        1            1    772526.1736    2464.1950     30.32613    30.32613  770061.9786    30.27772      1 chain_01/itr_00001_trial_01.rho
     1        2       0.9977    826932.9330   54406.7593     31.37585    31.37585  770061.9786    30.27772      1 chain_01/itr_00002_trial_01.rho
     1        3       0.9954   1124252.9658  297320.0328     36.58410    36.58410  770061.9786    30.27772      1 chain_01/itr_00003_trial_01.rho
     1        4       0.9931   1151825.4429   27572.4772     37.03000    37.03000  770061.9786    30.27772      1 chain_01/itr_00004_trial_01.rho
     1        5       0.9908    930540.1290 -221285.3139     33.28342    33.28342  770061.9786    30.27772      1 chain_01/itr_00005_trial_01.rho
     1        6       0.9885   1022430.9298   91890.8007     34.88810    34.88810  770061.9786    30.27772      1 chain_01/itr_00006_trial_01.rho
     1        7       0.9863    963242.6245  -59188.3053     33.86322    33.86322  770061.9786    30.27772      1 chain_01/itr_00007_trial_01.rho
     1        8        0.984    899883.0254  -63359.5991     32.73056    32.73056  770061.9786    30.27772      1 chain_01/itr_00008_trial_01.rho
     1        9       0.9817    781620.2179 -118262.8075     30.50410    30.50410  770061.9786    30.27772      1 chain_01/itr_00009_trial_01.rho
     1       10       0.9795    817391.5707   35771.3528     31.19431    31.19431  770061.9786    30.27772      1 chain_01/itr_00010_trial_01.rho
     1       11       0.9772    837755.6391   20364.0684     31.58050    31.58050  770061.9786    30.27772      1 chain_01/itr_00011_trial_01.rho
     1       12        0.975    723215.8985 -114539.7406     29.34231    29.34231  723215.8985    29.34231      1 chain_01/itr_00012_trial_01.rho
     1       13       0.9727    714692.4062   -8523.4923     29.16889    29.16889  714692.4062    29.16889      1 chain_01/itr_00013_trial_01.rho
     1       14       0.9705    787082.8475   72390.4413     30.61051    30.61051  714692.4062    29.16889      1 chain_01/itr_00014_trial_01.rho
     1       15       0.9683    543750.8675 -243331.9800     25.44253    25.44253  543750.8675    25.44253      1 chain_01/itr_00015_trial_01.rho
     1       16        0.966    614878.1913   71127.3237     27.05546    27.05546  543750.8675    25.44253      1 chain_01/itr_00016_trial_01.rho
     1       17       0.9638    556561.9809  -58316.2103     25.74051    25.74051  543750.8675    25.44253      1 chain_01/itr_00017_trial_01.rho
     1       18       0.9616    539389.7246  -17172.2563     25.34030    25.34030  539389.7246    25.34030      1 chain_01/itr_00018_trial_01.rho
     1       19       0.9594    554926.6108   15536.8862     25.70266    25.70266  539389.7246    25.34030      1 chain_01/itr_00019_trial_01.rho
     1       20       0.9572    427266.0557 -127660.5551     22.55327    22.55327  427266.0557    22.55327      1 chain_01/itr_00020_trial_01.rho
     1       21        0.955    419905.2204   -7360.8352     22.35816    22.35816  419905.2204    22.35816      1 chain_01/itr_00021_trial_01.rho
     1       22       0.9528    440447.9419   20542.7214     22.89853    22.89853  419905.2204    22.35816      1 chain_01/itr_00022_trial_01.rho
     1       23       0.9506    378071.1703  -62376.7716     21.21520    21.21520  378071.1703    21.21520      1 chain_01/itr_00023_trial_01.rho
     1       24       0.9484    348685.0438  -29386.1265     20.37403    20.37403  348685.0438    20.37403      1 chain_01/itr_00024_trial_01.rho
     1       25       0.9462    356079.1614    7394.1176     20.58892    20.58892  348685.0438    20.37403      1 chain_01/itr_00025_trial_01.rho
     1       26        0.944    307418.6674  -48660.4940     19.13046    19.13046  307418.6674    19.13046      1 chain_01/itr_00026_trial_01.rho
     1       27       0.9419    324540.8848   17122.2173     19.65600    19.65600  307418.6674    19.13046      1 chain_01/itr_00027_trial_01.rho
     1       28       0.9397    342253.6270   17712.7422     20.18526    20.18526  307418.6674    19.13046      1 chain_01/itr_00028_trial_01.rho
     1       29       0.9375    324415.4715  -17838.1555     19.65220    19.65220  307418.6674    19.13046      1 chain_01/itr_00029_trial_01.rho
     1       30       0.9354    295525.4568  -28890.0147     18.75676    18.75676  295525.4568    18.75676      1 chain_01/itr_00030_trial_01.rho
     1       31       0.9332    286349.5962   -9175.8606     18.46327    18.46327  286349.5962    18.46327      1 chain_01/itr_00031_trial_01.rho
     1       32       0.9311    288936.3763    2586.7801     18.54648    18.54648  286349.5962    18.46327      1 chain_01/itr_00032_trial_01.rho
     1       33       0.9289    265499.6310  -23436.7453     17.77839    17.77839  265499.6310    17.77839      1 chain_01/itr_00033_trial_01.rho
     1       34       0.9268    241106.6911  -24392.9400     16.94201    16.94201  241106.6911    16.94201      1 chain_01/itr_00034_trial_01.rho
     1       35       0.9247    238612.6503   -2494.0408     16.85416    16.85416  238612.6503    16.85416      1 chain_01/itr_00035_trial_01.rho
     1       36       0.9225    196380.0563  -42232.5940     15.29005    15.29005  196380.0563    15.29005      1 chain_01/itr_00036_trial_01.rho
     1       37       0.9204    177580.5755  -18799.4808     14.53979    14.53979  177580.5755    14.53979      1 chain_01/itr_00037_trial_01.rho
     1       38       0.9183    181657.6292    4077.0537     14.70575    14.70575  177580.5755    14.53979      1 chain_01/itr_00038_trial_01.rho
     1       39       0.9162    187849.6782    6192.0490     14.95428    14.95428  177580.5755    14.53979      1 chain_01/itr_00039_trial_01.rho
     1       40       0.9141    215623.5271   27773.8490     16.02169    16.02169  177580.5755    14.53979      1 chain_01/itr_00040_trial_01.rho
     1       41        0.912    204934.3042  -10689.2229     15.61952    15.61952  177580.5755    14.53979      1 chain_01/itr_00041_trial_01.rho
     1       42       0.9099    194765.1056  -10169.1986     15.22706    15.22706  177580.5755    14.53979      1 chain_01/itr_00042_trial_01.rho
     1       43       0.9078    176181.8855  -18583.2201     14.48241    14.48241  176181.8855    14.48241      1 chain_01/itr_00043_trial_01.rho
     1       44       0.9057    172608.2251   -3573.6604     14.33478    14.33478  172608.2251    14.33478      1 chain_01/itr_00044_trial_01.rho
     1       45       0.9036    146068.7491  -26539.4760     13.18679    13.18679  146068.7491    13.18679      1 chain_01/itr_00045_trial_01.rho
     1       46       0.9015    129498.4211  -16570.3280     12.41631    12.41631  129498.4211    12.41631      1 chain_01/itr_00046_trial_01.rho
     1       47       0.8995    129498.4211       0.0000     12.41631    12.41631  129498.4211    12.41631      0 -
     1       48       0.8974    142443.7309   12945.3098     13.02213    13.02213  129498.4211    12.41631      1 chain_01/itr_00048_trial_01.rho
     1       49       0.8953    140201.9675   -2241.7634     12.91925    12.91925  129498.4211    12.41631      1 chain_01/itr_00049_trial_01.rho
     1       50       0.8933    145265.9707    5064.0032     13.15050    13.15050  129498.4211    12.41631      1 chain_01/itr_00050_trial_01.rho
     1       51       0.8912    139753.6792   -5512.2915     12.89858    12.89858  129498.4211    12.41631      1 chain_01/itr_00051_trial_01.rho
     1       52       0.8892    148738.2632    8984.5840     13.30674    13.30674  129498.4211    12.41631      1 chain_01/itr_00052_trial_01.rho
     1       53       0.8871    154372.7516    5634.4883     13.55644    13.55644  129498.4211    12.41631      1 chain_01/itr_00053_trial_01.rho
     1       54       0.8851    163623.8976    9251.1460     13.95673    13.95673  129498.4211    12.41631      1 chain_01/itr_00054_trial_01.rho
     1       55        0.883    157742.5871   -5881.3105     13.70361    13.70361  129498.4211    12.41631      1 chain_01/itr_00055_trial_01.rho
     1       56        0.881    135607.1995  -22135.3876     12.70579    12.70579  129498.4211    12.41631      1 chain_01/itr_00056_trial_01.rho
     1       57        0.879    169580.9436   33973.7441     14.20852    14.20852  129498.4211    12.41631      1 chain_01/itr_00057_trial_01.rho
     1       58        0.877    169290.6220    -290.3216     14.19635    14.19635  129498.4211    12.41631      1 chain_01/itr_00058_trial_01.rho
     1       59       0.8749    195343.9099   26053.2879     15.24966    15.24966  129498.4211    12.41631      1 chain_01/itr_00059_trial_01.rho
     1       60       0.8729    209718.5761   14374.6662     15.80079    15.80079  129498.4211    12.41631      1 chain_01/itr_00060_trial_01.rho
     1       61       0.8709    175314.4622  -34404.1139     14.44672    14.44672  129498.4211    12.41631      1 chain_01/itr_00061_trial_01.rho
     1       62       0.8689    169878.8592   -5435.6030     14.22100    14.22100  129498.4211    12.41631      1 chain_01/itr_00062_trial_01.rho
     1       63       0.8669    153266.6518  -16612.2074     13.50779    13.50779  129498.4211    12.41631      1 chain_01/itr_00063_trial_01.rho
     1       64       0.8649    152092.1471   -1174.5048     13.45593    13.45593  129498.4211    12.41631      1 chain_01/itr_00064_trial_01.rho
     1       65       0.8629    163947.5978   11855.4507     13.97053    13.97053  129498.4211    12.41631      1 chain_01/itr_00065_trial_01.rho
     1       66        0.861    152637.4810  -11310.1168     13.48003    13.48003  129498.4211    12.41631      1 chain_01/itr_00066_trial_01.rho
     1       67        0.859    149200.7997   -3436.6813     13.32742    13.32742  129498.4211    12.41631      1 chain_01/itr_00067_trial_01.rho
     1       68        0.857    150887.3305    1686.5308     13.40253    13.40253  129498.4211    12.41631      1 chain_01/itr_00068_trial_01.rho
     1       69        0.855    155295.0633    4407.7328     13.59688    13.59688  129498.4211    12.41631      1 chain_01/itr_00069_trial_01.rho
     1       70       0.8531    151378.3286   -3916.7347     13.42432    13.42432  129498.4211    12.41631      1 chain_01/itr_00070_trial_01.rho
     1       71       0.8511    177140.4506   25762.1220     14.52176    14.52176  129498.4211    12.41631      1 chain_01/itr_00071_trial_01.rho
     1       72       0.8491    189179.3128   12038.8622     15.00711    15.00711  129498.4211    12.41631      1 chain_01/itr_00072_trial_01.rho
     1       73       0.8472    191110.1802    1930.8674     15.08350    15.08350  129498.4211    12.41631      1 chain_01/itr_00073_trial_01.rho
     1       74       0.8452    159809.9702  -31300.2100     13.79311    13.79311  129498.4211    12.41631      1 chain_01/itr_00074_trial_01.rho
     1       75       0.8433    159809.9702       0.0000     13.79311    13.79311  129498.4211    12.41631      0 -
     1       76       0.8413    143112.9800  -16696.9902     13.05269    13.05269  129498.4211    12.41631      1 chain_01/itr_00076_trial_01.rho
     1       77       0.8394    136604.1876   -6508.7924     12.75241    12.75241  129498.4211    12.41631      1 chain_01/itr_00077_trial_01.rho
     1       78       0.8375    125139.2980  -11464.8897     12.20555    12.20555  125139.2980    12.20555      1 chain_01/itr_00078_trial_01.rho
     1       79       0.8356    125139.2980       0.0000     12.20555    12.20555  125139.2980    12.20555      0 -
     1       80       0.8336    123150.6585   -1988.6394     12.10818    12.10818  123150.6585    12.10818      1 chain_01/itr_00080_trial_01.rho
     1       81       0.8317    113616.5764   -9534.0821     11.63004    11.63004  113616.5764    11.63004      1 chain_01/itr_00081_trial_01.rho
     1       82       0.8298     88372.6520  -25243.9244     10.25698    10.25698   88372.6520    10.25698      1 chain_01/itr_00082_trial_01.rho
     1       83       0.8279     83573.9543   -4798.6977      9.97461     9.97461   83573.9543     9.97461      1 chain_01/itr_00083_trial_01.rho
     1       84        0.826     88120.8591    4546.9048     10.24235    10.24235   83573.9543     9.97461      1 chain_01/itr_00084_trial_01.rho
     1       85       0.8241     99313.2930   11192.4339     10.87337    10.87337   83573.9543     9.97461      1 chain_01/itr_00085_trial_01.rho
     1       86       0.8222    127083.4178   27770.1247     12.29999    12.29999   83573.9543     9.97461      1 chain_01/itr_00086_trial_01.rho
     1       87       0.8203    124011.1804   -3072.2374     12.15041    12.15041   83573.9543     9.97461      1 chain_01/itr_00087_trial_01.rho
     1       88       0.8184    112669.9932  -11341.1871     11.58149    11.58149   83573.9543     9.97461      1 chain_01/itr_00088_trial_01.rho
     1       89       0.8165     99861.3584  -12808.6348     10.90333    10.90333   83573.9543     9.97461      1 chain_01/itr_00089_trial_01.rho
     1       90       0.8146     79571.5280  -20289.8304      9.73283     9.73283   79571.5280     9.73283      1 chain_01/itr_00090_trial_01.rho
     1       91       0.8128     71836.4956   -7735.0324      9.24768     9.24768   71836.4956     9.24768      1 chain_01/itr_00091_trial_01.rho
     1       92       0.8109     72712.0686     875.5730      9.30387     9.30387   71836.4956     9.24768      1 chain_01/itr_00092_trial_01.rho
     1       93        0.809     65280.2687   -7431.7999      8.81559     8.81559   65280.2687     8.81559      1 chain_01/itr_00093_trial_01.rho
     1       94       0.8072     67378.9877    2098.7190      8.95618     8.95618   65280.2687     8.81559      1 chain_01/itr_00094_trial_01.rho
     1       95       0.8053     77639.4964   10260.5087      9.61395     9.61395   65280.2687     8.81559      1 chain_01/itr_00095_trial_01.rho
     1       96       0.8035     79991.5936    2352.0972      9.75849     9.75849   65280.2687     8.81559      1 chain_01/itr_00096_trial_01.rho
     1       97       0.8016     74719.9588   -5271.6348      9.43145     9.43145   65280.2687     8.81559      1 chain_01/itr_00097_trial_01.rho
     1       98       0.7998     74719.9588       0.0000      9.43145     9.43145   65280.2687     8.81559      0 -
     1       99       0.7979     67149.4456   -7570.5132      8.94091     8.94091   65280.2687     8.81559      1 chain_01/itr_00099_trial_01.rho
     1      100       0.7961     67149.4456       0.0000      8.94091     8.94091   65280.2687     8.81559      0 -
     1      101       0.7943     63749.9441   -3399.5015      8.71165     8.71165   63749.9441     8.71165      1 chain_01/itr_00101_trial_01.rho
     1      102       0.7924     64657.3623     907.4181      8.77343     8.77343   63749.9441     8.71165      1 chain_01/itr_00102_trial_01.rho
     1      103       0.7906     59158.7803   -5498.5820      8.39209     8.39209   59158.7803     8.39209      1 chain_01/itr_00103_trial_01.rho
     1      104       0.7888     60334.8092    1176.0289      8.47509     8.47509   59158.7803     8.39209      1 chain_01/itr_00104_trial_01.rho
     1      105        0.787     59468.6889    -866.1202      8.41404     8.41404   59158.7803     8.39209      1 chain_01/itr_00105_trial_01.rho
     1      106       0.7852     56149.3565   -3319.3324      8.17585     8.17585   56149.3565     8.17585      1 chain_01/itr_00106_trial_01.rho
     1      107       0.7834     57227.0196    1077.6631      8.25393     8.25393   56149.3565     8.17585      1 chain_01/itr_00107_trial_01.rho
     1      108       0.7816     50671.0505   -6555.9691      7.76677     7.76677   50671.0505     7.76677      1 chain_01/itr_00108_trial_01.rho
     1      109       0.7798     50452.0537    -218.9967      7.74997     7.74997   50452.0537     7.74997      1 chain_01/itr_00109_trial_01.rho
     1      110        0.778     52079.8007    1627.7469      7.87399     7.87399   50452.0537     7.74997      1 chain_01/itr_00110_trial_01.rho
     1      111       0.7762     50534.6880   -1545.1127      7.75631     7.75631   50452.0537     7.74997      1 chain_01/itr_00111_trial_01.rho
     1      112       0.7744     48245.7103   -2288.9777      7.57861     7.57861   48245.7103     7.57861      1 chain_01/itr_00112_trial_01.rho
     1      113       0.7726     49123.2014     877.4911      7.64722     7.64722   48245.7103     7.57861      1 chain_01/itr_00113_trial_01.rho
     1      114       0.7708     53134.8625    4011.6612      7.95335     7.95335   48245.7103     7.57861      1 chain_01/itr_00114_trial_01.rho
     1      115       0.7691     49253.5889   -3881.2736      7.65736     7.65736   48245.7103     7.57861      1 chain_01/itr_00115_trial_01.rho
     1      116       0.7673     51428.2317    2174.6428      7.82458     7.82458   48245.7103     7.57861      1 chain_01/itr_00116_trial_01.rho
     1      117       0.7655     58992.2999    7564.0682      8.38027     8.38027   48245.7103     7.57861      1 chain_01/itr_00117_trial_01.rho
     1      118       0.7638     57292.1926   -1700.1074      8.25863     8.25863   48245.7103     7.57861      1 chain_01/itr_00118_trial_01.rho
     1      119        0.762     59773.9462    2481.7537      8.43561     8.43561   48245.7103     7.57861      1 chain_01/itr_00119_trial_01.rho
     1      120       0.7603     58120.8933   -1653.0530      8.31815     8.31815   48245.7103     7.57861      1 chain_01/itr_00120_trial_01.rho
     1      121       0.7585     59661.1387    1540.2454      8.42764     8.42764   48245.7103     7.57861      1 chain_01/itr_00121_trial_01.rho
     1      122       0.7568     53179.2075   -6481.9312      7.95667     7.95667   48245.7103     7.57861      1 chain_01/itr_00122_trial_01.rho
     1      123        0.755     51801.5760   -1377.6315      7.85293     7.85293   48245.7103     7.57861      1 chain_01/itr_00123_trial_01.rho
     1      124       0.7533     53135.5030    1333.9269      7.95340     7.95340   48245.7103     7.57861      1 chain_01/itr_00124_trial_01.rho
     1      125       0.7516     51714.9526   -1420.5503      7.84636     7.84636   48245.7103     7.57861      1 chain_01/itr_00125_trial_01.rho
     1      126       0.7498     54722.3150    3007.3624      8.07128     8.07128   48245.7103     7.57861      1 chain_01/itr_00126_trial_01.rho
     1      127       0.7481     50989.1038   -3733.2112      7.79110     7.79110   48245.7103     7.57861      1 chain_01/itr_00127_trial_01.rho
     1      128       0.7464     50892.4461     -96.6578      7.78372     7.78372   48245.7103     7.57861      1 chain_01/itr_00128_trial_01.rho
     1      129       0.7447     48208.4541   -2683.9919      7.57569     7.57569   48208.4541     7.57569      1 chain_01/itr_00129_trial_01.rho
     1      130       0.7429     46207.4746   -2000.9795      7.41680     7.41680   46207.4746     7.41680      1 chain_01/itr_00130_trial_01.rho
     1      131       0.7412     46589.5838     382.1092      7.44740     7.44740   46207.4746     7.41680      1 chain_01/itr_00131_trial_01.rho
     1      132       0.7395     46465.3601    -124.2237      7.43747     7.43747   46207.4746     7.41680      1 chain_01/itr_00132_trial_01.rho
     1      133       0.7378     46047.9665    -417.3936      7.40399     7.40399   46047.9665     7.40399      1 chain_01/itr_00133_trial_01.rho
     1      134       0.7361     45416.4519    -631.5146      7.35304     7.35304   45416.4519     7.35304      1 chain_01/itr_00134_trial_01.rho
     1      135       0.7344     46831.3780    1414.9261      7.46670     7.46670   45416.4519     7.35304      1 chain_01/itr_00135_trial_01.rho
     1      136       0.7327     46831.3780       0.0000      7.46670     7.46670   45416.4519     7.35304      0 -
     1      137       0.7311     50725.6650    3894.2870      7.77095     7.77095   45416.4519     7.35304      1 chain_01/itr_00137_trial_01.rho
     1      138       0.7294     48326.4588   -2399.2062      7.58495     7.58495   45416.4519     7.35304      1 chain_01/itr_00138_trial_01.rho
     1      139       0.7277     48591.8795     265.4207      7.60575     7.60575   45416.4519     7.35304      1 chain_01/itr_00139_trial_01.rho
     1      140        0.726     48963.5383     371.6588      7.63478     7.63478   45416.4519     7.35304      1 chain_01/itr_00140_trial_01.rho
     1      141       0.7244     50416.1646    1452.6263      7.74721     7.74721   45416.4519     7.35304      1 chain_01/itr_00141_trial_01.rho
     1      142       0.7227     51501.2592    1085.0946      7.83014     7.83014   45416.4519     7.35304      1 chain_01/itr_00142_trial_01.rho
     1      143        0.721     51501.2592       0.0000      7.83014     7.83014   45416.4519     7.35304      0 -
     1      144       0.7194     51297.6141    -203.6451      7.81464     7.81464   45416.4519     7.35304      1 chain_01/itr_00144_trial_01.rho
     1      145       0.7177     51701.5032     403.8891      7.84534     7.84534   45416.4519     7.35304      1 chain_01/itr_00145_trial_01.rho
     1      146       0.7161     48916.4886   -2785.0146      7.63111     7.63111   45416.4519     7.35304      1 chain_01/itr_00146_trial_01.rho
     1      147       0.7144     49871.7192     955.2306      7.70526     7.70526   45416.4519     7.35304      1 chain_01/itr_00147_trial_01.rho
     1      148       0.7128     49563.6384    -308.0808      7.68143     7.68143   45416.4519     7.35304      1 chain_01/itr_00148_trial_01.rho
     1      149       0.7111     49563.6384       0.0000      7.68143     7.68143   45416.4519     7.35304      0 -
     1      150       0.7095     50084.8878     521.2494      7.72171     7.72171   45416.4519     7.35304      1 chain_01/itr_00150_trial_01.rho
     1      151       0.7079     49466.9896    -617.8982      7.67393     7.67393   45416.4519     7.35304      1 chain_01/itr_00151_trial_01.rho
     1      152       0.7062     47540.9993   -1925.9903      7.52306     7.52306   45416.4519     7.35304      1 chain_01/itr_00152_trial_01.rho
     1      153       0.7046     48804.3652    1263.3659      7.62236     7.62236   45416.4519     7.35304      1 chain_01/itr_00153_trial_01.rho
     1      154        0.703     46057.3380   -2747.0272      7.40474     7.40474   45416.4519     7.35304      1 chain_01/itr_00154_trial_01.rho
     1      155       0.7014     45047.4441   -1009.8939      7.32311     7.32311   45047.4441     7.32311      1 chain_01/itr_00155_trial_01.rho
     1      156       0.6998     47701.3465    2653.9023      7.53574     7.53574   45047.4441     7.32311      1 chain_01/itr_00156_trial_01.rho
     1      157       0.6981     48266.1531     564.8067      7.58022     7.58022   45047.4441     7.32311      1 chain_01/itr_00157_trial_01.rho
     1      158       0.6965     50243.4635    1977.3103      7.73393     7.73393   45047.4441     7.32311      1 chain_01/itr_00158_trial_01.rho
     1      159       0.6949     47999.6494   -2243.8140      7.55926     7.55926   45047.4441     7.32311      1 chain_01/itr_00159_trial_01.rho
     1      160       0.6933     49238.0667    1238.4172      7.65616     7.65616   45047.4441     7.32311      1 chain_01/itr_00160_trial_01.rho
     1      161       0.6917     46654.2020   -2583.8647      7.45256     7.45256   45047.4441     7.32311      1 chain_01/itr_00161_trial_01.rho
     1      162       0.6902     48440.4349    1786.2329      7.59389     7.59389   45047.4441     7.32311      1 chain_01/itr_00162_trial_01.rho
     1      163       0.6886     54129.5173    5689.0825      8.02745     8.02745   45047.4441     7.32311      1 chain_01/itr_00163_trial_01.rho
     1      164        0.687     52089.6247   -2039.8926      7.87474     7.87474   45047.4441     7.32311      1 chain_01/itr_00164_trial_01.rho
     1      165       0.6854     51159.2278    -930.3969      7.80409     7.80409   45047.4441     7.32311      1 chain_01/itr_00165_trial_01.rho
     1      166       0.6838     51073.0999     -86.1279      7.79752     7.79752   45047.4441     7.32311      1 chain_01/itr_00166_trial_01.rho
     1      167       0.6823     46960.8799   -4112.2200      7.47702     7.47702   45047.4441     7.32311      1 chain_01/itr_00167_trial_01.rho
     1      168       0.6807     47617.9081     657.0282      7.52914     7.52914   45047.4441     7.32311      1 chain_01/itr_00168_trial_01.rho
     1      169       0.6791     49199.1275    1581.2195      7.65313     7.65313   45047.4441     7.32311      1 chain_01/itr_00169_trial_01.rho
     1      170       0.6776     55917.1866    6718.0591      8.15893     8.15893   45047.4441     7.32311      1 chain_01/itr_00170_trial_01.rho
     1      171        0.676     56455.9651     538.7784      8.19814     8.19814   45047.4441     7.32311      1 chain_01/itr_00171_trial_01.rho
     1      172       0.6744     57901.4498    1445.4848      8.30243     8.30243   45047.4441     7.32311      1 chain_01/itr_00172_trial_01.rho
     1      173       0.6729     65002.9093    7101.4595      8.79684     8.79684   45047.4441     7.32311      1 chain_01/itr_00173_trial_01.rho
     1      174       0.6713     66934.4630    1931.5537      8.92658     8.92658   45047.4441     7.32311      1 chain_01/itr_00174_trial_01.rho
     1      175       0.6698     80441.2664   13506.8034      9.78588     9.78588   45047.4441     7.32311      1 chain_01/itr_00175_trial_01.rho
     1      176       0.6683     86142.7587    5701.4923     10.12674    10.12674   45047.4441     7.32311      1 chain_01/itr_00176_trial_01.rho
     1      177       0.6667     86762.2217     619.4629     10.16309    10.16309   45047.4441     7.32311      1 chain_01/itr_00177_trial_01.rho
     1      178       0.6652     84891.4899   -1870.7317     10.05292    10.05292   45047.4441     7.32311      1 chain_01/itr_00178_trial_01.rho
     1      179       0.6637     85175.0313     283.5413     10.06970    10.06970   45047.4441     7.32311      1 chain_01/itr_00179_trial_01.rho
     1      180       0.6621     79855.3689   -5319.6624      9.75018     9.75018   45047.4441     7.32311      1 chain_01/itr_00180_trial_01.rho
     1      181       0.6606     75961.4446   -3893.9243      9.50948     9.50948   45047.4441     7.32311      1 chain_01/itr_00181_trial_01.rho
     1      182       0.6591     72954.2500   -3007.1946      9.31935     9.31935   45047.4441     7.32311      1 chain_01/itr_00182_trial_01.rho
     1      183       0.6576     73276.4418     322.1918      9.33991     9.33991   45047.4441     7.32311      1 chain_01/itr_00183_trial_01.rho
     1      184       0.6561     81525.6859    8249.2441      9.85162     9.85162   45047.4441     7.32311      1 chain_01/itr_00184_trial_01.rho
     1      185       0.6545     77868.2740   -3657.4119      9.62810     9.62810   45047.4441     7.32311      1 chain_01/itr_00185_trial_01.rho
     1      186        0.653     77732.6070    -135.6670      9.61971     9.61971   45047.4441     7.32311      1 chain_01/itr_00186_trial_01.rho
     1      187       0.6515     70058.4393   -7674.1677      9.13252     9.13252   45047.4441     7.32311      1 chain_01/itr_00187_trial_01.rho
     1      188         0.65     89202.0196   19143.5803     10.30499    10.30499   45047.4441     7.32311      1 chain_01/itr_00188_trial_01.rho
     1      189       0.6485     78355.3273  -10846.6923      9.65817     9.65817   45047.4441     7.32311      1 chain_01/itr_00189_trial_01.rho
     1      190        0.647     76362.9963   -1992.3310      9.53459     9.53459   45047.4441     7.32311      1 chain_01/itr_00190_trial_01.rho
     1      191       0.6456     73986.0034   -2376.9930      9.38502     9.38502   45047.4441     7.32311      1 chain_01/itr_00191_trial_01.rho
     1      192       0.6441     74722.5559     736.5526      9.43162     9.43162   45047.4441     7.32311      1 chain_01/itr_00192_trial_01.rho
     1      193       0.6426     66372.2395   -8350.3164      8.88901     8.88901   45047.4441     7.32311      1 chain_01/itr_00193_trial_01.rho
     1      194       0.6411     66606.1965     233.9570      8.90467     8.90467   45047.4441     7.32311      1 chain_01/itr_00194_trial_01.rho
     1      195       0.6396     64893.1145   -1713.0820      8.78941     8.78941   45047.4441     7.32311      1 chain_01/itr_00195_trial_01.rho
     1      196       0.6382     65179.1121     285.9976      8.80876     8.80876   45047.4441     7.32311      1 chain_01/itr_00196_trial_01.rho
     1      197       0.6367     69762.2272    4583.1152      9.11319     9.11319   45047.4441     7.32311      1 chain_01/itr_00197_trial_01.rho
     1      198       0.6352     71107.9554    1345.7282      9.20067     9.20067   45047.4441     7.32311      1 chain_01/itr_00198_trial_01.rho
     1      199       0.6338     69878.2040   -1229.7514      9.12076     9.12076   45047.4441     7.32311      1 chain_01/itr_00199_trial_01.rho
     1      200       0.6323     71005.9848    1127.7808      9.19407     9.19407   45047.4441     7.32311      1 chain_01/itr_00200_trial_01.rho
     1      201       0.6309     70974.8407     -31.1441      9.19205     9.19205   45047.4441     7.32311      1 chain_01/itr_00201_trial_01.rho
     1      202       0.6294     77820.5453    6845.7047      9.62515     9.62515   45047.4441     7.32311      1 chain_01/itr_00202_trial_01.rho
     1      203        0.628     76595.6672   -1224.8782      9.54910     9.54910   45047.4441     7.32311      1 chain_01/itr_00203_trial_01.rho
     1      204       0.6265     84968.8809    8373.2138     10.05751    10.05751   45047.4441     7.32311      1 chain_01/itr_00204_trial_01.rho
     1      205       0.6251     84112.0227    -856.8582     10.00667    10.00667   45047.4441     7.32311      1 chain_01/itr_00205_trial_01.rho
     1      206       0.6236     84221.7626     109.7399     10.01319    10.01319   45047.4441     7.32311      1 chain_01/itr_00206_trial_01.rho
     1      207       0.6222     83932.4316    -289.3309      9.99598     9.99598   45047.4441     7.32311      1 chain_01/itr_00207_trial_01.rho
     1      208       0.6208     88504.5931    4572.1615     10.26463    10.26463   45047.4441     7.32311      1 chain_01/itr_00208_trial_01.rho
     1      209       0.6193     96529.9001    8025.3070     10.71991    10.71991   45047.4441     7.32311      1 chain_01/itr_00209_trial_01.rho
     1      210       0.6179     96529.9001       0.0000     10.71991    10.71991   45047.4441     7.32311      0 -
     1      211       0.6165     93348.9315   -3180.9686     10.54181    10.54181   45047.4441     7.32311      1 chain_01/itr_00211_trial_01.rho
     1      212       0.6151     89513.2437   -3835.6878     10.32295    10.32295   45047.4441     7.32311      1 chain_01/itr_00212_trial_01.rho
     1      213       0.6137     96096.9093    6583.6656     10.69584    10.69584   45047.4441     7.32311      1 chain_01/itr_00213_trial_01.rho
     1      214       0.6123    103249.4452    7152.5359     11.08675    11.08675   45047.4441     7.32311      1 chain_01/itr_00214_trial_01.rho
     1      215       0.6108    113042.3690    9792.9238     11.60061    11.60061   45047.4441     7.32311      1 chain_01/itr_00215_trial_01.rho
     1      216       0.6094    109647.8055   -3394.5635     11.42511    11.42511   45047.4441     7.32311      1 chain_01/itr_00216_trial_01.rho
     1      217        0.608    110543.1863     895.3808     11.47166    11.47166   45047.4441     7.32311      1 chain_01/itr_00217_trial_01.rho
     1      218       0.6066    108285.4912   -2257.6951     11.35391    11.35391   45047.4441     7.32311      1 chain_01/itr_00218_trial_01.rho
     1      219       0.6052    109841.2798    1555.7885     11.43518    11.43518   45047.4441     7.32311      1 chain_01/itr_00219_trial_01.rho
     1      220       0.6038    104184.8209   -5656.4589     11.13686    11.13686   45047.4441     7.32311      1 chain_01/itr_00220_trial_01.rho
     1      221       0.6025    102270.5515   -1914.2694     11.03407    11.03407   45047.4441     7.32311      1 chain_01/itr_00221_trial_01.rho
     1      222       0.6011     90239.2209  -12031.3307     10.36473    10.36473   45047.4441     7.32311      1 chain_01/itr_00222_trial_01.rho
     1      223       0.5997     90437.6488     198.4279     10.37612    10.37612   45047.4441     7.32311      1 chain_01/itr_00223_trial_01.rho
     1      224       0.5983     89207.5037   -1230.1451     10.30531    10.30531   45047.4441     7.32311      1 chain_01/itr_00224_trial_01.rho
     1      225       0.5969     96214.6691    7007.1655     10.70240    10.70240   45047.4441     7.32311      1 chain_01/itr_00225_trial_01.rho
     1      226       0.5956     98424.0238    2209.3546     10.82458    10.82458   45047.4441     7.32311      1 chain_01/itr_00226_trial_01.rho
     1      227       0.5942     96218.0601   -2205.9636     10.70258    10.70258   45047.4441     7.32311      1 chain_01/itr_00227_trial_01.rho
     1      228       0.5928     96218.0601       0.0000     10.70258    10.70258   45047.4441     7.32311      0 -
     1      229       0.5915     95326.7847    -891.2754     10.65290    10.65290   45047.4441     7.32311      1 chain_01/itr_00229_trial_01.rho
     1      230       0.5901    103791.9377    8465.1530     11.11584    11.11584   45047.4441     7.32311      1 chain_01/itr_00230_trial_01.rho
     1      231       0.5887    109720.1146    5928.1769     11.42888    11.42888   45047.4441     7.32311      1 chain_01/itr_00231_trial_01.rho
     1      232       0.5874    113472.9445    3752.8299     11.62269    11.62269   45047.4441     7.32311      1 chain_01/itr_00232_trial_01.rho
     1      233        0.586    106714.9775   -6757.9670     11.27127    11.27127   45047.4441     7.32311      1 chain_01/itr_00233_trial_01.rho
     1      234       0.5847    101866.8079   -4848.1697     11.01227    11.01227   45047.4441     7.32311      1 chain_01/itr_00234_trial_01.rho
     1      235       0.5833    103028.5082    1161.7003     11.07488    11.07488   45047.4441     7.32311      1 chain_01/itr_00235_trial_01.rho
     1      236        0.582    103534.7352     506.2270     11.10206    11.10206   45047.4441     7.32311      1 chain_01/itr_00236_trial_01.rho
     1      237       0.5807    105564.1990    2029.4638     11.21034    11.21034   45047.4441     7.32311      1 chain_01/itr_00237_trial_01.rho
     1      238       0.5793    115215.3014    9651.1024     11.71158    11.71158   45047.4441     7.32311      1 chain_01/itr_00238_trial_01.rho
     1      239        0.578    109428.0679   -5787.2335     11.41365    11.41365   45047.4441     7.32311      1 chain_01/itr_00239_trial_01.rho
     1      240       0.5767    112353.8737    2925.8058     11.56523    11.56523   45047.4441     7.32311      1 chain_01/itr_00240_trial_01.rho
     1      241       0.5753     98112.0718  -14241.8020     10.80741    10.80741   45047.4441     7.32311      1 chain_01/itr_00241_trial_01.rho
     1      242        0.574    102436.3220    4324.2502     11.04301    11.04301   45047.4441     7.32311      1 chain_01/itr_00242_trial_01.rho
     1      243       0.5727    102436.3220       0.0000     11.04301    11.04301   45047.4441     7.32311      0 -
     1      244       0.5714    100787.6578   -1648.6641     10.95378    10.95378   45047.4441     7.32311      1 chain_01/itr_00244_trial_01.rho
     1      245       0.5701     92920.2446   -7867.4133     10.51757    10.51757   45047.4441     7.32311      1 chain_01/itr_00245_trial_01.rho
     1      246       0.5687     92920.2446       0.0000     10.51757    10.51757   45047.4441     7.32311      0 -
     1      247       0.5674     92967.1090      46.8645     10.52022    10.52022   45047.4441     7.32311      1 chain_01/itr_00247_trial_01.rho
     1      248       0.5661     92257.4031    -709.7060     10.47999    10.47999   45047.4441     7.32311      1 chain_01/itr_00248_trial_01.rho
     1      249       0.5648     96101.8585    3844.4554     10.69612    10.69612   45047.4441     7.32311      1 chain_01/itr_00249_trial_01.rho
     1      250       0.5635    105877.3143    9775.4558     11.22695    11.22695   45047.4441     7.32311      1 chain_01/itr_00250_trial_01.rho
     1      251       0.5622    100004.2274   -5873.0869     10.91113    10.91113   45047.4441     7.32311      1 chain_01/itr_00251_trial_01.rho
     1      252       0.5609    100004.2274       0.0000     10.91113    10.91113   45047.4441     7.32311      0 -
     1      253       0.5596    102499.1467    2494.9193     11.04639    11.04639   45047.4441     7.32311      1 chain_01/itr_00253_trial_01.rho
     1      254       0.5584    105259.3199    2760.1732     11.19414    11.19414   45047.4441     7.32311      1 chain_01/itr_00254_trial_01.rho
     1      255       0.5571    106027.8531     768.5332     11.23493    11.23493   45047.4441     7.32311      1 chain_01/itr_00255_trial_01.rho
     1      256       0.5558    107332.5070    1304.6540     11.30384    11.30384   45047.4441     7.32311      1 chain_01/itr_00256_trial_01.rho
     1      257       0.5545    118158.7505   10826.2434     11.86024    11.86024   45047.4441     7.32311      1 chain_01/itr_00257_trial_01.rho
     1      258       0.5532    112482.0790   -5676.6715     11.57183    11.57183   45047.4441     7.32311      1 chain_01/itr_00258_trial_01.rho
     1      259        0.552    115086.4193    2604.3403     11.70503    11.70503   45047.4441     7.32311      1 chain_01/itr_00259_trial_01.rho
     1      260       0.5507    106144.7746   -8941.6447     11.24112    11.24112   45047.4441     7.32311      1 chain_01/itr_00260_trial_01.rho
     1      261       0.5494    105412.4311    -732.3435     11.20228    11.20228   45047.4441     7.32311      1 chain_01/itr_00261_trial_01.rho
     1      262       0.5482    106731.7607    1319.3295     11.27216    11.27216   45047.4441     7.32311      1 chain_01/itr_00262_trial_01.rho
     1      263       0.5469    122665.6985   15933.9378     12.08431    12.08431   45047.4441     7.32311      1 chain_01/itr_00263_trial_01.rho
     1      264       0.5456    122665.6985       0.0000     12.08431    12.08431   45047.4441     7.32311      0 -
     1      265       0.5444    109706.0090  -12959.6894     11.42814    11.42814   45047.4441     7.32311      1 chain_01/itr_00265_trial_01.rho
     1      266       0.5431    116497.7801    6791.7711     11.77658    11.77658   45047.4441     7.32311      1 chain_01/itr_00266_trial_01.rho
     1      267       0.5419    117490.0699     992.2898     11.82663    11.82663   45047.4441     7.32311      1 chain_01/itr_00267_trial_01.rho
     1      268       0.5406    120020.8015    2530.7316     11.95332    11.95332   45047.4441     7.32311      1 chain_01/itr_00268_trial_01.rho
     1      269       0.5394    120020.8015       0.0000     11.95332    11.95332   45047.4441     7.32311      0 -
     1      270       0.5382    120480.6857     459.8842     11.97620    11.97620   45047.4441     7.32311      1 chain_01/itr_00270_trial_01.rho
     1      271       0.5369    137504.4550   17023.7693     12.79437    12.79437   45047.4441     7.32311      1 chain_01/itr_00271_trial_01.rho
     1      272       0.5357    131962.9317   -5541.5233     12.53390    12.53390   45047.4441     7.32311      1 chain_01/itr_00272_trial_01.rho
     1      273       0.5345    123915.4309   -8047.5008     12.14571    12.14571   45047.4441     7.32311      1 chain_01/itr_00273_trial_01.rho
     1      274       0.5332    123915.4309       0.0000     12.14571    12.14571   45047.4441     7.32311      0 -
     1      275        0.532    127082.0789    3166.6480     12.29993    12.29993   45047.4441     7.32311      1 chain_01/itr_00275_trial_01.rho
     1      276       0.5308    111529.8485  -15552.2304     11.52274    11.52274   45047.4441     7.32311      1 chain_01/itr_00276_trial_01.rho
     1      277       0.5296    114200.1882    2670.3396     11.65987    11.65987   45047.4441     7.32311      1 chain_01/itr_00277_trial_01.rho
     1      278       0.5283    115920.1181    1719.9300     11.74735    11.74735   45047.4441     7.32311      1 chain_01/itr_00278_trial_01.rho
     1      279       0.5271    115920.1181       0.0000     11.74735    11.74735   45047.4441     7.32311      0 -
     1      280       0.5259    116084.8032     164.6851     11.75569    11.75569   45047.4441     7.32311      1 chain_01/itr_00280_trial_01.rho
     1      281       0.5247    108435.7951   -7649.0082     11.36179    11.36179   45047.4441     7.32311      1 chain_01/itr_00281_trial_01.rho
     1      282       0.5235    109096.2466     660.4516     11.39634    11.39634   45047.4441     7.32311      1 chain_01/itr_00282_trial_01.rho
     1      283       0.5223    104480.9393   -4615.3073     11.15267    11.15267   45047.4441     7.32311      1 chain_01/itr_00283_trial_01.rho
     1      284       0.5211     93198.1500  -11282.7893     10.53329    10.53329   45047.4441     7.32311      1 chain_01/itr_00284_trial_01.rho
     1      285       0.5199     99984.5299    6786.3799     10.91005    10.91005   45047.4441     7.32311      1 chain_01/itr_00285_trial_01.rho
     1      286       0.5187     99984.5299       0.0000     10.91005    10.91005   45047.4441     7.32311      0 -
     1      287       0.5175    123572.5642   23588.0343     12.12890    12.12890   45047.4441     7.32311      1 chain_01/itr_00287_trial_01.rho
     1      288       0.5163    123047.4408    -525.1234     12.10310    12.10310   45047.4441     7.32311      1 chain_01/itr_00288_trial_01.rho
     1      289       0.5151    148194.8710   25147.4301     13.28241    13.28241   45047.4441     7.32311      1 chain_01/itr_00289_trial_01.rho
     1      290       0.5139    126484.6040  -21710.2669     12.27098    12.27098   45047.4441     7.32311      1 chain_01/itr_00290_trial_01.rho
     1      291       0.5127    126484.6040       0.0000     12.27098    12.27098   45047.4441     7.32311      0 -
     1      292       0.5116    138336.1785   11851.5744     12.83300    12.83300   45047.4441     7.32311      1 chain_01/itr_00292_trial_01.rho
     1      293       0.5104    126895.9950  -11440.1834     12.29092    12.29092   45047.4441     7.32311      1 chain_01/itr_00293_trial_01.rho
     1      294       0.5092    111050.9650  -15845.0300     11.49798    11.49798   45047.4441     7.32311      1 chain_01/itr_00294_trial_01.rho
     1      295        0.508    112535.7808    1484.8158     11.57459    11.57459   45047.4441     7.32311      1 chain_01/itr_00295_trial_01.rho
     1      296       0.5069    111276.0806   -1259.7003     11.50963    11.50963   45047.4441     7.32311      1 chain_01/itr_00296_trial_01.rho
     1      297       0.5057    108905.4527   -2370.6278     11.38637    11.38637   45047.4441     7.32311      1 chain_01/itr_00297_trial_01.rho
     1      298       0.5045    101101.7296   -7803.7232     10.97083    10.97083   45047.4441     7.32311      1 chain_01/itr_00298_trial_01.rho
     1      299       0.5034     96236.0191   -4865.7105     10.70358    10.70358   45047.4441     7.32311      1 chain_01/itr_00299_trial_01.rho
     1      300       0.5022     89657.3321   -6578.6870     10.33126    10.33126   45047.4441     7.32311      1 chain_01/itr_00300_trial_01.rho
     1      301       0.5011    101514.2568   11856.9247     10.99319    10.99319   45047.4441     7.32311      1 chain_01/itr_00301_trial_01.rho
     1      302       0.4999    111578.7613   10064.5045     11.52527    11.52527   45047.4441     7.32311      1 chain_01/itr_00302_trial_01.rho
     1      303       0.4988    115529.0302    3950.2689     11.72751    11.72751   45047.4441     7.32311      1 chain_01/itr_00303_trial_01.rho
     1      304       0.4976    104783.0469  -10745.9833     11.16878    11.16878   45047.4441     7.32311      1 chain_01/itr_00304_trial_01.rho
     1      305       0.4965    112382.0730    7599.0261     11.56668    11.56668   45047.4441     7.32311      1 chain_01/itr_00305_trial_01.rho
     1      306       0.4953    122840.9617   10458.8887     12.09294    12.09294   45047.4441     7.32311      1 chain_01/itr_00306_trial_01.rho
     1      307       0.4942    151825.5792   28984.6175     13.44413    13.44413   45047.4441     7.32311      1 chain_01/itr_00307_trial_01.rho
     1      308       0.4931    136352.7851  -15472.7941     12.74067    12.74067   45047.4441     7.32311      1 chain_01/itr_00308_trial_01.rho
     1      309       0.4919    122293.3637  -14059.4214     12.06596    12.06596   45047.4441     7.32311      1 chain_01/itr_00309_trial_01.rho
     1      310       0.4908    127203.2052    4909.8415     12.30579    12.30579   45047.4441     7.32311      1 chain_01/itr_00310_trial_01.rho
     1      311       0.4897    127203.2052       0.0000     12.30579    12.30579   45047.4441     7.32311      0 -
     1      312       0.4885    136938.9958    9735.7906     12.76803    12.76803   45047.4441     7.32311      1 chain_01/itr_00312_trial_01.rho
     1      313       0.4874    149877.5861   12938.5903     13.35761    13.35761   45047.4441     7.32311      1 chain_01/itr_00313_trial_01.rho
     1      314       0.4863    123304.9350  -26572.6511     12.11576    12.11576   45047.4441     7.32311      1 chain_01/itr_00314_trial_01.rho
     1      315       0.4852    142139.4155   18834.4806     13.00821    13.00821   45047.4441     7.32311      1 chain_01/itr_00315_trial_01.rho
     1      316       0.4841    172825.1936   30685.7780     14.34379    14.34379   45047.4441     7.32311      1 chain_01/itr_00316_trial_01.rho
     1      317       0.4829    177234.6187    4409.4251     14.52562    14.52562   45047.4441     7.32311      1 chain_01/itr_00317_trial_01.rho
     1      318       0.4818    177234.6187       0.0000     14.52562    14.52562   45047.4441     7.32311      0 -
     1      319       0.4807    178200.3851     965.7664     14.56514    14.56514   45047.4441     7.32311      1 chain_01/itr_00319_trial_01.rho
     1      320       0.4796    161970.3224  -16230.0627     13.88603    13.88603   45047.4441     7.32311      1 chain_01/itr_00320_trial_01.rho
     1      321       0.4785    165417.8723    3447.5498     14.03303    14.03303   45047.4441     7.32311      1 chain_01/itr_00321_trial_01.rho
     1      322       0.4774    145550.6952  -19867.1770     13.16338    13.16338   45047.4441     7.32311      1 chain_01/itr_00322_trial_01.rho
     1      323       0.4763    152999.3849    7448.6897     13.49600    13.49600   45047.4441     7.32311      1 chain_01/itr_00323_trial_01.rho
     1      324       0.4752    154176.4852    1177.1003     13.54782    13.54782   45047.4441     7.32311      1 chain_01/itr_00324_trial_01.rho
     1      325       0.4741    169558.3529   15381.8676     14.20757    14.20757   45047.4441     7.32311      1 chain_01/itr_00325_trial_01.rho
     1      326        0.473    152379.2383  -17179.1146     13.46862    13.46862   45047.4441     7.32311      1 chain_01/itr_00326_trial_01.rho
     1      327       0.4719    164527.6919   12148.4536     13.99522    13.99522   45047.4441     7.32311      1 chain_01/itr_00327_trial_01.rho
     1      328       0.4709    166342.4088    1814.7169     14.07220    14.07220   45047.4441     7.32311      1 chain_01/itr_00328_trial_01.rho
     1      329       0.4698    152629.3048  -13713.1041     13.47967    13.47967   45047.4441     7.32311      1 chain_01/itr_00329_trial_01.rho
     1      330       0.4687    149669.6886   -2959.6162     13.34834    13.34834   45047.4441     7.32311      1 chain_01/itr_00330_trial_01.rho
     1      331       0.4676    143717.8227   -5951.8659     13.08024    13.08024   45047.4441     7.32311      1 chain_01/itr_00331_trial_01.rho
     1      332       0.4665    142526.8854   -1190.9373     13.02593    13.02593   45047.4441     7.32311      1 chain_01/itr_00332_trial_01.rho
     1      333       0.4655    140241.3624   -2285.5229     12.92107    12.92107   45047.4441     7.32311      1 chain_01/itr_00333_trial_01.rho
     1      334       0.4644    131850.6186   -8390.7439     12.52857    12.52857   45047.4441     7.32311      1 chain_01/itr_00334_trial_01.rho
     1      335       0.4633    108396.7306  -23453.8879     11.35974    11.35974   45047.4441     7.32311      1 chain_01/itr_00335_trial_01.rho
     1      336       0.4623    103430.7898   -4965.9408     11.09648    11.09648   45047.4441     7.32311      1 chain_01/itr_00336_trial_01.rho
     1      337       0.4612     80408.6887  -23022.1011      9.78390     9.78390   45047.4441     7.32311      1 chain_01/itr_00337_trial_01.rho
     1      338       0.4601     74895.0189   -5513.6697      9.44250     9.44250   45047.4441     7.32311      1 chain_01/itr_00338_trial_01.rho
     1      339       0.4591     74519.1832    -375.8357      9.41877     9.41877   45047.4441     7.32311      1 chain_01/itr_00339_trial_01.rho
     1      340        0.458     70907.4703   -3611.7129      9.18769     9.18769   45047.4441     7.32311      1 chain_01/itr_00340_trial_01.rho
     1      341        0.457     78003.8127    7096.3423      9.63648     9.63648   45047.4441     7.32311      1 chain_01/itr_00341_trial_01.rho
     1      342       0.4559     73552.0987   -4451.7139      9.35746     9.35746   45047.4441     7.32311      1 chain_01/itr_00342_trial_01.rho
     1      343       0.4549     74521.8045     969.7057      9.41894     9.41894   45047.4441     7.32311      1 chain_01/itr_00343_trial_01.rho
     1      344       0.4538     65825.4895   -8696.3149      8.85233     8.85233   45047.4441     7.32311      1 chain_01/itr_00344_trial_01.rho
     1      345       0.4528     62025.5140   -3799.9755      8.59301     8.59301   45047.4441     7.32311      1 chain_01/itr_00345_trial_01.rho
     1      346       0.4517     67282.4475    5256.9334      8.94976     8.94976   45047.4441     7.32311      1 chain_01/itr_00346_trial_01.rho
     1      347       0.4507     69362.2725    2079.8250      9.08703     9.08703   45047.4441     7.32311      1 chain_01/itr_00347_trial_01.rho
     1      348       0.4497     71097.4455    1735.1730      9.19999     9.19999   45047.4441     7.32311      1 chain_01/itr_00348_trial_01.rho
     1      349       0.4486     64404.0125   -6693.4330      8.75622     8.75622   45047.4441     7.32311      1 chain_01/itr_00349_trial_01.rho
     1      350       0.4476     65510.2122    1106.1997      8.83110     8.83110   45047.4441     7.32311      1 chain_01/itr_00350_trial_01.rho
     1      351       0.4466     64341.8387   -1168.3735      8.75200     8.75200   45047.4441     7.32311      1 chain_01/itr_00351_trial_01.rho
     1      352       0.4455     57928.7617   -6413.0770      8.30439     8.30439   45047.4441     7.32311      1 chain_01/itr_00352_trial_01.rho
     1      353       0.4445     57837.8631     -90.8986      8.29787     8.29787   45047.4441     7.32311      1 chain_01/itr_00353_trial_01.rho
     1      354       0.4435     58836.3867     998.5236      8.36919     8.36919   45047.4441     7.32311      1 chain_01/itr_00354_trial_01.rho
     1      355       0.4425     58815.3057     -21.0810      8.36769     8.36769   45047.4441     7.32311      1 chain_01/itr_00355_trial_01.rho
     1      356       0.4415     58815.3057       0.0000      8.36769     8.36769   45047.4441     7.32311      0 -
     1      357       0.4404     58815.3057       0.0000      8.36769     8.36769   45047.4441     7.32311      0 -
     1      358       0.4394     63909.2383    5093.9327      8.72252     8.72252   45047.4441     7.32311      1 chain_01/itr_00358_trial_01.rho
     1      359       0.4384     65659.2731    1750.0348      8.84114     8.84114   45047.4441     7.32311      1 chain_01/itr_00359_trial_01.rho
     1      360       0.4374     65659.2731       0.0000      8.84114     8.84114   45047.4441     7.32311      0 -
     1      361       0.4364     70473.7854    4814.5123      9.15955     9.15955   45047.4441     7.32311      1 chain_01/itr_00361_trial_01.rho
     1      362       0.4354     81940.7518   11466.9664      9.87667     9.87667   45047.4441     7.32311      1 chain_01/itr_00362_trial_01.rho
     1      363       0.4344     78415.4013   -3525.3505      9.66187     9.66187   45047.4441     7.32311      1 chain_01/itr_00363_trial_01.rho
     1      364       0.4334     77978.0405    -437.3608      9.63488     9.63488   45047.4441     7.32311      1 chain_01/itr_00364_trial_01.rho
     1      365       0.4324     67267.8573  -10710.1832      8.94879     8.94879   45047.4441     7.32311      1 chain_01/itr_00365_trial_01.rho
     1      366       0.4314     67267.8573       0.0000      8.94879     8.94879   45047.4441     7.32311      0 -
     1      367       0.4304     67934.6281     666.7708      8.99303     8.99303   45047.4441     7.32311      1 chain_01/itr_00367_trial_01.rho
     1      368       0.4294     71348.7539    3414.1258      9.21624     9.21624   45047.4441     7.32311      1 chain_01/itr_00368_trial_01.rho
     1      369       0.4284     74101.4275    2752.6736      9.39234     9.39234   45047.4441     7.32311      1 chain_01/itr_00369_trial_01.rho
     1      370       0.4274     82192.4103    8090.9828      9.89182     9.89182   45047.4441     7.32311      1 chain_01/itr_00370_trial_01.rho
     1      371       0.4265     87212.8520    5020.4417     10.18945    10.18945   45047.4441     7.32311      1 chain_01/itr_00371_trial_01.rho
     1      372       0.4255     86326.5908    -886.2612     10.13754    10.13754   45047.4441     7.32311      1 chain_01/itr_00372_trial_01.rho
     1      373       0.4245     78424.9685   -7901.6223      9.66246     9.66246   45047.4441     7.32311      1 chain_01/itr_00373_trial_01.rho
     1      374       0.4235     87143.5540    8718.5856     10.18540    10.18540   45047.4441     7.32311      1 chain_01/itr_00374_trial_01.rho
     1      375       0.4225     94374.0718    7230.5178     10.59953    10.59953   45047.4441     7.32311      1 chain_01/itr_00375_trial_01.rho
     1      376       0.4216     93632.3729    -741.6989     10.55780    10.55780   45047.4441     7.32311      1 chain_01/itr_00376_trial_01.rho
     1      377       0.4206     88244.7935   -5387.5794     10.24955    10.24955   45047.4441     7.32311      1 chain_01/itr_00377_trial_01.rho
     1      378       0.4196     92420.8534    4176.0599     10.48927    10.48927   45047.4441     7.32311      1 chain_01/itr_00378_trial_01.rho
     1      379       0.4187     93927.3661    1506.5127     10.57442    10.57442   45047.4441     7.32311      1 chain_01/itr_00379_trial_01.rho
     1      380       0.4177    111405.5527   17478.1866     11.51632    11.51632   45047.4441     7.32311      1 chain_01/itr_00380_trial_01.rho
     1      381       0.4167    119259.0472    7853.4945     11.91533    11.91533   45047.4441     7.32311      1 chain_01/itr_00381_trial_01.rho
     1      382       0.4158    118117.6699   -1141.3773     11.85817    11.85817   45047.4441     7.32311      1 chain_01/itr_00382_trial_01.rho
     1      383       0.4148    119400.3273    1282.6573     11.92238    11.92238   45047.4441     7.32311      1 chain_01/itr_00383_trial_01.rho
     1      384       0.4139    119400.3273       0.0000     11.92238    11.92238   45047.4441     7.32311      0 -
     1      385       0.4129    120298.7115     898.3842     11.96715    11.96715   45047.4441     7.32311      1 chain_01/itr_00385_trial_01.rho
     1      386        0.412    114684.5781   -5614.1334     11.68457    11.68457   45047.4441     7.32311      1 chain_01/itr_00386_trial_01.rho
     1      387        0.411    115737.5355    1052.9574     11.73809    11.73809   45047.4441     7.32311      1 chain_01/itr_00387_trial_01.rho
     1      388       0.4101    115737.5355       0.0000     11.73809    11.73809   45047.4441     7.32311      0 -
     1      389       0.4091    115737.5355       0.0000     11.73809    11.73809   45047.4441     7.32311      0 -
     1      390       0.4082    120199.9352    4462.3997     11.96224    11.96224   45047.4441     7.32311      1 chain_01/itr_00390_trial_01.rho
     1      391       0.4073    118057.0541   -2142.8811     11.85513    11.85513   45047.4441     7.32311      1 chain_01/itr_00391_trial_01.rho
     1      392       0.4063    127438.9604    9381.9063     12.31719    12.31719   45047.4441     7.32311      1 chain_01/itr_00392_trial_01.rho
     1      393       0.4054    111556.7978  -15882.1626     11.52414    11.52414   45047.4441     7.32311      1 chain_01/itr_00393_trial_01.rho
     1      394       0.4045    108633.3064   -2923.4914     11.37213    11.37213   45047.4441     7.32311      1 chain_01/itr_00394_trial_01.rho
     1      395       0.4035    108172.3333    -460.9731     11.34798    11.34798   45047.4441     7.32311      1 chain_01/itr_00395_trial_01.rho
     1      396       0.4026    111733.3287    3560.9953     11.53325    11.53325   45047.4441     7.32311      1 chain_01/itr_00396_trial_01.rho
     1      397       0.4017    114718.6259    2985.2973     11.68631    11.68631   45047.4441     7.32311      1 chain_01/itr_00397_trial_01.rho
     1      398       0.4007    108017.7301   -6700.8959     11.33986    11.33986   45047.4441     7.32311      1 chain_01/itr_00398_trial_01.rho
     1      399       0.3998     99013.8958   -9003.8343     10.85696    10.85696   45047.4441     7.32311      1 chain_01/itr_00399_trial_01.rho
     1      400       0.3989    102437.7007    3423.8049     11.04308    11.04308   45047.4441     7.32311      1 chain_01/itr_00400_trial_01.rho
     1      401        0.398    109164.6125    6726.9118     11.39991    11.39991   45047.4441     7.32311      1 chain_01/itr_00401_trial_01.rho
     1      402       0.3971    108644.8162    -519.7963     11.37273    11.37273   45047.4441     7.32311      1 chain_01/itr_00402_trial_01.rho
     1      403       0.3962    108644.8162       0.0000     11.37273    11.37273   45047.4441     7.32311      0 -
     1      404       0.3952    105968.1443   -2676.6719     11.23177    11.23177   45047.4441     7.32311      1 chain_01/itr_00404_trial_01.rho
     1      405       0.3943    112596.0141    6627.8698     11.57769    11.57769   45047.4441     7.32311      1 chain_01/itr_00405_trial_01.rho
     1      406       0.3934    119411.3853    6815.3712     11.92294    11.92294   45047.4441     7.32311      1 chain_01/itr_00406_trial_01.rho
     1      407       0.3925    118930.1335    -481.2518     11.89889    11.89889   45047.4441     7.32311      1 chain_01/itr_00407_trial_01.rho
     1      408       0.3916    118366.4312    -563.7022     11.87065    11.87065   45047.4441     7.32311      1 chain_01/itr_00408_trial_01.rho
     1      409       0.3907    123400.2953    5033.8641     12.12044    12.12044   45047.4441     7.32311      1 chain_01/itr_00409_trial_01.rho
     1      410       0.3898    123400.2953       0.0000     12.12044    12.12044   45047.4441     7.32311      0 -
     1      411       0.3889    126801.6015    3401.3061     12.28635    12.28635   45047.4441     7.32311      1 chain_01/itr_00411_trial_01.rho
     1      412        0.388    124308.0408   -2493.5607     12.16494    12.16494   45047.4441     7.32311      1 chain_01/itr_00412_trial_01.rho
     1      413       0.3871    139302.5103   14994.4696     12.87775    12.87775   45047.4441     7.32311      1 chain_01/itr_00413_trial_01.rho
     1      414       0.3862    139302.5103       0.0000     12.87775    12.87775   45047.4441     7.32311      0 -
     1      415       0.3854    133404.8036   -5897.7067     12.60219    12.60219   45047.4441     7.32311      1 chain_01/itr_00415_trial_01.rho
     1      416       0.3845    132116.6174   -1288.1862     12.54120    12.54120   45047.4441     7.32311      1 chain_01/itr_00416_trial_01.rho
     1      417       0.3836    120263.2898  -11853.3276     11.96539    11.96539   45047.4441     7.32311      1 chain_01/itr_00417_trial_01.rho
     1      418       0.3827    147016.0580   26752.7682     13.22948    13.22948   45047.4441     7.32311      1 chain_01/itr_00418_trial_01.rho
     1      419       0.3818    160827.7905   13811.7325     13.83697    13.83697   45047.4441     7.32311      1 chain_01/itr_00419_trial_01.rho
     1      420       0.3809    150824.2176  -10003.5729     13.39973    13.39973   45047.4441     7.32311      1 chain_01/itr_00420_trial_01.rho
     1      421       0.3801    147985.6567   -2838.5609     13.27303    13.27303   45047.4441     7.32311      1 chain_01/itr_00421_trial_01.rho
     1      422       0.3792    131462.3440  -16523.3127     12.51011    12.51011   45047.4441     7.32311      1 chain_01/itr_00422_trial_01.rho
     1      423       0.3783    128595.7647   -2866.5793     12.37296    12.37296   45047.4441     7.32311      1 chain_01/itr_00423_trial_01.rho
     1      424       0.3774    123862.9718   -4732.7929     12.14314    12.14314   45047.4441     7.32311      1 chain_01/itr_00424_trial_01.rho
     1      425       0.3766    121304.9592   -2558.0126     12.01710    12.01710   45047.4441     7.32311      1 chain_01/itr_00425_trial_01.rho
     1      426       0.3757    109985.7443  -11319.2149     11.44270    11.44270   45047.4441     7.32311      1 chain_01/itr_00426_trial_01.rho
     1      427       0.3749     90232.6763  -19753.0680     10.36435    10.36435   45047.4441     7.32311      1 chain_01/itr_00427_trial_01.rho
     1      428        0.374     85146.9430   -5085.7332     10.06804    10.06804   45047.4441     7.32311      1 chain_01/itr_00428_trial_01.rho
     1      429       0.3731     83543.9385   -1603.0046      9.97282     9.97282   45047.4441     7.32311      1 chain_01/itr_00429_trial_01.rho
     1      430       0.3723     83422.5484    -121.3901      9.96557     9.96557   45047.4441     7.32311      1 chain_01/itr_00430_trial_01.rho
     1      431       0.3714     78524.3830   -4898.1654      9.66858     9.66858   45047.4441     7.32311      1 chain_01/itr_00431_trial_01.rho
     1      432       0.3706     75256.2986   -3268.0844      9.46524     9.46524   45047.4441     7.32311      1 chain_01/itr_00432_trial_01.rho
     1      433       0.3697     74975.1096    -281.1890      9.44754     9.44754   45047.4441     7.32311      1 chain_01/itr_00433_trial_01.rho
     1      434       0.3689     74975.1096       0.0000      9.44754     9.44754   45047.4441     7.32311      0 -
     1      435        0.368     78649.5749    3674.4653      9.67628     9.67628   45047.4441     7.32311      1 chain_01/itr_00435_trial_01.rho
     1      436       0.3672     73248.1345   -5401.4404      9.33810     9.33810   45047.4441     7.32311      1 chain_01/itr_00436_trial_01.rho
     1      437       0.3663     76701.0954    3452.9609      9.55567     9.55567   45047.4441     7.32311      1 chain_01/itr_00437_trial_01.rho
     1      438       0.3655     72226.2006   -4474.8948      9.27273     9.27273   45047.4441     7.32311      1 chain_01/itr_00438_trial_01.rho
     1      439       0.3646     72226.2006       0.0000      9.27273     9.27273   45047.4441     7.32311      0 -
     1      440       0.3638     75552.1360    3325.9354      9.48383     9.48383   45047.4441     7.32311      1 chain_01/itr_00440_trial_01.rho
     1      441        0.363     67660.2894   -7891.8466      8.97485     8.97485   45047.4441     7.32311      1 chain_01/itr_00441_trial_01.rho
     1      442       0.3621     67660.2894       0.0000      8.97485     8.97485   45047.4441     7.32311      0 -
     1      443       0.3613     70103.3283    2443.0389      9.13544     9.13544   45047.4441     7.32311      1 chain_01/itr_00443_trial_01.rho
     1      444       0.3605     71839.1649    1735.8366      9.24785     9.24785   45047.4441     7.32311      1 chain_01/itr_00444_trial_01.rho
     1      445       0.3596     77941.9703    6102.8054      9.63266     9.63266   45047.4441     7.32311      1 chain_01/itr_00445_trial_01.rho
     1      446       0.3588     83646.1345    5704.1642      9.97891     9.97891   45047.4441     7.32311      1 chain_01/itr_00446_trial_01.rho
     1      447        0.358     83646.1345       0.0000      9.97891     9.97891   45047.4441     7.32311      0 -
     1      448       0.3572     87102.1060    3455.9715     10.18298    10.18298   45047.4441     7.32311      1 chain_01/itr_00448_trial_01.rho
     1      449       0.3563     99590.4663   12488.3603     10.88853    10.88853   45047.4441     7.32311      1 chain_01/itr_00449_trial_01.rho
     1      450       0.3555     99590.4663       0.0000     10.88853    10.88853   45047.4441     7.32311      0 -
     1      451       0.3547    118545.5904   18955.1241     11.87963    11.87963   45047.4441     7.32311      1 chain_01/itr_00451_trial_01.rho
     1      452       0.3539    108772.0772   -9773.5132     11.37939    11.37939   45047.4441     7.32311      1 chain_01/itr_00452_trial_01.rho
     1      453       0.3531    113700.2827    4928.2055     11.63432    11.63432   45047.4441     7.32311      1 chain_01/itr_00453_trial_01.rho
     1      454       0.3522    114385.1851     684.9024     11.66931    11.66931   45047.4441     7.32311      1 chain_01/itr_00454_trial_01.rho
     1      455       0.3514    113770.5428    -614.6424     11.63792    11.63792   45047.4441     7.32311      1 chain_01/itr_00455_trial_01.rho
     1      456       0.3506    113770.5428       0.0000     11.63792    11.63792   45047.4441     7.32311      0 -
     1      457       0.3498    113770.5428       0.0000     11.63792    11.63792   45047.4441     7.32311      0 -
     1      458        0.349    113770.5428       0.0000     11.63792    11.63792   45047.4441     7.32311      0 -
     1      459       0.3482    115534.6060    1764.0633     11.72780    11.72780   45047.4441     7.32311      1 chain_01/itr_00459_trial_01.rho
     1      460       0.3474    128435.3105   12900.7044     12.36524    12.36524   45047.4441     7.32311      1 chain_01/itr_00460_trial_01.rho
     1      461       0.3466    134784.8481    6349.5376     12.66721    12.66721   45047.4441     7.32311      1 chain_01/itr_00461_trial_01.rho
     1      462       0.3458    153667.3120   18882.4639     13.52543    13.52543   45047.4441     7.32311      1 chain_01/itr_00462_trial_01.rho
     1      463        0.345    140339.5332  -13327.7788     12.92559    12.92559   45047.4441     7.32311      1 chain_01/itr_00463_trial_01.rho
     1      464       0.3442    129164.8628  -11174.6704     12.40031    12.40031   45047.4441     7.32311      1 chain_01/itr_00464_trial_01.rho
     1      465       0.3434    135627.1653    6462.3025     12.70673    12.70673   45047.4441     7.32311      1 chain_01/itr_00465_trial_01.rho
     1      466       0.3426    135627.1653       0.0000     12.70673    12.70673   45047.4441     7.32311      0 -
     1      467       0.3419    132679.4098   -2947.7555     12.56788    12.56788   45047.4441     7.32311      1 chain_01/itr_00467_trial_01.rho
     1      468       0.3411    139185.2888    6505.8790     12.87233    12.87233   45047.4441     7.32311      1 chain_01/itr_00468_trial_01.rho
     1      469       0.3403    136399.7694   -2785.5194     12.74287    12.74287   45047.4441     7.32311      1 chain_01/itr_00469_trial_01.rho
     1      470       0.3395    142063.5636    5663.7942     13.00474    13.00474   45047.4441     7.32311      1 chain_01/itr_00470_trial_01.rho
     1      471       0.3387    152977.1298   10913.5662     13.49502    13.49502   45047.4441     7.32311      1 chain_01/itr_00471_trial_01.rho
     1      472       0.3379    174705.0128   21727.8830     14.42159    14.42159   45047.4441     7.32311      1 chain_01/itr_00472_trial_01.rho
     1      473       0.3372    149852.2347  -24852.7781     13.35648    13.35648   45047.4441     7.32311      1 chain_01/itr_00473_trial_01.rho
     1      474       0.3364    168519.2507   18667.0160     14.16397    14.16397   45047.4441     7.32311      1 chain_01/itr_00474_trial_01.rho
     1      475       0.3356    168995.1335     475.8828     14.18396    14.18396   45047.4441     7.32311      1 chain_01/itr_00475_trial_01.rho
     1      476       0.3348    167298.4212   -1696.7123     14.11258    14.11258   45047.4441     7.32311      1 chain_01/itr_00476_trial_01.rho
     1      477       0.3341    240892.2485   73593.8272     16.93448    16.93448   45047.4441     7.32311      1 chain_01/itr_00477_trial_01.rho
     1      478       0.3333    247623.3423    6731.0938     17.16944    17.16944   45047.4441     7.32311      1 chain_01/itr_00478_trial_01.rho
     1      479       0.3325    232489.9762  -15133.3661     16.63652    16.63652   45047.4441     7.32311      1 chain_01/itr_00479_trial_01.rho
     1      480       0.3318    203832.5614  -28657.4148     15.57748    15.57748   45047.4441     7.32311      1 chain_01/itr_00480_trial_01.rho
     1      481        0.331    185420.5142  -18412.0472     14.85728    14.85728   45047.4441     7.32311      1 chain_01/itr_00481_trial_01.rho
     1      482       0.3302    181814.6717   -3605.8426     14.71211    14.71211   45047.4441     7.32311      1 chain_01/itr_00482_trial_01.rho
     1      483       0.3295    192751.7452   10937.0736     15.14815    15.14815   45047.4441     7.32311      1 chain_01/itr_00483_trial_01.rho
     1      484       0.3287    173823.2199  -18928.5254     14.38515    14.38515   45047.4441     7.32311      1 chain_01/itr_00484_trial_01.rho
     1      485        0.328    178824.5188    5001.2989     14.59062    14.59062   45047.4441     7.32311      1 chain_01/itr_00485_trial_01.rho
     1      486       0.3272    179361.1234     536.6046     14.61250    14.61250   45047.4441     7.32311      1 chain_01/itr_00486_trial_01.rho
     1      487       0.3265    172779.5208   -6581.6026     14.34189    14.34189   45047.4441     7.32311      1 chain_01/itr_00487_trial_01.rho
     1      488       0.3257    184357.4972   11577.9764     14.81463    14.81463   45047.4441     7.32311      1 chain_01/itr_00488_trial_01.rho
     1      489        0.325    187397.1761    3039.6789     14.93626    14.93626   45047.4441     7.32311      1 chain_01/itr_00489_trial_01.rho
     1      490       0.3242    182797.2884   -4599.8877     14.75181    14.75181   45047.4441     7.32311      1 chain_01/itr_00490_trial_01.rho
     1      491       0.3235    182457.9152    -339.3732     14.73811    14.73811   45047.4441     7.32311      1 chain_01/itr_00491_trial_01.rho
     1      492       0.3227    150574.2082  -31883.7070     13.38861    13.38861   45047.4441     7.32311      1 chain_01/itr_00492_trial_01.rho
     1      493        0.322    158071.7034    7497.4951     13.71789    13.71789   45047.4441     7.32311      1 chain_01/itr_00493_trial_01.rho
     1      494       0.3212    157694.0590    -377.6444     13.70150    13.70150   45047.4441     7.32311      1 chain_01/itr_00494_trial_01.rho
     1      495       0.3205    185304.6767   27610.6177     14.85264    14.85264   45047.4441     7.32311      1 chain_01/itr_00495_trial_01.rho
     1      496       0.3198    208066.2874   22761.6108     15.73842    15.73842   45047.4441     7.32311      1 chain_01/itr_00496_trial_01.rho
     1      497        0.319    208066.2874       0.0000     15.73842    15.73842   45047.4441     7.32311      0 -
     1      498       0.3183    182797.2184  -25269.0690     14.75180    14.75180   45047.4441     7.32311      1 chain_01/itr_00498_trial_01.rho
     1      499       0.3176    182797.2184       0.0000     14.75180    14.75180   45047.4441     7.32311      0 -
     1      500       0.3168    173931.8592   -8865.3593     14.38964    14.38964   45047.4441     7.32311      1 chain_01/itr_00500_trial_01.rho
     1      501       0.3161    181683.5977    7751.7385     14.70680    14.70680   45047.4441     7.32311      1 chain_01/itr_00501_trial_01.rho
     1      502       0.3154    175461.4834   -6222.1143     14.45278    14.45278   45047.4441     7.32311      1 chain_01/itr_00502_trial_01.rho
     1      503       0.3147    176712.2430    1250.7596     14.50420    14.50420   45047.4441     7.32311      1 chain_01/itr_00503_trial_01.rho
     1      504       0.3139    176712.2430       0.0000     14.50420    14.50420   45047.4441     7.32311      0 -
     1      505       0.3132    153699.4877  -23012.7553     13.52685    13.52685   45047.4441     7.32311      1 chain_01/itr_00505_trial_01.rho
     1      506       0.3125    138105.7921  -15593.6957     12.82231    12.82231   45047.4441     7.32311      1 chain_01/itr_00506_trial_01.rho
     1      507       0.3118    125555.6926  -12550.0995     12.22584    12.22584   45047.4441     7.32311      1 chain_01/itr_00507_trial_01.rho
     1      508       0.3111    117506.9032   -8048.7894     11.82748    11.82748   45047.4441     7.32311      1 chain_01/itr_00508_trial_01.rho
     1      509       0.3103    121713.2280    4206.3248     12.03730    12.03730   45047.4441     7.32311      1 chain_01/itr_00509_trial_01.rho
     1      510       0.3096    111075.2565  -10637.9715     11.49924    11.49924   45047.4441     7.32311      1 chain_01/itr_00510_trial_01.rho
     1      511       0.3089    108854.0352   -2221.2213     11.38368    11.38368   45047.4441     7.32311      1 chain_01/itr_00511_trial_01.rho
     1      512       0.3082    102582.5439   -6271.4913     11.05089    11.05089   45047.4441     7.32311      1 chain_01/itr_00512_trial_01.rho
     1      513       0.3075    102582.5439       0.0000     11.05089    11.05089   45047.4441     7.32311      0 -
     1      514       0.3068    108245.7826    5663.2387     11.35183    11.35183   45047.4441     7.32311      1 chain_01/itr_00514_trial_01.rho
     1      515       0.3061    120185.8839   11940.1014     11.96154    11.96154   45047.4441     7.32311      1 chain_01/itr_00515_trial_01.rho
     1      516       0.3054    116246.9715   -3938.9124     11.76390    11.76390   45047.4441     7.32311      1 chain_01/itr_00516_trial_01.rho
     1      517       0.3047    116246.9715       0.0000     11.76390    11.76390   45047.4441     7.32311      0 -
     1      518        0.304    110989.9611   -5257.0104     11.49482    11.49482   45047.4441     7.32311      1 chain_01/itr_00518_trial_01.rho
     1      519       0.3033    104737.3076   -6252.6535     11.16635    11.16635   45047.4441     7.32311      1 chain_01/itr_00519_trial_01.rho
     1      520       0.3026     97438.8044   -7298.5033     10.77026    10.77026   45047.4441     7.32311      1 chain_01/itr_00520_trial_01.rho
     1      521       0.3019     98390.9637     952.1593     10.82276    10.82276   45047.4441     7.32311      1 chain_01/itr_00521_trial_01.rho
     1      522       0.3012     98390.9637       0.0000     10.82276    10.82276   45047.4441     7.32311      0 -
     1      523       0.3005    104483.3328    6092.3691     11.15280    11.15280   45047.4441     7.32311      1 chain_01/itr_00523_trial_01.rho
     1      524       0.2998    104483.3328       0.0000     11.15280    11.15280   45047.4441     7.32311      0 -
     1      525       0.2991     99853.9543   -4629.3785     10.90292    10.90292   45047.4441     7.32311      1 chain_01/itr_00525_trial_01.rho
     1      526       0.2984     97290.8075   -2563.1468     10.76208    10.76208   45047.4441     7.32311      1 chain_01/itr_00526_trial_01.rho
     1      527       0.2977     96285.6207   -1005.1868     10.70634    10.70634   45047.4441     7.32311      1 chain_01/itr_00527_trial_01.rho
     1      528        0.297     95448.8304    -836.7903     10.65972    10.65972   45047.4441     7.32311      1 chain_01/itr_00528_trial_01.rho
     1      529       0.2964    111619.2966   16170.4662     11.52736    11.52736   45047.4441     7.32311      1 chain_01/itr_00529_trial_01.rho
     1      530       0.2957    103687.5352   -7931.7613     11.11024    11.11024   45047.4441     7.32311      1 chain_01/itr_00530_trial_01.rho
     1      531        0.295    110354.0369    6666.5016     11.46184    11.46184   45047.4441     7.32311      1 chain_01/itr_00531_trial_01.rho
     1      532       0.2943    116408.0117    6053.9749     11.77204    11.77204   45047.4441     7.32311      1 chain_01/itr_00532_trial_01.rho
     1      533       0.2936    113639.1072   -2768.9046     11.63119    11.63119   45047.4441     7.32311      1 chain_01/itr_00533_trial_01.rho
     1      534        0.293    110425.4919   -3213.6153     11.46555    11.46555   45047.4441     7.32311      1 chain_01/itr_00534_trial_01.rho
     1      535       0.2923    107461.3943   -2964.0976     11.31062    11.31062   45047.4441     7.32311      1 chain_01/itr_00535_trial_01.rho
     1      536       0.2916     90827.4252  -16633.9691     10.39846    10.39846   45047.4441     7.32311      1 chain_01/itr_00536_trial_01.rho
     1      537        0.291     89924.7747    -902.6505     10.34666    10.34666   45047.4441     7.32311      1 chain_01/itr_00537_trial_01.rho
     1      538       0.2903     84703.6763   -5221.0984     10.04180    10.04180   45047.4441     7.32311      1 chain_01/itr_00538_trial_01.rho
     1      539       0.2896     86547.2604    1843.5842     10.15049    10.15049   45047.4441     7.32311      1 chain_01/itr_00539_trial_01.rho
     1      540       0.2889     76753.8128   -9793.4476      9.55895     9.55895   45047.4441     7.32311      1 chain_01/itr_00540_trial_01.rho
     1      541       0.2883     73148.1667   -3605.6462      9.33173     9.33173   45047.4441     7.32311      1 chain_01/itr_00541_trial_01.rho
     1      542       0.2876     75656.5467    2508.3800      9.49038     9.49038   45047.4441     7.32311      1 chain_01/itr_00542_trial_01.rho
     1      543        0.287     73326.7792   -2329.7675      9.34311     9.34311   45047.4441     7.32311      1 chain_01/itr_00543_trial_01.rho
     1      544       0.2863     79848.2871    6521.5079      9.74974     9.74974   45047.4441     7.32311      1 chain_01/itr_00544_trial_01.rho
     1      545       0.2856     84243.1138    4394.8267     10.01446    10.01446   45047.4441     7.32311      1 chain_01/itr_00545_trial_01.rho
     1      546        0.285     86367.7547    2124.6409     10.13996    10.13996   45047.4441     7.32311      1 chain_01/itr_00546_trial_01.rho
     1      547       0.2843     78017.7014   -8350.0533      9.63733     9.63733   45047.4441     7.32311      1 chain_01/itr_00547_trial_01.rho
     1      548       0.2837     78370.2769     352.5755      9.65909     9.65909   45047.4441     7.32311      1 chain_01/itr_00548_trial_01.rho
     1      549        0.283     76818.5247   -1551.7522      9.56298     9.56298   45047.4441     7.32311      1 chain_01/itr_00549_trial_01.rho
     1      550       0.2824     72641.9769   -4176.5478      9.29938     9.29938   45047.4441     7.32311      1 chain_01/itr_00550_trial_01.rho
     1      551       0.2817     69977.1345   -2664.8424      9.12722     9.12722   45047.4441     7.32311      1 chain_01/itr_00551_trial_01.rho
     1      552       0.2811     69977.1345       0.0000      9.12722     9.12722   45047.4441     7.32311      0 -
     1      553       0.2804     72901.8606    2924.7260      9.31600     9.31600   45047.4441     7.32311      1 chain_01/itr_00553_trial_01.rho
     1      554       0.2798     66391.9302   -6509.9304      8.89033     8.89033   45047.4441     7.32311      1 chain_01/itr_00554_trial_01.rho
     1      555       0.2791     64166.5569   -2225.3733      8.74007     8.74007   45047.4441     7.32311      1 chain_01/itr_00555_trial_01.rho
     1      556       0.2785     64166.5569       0.0000      8.74007     8.74007   45047.4441     7.32311      0 -
     1      557       0.2779     57413.7466   -6752.8103      8.26739     8.26739   45047.4441     7.32311      1 chain_01/itr_00557_trial_01.rho
     1      558       0.2772     62968.3849    5554.6383      8.65808     8.65808   45047.4441     7.32311      1 chain_01/itr_00558_trial_01.rho
     1      559       0.2766     62968.3849       0.0000      8.65808     8.65808   45047.4441     7.32311      0 -
     1      560       0.2759     62955.4539     -12.9310      8.65719     8.65719   45047.4441     7.32311      1 chain_01/itr_00560_trial_01.rho
     1      561       0.2753     64091.8208    1136.3669      8.73497     8.73497   45047.4441     7.32311      1 chain_01/itr_00561_trial_01.rho
     1      562       0.2747     62357.8473   -1733.9735      8.61600     8.61600   45047.4441     7.32311      1 chain_01/itr_00562_trial_01.rho
     1      563        0.274     59086.2123   -3271.6350      8.38694     8.38694   45047.4441     7.32311      1 chain_01/itr_00563_trial_01.rho
     1      564       0.2734     59478.1263     391.9140      8.41471     8.41471   45047.4441     7.32311      1 chain_01/itr_00564_trial_01.rho
     1      565       0.2728     60053.7567     575.6304      8.45533     8.45533   45047.4441     7.32311      1 chain_01/itr_00565_trial_01.rho
     1      566       0.2722     56482.4993   -3571.2574      8.20007     8.20007   45047.4441     7.32311      1 chain_01/itr_00566_trial_01.rho
     1      567       0.2715     62644.8532    6162.3540      8.63581     8.63581   45047.4441     7.32311      1 chain_01/itr_00567_trial_01.rho
     1      568       0.2709     60738.9613   -1905.8920      8.50343     8.50343   45047.4441     7.32311      1 chain_01/itr_00568_trial_01.rho
     1      569       0.2703     65155.8539    4416.8926      8.80718     8.80718   45047.4441     7.32311      1 chain_01/itr_00569_trial_01.rho
     1      570       0.2697     66862.5579    1706.7041      8.92179     8.92179   45047.4441     7.32311      1 chain_01/itr_00570_trial_01.rho
     1      571        0.269     68002.3854    1139.8275      8.99751     8.99751   45047.4441     7.32311      1 chain_01/itr_00571_trial_01.rho
     1      572       0.2684     57368.7480  -10633.6374      8.26415     8.26415   45047.4441     7.32311      1 chain_01/itr_00572_trial_01.rho
     1      573       0.2678     50755.7693   -6612.9787      7.77326     7.77326   45047.4441     7.32311      1 chain_01/itr_00573_trial_01.rho
     1      574       0.2672     50755.7693       0.0000      7.77326     7.77326   45047.4441     7.32311      0 -
     1      575       0.2666     47159.4989   -3596.2704      7.49281     7.49281   45047.4441     7.32311      1 chain_01/itr_00575_trial_01.rho
     1      576        0.266     43631.8606   -3527.6382      7.20713     7.20713   43631.8606     7.20713      1 chain_01/itr_00576_trial_01.rho
     1      577       0.2653     40164.7408   -3467.1198      6.91485     6.91485   40164.7408     6.91485      1 chain_01/itr_00577_trial_01.rho
     1      578       0.2647     39545.7218    -619.0190      6.86136     6.86136   39545.7218     6.86136      1 chain_01/itr_00578_trial_01.rho
     1      579       0.2641     41208.4972    1662.7754      7.00412     7.00412   39545.7218     6.86136      1 chain_01/itr_00579_trial_01.rho
     1      580       0.2635     42811.7771    1603.2799      7.13908     7.13908   39545.7218     6.86136      1 chain_01/itr_00580_trial_01.rho
     1      581       0.2629     47515.8688    4704.0917      7.52107     7.52107   39545.7218     6.86136      1 chain_01/itr_00581_trial_01.rho
     1      582       0.2623     46290.2235   -1225.6452      7.42344     7.42344   39545.7218     6.86136      1 chain_01/itr_00582_trial_01.rho
     1      583       0.2617     46334.9790      44.7555      7.42702     7.42702   39545.7218     6.86136      1 chain_01/itr_00583_trial_01.rho
     1      584       0.2611     45918.4697    -416.5093      7.39357     7.39357   39545.7218     6.86136      1 chain_01/itr_00584_trial_01.rho
     1      585       0.2605     45923.7747       5.3049      7.39399     7.39399   39545.7218     6.86136      1 chain_01/itr_00585_trial_01.rho
     1      586       0.2599     44002.2100   -1921.5647      7.23765     7.23765   39545.7218     6.86136      1 chain_01/itr_00586_trial_01.rho
     1      587       0.2593     43228.6283    -773.5817      7.17375     7.17375   39545.7218     6.86136      1 chain_01/itr_00587_trial_01.rho
     1      588       0.2587     43228.6283       0.0000      7.17375     7.17375   39545.7218     6.86136      0 -
     1      589       0.2581     45608.1255    2379.4972      7.36854     7.36854   39545.7218     6.86136      1 chain_01/itr_00589_trial_01.rho
     1      590       0.2575     46103.7795     495.6540      7.40847     7.40847   39545.7218     6.86136      1 chain_01/itr_00590_trial_01.rho
     1      591       0.2569     49556.9506    3453.1711      7.68091     7.68091   39545.7218     6.86136      1 chain_01/itr_00591_trial_01.rho
     1      592       0.2563     51682.7073    2125.7567      7.84392     7.84392   39545.7218     6.86136      1 chain_01/itr_00592_trial_01.rho
     1      593       0.2557     51722.7007      39.9934      7.84695     7.84695   39545.7218     6.86136      1 chain_01/itr_00593_trial_01.rho
     1      594       0.2552     51971.3671     248.6664      7.86579     7.86579   39545.7218     6.86136      1 chain_01/itr_00594_trial_01.rho
     1      595       0.2546     54701.3834    2730.0164      8.06974     8.06974   39545.7218     6.86136      1 chain_01/itr_00595_trial_01.rho
     1      596        0.254     54842.7311     141.3477      8.08016     8.08016   39545.7218     6.86136      1 chain_01/itr_00596_trial_01.rho
     1      597       0.2534     51713.3682   -3129.3629      7.84624     7.84624   39545.7218     6.86136      1 chain_01/itr_00597_trial_01.rho
     1      598       0.2528     57588.6463    5875.2781      8.27997     8.27997   39545.7218     6.86136      1 chain_01/itr_00598_trial_01.rho
     1      599       0.2522     60500.7637    2912.1174      8.48674     8.48674   39545.7218     6.86136      1 chain_01/itr_00599_trial_01.rho
     1      600       0.2517     62663.3299    2162.5662      8.63708     8.63708   39545.7218     6.86136      1 chain_01/itr_00600_trial_01.rho
     1      601       0.2511     58065.9309   -4597.3990      8.31421     8.31421   39545.7218     6.86136      1 chain_01/itr_00601_trial_01.rho
     1      602       0.2505     56385.3907   -1680.5402      8.19301     8.19301   39545.7218     6.86136      1 chain_01/itr_00602_trial_01.rho
     1      603       0.2499     56385.3907       0.0000      8.19301     8.19301   39545.7218     6.86136      0 -
     1      604       0.2493     54831.0638   -1554.3269      8.07930     8.07930   39545.7218     6.86136      1 chain_01/itr_00604_trial_01.rho
     1      605       0.2488     60106.9993    5275.9355      8.45908     8.45908   39545.7218     6.86136      1 chain_01/itr_00605_trial_01.rho
     1      606       0.2482     64505.1382    4398.1389      8.76309     8.76309   39545.7218     6.86136      1 chain_01/itr_00606_trial_01.rho
     1      607       0.2476     60029.2714   -4475.8669      8.45360     8.45360   39545.7218     6.86136      1 chain_01/itr_00607_trial_01.rho
     1      608       0.2471     57301.0488   -2728.2226      8.25927     8.25927   39545.7218     6.86136      1 chain_01/itr_00608_trial_01.rho
     1      609       0.2465     68534.2073   11233.1586      9.03263     9.03263   39545.7218     6.86136      1 chain_01/itr_00609_trial_01.rho
     1      610       0.2459     70062.1058    1527.8985      9.13276     9.13276   39545.7218     6.86136      1 chain_01/itr_00610_trial_01.rho
     1      611       0.2454     74069.2061    4007.1003      9.39029     9.39029   39545.7218     6.86136      1 chain_01/itr_00611_trial_01.rho
     1      612       0.2448     76947.7908    2878.5847      9.57102     9.57102   39545.7218     6.86136      1 chain_01/itr_00612_trial_01.rho
     1      613       0.2442     85851.1095    8903.3187     10.10958    10.10958   39545.7218     6.86136      1 chain_01/itr_00613_trial_01.rho
     1      614       0.2437     95413.1081    9561.9986     10.65772    10.65772   39545.7218     6.86136      1 chain_01/itr_00614_trial_01.rho
     1      615       0.2431     85471.7408   -9941.3673     10.08722    10.08722   39545.7218     6.86136      1 chain_01/itr_00615_trial_01.rho
     1      616       0.2425     88588.8059    3117.0650     10.26951    10.26951   39545.7218     6.86136      1 chain_01/itr_00616_trial_01.rho
     1      617        0.242     83651.2713   -4937.5345      9.97922     9.97922   39545.7218     6.86136      1 chain_01/itr_00617_trial_01.rho
     1      618       0.2414     96522.5600   12871.2887     10.71951    10.71951   39545.7218     6.86136      1 chain_01/itr_00618_trial_01.rho
     1      619       0.2409     86743.4550   -9779.1050     10.16199    10.16199   39545.7218     6.86136      1 chain_01/itr_00619_trial_01.rho
     1      620       0.2403     86743.4550       0.0000     10.16199    10.16199   39545.7218     6.86136      0 -
     1      621       0.2398     86743.4550       0.0000     10.16199    10.16199   39545.7218     6.86136      0 -
     1      622       0.2392     76018.3222  -10725.1328      9.51304     9.51304   39545.7218     6.86136      1 chain_01/itr_00622_trial_01.rho
     1      623       0.2387     71680.2515   -4338.0707      9.23762     9.23762   39545.7218     6.86136      1 chain_01/itr_00623_trial_01.rho
     1      624       0.2381     67649.1107   -4031.1408      8.97411     8.97411   39545.7218     6.86136      1 chain_01/itr_00624_trial_01.rho
     1      625       0.2376     68393.1050     743.9943      9.02332     9.02332   39545.7218     6.86136      1 chain_01/itr_00625_trial_01.rho
     1      626        0.237     70777.8918    2384.7869      9.17929     9.17929   39545.7218     6.86136      1 chain_01/itr_00626_trial_01.rho
     1      627       0.2365     71623.6599     845.7681      9.23397     9.23397   39545.7218     6.86136      1 chain_01/itr_00627_trial_01.rho
     1      628       0.2359     71672.9476      49.2877      9.23715     9.23715   39545.7218     6.86136      1 chain_01/itr_00628_trial_01.rho
     1      629       0.2354     66921.1385   -4751.8091      8.92569     8.92569   39545.7218     6.86136      1 chain_01/itr_00629_trial_01.rho
     1      630       0.2348     74778.2721    7857.1335      9.43513     9.43513   39545.7218     6.86136      1 chain_01/itr_00630_trial_01.rho
     1      631       0.2343     71338.0659   -3440.2062      9.21554     9.21554   39545.7218     6.86136      1 chain_01/itr_00631_trial_01.rho
     1      632       0.2338     80209.2083    8871.1424      9.77175     9.77175   39545.7218     6.86136      1 chain_01/itr_00632_trial_01.rho
     1      633       0.2332     83306.4490    3097.2407      9.95863     9.95863   39545.7218     6.86136      1 chain_01/itr_00633_trial_01.rho
     1      634       0.2327     84872.9221    1566.4731     10.05183    10.05183   39545.7218     6.86136      1 chain_01/itr_00634_trial_01.rho
     1      635       0.2322     84872.9221       0.0000     10.05183    10.05183   39545.7218     6.86136      0 -
     1      636       0.2316     78317.0789   -6555.8432      9.65581     9.65581   39545.7218     6.86136      1 chain_01/itr_00636_trial_01.rho
     1      637       0.2311     78362.0086      44.9297      9.65858     9.65858   39545.7218     6.86136      1 chain_01/itr_00637_trial_01.rho
     1      638       0.2306     77328.8756   -1033.1331      9.59470     9.59470   39545.7218     6.86136      1 chain_01/itr_00638_trial_01.rho
     1      639         0.23     77328.8756       0.0000      9.59470     9.59470   39545.7218     6.86136      0 -
     1      640       0.2295     82955.3735    5626.4980      9.93763     9.93763   39545.7218     6.86136      1 chain_01/itr_00640_trial_01.rho
     1      641        0.229     72017.8620  -10937.5115      9.25935     9.25935   39545.7218     6.86136      1 chain_01/itr_00641_trial_01.rho
     1      642       0.2284     70538.5927   -1479.2694      9.16376     9.16376   39545.7218     6.86136      1 chain_01/itr_00642_trial_01.rho
     1      643       0.2279     68020.2232   -2518.3695      8.99869     8.99869   39545.7218     6.86136      1 chain_01/itr_00643_trial_01.rho
     1      644       0.2274     66731.0827   -1289.1404      8.91301     8.91301   39545.7218     6.86136      1 chain_01/itr_00644_trial_01.rho
     1      645       0.2269     66731.0827       0.0000      8.91301     8.91301   39545.7218     6.86136      0 -
     1      646       0.2264     70549.7394    3818.6567      9.16448     9.16448   39545.7218     6.86136      1 chain_01/itr_00646_trial_01.rho
     1      647       0.2258     67437.6224   -3112.1170      8.96007     8.96007   39545.7218     6.86136      1 chain_01/itr_00647_trial_01.rho
     1      648       0.2253     65057.0027   -2380.6197      8.80050     8.80050   39545.7218     6.86136      1 chain_01/itr_00648_trial_01.rho
     1      649       0.2248     62786.8283   -2270.1744      8.64559     8.64559   39545.7218     6.86136      1 chain_01/itr_00649_trial_01.rho
     1      650       0.2243     59596.6727   -3190.1556      8.42309     8.42309   39545.7218     6.86136      1 chain_01/itr_00650_trial_01.rho
     1      651       0.2238     55572.1783   -4024.4944      8.13372     8.13372   39545.7218     6.86136      1 chain_01/itr_00651_trial_01.rho
     1      652       0.2232     56098.0316     525.8533      8.17211     8.17211   39545.7218     6.86136      1 chain_01/itr_00652_trial_01.rho
     1      653       0.2227     59331.2765    3233.2449      8.40431     8.40431   39545.7218     6.86136      1 chain_01/itr_00653_trial_01.rho
     1      654       0.2222     60043.8335     712.5569      8.45463     8.45463   39545.7218     6.86136      1 chain_01/itr_00654_trial_01.rho
     1      655       0.2217     63380.5102    3336.6767      8.68637     8.68637   39545.7218     6.86136      1 chain_01/itr_00655_trial_01.rho
     1      656       0.2212     63380.5102       0.0000      8.68637     8.68637   39545.7218     6.86136      0 -
     1      657       0.2207     70866.4355    7485.9253      9.18503     9.18503   39545.7218     6.86136      1 chain_01/itr_00657_trial_01.rho
     1      658       0.2202     70866.4355       0.0000      9.18503     9.18503   39545.7218     6.86136      0 -
     1      659       0.2197     68010.8970   -2855.5385      8.99807     8.99807   39545.7218     6.86136      1 chain_01/itr_00659_trial_01.rho
     1      660       0.2192     68010.8970       0.0000      8.99807     8.99807   39545.7218     6.86136      0 -
     1      661       0.2187     67422.2505    -588.6465      8.95905     8.95905   39545.7218     6.86136      1 chain_01/itr_00661_trial_01.rho
     1      662       0.2182     70238.3416    2816.0911      9.14424     9.14424   39545.7218     6.86136      1 chain_01/itr_00662_trial_01.rho
     1      663       0.2177     71001.3392     762.9975      9.19377     9.19377   39545.7218     6.86136      1 chain_01/itr_00663_trial_01.rho
     1      664       0.2172     72965.1771    1963.8379      9.32005     9.32005   39545.7218     6.86136      1 chain_01/itr_00664_trial_01.rho
     1      665       0.2167     66931.4446   -6033.7326      8.92638     8.92638   39545.7218     6.86136      1 chain_01/itr_00665_trial_01.rho
     1      666       0.2162     73786.0090    6854.5644      9.37233     9.37233   39545.7218     6.86136      1 chain_01/itr_00666_trial_01.rho
     1      667       0.2157     74850.7338    1064.7248      9.43970     9.43970   39545.7218     6.86136      1 chain_01/itr_00667_trial_01.rho
     1      668       0.2152     74939.6830      88.9492      9.44531     9.44531   39545.7218     6.86136      1 chain_01/itr_00668_trial_01.rho
     1      669       0.2147     69479.8227   -5459.8603      9.09473     9.09473   39545.7218     6.86136      1 chain_01/itr_00669_trial_01.rho
     1      670       0.2142     69479.8227       0.0000      9.09473     9.09473   39545.7218     6.86136      0 -
     1      671       0.2137     66334.3086   -3145.5141      8.88647     8.88647   39545.7218     6.86136      1 chain_01/itr_00671_trial_01.rho
     1      672       0.2132     63024.1197   -3310.1889      8.66191     8.66191   39545.7218     6.86136      1 chain_01/itr_00672_trial_01.rho
     1      673       0.2127     67233.4154    4209.2957      8.94650     8.94650   39545.7218     6.86136      1 chain_01/itr_00673_trial_01.rho
     1      674       0.2122     67233.4154       0.0000      8.94650     8.94650   39545.7218     6.86136      0 -
     1      675       0.2117     68775.1743    1541.7588      9.04849     9.04849   39545.7218     6.86136      1 chain_01/itr_00675_trial_01.rho
     1      676       0.2112     68775.1743       0.0000      9.04849     9.04849   39545.7218     6.86136      0 -
     1      677       0.2108     61739.8704   -7035.3039      8.57321     8.57321   39545.7218     6.86136      1 chain_01/itr_00677_trial_01.rho
     1      678       0.2103     61350.8967    -388.9737      8.54616     8.54616   39545.7218     6.86136      1 chain_01/itr_00678_trial_01.rho
     1      679       0.2098     61690.5598     339.6631      8.56978     8.56978   39545.7218     6.86136      1 chain_01/itr_00679_trial_01.rho
     1      680       0.2093     60470.0217   -1220.5381      8.48458     8.48458   39545.7218     6.86136      1 chain_01/itr_00680_trial_01.rho
     1      681       0.2088     63794.5917    3324.5700      8.71470     8.71470   39545.7218     6.86136      1 chain_01/itr_00681_trial_01.rho
     1      682       0.2083     65628.1009    1833.5092      8.83904     8.83904   39545.7218     6.86136      1 chain_01/itr_00682_trial_01.rho
     1      683       0.2079     66217.2078     589.1069      8.87863     8.87863   39545.7218     6.86136      1 chain_01/itr_00683_trial_01.rho
     1      684       0.2074     67690.7577    1473.5499      8.97687     8.97687   39545.7218     6.86136      1 chain_01/itr_00684_trial_01.rho
     1      685       0.2069     62089.5833   -5601.1745      8.59745     8.59745   39545.7218     6.86136      1 chain_01/itr_00685_trial_01.rho
     1      686       0.2064     63084.3491     994.7658      8.66605     8.66605   39545.7218     6.86136      1 chain_01/itr_00686_trial_01.rho
     1      687        0.206     56047.3681   -7036.9810      8.16842     8.16842   39545.7218     6.86136      1 chain_01/itr_00687_trial_01.rho
     1      688       0.2055     59810.0782    3762.7101      8.43816     8.43816   39545.7218     6.86136      1 chain_01/itr_00688_trial_01.rho
     1      689        0.205     53694.6218   -6115.4564      7.99513     7.99513   39545.7218     6.86136      1 chain_01/itr_00689_trial_01.rho
     1      690       0.2045     56476.4449    2781.8231      8.19963     8.19963   39545.7218     6.86136      1 chain_01/itr_00690_trial_01.rho
     1      691       0.2041     51581.8976   -4894.5473      7.83626     7.83626   39545.7218     6.86136      1 chain_01/itr_00691_trial_01.rho
     1      692       0.2036     53054.1659    1472.2684      7.94731     7.94731   39545.7218     6.86136      1 chain_01/itr_00692_trial_01.rho
     1      693       0.2031     53054.1659       0.0000      7.94731     7.94731   39545.7218     6.86136      0 -
     1      694       0.2027     57678.7139    4624.5480      8.28644     8.28644   39545.7218     6.86136      1 chain_01/itr_00694_trial_01.rho
     1      695       0.2022     58443.6412     764.9273      8.34121     8.34121   39545.7218     6.86136      1 chain_01/itr_00695_trial_01.rho
     1      696       0.2017     56252.8466   -2190.7946      8.18338     8.18338   39545.7218     6.86136      1 chain_01/itr_00696_trial_01.rho
     1      697       0.2013     58761.5934    2508.7469      8.36387     8.36387   39545.7218     6.86136      1 chain_01/itr_00697_trial_01.rho
     1      698       0.2008     69188.4484   10426.8550      9.07564     9.07564   39545.7218     6.86136      1 chain_01/itr_00698_trial_01.rho
     1      699       0.2003     75077.7239    5889.2755      9.45401     9.45401   39545.7218     6.86136      1 chain_01/itr_00699_trial_01.rho
     1      700       0.1999     71766.5100   -3311.2139      9.24318     9.24318   39545.7218     6.86136      1 chain_01/itr_00700_trial_01.rho
     1      701       0.1994     69859.3603   -1907.1497      9.11953     9.11953   39545.7218     6.86136      1 chain_01/itr_00701_trial_01.rho
     1      702        0.199     73240.3247    3380.9644      9.33760     9.33760   39545.7218     6.86136      1 chain_01/itr_00702_trial_01.rho
     1      703       0.1985     73439.2033     198.8787      9.35027     9.35027   39545.7218     6.86136      1 chain_01/itr_00703_trial_01.rho
     1      704        0.198     77675.4270    4236.2236      9.61617     9.61617   39545.7218     6.86136      1 chain_01/itr_00704_trial_01.rho
     1      705       0.1976     72407.4373   -5267.9897      9.28436     9.28436   39545.7218     6.86136      1 chain_01/itr_00705_trial_01.rho
     1      706       0.1971     69070.4310   -3337.0063      9.06789     9.06789   39545.7218     6.86136      1 chain_01/itr_00706_trial_01.rho
     1      707       0.1967     66957.5830   -2112.8480      8.92812     8.92812   39545.7218     6.86136      1 chain_01/itr_00707_trial_01.rho
     1      708       0.1962     66031.7531    -925.8299      8.86618     8.86618   39545.7218     6.86136      1 chain_01/itr_00708_trial_01.rho
     1      709       0.1958     66031.7531       0.0000      8.86618     8.86618   39545.7218     6.86136      0 -
     1      710       0.1953     78348.1258   12316.3727      9.65772     9.65772   39545.7218     6.86136      1 chain_01/itr_00710_trial_01.rho
     1      711       0.1949     83866.5069    5518.3811      9.99205     9.99205   39545.7218     6.86136      1 chain_01/itr_00711_trial_01.rho
     1      712       0.1944     73264.4188  -10602.0881      9.33914     9.33914   39545.7218     6.86136      1 chain_01/itr_00712_trial_01.rho
     1      713        0.194     76325.6898    3061.2711      9.53226     9.53226   39545.7218     6.86136      1 chain_01/itr_00713_trial_01.rho
     1      714       0.1935     72492.0712   -3833.6187      9.28978     9.28978   39545.7218     6.86136      1 chain_01/itr_00714_trial_01.rho
     1      715       0.1931     72492.0712       0.0000      9.28978     9.28978   39545.7218     6.86136      0 -
     1      716       0.1926     74124.8811    1632.8100      9.39382     9.39382   39545.7218     6.86136      1 chain_01/itr_00716_trial_01.rho
     1      717       0.1922     72539.2028   -1585.6783      9.29280     9.29280   39545.7218     6.86136      1 chain_01/itr_00717_trial_01.rho
     1      718       0.1918     78780.1609    6240.9581      9.68431     9.68431   39545.7218     6.86136      1 chain_01/itr_00718_trial_01.rho
     1      719       0.1913     81039.7532    2259.5923      9.82221     9.82221   39545.7218     6.86136      1 chain_01/itr_00719_trial_01.rho
     1      720       0.1909     82439.1774    1399.4243      9.90666     9.90666   39545.7218     6.86136      1 chain_01/itr_00720_trial_01.rho
     1      721       0.1904     82439.1774       0.0000      9.90666     9.90666   39545.7218     6.86136      0 -
     1      722         0.19     78906.2093   -3532.9682      9.69206     9.69206   39545.7218     6.86136      1 chain_01/itr_00722_trial_01.rho
     1      723       0.1896     79006.7734     100.5641      9.69823     9.69823   39545.7218     6.86136      1 chain_01/itr_00723_trial_01.rho
     1      724       0.1891     86220.7188    7213.9454     10.13132    10.13132   39545.7218     6.86136      1 chain_01/itr_00724_trial_01.rho
     1      725       0.1887     91949.9941    5729.2754     10.46252    10.46252   39545.7218     6.86136      1 chain_01/itr_00725_trial_01.rho
     1      726       0.1883     93464.2640    1514.2699     10.54832    10.54832   39545.7218     6.86136      1 chain_01/itr_00726_trial_01.rho
     1      727       0.1878     93464.2640       0.0000     10.54832    10.54832   39545.7218     6.86136      0 -
     1      728       0.1874     76211.8001  -17252.4639      9.52514     9.52514   39545.7218     6.86136      1 chain_01/itr_00728_trial_01.rho
     1      729        0.187     75717.4808    -494.3192      9.49420     9.49420   39545.7218     6.86136      1 chain_01/itr_00729_trial_01.rho
     1      730       0.1865     70082.8841   -5634.5967      9.13411     9.13411   39545.7218     6.86136      1 chain_01/itr_00730_trial_01.rho
     1      731       0.1861     71045.4337     962.5496      9.19662     9.19662   39545.7218     6.86136      1 chain_01/itr_00731_trial_01.rho
     1      732       0.1857     66243.8055   -4801.6282      8.88041     8.88041   39545.7218     6.86136      1 chain_01/itr_00732_trial_01.rho
     1      733       0.1852     64180.3626   -2063.4429      8.74101     8.74101   39545.7218     6.86136      1 chain_01/itr_00733_trial_01.rho
     1      734       0.1848     58993.0192   -5187.3435      8.38032     8.38032   39545.7218     6.86136      1 chain_01/itr_00734_trial_01.rho
     1      735       0.1844     59325.2648     332.2457      8.40389     8.40389   39545.7218     6.86136      1 chain_01/itr_00735_trial_01.rho
     1      736        0.184     56276.0285   -3049.2364      8.18506     8.18506   39545.7218     6.86136      1 chain_01/itr_00736_trial_01.rho
     1      737       0.1836     51217.7231   -5058.3054      7.80855     7.80855   39545.7218     6.86136      1 chain_01/itr_00737_trial_01.rho
     1      738       0.1831     54209.4041    2991.6810      8.03337     8.03337   39545.7218     6.86136      1 chain_01/itr_00738_trial_01.rho
     1      739       0.1827     48616.4258   -5592.9783      7.60767     7.60767   39545.7218     6.86136      1 chain_01/itr_00739_trial_01.rho
     1      740       0.1823     48616.4258       0.0000      7.60767     7.60767   39545.7218     6.86136      0 -
     1      741       0.1819     48616.4258       0.0000      7.60767     7.60767   39545.7218     6.86136      0 -
     1      742       0.1814     48616.4258       0.0000      7.60767     7.60767   39545.7218     6.86136      0 -
     1      743        0.181     46479.4228   -2137.0030      7.43859     7.43859   39545.7218     6.86136      1 chain_01/itr_00743_trial_01.rho
     1      744       0.1806     49008.7347    2529.3119      7.63831     7.63831   39545.7218     6.86136      1 chain_01/itr_00744_trial_01.rho
     1      745       0.1802     49008.7347       0.0000      7.63831     7.63831   39545.7218     6.86136      0 -
     1      746       0.1798     45701.3840   -3307.3507      7.37607     7.37607   39545.7218     6.86136      1 chain_01/itr_00746_trial_01.rho
     1      747       0.1794     45972.9647     271.5806      7.39795     7.39795   39545.7218     6.86136      1 chain_01/itr_00747_trial_01.rho
     1      748        0.179     46203.5492     230.5845      7.41648     7.41648   39545.7218     6.86136      1 chain_01/itr_00748_trial_01.rho
     1      749       0.1785     48696.5604    2493.0112      7.61394     7.61394   39545.7218     6.86136      1 chain_01/itr_00749_trial_01.rho
     1      750       0.1781     47090.4442   -1606.1162      7.48733     7.48733   39545.7218     6.86136      1 chain_01/itr_00750_trial_01.rho
     1      751       0.1777     46511.8470    -578.5973      7.44119     7.44119   39545.7218     6.86136      1 chain_01/itr_00751_trial_01.rho
     1      752       0.1773     48112.3836    1600.5366      7.56813     7.56813   39545.7218     6.86136      1 chain_01/itr_00752_trial_01.rho
     1      753       0.1769     45386.0795   -2726.3041      7.35058     7.35058   39545.7218     6.86136      1 chain_01/itr_00753_trial_01.rho
     1      754       0.1765     45386.0795       0.0000      7.35058     7.35058   39545.7218     6.86136      0 -
     1      755       0.1761     44585.5122    -800.5673      7.28546     7.28546   39545.7218     6.86136      1 chain_01/itr_00755_trial_01.rho
     1      756       0.1757     41654.2700   -2931.2421      7.04190     7.04190   39545.7218     6.86136      1 chain_01/itr_00756_trial_01.rho
     1      757       0.1753     44826.9904    3172.7204      7.30517     7.30517   39545.7218     6.86136      1 chain_01/itr_00757_trial_01.rho
     1      758       0.1749     42452.7050   -2374.2854      7.10907     7.10907   39545.7218     6.86136      1 chain_01/itr_00758_trial_01.rho
     1      759       0.1745     40694.1545   -1758.5505      6.96027     6.96027   39545.7218     6.86136      1 chain_01/itr_00759_trial_01.rho
     1      760       0.1741     43089.0353    2394.8808      7.16216     7.16216   39545.7218     6.86136      1 chain_01/itr_00760_trial_01.rho
     1      761       0.1737     43089.0353       0.0000      7.16216     7.16216   39545.7218     6.86136      0 -
     1      762       0.1733     44519.4101    1430.3747      7.28006     7.28006   39545.7218     6.86136      1 chain_01/itr_00762_trial_01.rho
     1      763       0.1729     44519.4101       0.0000      7.28006     7.28006   39545.7218     6.86136      0 -
     1      764       0.1725     47058.7697    2539.3597      7.48481     7.48481   39545.7218     6.86136      1 chain_01/itr_00764_trial_01.rho
     1      765       0.1721     44720.6236   -2338.1462      7.29649     7.29649   39545.7218     6.86136      1 chain_01/itr_00765_trial_01.rho
     1      766       0.1717     45425.4731     704.8495      7.35377     7.35377   39545.7218     6.86136      1 chain_01/itr_00766_trial_01.rho
     1      767       0.1713     45697.8119     272.3389      7.37578     7.37578   39545.7218     6.86136      1 chain_01/itr_00767_trial_01.rho
     1      768       0.1709     45175.1099    -522.7020      7.33348     7.33348   39545.7218     6.86136      1 chain_01/itr_00768_trial_01.rho
     1      769       0.1705     45986.9518     811.8419      7.39908     7.39908   39545.7218     6.86136      1 chain_01/itr_00769_trial_01.rho
     1      770       0.1701     44781.6985   -1205.2533      7.30148     7.30148   39545.7218     6.86136      1 chain_01/itr_00770_trial_01.rho
     1      771       0.1697     46199.3521    1417.6536      7.41615     7.41615   39545.7218     6.86136      1 chain_01/itr_00771_trial_01.rho
     1      772       0.1693     46778.1751     578.8230      7.46246     7.46246   39545.7218     6.86136      1 chain_01/itr_00772_trial_01.rho
     1      773       0.1689     46944.4337     166.2585      7.47571     7.47571   39545.7218     6.86136      1 chain_01/itr_00773_trial_01.rho
     1      774       0.1686     48408.2060    1463.7723      7.59136     7.59136   39545.7218     6.86136      1 chain_01/itr_00774_trial_01.rho
     1      775       0.1682     48982.7193     574.5132      7.63628     7.63628   39545.7218     6.86136      1 chain_01/itr_00775_trial_01.rho
     1      776       0.1678     46523.0099   -2459.7093      7.44208     7.44208   39545.7218     6.86136      1 chain_01/itr_00776_trial_01.rho
     1      777       0.1674     47080.1823     557.1724      7.48651     7.48651   39545.7218     6.86136      1 chain_01/itr_00777_trial_01.rho
     1      778        0.167     45561.0253   -1519.1570      7.36473     7.36473   39545.7218     6.86136      1 chain_01/itr_00778_trial_01.rho
     1      779       0.1666     45264.8336    -296.1917      7.34076     7.34076   39545.7218     6.86136      1 chain_01/itr_00779_trial_01.rho
     1      780       0.1662     45310.8829      46.0493      7.34449     7.34449   39545.7218     6.86136      1 chain_01/itr_00780_trial_01.rho
     1      781       0.1659     44431.5170    -879.3659      7.27287     7.27287   39545.7218     6.86136      1 chain_01/itr_00781_trial_01.rho
     1      782       0.1655     45572.6632    1141.1462      7.36568     7.36568   39545.7218     6.86136      1 chain_01/itr_00782_trial_01.rho
     1      783       0.1651     45876.4316     303.7683      7.39018     7.39018   39545.7218     6.86136      1 chain_01/itr_00783_trial_01.rho
     1      784       0.1647     45876.4316       0.0000      7.39018     7.39018   39545.7218     6.86136      0 -
     1      785       0.1643     43795.2409   -2081.1906      7.22061     7.22061   39545.7218     6.86136      1 chain_01/itr_00785_trial_01.rho
     1      786        0.164     42502.6436   -1292.5973      7.11325     7.11325   39545.7218     6.86136      1 chain_01/itr_00786_trial_01.rho
     1      787       0.1636     40980.5507   -1522.0929      6.98472     6.98472   39545.7218     6.86136      1 chain_01/itr_00787_trial_01.rho
     1      788       0.1632     40980.5507       0.0000      6.98472     6.98472   39545.7218     6.86136      0 -
     1      789       0.1628     39764.9851   -1215.5656      6.88035     6.88035   39545.7218     6.86136      1 chain_01/itr_00789_trial_01.rho
     1      790       0.1625     40806.3944    1041.4093      6.96987     6.96987   39545.7218     6.86136      1 chain_01/itr_00790_trial_01.rho
     1      791       0.1621     40711.1444     -95.2499      6.96173     6.96173   39545.7218     6.86136      1 chain_01/itr_00791_trial_01.rho
     1      792       0.1617     40542.1311    -169.0133      6.94726     6.94726   39545.7218     6.86136      1 chain_01/itr_00792_trial_01.rho
     1      793       0.1613     41410.4602     868.3291      7.02127     7.02127   39545.7218     6.86136      1 chain_01/itr_00793_trial_01.rho
     1      794        0.161     40042.3110   -1368.1492      6.90430     6.90430   39545.7218     6.86136      1 chain_01/itr_00794_trial_01.rho
     1      795       0.1606     39384.1672    -658.1438      6.84733     6.84733   39384.1672     6.84733      1 chain_01/itr_00795_trial_01.rho
     1      796       0.1602     39899.3067     515.1396      6.89196     6.89196   39384.1672     6.84733      1 chain_01/itr_00796_trial_01.rho
     1      797       0.1599     39109.3384    -789.9683      6.82340     6.82340   39109.3384     6.82340      1 chain_01/itr_00797_trial_01.rho
     1      798       0.1595     39109.3384       0.0000      6.82340     6.82340   39109.3384     6.82340      0 -
     1      799       0.1591     38574.3741    -534.9642      6.77657     6.77657   38574.3741     6.77657      1 chain_01/itr_00799_trial_01.rho
     1      800       0.1588     37080.4617   -1493.9125      6.64405     6.64405   37080.4617     6.64405      1 chain_01/itr_00800_trial_01.rho
     1      801       0.1584     39825.5900    2745.1283      6.88559     6.88559   37080.4617     6.64405      1 chain_01/itr_00801_trial_01.rho
     1      802        0.158     41332.8553    1507.2653      7.01468     7.01468   37080.4617     6.64405      1 chain_01/itr_00802_trial_01.rho
     1      803       0.1577     40206.6526   -1126.2027      6.91846     6.91846   37080.4617     6.64405      1 chain_01/itr_00803_trial_01.rho
     1      804       0.1573     42993.9653    2787.3127      7.15425     7.15425   37080.4617     6.64405      1 chain_01/itr_00804_trial_01.rho
     1      805       0.1569     41526.5511   -1467.4142      7.03110     7.03110   37080.4617     6.64405      1 chain_01/itr_00805_trial_01.rho
     1      806       0.1566     43797.1085    2270.5574      7.22076     7.22076   37080.4617     6.64405      1 chain_01/itr_00806_trial_01.rho
     1      807       0.1562     41909.6133   -1887.4952      7.06346     7.06346   37080.4617     6.64405      1 chain_01/itr_00807_trial_01.rho
     1      808       0.1559     41861.7953     -47.8180      7.05942     7.05942   37080.4617     6.64405      1 chain_01/itr_00808_trial_01.rho
     1      809       0.1555     41861.7953       0.0000      7.05942     7.05942   37080.4617     6.64405      0 -
     1      810       0.1551     41883.9921      22.1968      7.06130     7.06130   37080.4617     6.64405      1 chain_01/itr_00810_trial_01.rho
     1      811       0.1548     42392.1539     508.1618      7.10400     7.10400   37080.4617     6.64405      1 chain_01/itr_00811_trial_01.rho
     1      812       0.1544     43012.1296     619.9757      7.15576     7.15576   37080.4617     6.64405      1 chain_01/itr_00812_trial_01.rho
     1      813       0.1541     45810.0533    2797.9236      7.38483     7.38483   37080.4617     6.64405      1 chain_01/itr_00813_trial_01.rho
     1      814       0.1537     45274.4986    -535.5546      7.34154     7.34154   37080.4617     6.64405      1 chain_01/itr_00814_trial_01.rho
     1      815       0.1534     47199.7533    1925.2547      7.49601     7.49601   37080.4617     6.64405      1 chain_01/itr_00815_trial_01.rho
     1      816        0.153     48658.5951    1458.8418      7.61097     7.61097   37080.4617     6.64405      1 chain_01/itr_00816_trial_01.rho
     1      817       0.1527     47804.4830    -854.1121      7.54388     7.54388   37080.4617     6.64405      1 chain_01/itr_00817_trial_01.rho
     1      818       0.1523     47359.5731    -444.9099      7.50869     7.50869   37080.4617     6.64405      1 chain_01/itr_00818_trial_01.rho
     1      819        0.152     47259.2297    -100.3435      7.50073     7.50073   37080.4617     6.64405      1 chain_01/itr_00819_trial_01.rho
     1      820       0.1516     47259.2297       0.0000      7.50073     7.50073   37080.4617     6.64405      0 -
     1      821       0.1513     48179.9172     920.6875      7.57344     7.57344   37080.4617     6.64405      1 chain_01/itr_00821_trial_01.rho
     1      822       0.1509     47984.8803    -195.0369      7.55810     7.55810   37080.4617     6.64405      1 chain_01/itr_00822_trial_01.rho
     1      823       0.1506     47972.3540     -12.5263      7.55711     7.55711   37080.4617     6.64405      1 chain_01/itr_00823_trial_01.rho
     1      824       0.1502     49343.8063    1371.4523      7.66437     7.66437   37080.4617     6.64405      1 chain_01/itr_00824_trial_01.rho
     1      825       0.1499     49186.0116    -157.7947      7.65211     7.65211   37080.4617     6.64405      1 chain_01/itr_00825_trial_01.rho
     1      826       0.1495     48038.6303   -1147.3813      7.56233     7.56233   37080.4617     6.64405      1 chain_01/itr_00826_trial_01.rho
     1      827       0.1492     47784.7252    -253.9051      7.54232     7.54232   37080.4617     6.64405      1 chain_01/itr_00827_trial_01.rho
     1      828       0.1488     49849.6735    2064.9483      7.70356     7.70356   37080.4617     6.64405      1 chain_01/itr_00828_trial_01.rho
     1      829       0.1485     48368.2876   -1481.3859      7.58823     7.58823   37080.4617     6.64405      1 chain_01/itr_00829_trial_01.rho
     1      830       0.1482     47265.8903   -1102.3974      7.50126     7.50126   37080.4617     6.64405      1 chain_01/itr_00830_trial_01.rho
     1      831       0.1478     46773.4894    -492.4009      7.46209     7.46209   37080.4617     6.64405      1 chain_01/itr_00831_trial_01.rho
     1      832       0.1475     46990.7744     217.2850      7.47940     7.47940   37080.4617     6.64405      1 chain_01/itr_00832_trial_01.rho
     1      833       0.1471     44577.4730   -2413.3014      7.28481     7.28481   37080.4617     6.64405      1 chain_01/itr_00833_trial_01.rho
     1      834       0.1468     45439.5460     862.0730      7.35491     7.35491   37080.4617     6.64405      1 chain_01/itr_00834_trial_01.rho
     1      835       0.1465     46270.7236     831.1776      7.42187     7.42187   37080.4617     6.64405      1 chain_01/itr_00835_trial_01.rho
     1      836       0.1461     46797.9531     527.2295      7.46404     7.46404   37080.4617     6.64405      1 chain_01/itr_00836_trial_01.rho
     1      837       0.1458     47822.1467    1024.1936      7.54527     7.54527   37080.4617     6.64405      1 chain_01/itr_00837_trial_01.rho
     1      838       0.1455     47822.1467       0.0000      7.54527     7.54527   37080.4617     6.64405      0 -
     1      839       0.1451     47822.1467       0.0000      7.54527     7.54527   37080.4617     6.64405      0 -
     1      840       0.1448     50341.7362    2519.5895      7.74149     7.74149   37080.4617     6.64405      1 chain_01/itr_00840_trial_01.rho
     1      841       0.1445     51728.2728    1386.5366      7.84737     7.84737   37080.4617     6.64405      1 chain_01/itr_00841_trial_01.rho
     1      842       0.1441     51287.3711    -440.9017      7.81386     7.81386   37080.4617     6.64405      1 chain_01/itr_00842_trial_01.rho
     1      843       0.1438     51287.3711       0.0000      7.81386     7.81386   37080.4617     6.64405      0 -
     1      844       0.1435     51287.3711       0.0000      7.81386     7.81386   37080.4617     6.64405      0 -
     1      845       0.1431     52129.0578     841.6867      7.87772     7.87772   37080.4617     6.64405      1 chain_01/itr_00845_trial_01.rho
     1      846       0.1428     53218.9047    1089.8468      7.95964     7.95964   37080.4617     6.64405      1 chain_01/itr_00846_trial_01.rho
     1      847       0.1425     52671.6834    -547.2213      7.91861     7.91861   37080.4617     6.64405      1 chain_01/itr_00847_trial_01.rho
     1      848       0.1421     53594.1118     922.4284      7.98765     7.98765   37080.4617     6.64405      1 chain_01/itr_00848_trial_01.rho
     1      849       0.1418     55167.8301    1573.7184      8.10407     8.10407   37080.4617     6.64405      1 chain_01/itr_00849_trial_01.rho
     1      850       0.1415     55167.8301       0.0000      8.10407     8.10407   37080.4617     6.64405      0 -
     1      851       0.1412     55321.5766     153.7464      8.11536     8.11536   37080.4617     6.64405      1 chain_01/itr_00851_trial_01.rho
     1      852       0.1408     56689.0100    1367.4335      8.21504     8.21504   37080.4617     6.64405      1 chain_01/itr_00852_trial_01.rho
     1      853       0.1405     56628.3035     -60.7066      8.21064     8.21064   37080.4617     6.64405      1 chain_01/itr_00853_trial_01.rho
     1      854       0.1402     53386.2290   -3242.0745      7.97214     7.97214   37080.4617     6.64405      1 chain_01/itr_00854_trial_01.rho
     1      855       0.1399     52899.3616    -486.8674      7.93571     7.93571   37080.4617     6.64405      1 chain_01/itr_00855_trial_01.rho
     1      856       0.1395     56523.9242    3624.5626      8.20307     8.20307   37080.4617     6.64405      1 chain_01/itr_00856_trial_01.rho
     1      857       0.1392     57466.9830     943.0588      8.27122     8.27122   37080.4617     6.64405      1 chain_01/itr_00857_trial_01.rho
     1      858       0.1389     57774.8243     307.8413      8.29334     8.29334   37080.4617     6.64405      1 chain_01/itr_00858_trial_01.rho
     1      859       0.1386     56639.8839   -1134.9404      8.21148     8.21148   37080.4617     6.64405      1 chain_01/itr_00859_trial_01.rho
     1      860       0.1383     57123.9786     484.0947      8.24650     8.24650   37080.4617     6.64405      1 chain_01/itr_00860_trial_01.rho
     1      861       0.1379     55588.3482   -1535.6303      8.13490     8.13490   37080.4617     6.64405      1 chain_01/itr_00861_trial_01.rho
     1      862       0.1376     59899.6934    4311.3452      8.44448     8.44448   37080.4617     6.64405      1 chain_01/itr_00862_trial_01.rho
     1      863       0.1373     62753.2496    2853.5562      8.64328     8.64328   37080.4617     6.64405      1 chain_01/itr_00863_trial_01.rho
     1      864        0.137     64708.3113    1955.0617      8.77688     8.77688   37080.4617     6.64405      1 chain_01/itr_00864_trial_01.rho
     1      865       0.1367     64608.8769     -99.4344      8.77014     8.77014   37080.4617     6.64405      1 chain_01/itr_00865_trial_01.rho
     1      866       0.1364     64648.5121      39.6353      8.77283     8.77283   37080.4617     6.64405      1 chain_01/itr_00866_trial_01.rho
     1      867       0.1361     68003.9358    3355.4237      8.99761     8.99761   37080.4617     6.64405      1 chain_01/itr_00867_trial_01.rho
     1      868       0.1357     68764.1533     760.2175      9.04777     9.04777   37080.4617     6.64405      1 chain_01/itr_00868_trial_01.rho
     1      869       0.1354     68764.1533       0.0000      9.04777     9.04777   37080.4617     6.64405      0 -
     1      870       0.1351     66842.5915   -1921.5618      8.92045     8.92045   37080.4617     6.64405      1 chain_01/itr_00870_trial_01.rho
     1      871       0.1348     66955.6098     113.0183      8.92799     8.92799   37080.4617     6.64405      1 chain_01/itr_00871_trial_01.rho
     1      872       0.1345     66574.2575    -381.3523      8.90253     8.90253   37080.4617     6.64405      1 chain_01/itr_00872_trial_01.rho
     1      873       0.1342     67609.4132    1035.1557      8.97148     8.97148   37080.4617     6.64405      1 chain_01/itr_00873_trial_01.rho
     1      874       0.1339     65387.1681   -2222.2451      8.82280     8.82280   37080.4617     6.64405      1 chain_01/itr_00874_trial_01.rho
     1      875       0.1336     64224.0693   -1163.0989      8.74398     8.74398   37080.4617     6.64405      1 chain_01/itr_00875_trial_01.rho
     1      876       0.1333     60928.3964   -3295.6729      8.51668     8.51668   37080.4617     6.64405      1 chain_01/itr_00876_trial_01.rho
     1      877        0.133     58737.6164   -2190.7800      8.36216     8.36216   37080.4617     6.64405      1 chain_01/itr_00877_trial_01.rho
     1      878       0.1327     62666.7913    3929.1749      8.63732     8.63732   37080.4617     6.64405      1 chain_01/itr_00878_trial_01.rho
     1      879       0.1323     62666.7913       0.0000      8.63732     8.63732   37080.4617     6.64405      0 -
     1      880        0.132     64039.3123    1372.5210      8.73140     8.73140   37080.4617     6.64405      1 chain_01/itr_00880_trial_01.rho
     1      881       0.1317     63950.1432     -89.1691      8.72532     8.72532   37080.4617     6.64405      1 chain_01/itr_00881_trial_01.rho
     1      882       0.1314     62052.0047   -1898.1385      8.59485     8.59485   37080.4617     6.64405      1 chain_01/itr_00882_trial_01.rho
     1      883       0.1311     63838.0161    1786.0114      8.71766     8.71766   37080.4617     6.64405      1 chain_01/itr_00883_trial_01.rho
     1      884       0.1308     62572.4162   -1265.6000      8.63082     8.63082   37080.4617     6.64405      1 chain_01/itr_00884_trial_01.rho
     1      885       0.1305     61653.7914    -918.6248      8.56723     8.56723   37080.4617     6.64405      1 chain_01/itr_00885_trial_01.rho
     1      886       0.1302     59669.3177   -1984.4737      8.42822     8.42822   37080.4617     6.64405      1 chain_01/itr_00886_trial_01.rho
     1      887       0.1299     57689.6463   -1979.6714      8.28723     8.28723   37080.4617     6.64405      1 chain_01/itr_00887_trial_01.rho
     1      888       0.1296     59400.7519    1711.1056      8.40923     8.40923   37080.4617     6.64405      1 chain_01/itr_00888_trial_01.rho
     1      889       0.1293     58619.7509    -781.0009      8.35377     8.35377   37080.4617     6.64405      1 chain_01/itr_00889_trial_01.rho
     1      890        0.129     58813.3781     193.6272      8.36755     8.36755   37080.4617     6.64405      1 chain_01/itr_00890_trial_01.rho
     1      891       0.1287     57921.2066    -892.1715      8.30384     8.30384   37080.4617     6.64405      1 chain_01/itr_00891_trial_01.rho
     1      892       0.1284     56929.4743    -991.7323      8.23245     8.23245   37080.4617     6.64405      1 chain_01/itr_00892_trial_01.rho
     1      893       0.1281     57500.2295     570.7552      8.27361     8.27361   37080.4617     6.64405      1 chain_01/itr_00893_trial_01.rho
     1      894       0.1279     59005.4272    1505.1977      8.38120     8.38120   37080.4617     6.64405      1 chain_01/itr_00894_trial_01.rho
     1      895       0.1276     61884.5358    2879.1086      8.58324     8.58324   37080.4617     6.64405      1 chain_01/itr_00895_trial_01.rho
     1      896       0.1273     58739.2996   -3145.2362      8.36228     8.36228   37080.4617     6.64405      1 chain_01/itr_00896_trial_01.rho
     1      897        0.127     56860.4522   -1878.8474      8.22745     8.22745   37080.4617     6.64405      1 chain_01/itr_00897_trial_01.rho
     1      898       0.1267     56429.2537    -431.1985      8.19620     8.19620   37080.4617     6.64405      1 chain_01/itr_00898_trial_01.rho
     1      899       0.1264     54768.7239   -1660.5298      8.07471     8.07471   37080.4617     6.64405      1 chain_01/itr_00899_trial_01.rho
     1      900       0.1261     53687.1675   -1081.5564      7.99458     7.99458   37080.4617     6.64405      1 chain_01/itr_00900_trial_01.rho
     1      901       0.1258     53539.0778    -148.0897      7.98355     7.98355   37080.4617     6.64405      1 chain_01/itr_00901_trial_01.rho
     1      902       0.1255     56559.0554    3019.9777      8.20562     8.20562   37080.4617     6.64405      1 chain_01/itr_00902_trial_01.rho
     1      903       0.1252     55476.2752   -1082.7802      8.12670     8.12670   37080.4617     6.64405      1 chain_01/itr_00903_trial_01.rho
     1      904       0.1249     57065.8159    1589.5407      8.24230     8.24230   37080.4617     6.64405      1 chain_01/itr_00904_trial_01.rho
     1      905       0.1247     56672.5157    -393.3003      8.21385     8.21385   37080.4617     6.64405      1 chain_01/itr_00905_trial_01.rho
     1      906       0.1244     58268.0364    1595.5207      8.32867     8.32867   37080.4617     6.64405      1 chain_01/itr_00906_trial_01.rho
     1      907       0.1241     57553.9782    -714.0582      8.27748     8.27748   37080.4617     6.64405      1 chain_01/itr_00907_trial_01.rho
     1      908       0.1238     57803.7224     249.7443      8.29542     8.29542   37080.4617     6.64405      1 chain_01/itr_00908_trial_01.rho
     1      909       0.1235     58271.9021     468.1796      8.32894     8.32894   37080.4617     6.64405      1 chain_01/itr_00909_trial_01.rho
     1      910       0.1232     57159.1238   -1112.7783      8.24903     8.24903   37080.4617     6.64405      1 chain_01/itr_00910_trial_01.rho
     1      911       0.1229     56820.1334    -338.9904      8.22454     8.22454   37080.4617     6.64405      1 chain_01/itr_00911_trial_01.rho
     1      912       0.1227     56875.6507      55.5173      8.22855     8.22855   37080.4617     6.64405      1 chain_01/itr_00912_trial_01.rho
     1      913       0.1224     58234.0820    1358.4313      8.32624     8.32624   37080.4617     6.64405      1 chain_01/itr_00913_trial_01.rho
     1      914       0.1221     60849.8710    2615.7890      8.51119     8.51119   37080.4617     6.64405      1 chain_01/itr_00914_trial_01.rho
     1      915       0.1218     59228.4287   -1621.4423      8.39703     8.39703   37080.4617     6.64405      1 chain_01/itr_00915_trial_01.rho
     1      916       0.1215     58221.2982   -1007.1305      8.32533     8.32533   37080.4617     6.64405      1 chain_01/itr_00916_trial_01.rho
     1      917       0.1213     56637.8827   -1583.4155      8.21134     8.21134   37080.4617     6.64405      1 chain_01/itr_00917_trial_01.rho
     1      918        0.121     59323.4716    2685.5889      8.40376     8.40376   37080.4617     6.64405      1 chain_01/itr_00918_trial_01.rho
     1      919       0.1207     58967.5666    -355.9049      8.37851     8.37851   37080.4617     6.64405      1 chain_01/itr_00919_trial_01.rho
     1      920       0.1204     60563.5639    1595.9973      8.49114     8.49114   37080.4617     6.64405      1 chain_01/itr_00920_trial_01.rho
     1      921       0.1201     59417.6881   -1145.8758      8.41043     8.41043   37080.4617     6.64405      1 chain_01/itr_00921_trial_01.rho
     1      922       0.1199     58031.5850   -1386.1031      8.31175     8.31175   37080.4617     6.64405      1 chain_01/itr_00922_trial_01.rho
     1      923       0.1196     58031.5850       0.0000      8.31175     8.31175   37080.4617     6.64405      0 -
     1      924       0.1193     59025.8005     994.2155      8.38265     8.38265   37080.4617     6.64405      1 chain_01/itr_00924_trial_01.rho
     1      925        0.119     59847.1465     821.3459      8.44077     8.44077   37080.4617     6.64405      1 chain_01/itr_00925_trial_01.rho
     1      926       0.1188     59847.1465       0.0000      8.44077     8.44077   37080.4617     6.64405      0 -
     1      927       0.1185     60025.5850     178.4385      8.45334     8.45334   37080.4617     6.64405      1 chain_01/itr_00927_trial_01.rho
     1      928       0.1182     60025.5850       0.0000      8.45334     8.45334   37080.4617     6.64405      0 -
     1      929       0.1179     58826.9501   -1198.6349      8.36852     8.36852   37080.4617     6.64405      1 chain_01/itr_00929_trial_01.rho
     1      930       0.1177     58395.5160    -431.4341      8.33777     8.33777   37080.4617     6.64405      1 chain_01/itr_00930_trial_01.rho
     1      931       0.1174     58898.1324     502.6164      8.37358     8.37358   37080.4617     6.64405      1 chain_01/itr_00931_trial_01.rho
     1      932       0.1171     60077.1807    1179.0483      8.45698     8.45698   37080.4617     6.64405      1 chain_01/itr_00932_trial_01.rho
     1      933       0.1169     61170.2424    1093.0617      8.53356     8.53356   37080.4617     6.64405      1 chain_01/itr_00933_trial_01.rho
     1      934       0.1166     58647.4682   -2522.7742      8.35574     8.35574   37080.4617     6.64405      1 chain_01/itr_00934_trial_01.rho
     1      935       0.1163     58647.4682       0.0000      8.35574     8.35574   37080.4617     6.64405      0 -
     1      936       0.1161     60815.2961    2167.8279      8.50877     8.50877   37080.4617     6.64405      1 chain_01/itr_00936_trial_01.rho
     1      937       0.1158     61069.2892     253.9931      8.52652     8.52652   37080.4617     6.64405      1 chain_01/itr_00937_trial_01.rho
     1      938       0.1155     61581.3903     512.1011      8.56219     8.56219   37080.4617     6.64405      1 chain_01/itr_00938_trial_01.rho
     1      939       0.1153     64392.1775    2810.7872      8.75542     8.75542   37080.4617     6.64405      1 chain_01/itr_00939_trial_01.rho
     1      940        0.115     64884.6329     492.4555      8.78883     8.78883   37080.4617     6.64405      1 chain_01/itr_00940_trial_01.rho
     1      941       0.1147     65497.3666     612.7337      8.83024     8.83024   37080.4617     6.64405      1 chain_01/itr_00941_trial_01.rho
     1      942       0.1145     62076.5572   -3420.8094      8.59655     8.59655   37080.4617     6.64405      1 chain_01/itr_00942_trial_01.rho
     1      943       0.1142     62076.5572       0.0000      8.59655     8.59655   37080.4617     6.64405      0 -
     1      944       0.1139     61075.7450   -1000.8122      8.52697     8.52697   37080.4617     6.64405      1 chain_01/itr_00944_trial_01.rho
     1      945       0.1137     61075.7450       0.0000      8.52697     8.52697   37080.4617     6.64405      0 -
     1      946       0.1134     61945.4319     869.6869      8.58747     8.58747   37080.4617     6.64405      1 chain_01/itr_00946_trial_01.rho
     1      947       0.1132     59190.2412   -2755.1907      8.39432     8.39432   37080.4617     6.64405      1 chain_01/itr_00947_trial_01.rho
     1      948       0.1129     61432.4926    2242.2515      8.55184     8.55184   37080.4617     6.64405      1 chain_01/itr_00948_trial_01.rho
     1      949       0.1126     55658.7719   -5773.7207      8.14005     8.14005   37080.4617     6.64405      1 chain_01/itr_00949_trial_01.rho
     1      950       0.1124     55658.7719       0.0000      8.14005     8.14005   37080.4617     6.64405      0 -
     1      951       0.1121     53734.3693   -1924.4026      7.99809     7.99809   37080.4617     6.64405      1 chain_01/itr_00951_trial_01.rho
     1      952       0.1119     51036.9585   -2697.4108      7.79476     7.79476   37080.4617     6.64405      1 chain_01/itr_00952_trial_01.rho
     1      953       0.1116     51036.9585       0.0000      7.79476     7.79476   37080.4617     6.64405      0 -
     1      954       0.1113     51036.9585       0.0000      7.79476     7.79476   37080.4617     6.64405      0 -
     1      955       0.1111     50616.2727    -420.6858      7.76257     7.76257   37080.4617     6.64405      1 chain_01/itr_00955_trial_01.rho
     1      956       0.1108     47551.7258   -3064.5469      7.52391     7.52391   37080.4617     6.64405      1 chain_01/itr_00956_trial_01.rho
     1      957       0.1106     48252.4091     700.6833      7.57914     7.57914   37080.4617     6.64405      1 chain_01/itr_00957_trial_01.rho
     1      958       0.1103     48640.7358     388.3268      7.60958     7.60958   37080.4617     6.64405      1 chain_01/itr_00958_trial_01.rho
     1      959       0.1101     48640.7358       0.0000      7.60958     7.60958   37080.4617     6.64405      0 -
     1      960       0.1098     49527.4132     886.6773      7.67862     7.67862   37080.4617     6.64405      1 chain_01/itr_00960_trial_01.rho
     1      961       0.1096     52270.5159    2743.1028      7.88840     7.88840   37080.4617     6.64405      1 chain_01/itr_00961_trial_01.rho
     1      962       0.1093     49128.9951   -3141.5209      7.64767     7.64767   37080.4617     6.64405      1 chain_01/itr_00962_trial_01.rho
     1      963       0.1091     50924.3752    1795.3802      7.78616     7.78616   37080.4617     6.64405      1 chain_01/itr_00963_trial_01.rho
     1      964       0.1088     53170.4696    2246.0943      7.95602     7.95602   37080.4617     6.64405      1 chain_01/itr_00964_trial_01.rho
     1      965       0.1086     52409.7421    -760.7275      7.89890     7.89890   37080.4617     6.64405      1 chain_01/itr_00965_trial_01.rho
     1      966       0.1083     53207.7532     798.0111      7.95880     7.95880   37080.4617     6.64405      1 chain_01/itr_00966_trial_01.rho
     1      967       0.1081     53843.6665     635.9133      8.00622     8.00622   37080.4617     6.64405      1 chain_01/itr_00967_trial_01.rho
     1      968       0.1078     51287.8571   -2555.8094      7.81390     7.81390   37080.4617     6.64405      1 chain_01/itr_00968_trial_01.rho
     1      969       0.1076     51287.8571       0.0000      7.81390     7.81390   37080.4617     6.64405      0 -
     1      970       0.1073     52554.3892    1266.5321      7.90979     7.90979   37080.4617     6.64405      1 chain_01/itr_00970_trial_01.rho
     1      971       0.1071     52554.3892       0.0000      7.90979     7.90979   37080.4617     6.64405      0 -
     1      972       0.1068     52554.3892       0.0000      7.90979     7.90979   37080.4617     6.64405      0 -
     1      973       0.1066     53396.5629     842.1737      7.97291     7.97291   37080.4617     6.64405      1 chain_01/itr_00973_trial_01.rho
     1      974       0.1063     53751.0155     354.4526      7.99933     7.99933   37080.4617     6.64405      1 chain_01/itr_00974_trial_01.rho
     1      975       0.1061     55648.7722    1897.7566      8.13932     8.13932   37080.4617     6.64405      1 chain_01/itr_00975_trial_01.rho
     1      976       0.1058     56426.7445     777.9723      8.19602     8.19602   37080.4617     6.64405      1 chain_01/itr_00976_trial_01.rho
     1      977       0.1056     51391.8186   -5034.9259      7.82181     7.82181   37080.4617     6.64405      1 chain_01/itr_00977_trial_01.rho
     1      978       0.1054     51312.6486     -79.1700      7.81578     7.81578   37080.4617     6.64405      1 chain_01/itr_00978_trial_01.rho
     1      979       0.1051     54367.9586    3055.3100      8.04511     8.04511   37080.4617     6.64405      1 chain_01/itr_00979_trial_01.rho
     1      980       0.1049     49567.4075   -4800.5510      7.68172     7.68172   37080.4617     6.64405      1 chain_01/itr_00980_trial_01.rho
     1      981       0.1046     49567.4075       0.0000      7.68172     7.68172   37080.4617     6.64405      0 -
     1      982       0.1044     51095.9258    1528.5183      7.79926     7.79926   37080.4617     6.64405      1 chain_01/itr_00982_trial_01.rho
     1      983       0.1042     51095.9258       0.0000      7.79926     7.79926   37080.4617     6.64405      0 -
     1      984       0.1039     49721.4388   -1374.4870      7.69365     7.69365   37080.4617     6.64405      1 chain_01/itr_00984_trial_01.rho
     1      985       0.1037     46353.7704   -3367.6684      7.42853     7.42853   37080.4617     6.64405      1 chain_01/itr_00985_trial_01.rho
     1      986       0.1034     40681.9119   -5671.8584      6.95923     6.95923   37080.4617     6.64405      1 chain_01/itr_00986_trial_01.rho
     1      987       0.1032     40681.9119       0.0000      6.95923     6.95923   37080.4617     6.64405      0 -
     1      988        0.103     41072.2077     390.2957      6.99253     6.99253   37080.4617     6.64405      1 chain_01/itr_00988_trial_01.rho
     1      989       0.1027     40351.9980    -720.2097      6.93095     6.93095   37080.4617     6.64405      1 chain_01/itr_00989_trial_01.rho
     1      990       0.1025     37631.4886   -2720.5093      6.69323     6.69323   37080.4617     6.64405      1 chain_01/itr_00990_trial_01.rho
     1      991       0.1023     35943.2939   -1688.1947      6.54138     6.54138   35943.2939     6.54138      1 chain_01/itr_00991_trial_01.rho
     1      992        0.102     33686.7919   -2256.5020      6.33272     6.33272   33686.7919     6.33272      1 chain_01/itr_00992_trial_01.rho
     1      993       0.1018     33686.7919       0.0000      6.33272     6.33272   33686.7919     6.33272      0 -
     1      994       0.1015     32622.0355   -1064.7564      6.23183     6.23183   32622.0355     6.23183      1 chain_01/itr_00994_trial_01.rho
     1      995       0.1013     31760.8722    -861.1633      6.14903     6.14903   31760.8722     6.14903      1 chain_01/itr_00995_trial_01.rho
     1      996       0.1011     30865.6117    -895.2605      6.06175     6.06175   30865.6117     6.06175      1 chain_01/itr_00996_trial_01.rho
     1      997       0.1008     30940.6929      75.0812      6.06912     6.06912   30865.6117     6.06175      1 chain_01/itr_00997_trial_01.rho
     1      998       0.1006     31016.2685      75.5755      6.07652     6.07652   30865.6117     6.06175      1 chain_01/itr_00998_trial_01.rho
     1      999       0.1004     29748.5496   -1267.7189      5.95105     5.95105   29748.5496     5.95105      1 chain_01/itr_00999_trial_01.rho
     1     1000       0.1002     30264.3296     515.7800      6.00241     6.00241   29748.5496     5.95105      1 chain_01/itr_01000_trial_01.rho
     1     1001      0.09992     29861.6875    -402.6421      5.96235     5.96235   29748.5496     5.95105      1 chain_01/itr_01001_trial_01.rho
     1     1002      0.09969     30008.9972     147.3097      5.97704     5.97704   29748.5496     5.95105      1 chain_01/itr_01002_trial_01.rho
     1     1003      0.09946     29455.4727    -553.5244      5.92166     5.92166   29455.4727     5.92166      1 chain_01/itr_01003_trial_01.rho
     1     1004      0.09924     30572.5302    1117.0574      6.03290     6.03290   29455.4727     5.92166      1 chain_01/itr_01004_trial_01.rho
     1     1005      0.09901     29665.4014    -907.1288      5.94272     5.94272   29455.4727     5.92166      1 chain_01/itr_01005_trial_01.rho
     1     1006      0.09878     29733.9078      68.5064      5.94958     5.94958   29455.4727     5.92166      1 chain_01/itr_01006_trial_01.rho
     1     1007      0.09855     30892.5270    1158.6192      6.06439     6.06439   29455.4727     5.92166      1 chain_01/itr_01007_trial_01.rho
     1     1008      0.09833     30252.8637    -639.6633      6.00128     6.00128   29455.4727     5.92166      1 chain_01/itr_01008_trial_01.rho
     1     1009       0.0981     30879.2847     626.4210      6.06309     6.06309   29455.4727     5.92166      1 chain_01/itr_01009_trial_01.rho
     1     1010      0.09787     32229.9017    1350.6170      6.19427     6.19427   29455.4727     5.92166      1 chain_01/itr_01010_trial_01.rho
     1     1011      0.09765     31377.7725    -852.1292      6.11183     6.11183   29455.4727     5.92166      1 chain_01/itr_01011_trial_01.rho
     1     1012      0.09742     32948.9810    1571.2086      6.26298     6.26298   29455.4727     5.92166      1 chain_01/itr_01012_trial_01.rho
     1     1013       0.0972     31979.9924    -968.9886      6.17020     6.17020   29455.4727     5.92166      1 chain_01/itr_01013_trial_01.rho
     1     1014      0.09698     31979.9924       0.0000      6.17020     6.17020   29455.4727     5.92166      0 -
     1     1015      0.09675     32808.9206     828.9282      6.24966     6.24966   29455.4727     5.92166      1 chain_01/itr_01015_trial_01.rho
     1     1016      0.09653     31515.9685   -1292.9522      6.12528     6.12528   29455.4727     5.92166      1 chain_01/itr_01016_trial_01.rho
     1     1017      0.09631     31515.9685       0.0000      6.12528     6.12528   29455.4727     5.92166      0 -
     1     1018      0.09609     31315.9787    -199.9898      6.10581     6.10581   29455.4727     5.92166      1 chain_01/itr_01018_trial_01.rho
     1     1019      0.09587     31663.8922     347.9135      6.13963     6.13963   29455.4727     5.92166      1 chain_01/itr_01019_trial_01.rho
     1     1020      0.09564     32432.9818     769.0897      6.21375     6.21375   29455.4727     5.92166      1 chain_01/itr_01020_trial_01.rho
     1     1021      0.09542     32432.9818       0.0000      6.21375     6.21375   29455.4727     5.92166      0 -
     1     1022       0.0952     30701.3243   -1731.6576      6.04559     6.04559   29455.4727     5.92166      1 chain_01/itr_01022_trial_01.rho
     1     1023      0.09499     31408.1035     706.7792      6.11479     6.11479   29455.4727     5.92166      1 chain_01/itr_01023_trial_01.rho
     1     1024      0.09477     32054.8059     646.7024      6.17742     6.17742   29455.4727     5.92166      1 chain_01/itr_01024_trial_01.rho
     1     1025      0.09455     33045.9355     991.1296      6.27219     6.27219   29455.4727     5.92166      1 chain_01/itr_01025_trial_01.rho
     1     1026      0.09433     32112.3440    -933.5915      6.18296     6.18296   29455.4727     5.92166      1 chain_01/itr_01026_trial_01.rho
     1     1027      0.09411     32356.4939     244.1499      6.20642     6.20642   29455.4727     5.92166      1 chain_01/itr_01027_trial_01.rho
     1     1028       0.0939     32714.2644     357.7705      6.24064     6.24064   29455.4727     5.92166      1 chain_01/itr_01028_trial_01.rho
     1     1029      0.09368     32714.2644       0.0000      6.24064     6.24064   29455.4727     5.92166      0 -
     1     1030      0.09347     32167.1405    -547.1239      6.18823     6.18823   29455.4727     5.92166      1 chain_01/itr_01030_trial_01.rho
     1     1031      0.09325     32167.1405       0.0000      6.18823     6.18823   29455.4727     5.92166      0 -
     1     1032      0.09304     32507.6059     340.4654      6.22089     6.22089   29455.4727     5.92166      1 chain_01/itr_01032_trial_01.rho
     1     1033      0.09282     32793.8962     286.2902      6.24823     6.24823   29455.4727     5.92166      1 chain_01/itr_01033_trial_01.rho
     1     1034      0.09261     33438.7600     644.8638      6.30936     6.30936   29455.4727     5.92166      1 chain_01/itr_01034_trial_01.rho
     1     1035       0.0924     33653.2236     214.4637      6.32956     6.32956   29455.4727     5.92166      1 chain_01/itr_01035_trial_01.rho
     1     1036      0.09218     33163.3776    -489.8461      6.28333     6.28333   29455.4727     5.92166      1 chain_01/itr_01036_trial_01.rho
     1     1037      0.09197     32880.7578    -282.6198      6.25650     6.25650   29455.4727     5.92166      1 chain_01/itr_01037_trial_01.rho
     1     1038      0.09176     32320.3284    -560.4294      6.20295     6.20295   29455.4727     5.92166      1 chain_01/itr_01038_trial_01.rho
     1     1039      0.09155     33215.8097     895.4813      6.28829     6.28829   29455.4727     5.92166      1 chain_01/itr_01039_trial_01.rho
     1     1040      0.09134     33389.8565     174.0468      6.30475     6.30475   29455.4727     5.92166      1 chain_01/itr_01040_trial_01.rho
     1     1041      0.09113     33389.8565       0.0000      6.30475     6.30475   29455.4727     5.92166      0 -
     1     1042      0.09092     33786.4199     396.5635      6.34208     6.34208   29455.4727     5.92166      1 chain_01/itr_01042_trial_01.rho
     1     1043      0.09071     33786.4199       0.0000      6.34208     6.34208   29455.4727     5.92166      0 -
     1     1044       0.0905     33459.9334    -326.4865      6.31136     6.31136   29455.4727     5.92166      1 chain_01/itr_01044_trial_01.rho
     1     1045      0.09029     34829.1447    1369.2113      6.43920     6.43920   29455.4727     5.92166      1 chain_01/itr_01045_trial_01.rho
     1     1046      0.09008     34527.5458    -301.5989      6.41126     6.41126   29455.4727     5.92166      1 chain_01/itr_01046_trial_01.rho
     1     1047      0.08988     33696.2219    -831.3239      6.33360     6.33360   29455.4727     5.92166      1 chain_01/itr_01047_trial_01.rho
     1     1048      0.08967     34572.0395     875.8176      6.41539     6.41539   29455.4727     5.92166      1 chain_01/itr_01048_trial_01.rho
     1     1049      0.08946     36241.4344    1669.3949      6.56845     6.56845   29455.4727     5.92166      1 chain_01/itr_01049_trial_01.rho
     1     1050      0.08926     35839.9404    -401.4940      6.53197     6.53197   29455.4727     5.92166      1 chain_01/itr_01050_trial_01.rho
     1     1051      0.08905     33867.4816   -1972.4588      6.34968     6.34968   29455.4727     5.92166      1 chain_01/itr_01051_trial_01.rho
     1     1052      0.08885     33142.4858    -724.9958      6.28135     6.28135   29455.4727     5.92166      1 chain_01/itr_01052_trial_01.rho
     1     1053      0.08864     33176.9728      34.4871      6.28462     6.28462   29455.4727     5.92166      1 chain_01/itr_01053_trial_01.rho
     1     1054      0.08844     32143.9543   -1033.0185      6.18600     6.18600   29455.4727     5.92166      1 chain_01/itr_01054_trial_01.rho
     1     1055      0.08824     31700.9429    -443.0114      6.14323     6.14323   29455.4727     5.92166      1 chain_01/itr_01055_trial_01.rho
     1     1056      0.08803     32332.5894     631.6465      6.20413     6.20413   29455.4727     5.92166      1 chain_01/itr_01056_trial_01.rho
     1     1057      0.08783     31895.1626    -437.4267      6.16202     6.16202   29455.4727     5.92166      1 chain_01/itr_01057_trial_01.rho
     1     1058      0.08763     32620.3259     725.1632      6.23167     6.23167   29455.4727     5.92166      1 chain_01/itr_01058_trial_01.rho
     1     1059      0.08743     31871.8875    -748.4384      6.15977     6.15977   29455.4727     5.92166      1 chain_01/itr_01059_trial_01.rho
     1     1060      0.08723     33347.7519    1475.8644      6.30077     6.30077   29455.4727     5.92166      1 chain_01/itr_01060_trial_01.rho
     1     1061      0.08703     33347.7519       0.0000      6.30077     6.30077   29455.4727     5.92166      0 -
     1     1062      0.08683     33098.1502    -249.6017      6.27715     6.27715   29455.4727     5.92166      1 chain_01/itr_01062_trial_01.rho
     1     1063      0.08663     34242.7050    1144.5548      6.38476     6.38476   29455.4727     5.92166      1 chain_01/itr_01063_trial_01.rho
     1     1064      0.08643     34872.2026     629.4976      6.44318     6.44318   29455.4727     5.92166      1 chain_01/itr_01064_trial_01.rho
     1     1065      0.08623     35855.4004     983.1979      6.53338     6.53338   29455.4727     5.92166      1 chain_01/itr_01065_trial_01.rho
     1     1066      0.08603     35139.2703    -716.1301      6.46780     6.46780   29455.4727     5.92166      1 chain_01/itr_01066_trial_01.rho
     1     1067      0.08583     35823.2049     683.9345      6.53044     6.53044   29455.4727     5.92166      1 chain_01/itr_01067_trial_01.rho
     1     1068      0.08563     36275.0224     451.8175      6.57150     6.57150   29455.4727     5.92166      1 chain_01/itr_01068_trial_01.rho
     1     1069      0.08544     34922.8025   -1352.2199      6.44785     6.44785   29455.4727     5.92166      1 chain_01/itr_01069_trial_01.rho
     1     1070      0.08524     34281.1750    -641.6274      6.38834     6.38834   29455.4727     5.92166      1 chain_01/itr_01070_trial_01.rho
     1     1071      0.08504     34281.1750       0.0000      6.38834     6.38834   29455.4727     5.92166      0 -
     1     1072      0.08485     34281.1750       0.0000      6.38834     6.38834   29455.4727     5.92166      0 -
     1     1073      0.08465     34100.9940    -180.1810      6.37153     6.37153   29455.4727     5.92166      1 chain_01/itr_01073_trial_01.rho
     1     1074      0.08446     35450.3844    1349.3904      6.49637     6.49637   29455.4727     5.92166      1 chain_01/itr_01074_trial_01.rho
     1     1075      0.08426     34527.4779    -922.9065      6.41125     6.41125   29455.4727     5.92166      1 chain_01/itr_01075_trial_01.rho
     1     1076      0.08407     35011.7976     484.3197      6.45606     6.45606   29455.4727     5.92166      1 chain_01/itr_01076_trial_01.rho
     1     1077      0.08388     34156.5063    -855.2913      6.37672     6.37672   29455.4727     5.92166      1 chain_01/itr_01077_trial_01.rho
     1     1078      0.08368     34156.5063       0.0000      6.37672     6.37672   29455.4727     5.92166      0 -
     1     1079      0.08349     34784.0120     627.5057      6.43502     6.43502   29455.4727     5.92166      1 chain_01/itr_01079_trial_01.rho
     1     1080       0.0833     34784.0120       0.0000      6.43502     6.43502   29455.4727     5.92166      0 -
     1     1081      0.08311     31836.9431   -2947.0688      6.15639     6.15639   29455.4727     5.92166      1 chain_01/itr_01081_trial_01.rho
     1     1082      0.08292     32005.0867     168.1435      6.17262     6.17262   29455.4727     5.92166      1 chain_01/itr_01082_trial_01.rho
     1     1083      0.08273     32005.0867       0.0000      6.17262     6.17262   29455.4727     5.92166      0 -
     1     1084      0.08254     32379.0462     373.9595      6.20858     6.20858   29455.4727     5.92166      1 chain_01/itr_01084_trial_01.rho
     1     1085      0.08235     34518.4631    2139.4169      6.41041     6.41041   29455.4727     5.92166      1 chain_01/itr_01085_trial_01.rho
     1     1086      0.08216     35617.5434    1099.0803      6.51167     6.51167   29455.4727     5.92166      1 chain_01/itr_01086_trial_01.rho
     1     1087      0.08197     33988.8226   -1628.7208      6.36104     6.36104   29455.4727     5.92166      1 chain_01/itr_01087_trial_01.rho
     1     1088      0.08178     33090.8302    -897.9925      6.27645     6.27645   29455.4727     5.92166      1 chain_01/itr_01088_trial_01.rho
     1     1089      0.08159     34004.1268     913.2966      6.36248     6.36248   29455.4727     5.92166      1 chain_01/itr_01089_trial_01.rho
     1     1090       0.0814     34613.6532     609.5264      6.41925     6.41925   29455.4727     5.92166      1 chain_01/itr_01090_trial_01.rho
     1     1091      0.08122     34149.3196    -464.3336      6.37605     6.37605   29455.4727     5.92166      1 chain_01/itr_01091_trial_01.rho
     1     1092      0.08103     33332.3536    -816.9660      6.29932     6.29932   29455.4727     5.92166      1 chain_01/itr_01092_trial_01.rho
     1     1093      0.08084     32248.9600   -1083.3936      6.19610     6.19610   29455.4727     5.92166      1 chain_01/itr_01093_trial_01.rho
     1     1094      0.08066     32248.9600       0.0000      6.19610     6.19610   29455.4727     5.92166      0 -
     1     1095      0.08047     32476.3857     227.4257      6.21791     6.21791   29455.4727     5.92166      1 chain_01/itr_01095_trial_01.rho
     1     1096      0.08029     32476.3857       0.0000      6.21791     6.21791   29455.4727     5.92166      0 -
     1     1097       0.0801     33284.3120     807.9263      6.29477     6.29477   29455.4727     5.92166      1 chain_01/itr_01097_trial_01.rho
     1     1098      0.07992     33174.5611    -109.7510      6.28439     6.28439   29455.4727     5.92166      1 chain_01/itr_01098_trial_01.rho
     1     1099      0.07973     33425.9012     251.3401      6.30815     6.30815   29455.4727     5.92166      1 chain_01/itr_01099_trial_01.rho
     1     1100      0.07955     32814.7215    -611.1797      6.25021     6.25021   29455.4727     5.92166      1 chain_01/itr_01100_trial_01.rho
     1     1101      0.07937     31474.1093   -1340.6122      6.12121     6.12121   29455.4727     5.92166      1 chain_01/itr_01101_trial_01.rho
     1     1102      0.07918     32608.5393    1134.4300      6.23054     6.23054   29455.4727     5.92166      1 chain_01/itr_01102_trial_01.rho
     1     1103        0.079     30557.1662   -2051.3731      6.03138     6.03138   29455.4727     5.92166      1 chain_01/itr_01103_trial_01.rho
     1     1104      0.07882     28660.6014   -1896.5648      5.84121     5.84121   28660.6014     5.84121      1 chain_01/itr_01104_trial_01.rho
     1     1105      0.07864     28660.6014       0.0000      5.84121     5.84121   28660.6014     5.84121      0 -
     1     1106      0.07846     29359.6702     699.0689      5.91202     5.91202   28660.6014     5.84121      1 chain_01/itr_01106_trial_01.rho
     1     1107      0.07828     30241.3053     881.6350      6.00013     6.00013   28660.6014     5.84121      1 chain_01/itr_01107_trial_01.rho
     1     1108       0.0781     29938.8932    -302.4120      5.97005     5.97005   28660.6014     5.84121      1 chain_01/itr_01108_trial_01.rho
     1     1109      0.07792     29938.8932       0.0000      5.97005     5.97005   28660.6014     5.84121      0 -
     1     1110      0.07774     30163.7977     224.9044      5.99244     5.99244   28660.6014     5.84121      1 chain_01/itr_01110_trial_01.rho
     1     1111      0.07756     30167.8961       4.0984      5.99284     5.99284   28660.6014     5.84121      1 chain_01/itr_01111_trial_01.rho
     1     1112      0.07738     29679.9811    -487.9150      5.94418     5.94418   28660.6014     5.84121      1 chain_01/itr_01112_trial_01.rho
     1     1113       0.0772     28200.4184   -1479.5627      5.79413     5.79413   28200.4184     5.79413      1 chain_01/itr_01113_trial_01.rho
     1     1114      0.07702     27705.1946    -495.2238      5.74303     5.74303   27705.1946     5.74303      1 chain_01/itr_01114_trial_01.rho
     1     1115      0.07685     28137.8680     432.6733      5.78770     5.78770   27705.1946     5.74303      1 chain_01/itr_01115_trial_01.rho
     1     1116      0.07667     27980.0449    -157.8230      5.77144     5.77144   27705.1946     5.74303      1 chain_01/itr_01116_trial_01.rho
     1     1117      0.07649     27052.1274    -927.9176      5.67494     5.67494   27052.1274     5.67494      1 chain_01/itr_01117_trial_01.rho
     1     1118      0.07632     26796.0249    -256.1025      5.64801     5.64801   26796.0249     5.64801      1 chain_01/itr_01118_trial_01.rho
     1     1119      0.07614     27917.2825    1121.2577      5.76497     5.76497   26796.0249     5.64801      1 chain_01/itr_01119_trial_01.rho
     1     1120      0.07597     30449.3641    2532.0816      6.02073     6.02073   26796.0249     5.64801      1 chain_01/itr_01120_trial_01.rho
     1     1121      0.07579     29984.0586    -465.3055      5.97456     5.97456   26796.0249     5.64801      1 chain_01/itr_01121_trial_01.rho
     1     1122      0.07562     30796.7680     812.7094      6.05498     6.05498   26796.0249     5.64801      1 chain_01/itr_01122_trial_01.rho
     1     1123      0.07544     30796.7680       0.0000      6.05498     6.05498   26796.0249     5.64801      0 -
     1     1124      0.07527     31255.7498     458.9818      6.09994     6.09994   26796.0249     5.64801      1 chain_01/itr_01124_trial_01.rho
     1     1125       0.0751     31255.7498       0.0000      6.09994     6.09994   26796.0249     5.64801      0 -
     1     1126      0.07492     30294.9772    -960.7726      6.00545     6.00545   26796.0249     5.64801      1 chain_01/itr_01126_trial_01.rho
     1     1127      0.07475     29325.5489    -969.4283      5.90858     5.90858   26796.0249     5.64801      1 chain_01/itr_01127_trial_01.rho
     1     1128      0.07458     29711.5704     386.0215      5.94735     5.94735   26796.0249     5.64801      1 chain_01/itr_01128_trial_01.rho
     1     1129      0.07441     29711.5704       0.0000      5.94735     5.94735   26796.0249     5.64801      0 -
     1     1130      0.07424     29277.7355    -433.8350      5.90377     5.90377   26796.0249     5.64801      1 chain_01/itr_01130_trial_01.rho
     1     1131      0.07407     29277.7355       0.0000      5.90377     5.90377   26796.0249     5.64801      0 -
     1     1132       0.0739     30390.4202    1112.6848      6.01490     6.01490   26796.0249     5.64801      1 chain_01/itr_01132_trial_01.rho
     1     1133      0.07373     31447.5178    1057.0976      6.11862     6.11862   26796.0249     5.64801      1 chain_01/itr_01133_trial_01.rho
     1     1134      0.07356     31447.5178       0.0000      6.11862     6.11862   26796.0249     5.64801      0 -
     1     1135      0.07339     30199.1265   -1248.3913      5.99594     5.99594   26796.0249     5.64801      1 chain_01/itr_01135_trial_01.rho
     1     1136      0.07322     30665.3448     466.2183      6.04205     6.04205   26796.0249     5.64801      1 chain_01/itr_01136_trial_01.rho
     1     1137      0.07305     30665.3448       0.0000      6.04205     6.04205   26796.0249     5.64801      0 -
     1     1138      0.07288     30085.5528    -579.7920      5.98466     5.98466   26796.0249     5.64801      1 chain_01/itr_01138_trial_01.rho
     1     1139      0.07271     30926.1349     840.5821      6.06769     6.06769   26796.0249     5.64801      1 chain_01/itr_01139_trial_01.rho
     1     1140      0.07255     30926.1349       0.0000      6.06769     6.06769   26796.0249     5.64801      0 -
     1     1141      0.07238     30926.1349       0.0000      6.06769     6.06769   26796.0249     5.64801      0 -
     1     1142      0.07221     30554.7129    -371.4220      6.03114     6.03114   26796.0249     5.64801      1 chain_01/itr_01142_trial_01.rho
     1     1143      0.07205     30440.0146    -114.6982      6.01981     6.01981   26796.0249     5.64801      1 chain_01/itr_01143_trial_01.rho
     1     1144      0.07188     31058.7497     618.7351      6.08068     6.08068   26796.0249     5.64801      1 chain_01/itr_01144_trial_01.rho
     1     1145      0.07172     29895.7550   -1162.9948      5.96575     5.96575   26796.0249     5.64801      1 chain_01/itr_01145_trial_01.rho
     1     1146      0.07155     29895.7550       0.0000      5.96575     5.96575   26796.0249     5.64801      0 -
     1     1147      0.07139     31238.9680    1343.2130      6.09830     6.09830   26796.0249     5.64801      1 chain_01/itr_01147_trial_01.rho
     1     1148      0.07122     33191.8947    1952.9267      6.28603     6.28603   26796.0249     5.64801      1 chain_01/itr_01148_trial_01.rho
     1     1149      0.07106     33191.8947       0.0000      6.28603     6.28603   26796.0249     5.64801      0 -
     1     1150       0.0709     32801.7502    -390.1446      6.24898     6.24898   26796.0249     5.64801      1 chain_01/itr_01150_trial_01.rho
     1     1151      0.07073     32508.6021    -293.1480      6.22099     6.22099   26796.0249     5.64801      1 chain_01/itr_01151_trial_01.rho
     1     1152      0.07057     29741.7572   -2766.8450      5.95037     5.95037   26796.0249     5.64801      1 chain_01/itr_01152_trial_01.rho
     1     1153      0.07041     27899.2475   -1842.5097      5.76311     5.76311   26796.0249     5.64801      1 chain_01/itr_01153_trial_01.rho
     1     1154      0.07025     27735.2940    -163.9535      5.74615     5.74615   26796.0249     5.64801      1 chain_01/itr_01154_trial_01.rho
     1     1155      0.07008     27808.7732      73.4792      5.75375     5.75375   26796.0249     5.64801      1 chain_01/itr_01155_trial_01.rho
     1     1156      0.06992     27938.4779     129.7046      5.76716     5.76716   26796.0249     5.64801      1 chain_01/itr_01156_trial_01.rho
     1     1157      0.06976     27993.5517      55.0738      5.77284     5.77284   26796.0249     5.64801      1 chain_01/itr_01157_trial_01.rho
     1     1158       0.0696     27993.5517       0.0000      5.77284     5.77284   26796.0249     5.64801      0 -
     1     1159      0.06944     27993.5517       0.0000      5.77284     5.77284   26796.0249     5.64801      0 -
     1     1160      0.06928     31018.9552    3025.4035      6.07679     6.07679   26796.0249     5.64801      1 chain_01/itr_01160_trial_01.rho
     1     1161      0.06912     31018.9552       0.0000      6.07679     6.07679   26796.0249     5.64801      0 -
     1     1162      0.06896     31018.9552       0.0000      6.07679     6.07679   26796.0249     5.64801      0 -
     1     1163       0.0688     31251.4882     232.5329      6.09952     6.09952   26796.0249     5.64801      1 chain_01/itr_01163_trial_01.rho
     1     1164      0.06865     30589.4875    -662.0007      6.03457     6.03457   26796.0249     5.64801      1 chain_01/itr_01164_trial_01.rho
     1     1165      0.06849     30073.7718    -515.7157      5.98349     5.98349   26796.0249     5.64801      1 chain_01/itr_01165_trial_01.rho
     1     1166      0.06833     31069.7817     996.0098      6.08176     6.08176   26796.0249     5.64801      1 chain_01/itr_01166_trial_01.rho
     1     1167      0.06817     31069.7817       0.0000      6.08176     6.08176   26796.0249     5.64801      0 -
     1     1168      0.06802     31069.7817       0.0000      6.08176     6.08176   26796.0249     5.64801      0 -
     1     1169      0.06786     29698.4676   -1371.3140      5.94603     5.94603   26796.0249     5.64801      1 chain_01/itr_01169_trial_01.rho
     1     1170       0.0677     29698.4676       0.0000      5.94603     5.94603   26796.0249     5.64801      0 -
     1     1171      0.06755     29698.4676       0.0000      5.94603     5.94603   26796.0249     5.64801      0 -
     1     1172      0.06739     29483.1137    -215.3539      5.92444     5.92444   26796.0249     5.64801      1 chain_01/itr_01172_trial_01.rho
     1     1173      0.06724     31295.9868    1812.8731      6.10386     6.10386   26796.0249     5.64801      1 chain_01/itr_01173_trial_01.rho
     1     1174      0.06708     30054.8293   -1241.1576      5.98160     5.98160   26796.0249     5.64801      1 chain_01/itr_01174_trial_01.rho
     1     1175      0.06693     28918.1025   -1136.7268      5.86739     5.86739   26796.0249     5.64801      1 chain_01/itr_01175_trial_01.rho
     1     1176      0.06677     27731.8088   -1186.2937      5.74579     5.74579   26796.0249     5.64801      1 chain_01/itr_01176_trial_01.rho
     1     1177      0.06662     29473.3861    1741.5773      5.92346     5.92346   26796.0249     5.64801      1 chain_01/itr_01177_trial_01.rho
     1     1178      0.06647     29473.3861       0.0000      5.92346     5.92346   26796.0249     5.64801      0 -
     1     1179      0.06631     28959.8058    -513.5803      5.87162     5.87162   26796.0249     5.64801      1 chain_01/itr_01179_trial_01.rho
     1     1180      0.06616     28793.3701    -166.4357      5.85473     5.85473   26796.0249     5.64801      1 chain_01/itr_01180_trial_01.rho
     1     1181      0.06601     28793.3701       0.0000      5.85473     5.85473   26796.0249     5.64801      0 -
     1     1182      0.06586     28779.8051     -13.5650      5.85335     5.85335   26796.0249     5.64801      1 chain_01/itr_01182_trial_01.rho
     1     1183      0.06571     28779.8051       0.0000      5.85335     5.85335   26796.0249     5.64801      0 -
     1     1184      0.06555     30085.4459    1305.6408      5.98465     5.98465   26796.0249     5.64801      1 chain_01/itr_01184_trial_01.rho
     1     1185       0.0654     29625.3267    -460.1192      5.93871     5.93871   26796.0249     5.64801      1 chain_01/itr_01185_trial_01.rho
     1     1186      0.06525     29625.3267       0.0000      5.93871     5.93871   26796.0249     5.64801      0 -
     1     1187       0.0651     29886.3577     261.0310      5.96481     5.96481   26796.0249     5.64801      1 chain_01/itr_01187_trial_01.rho
     1     1188      0.06495     30448.0760     561.7183      6.02061     6.02061   26796.0249     5.64801      1 chain_01/itr_01188_trial_01.rho
     1     1189       0.0648     31784.9083    1336.8323      6.15136     6.15136   26796.0249     5.64801      1 chain_01/itr_01189_trial_01.rho
     1     1190      0.06466     33083.6929    1298.7846      6.27577     6.27577   26796.0249     5.64801      1 chain_01/itr_01190_trial_01.rho
     1     1191      0.06451     34192.2307    1108.5378      6.38005     6.38005   26796.0249     5.64801      1 chain_01/itr_01191_trial_01.rho
     1     1192      0.06436     34783.1968     590.9661      6.43495     6.43495   26796.0249     5.64801      1 chain_01/itr_01192_trial_01.rho
     1     1193      0.06421     34783.1968       0.0000      6.43495     6.43495   26796.0249     5.64801      0 -
     1     1194      0.06406     36301.2213    1518.0244      6.57387     6.57387   26796.0249     5.64801      1 chain_01/itr_01194_trial_01.rho
     1     1195      0.06391     35345.7618    -955.4595      6.48678     6.48678   26796.0249     5.64801      1 chain_01/itr_01195_trial_01.rho
     1     1196      0.06377     37305.8863    1960.1245      6.66422     6.66422   26796.0249     5.64801      1 chain_01/itr_01196_trial_01.rho
     1     1197      0.06362     37305.8863       0.0000      6.66422     6.66422   26796.0249     5.64801      0 -
     1     1198      0.06347     37305.8863       0.0000      6.66422     6.66422   26796.0249     5.64801      0 -
     1     1199      0.06333     35534.8372   -1771.0491      6.50410     6.50410   26796.0249     5.64801      1 chain_01/itr_01199_trial_01.rho
     1     1200      0.06318     35321.0706    -213.7667      6.48451     6.48451   26796.0249     5.64801      1 chain_01/itr_01200_trial_01.rho
     1     1201      0.06304     37462.0466    2140.9760      6.67815     6.67815   26796.0249     5.64801      1 chain_01/itr_01201_trial_01.rho
     1     1202      0.06289     36796.8918    -665.1548      6.61860     6.61860   26796.0249     5.64801      1 chain_01/itr_01202_trial_01.rho
     1     1203      0.06275     36503.9987    -292.8931      6.59220     6.59220   26796.0249     5.64801      1 chain_01/itr_01203_trial_01.rho
     1     1204       0.0626     37560.1475    1056.1487      6.68689     6.68689   26796.0249     5.64801      1 chain_01/itr_01204_trial_01.rho
     1     1205      0.06246     37216.3979    -343.7496      6.65622     6.65622   26796.0249     5.64801      1 chain_01/itr_01205_trial_01.rho
     1     1206      0.06232     36015.4480   -1200.9499      6.54794     6.54794   26796.0249     5.64801      1 chain_01/itr_01206_trial_01.rho
     1     1207      0.06217     36723.8485     708.4005      6.61202     6.61202   26796.0249     5.64801      1 chain_01/itr_01207_trial_01.rho
     1     1208      0.06203     37957.7758    1233.9273      6.72219     6.72219   26796.0249     5.64801      1 chain_01/itr_01208_trial_01.rho
     1     1209      0.06189     37957.7758       0.0000      6.72219     6.72219   26796.0249     5.64801      0 -
     1     1210      0.06174     37832.3189    -125.4569      6.71107     6.71107   26796.0249     5.64801      1 chain_01/itr_01210_trial_01.rho
     1     1211       0.0616     38176.8502     344.5313      6.74156     6.74156   26796.0249     5.64801      1 chain_01/itr_01211_trial_01.rho
     1     1212      0.06146     37687.1236    -489.7266      6.69818     6.69818   26796.0249     5.64801      1 chain_01/itr_01212_trial_01.rho
     1     1213      0.06132     37404.1186    -283.0050      6.67298     6.67298   26796.0249     5.64801      1 chain_01/itr_01213_trial_01.rho
     1     1214      0.06118     38711.6979    1307.5793      6.78862     6.78862   26796.0249     5.64801      1 chain_01/itr_01214_trial_01.rho
     1     1215      0.06104     37969.0461    -742.6518      6.72319     6.72319   26796.0249     5.64801      1 chain_01/itr_01215_trial_01.rho
     1     1216       0.0609     38398.1450     429.0989      6.76107     6.76107   26796.0249     5.64801      1 chain_01/itr_01216_trial_01.rho
     1     1217      0.06076     38398.1450       0.0000      6.76107     6.76107   26796.0249     5.64801      0 -
     1     1218      0.06062     38398.1450       0.0000      6.76107     6.76107   26796.0249     5.64801      0 -
     1     1219      0.06048     36665.3639   -1732.7811      6.60676     6.60676   26796.0249     5.64801      1 chain_01/itr_01219_trial_01.rho
     1     1220      0.06034     37834.9820    1169.6181      6.71131     6.71131   26796.0249     5.64801      1 chain_01/itr_01220_trial_01.rho
     1     1221       0.0602     39879.6373    2044.6554      6.89027     6.89027   26796.0249     5.64801      1 chain_01/itr_01221_trial_01.rho
     1     1222      0.06006     39797.3059     -82.3314      6.88315     6.88315   26796.0249     5.64801      1 chain_01/itr_01222_trial_01.rho
     1     1223      0.05992     39834.9587      37.6527      6.88640     6.88640   26796.0249     5.64801      1 chain_01/itr_01223_trial_01.rho
     1     1224      0.05978     39342.1342    -492.8245      6.84367     6.84367   26796.0249     5.64801      1 chain_01/itr_01224_trial_01.rho
     1     1225      0.05965     39342.1342       0.0000      6.84367     6.84367   26796.0249     5.64801      0 -
     1     1226      0.05951     41939.1684    2597.0342      7.06595     7.06595   26796.0249     5.64801      1 chain_01/itr_01226_trial_01.rho
     1     1227      0.05937     41451.2409    -487.9275      7.02472     7.02472   26796.0249     5.64801      1 chain_01/itr_01227_trial_01.rho
     1     1228      0.05924     39846.5563   -1604.6846      6.88741     6.88741   26796.0249     5.64801      1 chain_01/itr_01228_trial_01.rho
     1     1229       0.0591     38559.0711   -1287.4852      6.77522     6.77522   26796.0249     5.64801      1 chain_01/itr_01229_trial_01.rho
     1     1230      0.05896     39951.0550    1391.9840      6.89643     6.89643   26796.0249     5.64801      1 chain_01/itr_01230_trial_01.rho
     1     1231      0.05883     40997.0405    1045.9854      6.98613     6.98613   26796.0249     5.64801      1 chain_01/itr_01231_trial_01.rho
     1     1232      0.05869     41366.1898     369.1494      7.01751     7.01751   26796.0249     5.64801      1 chain_01/itr_01232_trial_01.rho
     1     1233      0.05856     40370.1841    -996.0057      6.93251     6.93251   26796.0249     5.64801      1 chain_01/itr_01233_trial_01.rho
     1     1234      0.05842     40495.1892     125.0050      6.94324     6.94324   26796.0249     5.64801      1 chain_01/itr_01234_trial_01.rho
     1     1235      0.05829     40495.1892       0.0000      6.94324     6.94324   26796.0249     5.64801      0 -
     1     1236      0.05816     39273.8182   -1221.3709      6.83773     6.83773   26796.0249     5.64801      1 chain_01/itr_01236_trial_01.rho
     1     1237      0.05802     39273.8182       0.0000      6.83773     6.83773   26796.0249     5.64801      0 -
     1     1238      0.05789     38605.5421    -668.2761      6.77931     6.77931   26796.0249     5.64801      1 chain_01/itr_01238_trial_01.rho
     1     1239      0.05775     38022.0999    -583.4422      6.72788     6.72788   26796.0249     5.64801      1 chain_01/itr_01239_trial_01.rho
     1     1240      0.05762     38022.0999       0.0000      6.72788     6.72788   26796.0249     5.64801      0 -
     1     1241      0.05749     38216.5960     194.4960      6.74507     6.74507   26796.0249     5.64801      1 chain_01/itr_01241_trial_01.rho
     1     1242      0.05736     37889.8946    -326.7014      6.71618     6.71618   26796.0249     5.64801      1 chain_01/itr_01242_trial_01.rho
     1     1243      0.05723     38367.4092     477.5146      6.75836     6.75836   26796.0249     5.64801      1 chain_01/itr_01243_trial_01.rho
     1     1244      0.05709     38799.6147     432.2055      6.79632     6.79632   26796.0249     5.64801      1 chain_01/itr_01244_trial_01.rho
     1     1245      0.05696     38799.6147       0.0000      6.79632     6.79632   26796.0249     5.64801      0 -
     1     1246      0.05683     39115.3934     315.7787      6.82392     6.82392   26796.0249     5.64801      1 chain_01/itr_01246_trial_01.rho
     1     1247       0.0567     39046.0231     -69.3703      6.81787     6.81787   26796.0249     5.64801      1 chain_01/itr_01247_trial_01.rho
     1     1248      0.05657     39854.2481     808.2250      6.88807     6.88807   26796.0249     5.64801      1 chain_01/itr_01248_trial_01.rho
     1     1249      0.05644     40368.3247     514.0765      6.93235     6.93235   26796.0249     5.64801      1 chain_01/itr_01249_trial_01.rho
     1     1250      0.05631     40293.1831     -75.1415      6.92590     6.92590   26796.0249     5.64801      1 chain_01/itr_01250_trial_01.rho
     1     1251      0.05618     38535.1489   -1758.0342      6.77312     6.77312   26796.0249     5.64801      1 chain_01/itr_01251_trial_01.rho
     1     1252      0.05605     39412.1740     877.0251      6.84976     6.84976   26796.0249     5.64801      1 chain_01/itr_01252_trial_01.rho
     1     1253      0.05592     39412.1740       0.0000      6.84976     6.84976   26796.0249     5.64801      0 -
     1     1254      0.05579     43910.3295    4498.1555      7.23009     7.23009   26796.0249     5.64801      1 chain_01/itr_01254_trial_01.rho
     1     1255      0.05566     43910.3295       0.0000      7.23009     7.23009   26796.0249     5.64801      0 -
     1     1256      0.05554     43910.3295       0.0000      7.23009     7.23009   26796.0249     5.64801      0 -
     1     1257      0.05541     44156.1973     245.8678      7.25030     7.25030   26796.0249     5.64801      1 chain_01/itr_01257_trial_01.rho
     1     1258      0.05528     44946.4128     790.2155      7.31489     7.31489   26796.0249     5.64801      1 chain_01/itr_01258_trial_01.rho
     1     1259      0.05515     43755.0933   -1191.3195      7.21730     7.21730   26796.0249     5.64801      1 chain_01/itr_01259_trial_01.rho
     1     1260      0.05503     43755.0933       0.0000      7.21730     7.21730   26796.0249     5.64801      0 -
     1     1261       0.0549     43003.8838    -751.2096      7.15508     7.15508   26796.0249     5.64801      1 chain_01/itr_01261_trial_01.rho
     1     1262      0.05477     43003.8838       0.0000      7.15508     7.15508   26796.0249     5.64801      0 -
     1     1263      0.05465     42076.6181    -927.2656      7.07751     7.07751   26796.0249     5.64801      1 chain_01/itr_01263_trial_01.rho
     1     1264      0.05452     40742.2386   -1334.3795      6.96439     6.96439   26796.0249     5.64801      1 chain_01/itr_01264_trial_01.rho
     1     1265       0.0544     40742.2386       0.0000      6.96439     6.96439   26796.0249     5.64801      0 -
     1     1266      0.05427     39463.7462   -1278.4924      6.85424     6.85424   26796.0249     5.64801      1 chain_01/itr_01266_trial_01.rho
     1     1267      0.05415     39720.5778     256.8316      6.87651     6.87651   26796.0249     5.64801      1 chain_01/itr_01267_trial_01.rho
     1     1268      0.05402     39720.5778       0.0000      6.87651     6.87651   26796.0249     5.64801      0 -
     1     1269       0.0539     38617.9060   -1102.6717      6.78039     6.78039   26796.0249     5.64801      1 chain_01/itr_01269_trial_01.rho
     1     1270      0.05377     38617.9060       0.0000      6.78039     6.78039   26796.0249     5.64801      0 -
     1     1271      0.05365     38617.9060       0.0000      6.78039     6.78039   26796.0249     5.64801      0 -
     1     1272      0.05353     38617.9060       0.0000      6.78039     6.78039   26796.0249     5.64801      0 -
     1     1273       0.0534     37445.8025   -1172.1035      6.67670     6.67670   26796.0249     5.64801      1 chain_01/itr_01273_trial_01.rho
     1     1274      0.05328     37478.3729      32.5704      6.67960     6.67960   26796.0249     5.64801      1 chain_01/itr_01274_trial_01.rho
     1     1275      0.05316     36553.7175    -924.6554      6.59669     6.59669   26796.0249     5.64801      1 chain_01/itr_01275_trial_01.rho
     1     1276      0.05304     37920.6741    1366.9566      6.71890     6.71890   26796.0249     5.64801      1 chain_01/itr_01276_trial_01.rho
     1     1277      0.05291     37540.8854    -379.7887      6.68517     6.68517   26796.0249     5.64801      1 chain_01/itr_01277_trial_01.rho
     1     1278      0.05279     37970.4932     429.6078      6.72332     6.72332   26796.0249     5.64801      1 chain_01/itr_01278_trial_01.rho
     1     1279      0.05267     38080.4013     109.9082      6.73304     6.73304   26796.0249     5.64801      1 chain_01/itr_01279_trial_01.rho
     1     1280      0.05255     39351.8289    1271.4276      6.84452     6.84452   26796.0249     5.64801      1 chain_01/itr_01280_trial_01.rho
     1     1281      0.05243     39013.4382    -338.3907      6.81503     6.81503   26796.0249     5.64801      1 chain_01/itr_01281_trial_01.rho
     1     1282      0.05231     38927.9019     -85.5363      6.80755     6.80755   26796.0249     5.64801      1 chain_01/itr_01282_trial_01.rho
     1     1283      0.05219     38163.5984    -764.3035      6.74039     6.74039   26796.0249     5.64801      1 chain_01/itr_01283_trial_01.rho
     1     1284      0.05207     37219.1148    -944.4836      6.65646     6.65646   26796.0249     5.64801      1 chain_01/itr_01284_trial_01.rho
     1     1285      0.05195     37219.1148       0.0000      6.65646     6.65646   26796.0249     5.64801      0 -
     1     1286      0.05183     36725.1931    -493.9217      6.61215     6.61215   26796.0249     5.64801      1 chain_01/itr_01286_trial_01.rho
     1     1287      0.05171     35962.6414    -762.5517      6.54314     6.54314   26796.0249     5.64801      1 chain_01/itr_01287_trial_01.rho
     1     1288      0.05159     35700.5320    -262.1093      6.51925     6.51925   26796.0249     5.64801      1 chain_01/itr_01288_trial_01.rho
     1     1289      0.05147     35432.7897    -267.7423      6.49476     6.49476   26796.0249     5.64801      1 chain_01/itr_01289_trial_01.rho
     1     1290      0.05135     34389.4114   -1043.3783      6.39842     6.39842   26796.0249     5.64801      1 chain_01/itr_01290_trial_01.rho
     1     1291      0.05124     34389.4114       0.0000      6.39842     6.39842   26796.0249     5.64801      0 -
     1     1292      0.05112     34389.4114       0.0000      6.39842     6.39842   26796.0249     5.64801      0 -
     1     1293        0.051     34689.9449     300.5335      6.42632     6.42632   26796.0249     5.64801      1 chain_01/itr_01293_trial_01.rho
     1     1294      0.05088     34689.9449       0.0000      6.42632     6.42632   26796.0249     5.64801      0 -
     1     1295      0.05077     35028.4150     338.4701      6.45759     6.45759   26796.0249     5.64801      1 chain_01/itr_01295_trial_01.rho
     1     1296      0.05065     35427.0799     398.6649      6.49424     6.49424   26796.0249     5.64801      1 chain_01/itr_01296_trial_01.rho
     1     1297      0.05053     36176.2792     749.1993      6.56255     6.56255   26796.0249     5.64801      1 chain_01/itr_01297_trial_01.rho
     1     1298      0.05042     35006.5990   -1169.6802      6.45558     6.45558   26796.0249     5.64801      1 chain_01/itr_01298_trial_01.rho
     1     1299       0.0503     34868.2345    -138.3644      6.44281     6.44281   26796.0249     5.64801      1 chain_01/itr_01299_trial_01.rho
     1     1300      0.05018     35484.5757     616.3412      6.49950     6.49950   26796.0249     5.64801      1 chain_01/itr_01300_trial_01.rho
     1     1301      0.05007     35484.5757       0.0000      6.49950     6.49950   26796.0249     5.64801      0 -
     1     1302      0.04995     35353.5318    -131.0440      6.48749     6.48749   26796.0249     5.64801      1 chain_01/itr_01302_trial_01.rho
     1     1303      0.04984     35698.1203     344.5885      6.51903     6.51903   26796.0249     5.64801      1 chain_01/itr_01303_trial_01.rho
     1     1304      0.04972     36196.8048     498.6846      6.56441     6.56441   26796.0249     5.64801      1 chain_01/itr_01304_trial_01.rho
     1     1305      0.04961     36196.8048       0.0000      6.56441     6.56441   26796.0249     5.64801      0 -
     1     1306       0.0495     34232.9282   -1963.8766      6.38385     6.38385   26796.0249     5.64801      1 chain_01/itr_01306_trial_01.rho
     1     1307      0.04938     33974.4801    -258.4481      6.35970     6.35970   26796.0249     5.64801      1 chain_01/itr_01307_trial_01.rho
     1     1308      0.04927     33477.9146    -496.5655      6.31305     6.31305   26796.0249     5.64801      1 chain_01/itr_01308_trial_01.rho
     1     1309      0.04915     34005.0452     527.1306      6.36256     6.36256   26796.0249     5.64801      1 chain_01/itr_01309_trial_01.rho
     1     1310      0.04904     34514.7166     509.6714      6.41007     6.41007   26796.0249     5.64801      1 chain_01/itr_01310_trial_01.rho
     1     1311      0.04893     34514.7166       0.0000      6.41007     6.41007   26796.0249     5.64801      0 -
     1     1312      0.04882     34462.5827     -52.1340      6.40522     6.40522   26796.0249     5.64801      1 chain_01/itr_01312_trial_01.rho
     1     1313       0.0487     34474.0309      11.4483      6.40629     6.40629   26796.0249     5.64801      1 chain_01/itr_01313_trial_01.rho
     1     1314      0.04859     34279.7484    -194.2825      6.38821     6.38821   26796.0249     5.64801      1 chain_01/itr_01314_trial_01.rho
     1     1315      0.04848     35081.4946     801.7461      6.46248     6.46248   26796.0249     5.64801      1 chain_01/itr_01315_trial_01.rho
     1     1316      0.04837     35617.7072     536.2126      6.51168     6.51168   26796.0249     5.64801      1 chain_01/itr_01316_trial_01.rho
     1     1317      0.04826     35617.7072       0.0000      6.51168     6.51168   26796.0249     5.64801      0 -
     1     1318      0.04815     36909.3895    1291.6823      6.62871     6.62871   26796.0249     5.64801      1 chain_01/itr_01318_trial_01.rho
     1     1319      0.04804     37239.5870     330.1976      6.65829     6.65829   26796.0249     5.64801      1 chain_01/itr_01319_trial_01.rho
     1     1320      0.04792     38212.7591     973.1720      6.74473     6.74473   26796.0249     5.64801      1 chain_01/itr_01320_trial_01.rho
     1     1321      0.04781     38212.7591       0.0000      6.74473     6.74473   26796.0249     5.64801      0 -
     1     1322       0.0477     38212.7591       0.0000      6.74473     6.74473   26796.0249     5.64801      0 -
     1     1323      0.04759     37366.7082    -846.0508      6.66965     6.66965   26796.0249     5.64801      1 chain_01/itr_01323_trial_01.rho
     1     1324      0.04749     37875.6039     508.8957      6.71491     6.71491   26796.0249     5.64801      1 chain_01/itr_01324_trial_01.rho
     1     1325      0.04738     36945.6047    -929.9992      6.63196     6.63196   26796.0249     5.64801      1 chain_01/itr_01325_trial_01.rho
     1     1326      0.04727     36637.1597    -308.4450      6.60422     6.60422   26796.0249     5.64801      1 chain_01/itr_01326_trial_01.rho
     1     1327      0.04716     36969.0371     331.8774      6.63406     6.63406   26796.0249     5.64801      1 chain_01/itr_01327_trial_01.rho
     1     1328      0.04705     36969.0371       0.0000      6.63406     6.63406   26796.0249     5.64801      0 -
     1     1329      0.04694     36969.0371       0.0000      6.63406     6.63406   26796.0249     5.64801      0 -
     1     1330      0.04683     35977.4930    -991.5440      6.54449     6.54449   26796.0249     5.64801      1 chain_01/itr_01330_trial_01.rho
     1     1331      0.04673     36034.0463      56.5532      6.54963     6.54963   26796.0249     5.64801      1 chain_01/itr_01331_trial_01.rho
     1     1332      0.04662     35532.9073    -501.1389      6.50393     6.50393   26796.0249     5.64801      1 chain_01/itr_01332_trial_01.rho
     1     1333      0.04651     35532.9073       0.0000      6.50393     6.50393   26796.0249     5.64801      0 -
     1     1334       0.0464     34771.3282    -761.5791      6.43385     6.43385   26796.0249     5.64801      1 chain_01/itr_01334_trial_01.rho
     1     1335       0.0463     34771.3282       0.0000      6.43385     6.43385   26796.0249     5.64801      0 -
     1     1336      0.04619     34771.3282       0.0000      6.43385     6.43385   26796.0249     5.64801      0 -
     1     1337      0.04608     34771.3282       0.0000      6.43385     6.43385   26796.0249     5.64801      0 -
     1     1338      0.04598     34660.6409    -110.6873      6.42360     6.42360   26796.0249     5.64801      1 chain_01/itr_01338_trial_01.rho
     1     1339      0.04587     34660.6409       0.0000      6.42360     6.42360   26796.0249     5.64801      0 -
     1     1340      0.04577     34442.7830    -217.8579      6.40338     6.40338   26796.0249     5.64801      1 chain_01/itr_01340_trial_01.rho
     1     1341      0.04566     35262.1739     819.3909      6.47910     6.47910   26796.0249     5.64801      1 chain_01/itr_01341_trial_01.rho
     1     1342      0.04556     35262.1739       0.0000      6.47910     6.47910   26796.0249     5.64801      0 -
     1     1343      0.04545     35442.9610     180.7871      6.49569     6.49569   26796.0249     5.64801      1 chain_01/itr_01343_trial_01.rho
     1     1344      0.04535     35442.9610       0.0000      6.49569     6.49569   26796.0249     5.64801      0 -
     1     1345      0.04524     35442.9610       0.0000      6.49569     6.49569   26796.0249     5.64801      0 -
     1     1346      0.04514     35442.9610       0.0000      6.49569     6.49569   26796.0249     5.64801      0 -
     1     1347      0.04504     36042.0822     599.1212      6.55036     6.55036   26796.0249     5.64801      1 chain_01/itr_01347_trial_01.rho
     1     1348      0.04493     36042.0822       0.0000      6.55036     6.55036   26796.0249     5.64801      0 -
     1     1349      0.04483     34671.3876   -1370.6946      6.42460     6.42460   26796.0249     5.64801      1 chain_01/itr_01349_trial_01.rho
     1     1350      0.04472     34757.1917      85.8041      6.43254     6.43254   26796.0249     5.64801      1 chain_01/itr_01350_trial_01.rho
     1     1351      0.04462     34757.1917       0.0000      6.43254     6.43254   26796.0249     5.64801      0 -
     1     1352      0.04452     34757.1917       0.0000      6.43254     6.43254   26796.0249     5.64801      0 -
     1     1353      0.04442     33877.5038    -879.6879      6.35062     6.35062   26796.0249     5.64801      1 chain_01/itr_01353_trial_01.rho
     1     1354      0.04431     34322.5060     445.0022      6.39219     6.39219   26796.0249     5.64801      1 chain_01/itr_01354_trial_01.rho
     1     1355      0.04421     34696.9859     374.4799      6.42697     6.42697   26796.0249     5.64801      1 chain_01/itr_01355_trial_01.rho
     1     1356      0.04411     34696.9859       0.0000      6.42697     6.42697   26796.0249     5.64801      0 -
     1     1357      0.04401     33959.3362    -737.6497      6.35828     6.35828   26796.0249     5.64801      1 chain_01/itr_01357_trial_01.rho
     1     1358      0.04391     33551.3598    -407.9765      6.31998     6.31998   26796.0249     5.64801      1 chain_01/itr_01358_trial_01.rho
     1     1359      0.04381     33551.3598       0.0000      6.31998     6.31998   26796.0249     5.64801      0 -
     1     1360      0.04371     32980.4177    -570.9420      6.26597     6.26597   26796.0249     5.64801      1 chain_01/itr_01360_trial_01.rho
     1     1361      0.04361     32911.5254     -68.8923      6.25942     6.25942   26796.0249     5.64801      1 chain_01/itr_01361_trial_01.rho
     1     1362      0.04351     32911.5254       0.0000      6.25942     6.25942   26796.0249     5.64801      0 -
     1     1363      0.04341     32676.6183    -234.9071      6.23705     6.23705   26796.0249     5.64801      1 chain_01/itr_01363_trial_01.rho
     1     1364      0.04331     33013.6318     337.0134      6.26913     6.26913   26796.0249     5.64801      1 chain_01/itr_01364_trial_01.rho
     1     1365      0.04321     32827.8229    -185.8089      6.25146     6.25146   26796.0249     5.64801      1 chain_01/itr_01365_trial_01.rho
     1     1366      0.04311     31727.4754   -1100.3475      6.14580     6.14580   26796.0249     5.64801      1 chain_01/itr_01366_trial_01.rho
     1     1367      0.04301     31738.9251      11.4497      6.14690     6.14690   26796.0249     5.64801      1 chain_01/itr_01367_trial_01.rho
     1     1368      0.04291     31264.9476    -473.9775      6.10083     6.10083   26796.0249     5.64801      1 chain_01/itr_01368_trial_01.rho
     1     1369      0.04281     32330.9253    1065.9777      6.20397     6.20397   26796.0249     5.64801      1 chain_01/itr_01369_trial_01.rho
     1     1370      0.04271     32026.1978    -304.7275      6.17466     6.17466   26796.0249     5.64801      1 chain_01/itr_01370_trial_01.rho
     1     1371      0.04261     32410.3619     384.1641      6.21158     6.21158   26796.0249     5.64801      1 chain_01/itr_01371_trial_01.rho
     1     1372      0.04252     31883.0522    -527.3097      6.16085     6.16085   26796.0249     5.64801      1 chain_01/itr_01372_trial_01.rho
     1     1373      0.04242     32188.2143     305.1621      6.19026     6.19026   26796.0249     5.64801      1 chain_01/itr_01373_trial_01.rho
     1     1374      0.04232     32718.5853     530.3711      6.24105     6.24105   26796.0249     5.64801      1 chain_01/itr_01374_trial_01.rho
     1     1375      0.04222     32718.5853       0.0000      6.24105     6.24105   26796.0249     5.64801      0 -
     1     1376      0.04213     31787.5786    -931.0068      6.15161     6.15161   26796.0249     5.64801      1 chain_01/itr_01376_trial_01.rho
     1     1377      0.04203     31787.5786       0.0000      6.15161     6.15161   26796.0249     5.64801      0 -
     1     1378      0.04193     30916.4056    -871.1729      6.06673     6.06673   26796.0249     5.64801      1 chain_01/itr_01378_trial_01.rho
     1     1379      0.04184     30916.4056       0.0000      6.06673     6.06673   26796.0249     5.64801      0 -
     1     1380      0.04174     31039.3534     122.9478      6.07878     6.07878   26796.0249     5.64801      1 chain_01/itr_01380_trial_01.rho
     1     1381      0.04164     31150.0148     110.6614      6.08961     6.08961   26796.0249     5.64801      1 chain_01/itr_01381_trial_01.rho
     1     1382      0.04155     31620.8923     470.8774      6.13546     6.13546   26796.0249     5.64801      1 chain_01/itr_01382_trial_01.rho
     1     1383      0.04145     32089.4533     468.5610      6.18075     6.18075   26796.0249     5.64801      1 chain_01/itr_01383_trial_01.rho
     1     1384      0.04136     31696.5058    -392.9475      6.14280     6.14280   26796.0249     5.64801      1 chain_01/itr_01384_trial_01.rho
     1     1385      0.04126     33365.9714    1669.4656      6.30249     6.30249   26796.0249     5.64801      1 chain_01/itr_01385_trial_01.rho
     1     1386      0.04117     33670.6046     304.6332      6.33120     6.33120   26796.0249     5.64801      1 chain_01/itr_01386_trial_01.rho
     1     1387      0.04107     34836.6028    1165.9982      6.43989     6.43989   26796.0249     5.64801      1 chain_01/itr_01387_trial_01.rho
     1     1388      0.04098     36669.9633    1833.3605      6.60717     6.60717   26796.0249     5.64801      1 chain_01/itr_01388_trial_01.rho
     1     1389      0.04088     36669.9633       0.0000      6.60717     6.60717   26796.0249     5.64801      0 -
     1     1390      0.04079     35379.2170   -1290.7464      6.48985     6.48985   26796.0249     5.64801      1 chain_01/itr_01390_trial_01.rho
     1     1391      0.04069     35379.2170       0.0000      6.48985     6.48985   26796.0249     5.64801      0 -
     1     1392       0.0406     34711.8632    -667.3537      6.42835     6.42835   26796.0249     5.64801      1 chain_01/itr_01392_trial_01.rho
     1     1393      0.04051     33710.4403   -1001.4229      6.33494     6.33494   26796.0249     5.64801      1 chain_01/itr_01393_trial_01.rho
     1     1394      0.04041     31758.0482   -1952.3921      6.14876     6.14876   26796.0249     5.64801      1 chain_01/itr_01394_trial_01.rho
     1     1395      0.04032     30632.7179   -1125.3303      6.03883     6.03883   26796.0249     5.64801      1 chain_01/itr_01395_trial_01.rho
     1     1396      0.04023     30632.7179       0.0000      6.03883     6.03883   26796.0249     5.64801      0 -
     1     1397      0.04014     31048.5022     415.7842      6.07968     6.07968   26796.0249     5.64801      1 chain_01/itr_01397_trial_01.rho
     1     1398      0.04004     30793.0664    -255.4358      6.05462     6.05462   26796.0249     5.64801      1 chain_01/itr_01398_trial_01.rho
     1     1399      0.03995     31020.1966     227.1302      6.07691     6.07691   26796.0249     5.64801      1 chain_01/itr_01399_trial_01.rho
     1     1400      0.03986     31703.9395     683.7429      6.14352     6.14352   26796.0249     5.64801      1 chain_01/itr_01400_trial_01.rho
     1     1401      0.03977     31430.5908    -273.3487      6.11697     6.11697   26796.0249     5.64801      1 chain_01/itr_01401_trial_01.rho
     1     1402      0.03968     31521.3715      90.7807      6.12580     6.12580   26796.0249     5.64801      1 chain_01/itr_01402_trial_01.rho
     1     1403      0.03959     31276.3044    -245.0671      6.10194     6.10194   26796.0249     5.64801      1 chain_01/itr_01403_trial_01.rho
     1     1404      0.03949     31276.3044       0.0000      6.10194     6.10194   26796.0249     5.64801      0 -
     1     1405       0.0394     32030.1470     753.8426      6.17504     6.17504   26796.0249     5.64801      1 chain_01/itr_01405_trial_01.rho
     1     1406      0.03931     32030.1470       0.0000      6.17504     6.17504   26796.0249     5.64801      0 -
     1     1407      0.03922     31297.4654    -732.6817      6.10401     6.10401   26796.0249     5.64801      1 chain_01/itr_01407_trial_01.rho
     1     1408      0.03913     31297.4654       0.0000      6.10401     6.10401   26796.0249     5.64801      0 -
     1     1409      0.03904     31144.3661    -153.0993      6.08906     6.08906   26796.0249     5.64801      1 chain_01/itr_01409_trial_01.rho
     1     1410      0.03895     30737.2196    -407.1465      6.04913     6.04913   26796.0249     5.64801      1 chain_01/itr_01410_trial_01.rho
     1     1411      0.03886     30089.2577    -647.9619      5.98503     5.98503   26796.0249     5.64801      1 chain_01/itr_01411_trial_01.rho
     1     1412      0.03877     30089.2577       0.0000      5.98503     5.98503   26796.0249     5.64801      0 -
     1     1413      0.03868     29615.9061    -473.3516      5.93776     5.93776   26796.0249     5.64801      1 chain_01/itr_01413_trial_01.rho
     1     1414      0.03859     29615.9061       0.0000      5.93776     5.93776   26796.0249     5.64801      0 -
     1     1415      0.03851     29010.1234    -605.7827      5.87672     5.87672   26796.0249     5.64801      1 chain_01/itr_01415_trial_01.rho
     1     1416      0.03842     29907.5571     897.4337      5.96693     5.96693   26796.0249     5.64801      1 chain_01/itr_01416_trial_01.rho
     1     1417      0.03833     29907.5571       0.0000      5.96693     5.96693   26796.0249     5.64801      0 -
     1     1418      0.03824     29709.9037    -197.6533      5.94718     5.94718   26796.0249     5.64801      1 chain_01/itr_01418_trial_01.rho
     1     1419      0.03815     29639.0567     -70.8470      5.94008     5.94008   26796.0249     5.64801      1 chain_01/itr_01419_trial_01.rho
     1     1420      0.03807     30124.0053     484.9486      5.98848     5.98848   26796.0249     5.64801      1 chain_01/itr_01420_trial_01.rho
     1     1421      0.03798     30124.0053       0.0000      5.98848     5.98848   26796.0249     5.64801      0 -
     1     1422      0.03789     30124.0053       0.0000      5.98848     5.98848   26796.0249     5.64801      0 -
     1     1423       0.0378     29524.8796    -599.1257      5.92863     5.92863   26796.0249     5.64801      1 chain_01/itr_01423_trial_01.rho
     1     1424      0.03772     29524.8796       0.0000      5.92863     5.92863   26796.0249     5.64801      0 -
     1     1425      0.03763     29524.8796       0.0000      5.92863     5.92863   26796.0249     5.64801      0 -
     1     1426      0.03754     29593.5569      68.6773      5.93552     5.93552   26796.0249     5.64801      1 chain_01/itr_01426_trial_01.rho
     1     1427      0.03746     29593.5569       0.0000      5.93552     5.93552   26796.0249     5.64801      0 -
     1     1428      0.03737     29593.5569       0.0000      5.93552     5.93552   26796.0249     5.64801      0 -
     1     1429      0.03728     29593.5569       0.0000      5.93552     5.93552   26796.0249     5.64801      0 -
     1     1430       0.0372     30484.4344     890.8775      6.02420     6.02420   26796.0249     5.64801      1 chain_01/itr_01430_trial_01.rho
     1     1431      0.03711     29743.1837    -741.2506      5.95051     5.95051   26796.0249     5.64801      1 chain_01/itr_01431_trial_01.rho
     1     1432      0.03703     29623.5463    -119.6374      5.93853     5.93853   26796.0249     5.64801      1 chain_01/itr_01432_trial_01.rho
     1     1433      0.03694     31062.1889    1438.6426      6.08102     6.08102   26796.0249     5.64801      1 chain_01/itr_01433_trial_01.rho
     1     1434      0.03686     30940.7929    -121.3961      6.06912     6.06912   26796.0249     5.64801      1 chain_01/itr_01434_trial_01.rho
     1     1435      0.03677     32943.5036    2002.7107      6.26246     6.26246   26796.0249     5.64801      1 chain_01/itr_01435_trial_01.rho
     1     1436      0.03669     31605.2009   -1338.3027      6.13394     6.13394   26796.0249     5.64801      1 chain_01/itr_01436_trial_01.rho
     1     1437       0.0366     31310.4878    -294.7131      6.10528     6.10528   26796.0249     5.64801      1 chain_01/itr_01437_trial_01.rho
     1     1438      0.03652     31310.4878       0.0000      6.10528     6.10528   26796.0249     5.64801      0 -
     1     1439      0.03644     31339.0334      28.5457      6.10806     6.10806   26796.0249     5.64801      1 chain_01/itr_01439_trial_01.rho
     1     1440      0.03635     31339.0334       0.0000      6.10806     6.10806   26796.0249     5.64801      0 -
     1     1441      0.03627     31339.0334       0.0000      6.10806     6.10806   26796.0249     5.64801      0 -
     1     1442      0.03618     31784.2690     445.2356      6.15129     6.15129   26796.0249     5.64801      1 chain_01/itr_01442_trial_01.rho
     1     1443       0.0361     32536.0382     751.7692      6.22361     6.22361   26796.0249     5.64801      1 chain_01/itr_01443_trial_01.rho
     1     1444      0.03602     32345.2247    -190.8134      6.20534     6.20534   26796.0249     5.64801      1 chain_01/itr_01444_trial_01.rho
     1     1445      0.03594     31180.4787   -1164.7461      6.09259     6.09259   26796.0249     5.64801      1 chain_01/itr_01445_trial_01.rho
     1     1446      0.03585     31180.4787       0.0000      6.09259     6.09259   26796.0249     5.64801      0 -
     1     1447      0.03577     32419.8430    1239.3643      6.21249     6.21249   26796.0249     5.64801      1 chain_01/itr_01447_trial_01.rho
     1     1448      0.03569     32419.8430       0.0000      6.21249     6.21249   26796.0249     5.64801      0 -
     1     1449      0.03561     32571.0569     151.2139      6.22696     6.22696   26796.0249     5.64801      1 chain_01/itr_01449_trial_01.rho
     1     1450      0.03552     34116.0305    1544.9736      6.37294     6.37294   26796.0249     5.64801      1 chain_01/itr_01450_trial_01.rho
     1     1451      0.03544     33475.3183    -640.7122      6.31281     6.31281   26796.0249     5.64801      1 chain_01/itr_01451_trial_01.rho
     1     1452      0.03536     33475.3183       0.0000      6.31281     6.31281   26796.0249     5.64801      0 -
     1     1453      0.03528     32062.8883   -1412.4300      6.17820     6.17820   26796.0249     5.64801      1 chain_01/itr_01453_trial_01.rho
     1     1454       0.0352     32267.3605     204.4722      6.19786     6.19786   26796.0249     5.64801      1 chain_01/itr_01454_trial_01.rho
     1     1455      0.03512     32628.1828     360.8223      6.23242     6.23242   26796.0249     5.64801      1 chain_01/itr_01455_trial_01.rho
     1     1456      0.03504     32630.3911       2.2083      6.23263     6.23263   26796.0249     5.64801      1 chain_01/itr_01456_trial_01.rho
     1     1457      0.03496     31954.2283    -676.1628      6.16772     6.16772   26796.0249     5.64801      1 chain_01/itr_01457_trial_01.rho
     1     1458      0.03487     33284.2930    1330.0648      6.29477     6.29477   26796.0249     5.64801      1 chain_01/itr_01458_trial_01.rho
     1     1459      0.03479     33815.3003     531.0072      6.34479     6.34479   26796.0249     5.64801      1 chain_01/itr_01459_trial_01.rho
     1     1460      0.03471     33703.4430    -111.8573      6.33428     6.33428   26796.0249     5.64801      1 chain_01/itr_01460_trial_01.rho
     1     1461      0.03463     34282.4636     579.0206      6.38846     6.38846   26796.0249     5.64801      1 chain_01/itr_01461_trial_01.rho
     1     1462      0.03456     34282.4636       0.0000      6.38846     6.38846   26796.0249     5.64801      0 -
     1     1463      0.03448     35722.2138    1439.7502      6.52123     6.52123   26796.0249     5.64801      1 chain_01/itr_01463_trial_01.rho
     1     1464       0.0344     36200.2212     478.0074      6.56472     6.56472   26796.0249     5.64801      1 chain_01/itr_01464_trial_01.rho
     1     1465      0.03432     36200.2212       0.0000      6.56472     6.56472   26796.0249     5.64801      0 -
     1     1466      0.03424     36200.2212       0.0000      6.56472     6.56472   26796.0249     5.64801      0 -
     1     1467      0.03416     37641.8109    1441.5898      6.69415     6.69415   26796.0249     5.64801      1 chain_01/itr_01467_trial_01.rho
     1     1468      0.03408     37641.8109       0.0000      6.69415     6.69415   26796.0249     5.64801      0 -
     1     1469        0.034     36599.8292   -1041.9817      6.60085     6.60085   26796.0249     5.64801      1 chain_01/itr_01469_trial_01.rho
     1     1470      0.03392     37010.1143     410.2851      6.63775     6.63775   26796.0249     5.64801      1 chain_01/itr_01470_trial_01.rho
     1     1471      0.03385     37607.8293     597.7149      6.69113     6.69113   26796.0249     5.64801      1 chain_01/itr_01471_trial_01.rho
     1     1472      0.03377     36343.0503   -1264.7789      6.57765     6.57765   26796.0249     5.64801      1 chain_01/itr_01472_trial_01.rho
     1     1473      0.03369     35433.2204    -909.8299      6.49480     6.49480   26796.0249     5.64801      1 chain_01/itr_01473_trial_01.rho
     1     1474      0.03361     36358.7894     925.5690      6.57908     6.57908   26796.0249     5.64801      1 chain_01/itr_01474_trial_01.rho
     1     1475      0.03354     36358.7894       0.0000      6.57908     6.57908   26796.0249     5.64801      0 -
     1     1476      0.03346     35025.0695   -1333.7199      6.45728     6.45728   26796.0249     5.64801      1 chain_01/itr_01476_trial_01.rho
     1     1477      0.03338     35370.7784     345.7089      6.48907     6.48907   26796.0249     5.64801      1 chain_01/itr_01477_trial_01.rho
     1     1478       0.0333     35192.7526    -178.0257      6.47272     6.47272   26796.0249     5.64801      1 chain_01/itr_01478_trial_01.rho
     1     1479      0.03323     35192.7526       0.0000      6.47272     6.47272   26796.0249     5.64801      0 -
     1     1480      0.03315     36664.5128    1471.7601      6.60668     6.60668   26796.0249     5.64801      1 chain_01/itr_01480_trial_01.rho
     1     1481      0.03308     36248.1070    -416.4058      6.56906     6.56906   26796.0249     5.64801      1 chain_01/itr_01481_trial_01.rho
     1     1482        0.033     36248.1070       0.0000      6.56906     6.56906   26796.0249     5.64801      0 -
     1     1483      0.03292     35856.5581    -391.5489      6.53348     6.53348   26796.0249     5.64801      1 chain_01/itr_01483_trial_01.rho
     1     1484      0.03285     35820.9276     -35.6305      6.53023     6.53023   26796.0249     5.64801      1 chain_01/itr_01484_trial_01.rho
     1     1485      0.03277     35820.9276       0.0000      6.53023     6.53023   26796.0249     5.64801      0 -
     1     1486       0.0327     35571.0073    -249.9203      6.50741     6.50741   26796.0249     5.64801      1 chain_01/itr_01486_trial_01.rho
     1     1487      0.03262     35991.9893     420.9820      6.54581     6.54581   26796.0249     5.64801      1 chain_01/itr_01487_trial_01.rho
     1     1488      0.03255     35991.9893       0.0000      6.54581     6.54581   26796.0249     5.64801      0 -
     1     1489      0.03247     34968.4794   -1023.5099      6.45206     6.45206   26796.0249     5.64801      1 chain_01/itr_01489_trial_01.rho
     1     1490       0.0324     34387.1110    -581.3684      6.39821     6.39821   26796.0249     5.64801      1 chain_01/itr_01490_trial_01.rho
     1     1491      0.03232     34138.7499    -248.3611      6.37506     6.37506   26796.0249     5.64801      1 chain_01/itr_01491_trial_01.rho
     1     1492      0.03225     33823.3604    -315.3895      6.34554     6.34554   26796.0249     5.64801      1 chain_01/itr_01492_trial_01.rho
     1     1493      0.03217     34721.2682     897.9078      6.42922     6.42922   26796.0249     5.64801      1 chain_01/itr_01493_trial_01.rho
     1     1494       0.0321     34983.7738     262.5057      6.45348     6.45348   26796.0249     5.64801      1 chain_01/itr_01494_trial_01.rho
     1     1495      0.03203     34983.7738       0.0000      6.45348     6.45348   26796.0249     5.64801      0 -
     1     1496      0.03195     34983.7738       0.0000      6.45348     6.45348   26796.0249     5.64801      0 -
     1     1497      0.03188     34983.7738       0.0000      6.45348     6.45348   26796.0249     5.64801      0 -
     1     1498      0.03181     34983.7738       0.0000      6.45348     6.45348   26796.0249     5.64801      0 -
     1     1499      0.03173     34554.4003    -429.3735      6.41375     6.41375   26796.0249     5.64801      1 chain_01/itr_01499_trial_01.rho
     1     1500      0.03166     34554.4003       0.0000      6.41375     6.41375   26796.0249     5.64801      0 -
     1     1501      0.03159     34005.6244    -548.7759      6.36262     6.36262   26796.0249     5.64801      1 chain_01/itr_01501_trial_01.rho
     1     1502      0.03151     34005.6244       0.0000      6.36262     6.36262   26796.0249     5.64801      0 -
     1     1503      0.03144     33412.6297    -592.9947      6.30690     6.30690   26796.0249     5.64801      1 chain_01/itr_01503_trial_01.rho
     1     1504      0.03137     33412.6297       0.0000      6.30690     6.30690   26796.0249     5.64801      0 -
     1     1505       0.0313     33489.1765      76.5468      6.31412     6.31412   26796.0249     5.64801      1 chain_01/itr_01505_trial_01.rho
     1     1506      0.03122     33476.5561     -12.6203      6.31293     6.31293   26796.0249     5.64801      1 chain_01/itr_01506_trial_01.rho
     1     1507      0.03115     33476.5561       0.0000      6.31293     6.31293   26796.0249     5.64801      0 -
     1     1508      0.03108     33358.6266    -117.9296      6.30180     6.30180   26796.0249     5.64801      1 chain_01/itr_01508_trial_01.rho
     1     1509      0.03101     33979.9406     621.3140      6.36021     6.36021   26796.0249     5.64801      1 chain_01/itr_01509_trial_01.rho
     1     1510      0.03094     34874.0644     894.1239      6.44335     6.44335   26796.0249     5.64801      1 chain_01/itr_01510_trial_01.rho
     1     1511      0.03087     34874.0644       0.0000      6.44335     6.44335   26796.0249     5.64801      0 -
     1     1512       0.0308     35509.5034     635.4389      6.50179     6.50179   26796.0249     5.64801      1 chain_01/itr_01512_trial_01.rho
     1     1513      0.03073     36627.9363    1118.4329      6.60338     6.60338   26796.0249     5.64801      1 chain_01/itr_01513_trial_01.rho
     1     1514      0.03065     36574.4046     -53.5317      6.59856     6.59856   26796.0249     5.64801      1 chain_01/itr_01514_trial_01.rho
     1     1515      0.03058     36324.2213    -250.1833      6.57595     6.57595   26796.0249     5.64801      1 chain_01/itr_01515_trial_01.rho
     1     1516      0.03051     36231.9735     -92.2478      6.56759     6.56759   26796.0249     5.64801      1 chain_01/itr_01516_trial_01.rho
     1     1517      0.03044     35346.8231    -885.1504      6.48688     6.48688   26796.0249     5.64801      1 chain_01/itr_01517_trial_01.rho
     1     1518      0.03037     35346.8231       0.0000      6.48688     6.48688   26796.0249     5.64801      0 -
     1     1519       0.0303     35346.8231       0.0000      6.48688     6.48688   26796.0249     5.64801      0 -
     1     1520      0.03023     35346.8231       0.0000      6.48688     6.48688   26796.0249     5.64801      0 -
     1     1521      0.03016     34971.5030    -375.3201      6.45234     6.45234   26796.0249     5.64801      1 chain_01/itr_01521_trial_01.rho
     1     1522      0.03009     34478.4533    -493.0497      6.40670     6.40670   26796.0249     5.64801      1 chain_01/itr_01522_trial_01.rho
     1     1523      0.03003     34575.9499      97.4966      6.41575     6.41575   26796.0249     5.64801      1 chain_01/itr_01523_trial_01.rho
     1     1524      0.02996     34580.5727       4.6228      6.41618     6.41618   26796.0249     5.64801      1 chain_01/itr_01524_trial_01.rho
     1     1525      0.02989     34143.3517    -437.2209      6.37549     6.37549   26796.0249     5.64801      1 chain_01/itr_01525_trial_01.rho
     1     1526      0.02982     34143.3517       0.0000      6.37549     6.37549   26796.0249     5.64801      0 -
     1     1527      0.02975     33835.6939    -307.6579      6.34670     6.34670   26796.0249     5.64801      1 chain_01/itr_01527_trial_01.rho
     1     1528      0.02968     34635.7174     800.0236      6.42129     6.42129   26796.0249     5.64801      1 chain_01/itr_01528_trial_01.rho
     1     1529      0.02961     34202.5766    -433.1408      6.38102     6.38102   26796.0249     5.64801      1 chain_01/itr_01529_trial_01.rho
     1     1530      0.02955     34202.5766       0.0000      6.38102     6.38102   26796.0249     5.64801      0 -
     1     1531      0.02948     35522.3004    1319.7238      6.50296     6.50296   26796.0249     5.64801      1 chain_01/itr_01531_trial_01.rho
     1     1532      0.02941     36239.9421     717.6417      6.56832     6.56832   26796.0249     5.64801      1 chain_01/itr_01532_trial_01.rho
     1     1533      0.02934     35815.2772    -424.6649      6.52972     6.52972   26796.0249     5.64801      1 chain_01/itr_01533_trial_01.rho
     1     1534      0.02927     35709.9382    -105.3390      6.52011     6.52011   26796.0249     5.64801      1 chain_01/itr_01534_trial_01.rho
     1     1535      0.02921     35709.9382       0.0000      6.52011     6.52011   26796.0249     5.64801      0 -
     1     1536      0.02914     35212.8554    -497.0828      6.47457     6.47457   26796.0249     5.64801      1 chain_01/itr_01536_trial_01.rho
     1     1537      0.02907     35212.8554       0.0000      6.47457     6.47457   26796.0249     5.64801      0 -
     1     1538      0.02901     35643.4817     430.6263      6.51404     6.51404   26796.0249     5.64801      1 chain_01/itr_01538_trial_01.rho
     1     1539      0.02894     35643.4817       0.0000      6.51404     6.51404   26796.0249     5.64801      0 -
     1     1540      0.02887     35280.8079    -362.6738      6.48081     6.48081   26796.0249     5.64801      1 chain_01/itr_01540_trial_01.rho
     1     1541      0.02881     36423.7185    1142.9106      6.58495     6.58495   26796.0249     5.64801      1 chain_01/itr_01541_trial_01.rho
     1     1542      0.02874     36423.7185       0.0000      6.58495     6.58495   26796.0249     5.64801      0 -
     1     1543      0.02867     37479.6384    1055.9199      6.67972     6.67972   26796.0249     5.64801      1 chain_01/itr_01543_trial_01.rho
     1     1544      0.02861     38044.4323     564.7938      6.72986     6.72986   26796.0249     5.64801      1 chain_01/itr_01544_trial_01.rho
     1     1545      0.02854     36716.0264   -1328.4058      6.61132     6.61132   26796.0249     5.64801      1 chain_01/itr_01545_trial_01.rho
     1     1546      0.02848     36831.7214     115.6949      6.62173     6.62173   26796.0249     5.64801      1 chain_01/itr_01546_trial_01.rho
     1     1547      0.02841     36831.7214       0.0000      6.62173     6.62173   26796.0249     5.64801      0 -
     1     1548      0.02835     34985.7226   -1845.9988      6.45366     6.45366   26796.0249     5.64801      1 chain_01/itr_01548_trial_01.rho
     1     1549      0.02828     34626.4486    -359.2740      6.42043     6.42043   26796.0249     5.64801      1 chain_01/itr_01549_trial_01.rho
     1     1550      0.02822     34027.9174    -598.5312      6.36470     6.36470   26796.0249     5.64801      1 chain_01/itr_01550_trial_01.rho
     1     1551      0.02815     34027.9174       0.0000      6.36470     6.36470   26796.0249     5.64801      0 -
     1     1552      0.02809     33547.5644    -480.3531      6.31962     6.31962   26796.0249     5.64801      1 chain_01/itr_01552_trial_01.rho
     1     1553      0.02802     33015.5071    -532.0573      6.26930     6.26930   26796.0249     5.64801      1 chain_01/itr_01553_trial_01.rho
     1     1554      0.02796     32756.3788    -259.1283      6.24465     6.24465   26796.0249     5.64801      1 chain_01/itr_01554_trial_01.rho
     1     1555      0.02789     32756.3788       0.0000      6.24465     6.24465   26796.0249     5.64801      0 -
     1     1556      0.02783     32756.3788       0.0000      6.24465     6.24465   26796.0249     5.64801      0 -
     1     1557      0.02776     33590.1329     833.7540      6.32363     6.32363   26796.0249     5.64801      1 chain_01/itr_01557_trial_01.rho
     1     1558       0.0277     33916.6414     326.5085      6.35429     6.35429   26796.0249     5.64801      1 chain_01/itr_01558_trial_01.rho
     1     1559      0.02764     33916.6414       0.0000      6.35429     6.35429   26796.0249     5.64801      0 -
     1     1560      0.02757     33916.6414       0.0000      6.35429     6.35429   26796.0249     5.64801      0 -
     1     1561      0.02751     34371.8125     455.1712      6.39678     6.39678   26796.0249     5.64801      1 chain_01/itr_01561_trial_01.rho
     1     1562      0.02745     33990.7615    -381.0510      6.36123     6.36123   26796.0249     5.64801      1 chain_01/itr_01562_trial_01.rho
     1     1563      0.02738     33114.7436    -876.0179      6.27872     6.27872   26796.0249     5.64801      1 chain_01/itr_01563_trial_01.rho
     1     1564      0.02732     33134.9860      20.2423      6.28064     6.28064   26796.0249     5.64801      1 chain_01/itr_01564_trial_01.rho
     1     1565      0.02726     33134.9860       0.0000      6.28064     6.28064   26796.0249     5.64801      0 -
     1     1566      0.02719     33134.9860       0.0000      6.28064     6.28064   26796.0249     5.64801      0 -
     1     1567      0.02713     35139.8646    2004.8786      6.46786     6.46786   26796.0249     5.64801      1 chain_01/itr_01567_trial_01.rho
     1     1568      0.02707     35139.8646       0.0000      6.46786     6.46786   26796.0249     5.64801      0 -
     1     1569      0.02701     34517.1903    -622.6743      6.41030     6.41030   26796.0249     5.64801      1 chain_01/itr_01569_trial_01.rho
     1     1570      0.02694     33883.5107    -633.6796      6.35118     6.35118   26796.0249     5.64801      1 chain_01/itr_01570_trial_01.rho
     1     1571      0.02688     33883.5107       0.0000      6.35118     6.35118   26796.0249     5.64801      0 -
     1     1572      0.02682     33206.9077    -676.6030      6.28745     6.28745   26796.0249     5.64801      1 chain_01/itr_01572_trial_01.rho
     1     1573      0.02676     32982.4079    -224.4998      6.26616     6.26616   26796.0249     5.64801      1 chain_01/itr_01573_trial_01.rho
     1     1574       0.0267     33191.1917     208.7837      6.28596     6.28596   26796.0249     5.64801      1 chain_01/itr_01574_trial_01.rho
     1     1575      0.02664     33555.0566     363.8650      6.32032     6.32032   26796.0249     5.64801      1 chain_01/itr_01575_trial_01.rho
     1     1576      0.02658     33555.0566       0.0000      6.32032     6.32032   26796.0249     5.64801      0 -
     1     1577      0.02651     33719.2730     164.2164      6.33577     6.33577   26796.0249     5.64801      1 chain_01/itr_01577_trial_01.rho
     1     1578      0.02645     33719.2730       0.0000      6.33577     6.33577   26796.0249     5.64801      0 -
     1     1579      0.02639     33719.2730       0.0000      6.33577     6.33577   26796.0249     5.64801      0 -
     1     1580      0.02633     33809.7833      90.5103      6.34427     6.34427   26796.0249     5.64801      1 chain_01/itr_01580_trial_01.rho
     1     1581      0.02627     33809.7833       0.0000      6.34427     6.34427   26796.0249     5.64801      0 -
     1     1582      0.02621     34121.5170     311.7336      6.37345     6.37345   26796.0249     5.64801      1 chain_01/itr_01582_trial_01.rho
     1     1583      0.02615     34121.5170       0.0000      6.37345     6.37345   26796.0249     5.64801      0 -
     1     1584      0.02609     33856.5169    -265.0001      6.34865     6.34865   26796.0249     5.64801      1 chain_01/itr_01584_trial_01.rho
     1     1585      0.02603     33915.6998      59.1829      6.35420     6.35420   26796.0249     5.64801      1 chain_01/itr_01585_trial_01.rho
     1     1586      0.02597     33915.6998       0.0000      6.35420     6.35420   26796.0249     5.64801      0 -
     1     1587      0.02591     33915.6998       0.0000      6.35420     6.35420   26796.0249     5.64801      0 -
     1     1588      0.02585     33073.4901    -842.2098      6.27481     6.27481   26796.0249     5.64801      1 chain_01/itr_01588_trial_01.rho
     1     1589      0.02579     33943.6341     870.1440      6.35681     6.35681   26796.0249     5.64801      1 chain_01/itr_01589_trial_01.rho
     1     1590      0.02573     33943.6341       0.0000      6.35681     6.35681   26796.0249     5.64801      0 -
     1     1591      0.02567     33262.0436    -681.5906      6.29267     6.29267   26796.0249     5.64801      1 chain_01/itr_01591_trial_01.rho
     1     1592      0.02561     33082.0041    -180.0394      6.27561     6.27561   26796.0249     5.64801      1 chain_01/itr_01592_trial_01.rho
     1     1593      0.02555     33032.0407     -49.9634      6.27087     6.27087   26796.0249     5.64801      1 chain_01/itr_01593_trial_01.rho
     1     1594       0.0255     32666.0548    -365.9859      6.23604     6.23604   26796.0249     5.64801      1 chain_01/itr_01594_trial_01.rho
     1     1595      0.02544     33569.4774     903.4226      6.32168     6.32168   26796.0249     5.64801      1 chain_01/itr_01595_trial_01.rho
     1     1596      0.02538     33569.4774       0.0000      6.32168     6.32168   26796.0249     5.64801      0 -
     1     1597      0.02532     33062.1170    -507.3604      6.27373     6.27373   26796.0249     5.64801      1 chain_01/itr_01597_trial_01.rho
     1     1598      0.02526     32412.5519    -649.5651      6.21179     6.21179   26796.0249     5.64801      1 chain_01/itr_01598_trial_01.rho
     1     1599       0.0252     32231.6881    -180.8639      6.19444     6.19444   26796.0249     5.64801      1 chain_01/itr_01599_trial_01.rho
     1     1600      0.02515     32231.6881       0.0000      6.19444     6.19444   26796.0249     5.64801      0 -
     1     1601      0.02509     32191.1659     -40.5221      6.19054     6.19054   26796.0249     5.64801      1 chain_01/itr_01601_trial_01.rho
     1     1602      0.02503     32191.1659       0.0000      6.19054     6.19054   26796.0249     5.64801      0 -
     1     1603      0.02497     31804.6788    -386.4872      6.15327     6.15327   26796.0249     5.64801      1 chain_01/itr_01603_trial_01.rho
     1     1604      0.02492     31804.6788       0.0000      6.15327     6.15327   26796.0249     5.64801      0 -
     1     1605      0.02486     31804.6788       0.0000      6.15327     6.15327   26796.0249     5.64801      0 -
     1     1606       0.0248     32787.5236     982.8448      6.24762     6.24762   26796.0249     5.64801      1 chain_01/itr_01606_trial_01.rho
     1     1607      0.02474     32446.0745    -341.4491      6.21500     6.21500   26796.0249     5.64801      1 chain_01/itr_01607_trial_01.rho
     1     1608      0.02469     32332.9786    -113.0959      6.20416     6.20416   26796.0249     5.64801      1 chain_01/itr_01608_trial_01.rho
     1     1609      0.02463     32404.0952      71.1166      6.21098     6.21098   26796.0249     5.64801      1 chain_01/itr_01609_trial_01.rho
     1     1610      0.02457     32272.8810    -131.2142      6.19839     6.19839   26796.0249     5.64801      1 chain_01/itr_01610_trial_01.rho
     1     1611      0.02452     30973.3010   -1299.5800      6.07231     6.07231   26796.0249     5.64801      1 chain_01/itr_01611_trial_01.rho
     1     1612      0.02446     31404.8601     431.5591      6.11447     6.11447   26796.0249     5.64801      1 chain_01/itr_01612_trial_01.rho
     1     1613       0.0244     31404.8601       0.0000      6.11447     6.11447   26796.0249     5.64801      0 -
     1     1614      0.02435     31033.7724    -371.0877      6.07824     6.07824   26796.0249     5.64801      1 chain_01/itr_01614_trial_01.rho
     1     1615      0.02429     31167.6004     133.8280      6.09133     6.09133   26796.0249     5.64801      1 chain_01/itr_01615_trial_01.rho
     1     1616      0.02424     31912.0692     744.4688      6.16365     6.16365   26796.0249     5.64801      1 chain_01/itr_01616_trial_01.rho
     1     1617      0.02418     32286.6235     374.5543      6.19971     6.19971   26796.0249     5.64801      1 chain_01/itr_01617_trial_01.rho
     1     1618      0.02412     32286.6235       0.0000      6.19971     6.19971   26796.0249     5.64801      0 -
     1     1619      0.02407     32286.6235       0.0000      6.19971     6.19971   26796.0249     5.64801      0 -
     1     1620      0.02401     32286.6235       0.0000      6.19971     6.19971   26796.0249     5.64801      0 -
     1     1621      0.02396     31639.5522    -647.0713      6.13727     6.13727   26796.0249     5.64801      1 chain_01/itr_01621_trial_01.rho
     1     1622       0.0239     31606.2102     -33.3421      6.13404     6.13404   26796.0249     5.64801      1 chain_01/itr_01622_trial_01.rho
     1     1623      0.02385     31364.5028    -241.7073      6.11054     6.11054   26796.0249     5.64801      1 chain_01/itr_01623_trial_01.rho
     1     1624      0.02379     31441.5483      77.0455      6.11804     6.11804   26796.0249     5.64801      1 chain_01/itr_01624_trial_01.rho
     1     1625      0.02374     31471.4586      29.9103      6.12095     6.12095   26796.0249     5.64801      1 chain_01/itr_01625_trial_01.rho
     1     1626      0.02368     31148.4233    -323.0354      6.08945     6.08945   26796.0249     5.64801      1 chain_01/itr_01626_trial_01.rho
     1     1627      0.02363     31148.4233       0.0000      6.08945     6.08945   26796.0249     5.64801      0 -
     1     1628      0.02358     30324.8114    -823.6119      6.00841     6.00841   26796.0249     5.64801      1 chain_01/itr_01628_trial_01.rho
     1     1629      0.02352     30016.9930    -307.8184      5.97784     5.97784   26796.0249     5.64801      1 chain_01/itr_01629_trial_01.rho
     1     1630      0.02347     30540.8155     523.8225      6.02977     6.02977   26796.0249     5.64801      1 chain_01/itr_01630_trial_01.rho
     1     1631      0.02341     30540.8155       0.0000      6.02977     6.02977   26796.0249     5.64801      0 -
     1     1632      0.02336     30540.8155       0.0000      6.02977     6.02977   26796.0249     5.64801      0 -
     1     1633      0.02331     30540.8155       0.0000      6.02977     6.02977   26796.0249     5.64801      0 -
     1     1634      0.02325     30558.8066      17.9911      6.03154     6.03154   26796.0249     5.64801      1 chain_01/itr_01634_trial_01.rho
     1     1635       0.0232     30558.8066       0.0000      6.03154     6.03154   26796.0249     5.64801      0 -
     1     1636      0.02314     32025.7148    1466.9082      6.17461     6.17461   26796.0249     5.64801      1 chain_01/itr_01636_trial_01.rho
     1     1637      0.02309     32025.7148       0.0000      6.17461     6.17461   26796.0249     5.64801      0 -
     1     1638      0.02304     31123.2485    -902.4663      6.08699     6.08699   26796.0249     5.64801      1 chain_01/itr_01638_trial_01.rho
     1     1639      0.02299     31049.3908     -73.8577      6.07977     6.07977   26796.0249     5.64801      1 chain_01/itr_01639_trial_01.rho
     1     1640      0.02293     32037.9977     988.6069      6.17580     6.17580   26796.0249     5.64801      1 chain_01/itr_01640_trial_01.rho
     1     1641      0.02288     32642.3992     604.4015      6.23378     6.23378   26796.0249     5.64801      1 chain_01/itr_01641_trial_01.rho
     1     1642      0.02283     32642.3992       0.0000      6.23378     6.23378   26796.0249     5.64801      0 -
     1     1643      0.02277     32642.3992       0.0000      6.23378     6.23378   26796.0249     5.64801      0 -
     1     1644      0.02272     32642.3992       0.0000      6.23378     6.23378   26796.0249     5.64801      0 -
     1     1645      0.02267     32642.3992       0.0000      6.23378     6.23378   26796.0249     5.64801      0 -
     1     1646      0.02262     32642.3992       0.0000      6.23378     6.23378   26796.0249     5.64801      0 -
     1     1647      0.02257     33101.7834     459.3843      6.27749     6.27749   26796.0249     5.64801      1 chain_01/itr_01647_trial_01.rho
     1     1648      0.02251     33158.4817      56.6983      6.28286     6.28286   26796.0249     5.64801      1 chain_01/itr_01648_trial_01.rho
     1     1649      0.02246     33158.4817       0.0000      6.28286     6.28286   26796.0249     5.64801      0 -
     1     1650      0.02241     32835.4018    -323.0799      6.25218     6.25218   26796.0249     5.64801      1 chain_01/itr_01650_trial_01.rho
     1     1651      0.02236     32835.4018       0.0000      6.25218     6.25218   26796.0249     5.64801      0 -
     1     1652      0.02231     33199.7417     364.3398      6.28677     6.28677   26796.0249     5.64801      1 chain_01/itr_01652_trial_01.rho
     1     1653      0.02226     33470.6162     270.8745      6.31237     6.31237   26796.0249     5.64801      1 chain_01/itr_01653_trial_01.rho
     1     1654       0.0222     33470.6162       0.0000      6.31237     6.31237   26796.0249     5.64801      0 -
     1     1655      0.02215     33470.6162       0.0000      6.31237     6.31237   26796.0249     5.64801      0 -
     1     1656       0.0221     33016.4891    -454.1271      6.26940     6.26940   26796.0249     5.64801      1 chain_01/itr_01656_trial_01.rho
     1     1657      0.02205     33016.4891       0.0000      6.26940     6.26940   26796.0249     5.64801      0 -
     1     1658        0.022     31884.9535   -1131.5356      6.16103     6.16103   26796.0249     5.64801      1 chain_01/itr_01658_trial_01.rho
     1     1659      0.02195     31884.9535       0.0000      6.16103     6.16103   26796.0249     5.64801      0 -
     1     1660       0.0219     32062.8514     177.8979      6.17819     6.17819   26796.0249     5.64801      1 chain_01/itr_01660_trial_01.rho
     1     1661      0.02185     32062.8514       0.0000      6.17819     6.17819   26796.0249     5.64801      0 -
     1     1662       0.0218     31681.2089    -381.6425      6.14131     6.14131   26796.0249     5.64801      1 chain_01/itr_01662_trial_01.rho
     1     1663      0.02175     32933.6690    1252.4602      6.26153     6.26153   26796.0249     5.64801      1 chain_01/itr_01663_trial_01.rho
     1     1664       0.0217     32617.0553    -316.6137      6.23136     6.23136   26796.0249     5.64801      1 chain_01/itr_01664_trial_01.rho
     1     1665      0.02165     34054.7040    1437.6487      6.36721     6.36721   26796.0249     5.64801      1 chain_01/itr_01665_trial_01.rho
     1     1666       0.0216     33465.8832    -588.8209      6.31192     6.31192   26796.0249     5.64801      1 chain_01/itr_01666_trial_01.rho
     1     1667      0.02155     34839.5617    1373.6785      6.44016     6.44016   26796.0249     5.64801      1 chain_01/itr_01667_trial_01.rho
     1     1668       0.0215     34839.5617       0.0000      6.44016     6.44016   26796.0249     5.64801      0 -
     1     1669      0.02145     34839.5617       0.0000      6.44016     6.44016   26796.0249     5.64801      0 -
     1     1670       0.0214     34978.6945     139.1328      6.45301     6.45301   26796.0249     5.64801      1 chain_01/itr_01670_trial_01.rho
     1     1671      0.02135     34138.1335    -840.5610      6.37500     6.37500   26796.0249     5.64801      1 chain_01/itr_01671_trial_01.rho
     1     1672       0.0213     34138.1335       0.0000      6.37500     6.37500   26796.0249     5.64801      0 -
     1     1673      0.02125     34138.1335       0.0000      6.37500     6.37500   26796.0249     5.64801      0 -
     1     1674      0.02121     35427.3553    1289.2217      6.49426     6.49426   26796.0249     5.64801      1 chain_01/itr_01674_trial_01.rho
     1     1675      0.02116     35242.7676    -184.5877      6.47732     6.47732   26796.0249     5.64801      1 chain_01/itr_01675_trial_01.rho
     1     1676      0.02111     35242.7676       0.0000      6.47732     6.47732   26796.0249     5.64801      0 -
     1     1677      0.02106     32387.8278   -2854.9398      6.20942     6.20942   26796.0249     5.64801      1 chain_01/itr_01677_trial_01.rho
     1     1678      0.02101     32387.8278       0.0000      6.20942     6.20942   26796.0249     5.64801      0 -
     1     1679      0.02096     32731.0405     343.2128      6.24224     6.24224   26796.0249     5.64801      1 chain_01/itr_01679_trial_01.rho
     1     1680      0.02091     33002.1858     271.1452      6.26804     6.26804   26796.0249     5.64801      1 chain_01/itr_01680_trial_01.rho
     1     1681      0.02087     32632.0448    -370.1410      6.23279     6.23279   26796.0249     5.64801      1 chain_01/itr_01681_trial_01.rho
     1     1682      0.02082     33778.6897    1146.6449      6.34135     6.34135   26796.0249     5.64801      1 chain_01/itr_01682_trial_01.rho
     1     1683      0.02077     34225.5210     446.8313      6.38316     6.38316   26796.0249     5.64801      1 chain_01/itr_01683_trial_01.rho
     1     1684      0.02072     34225.5210       0.0000      6.38316     6.38316   26796.0249     5.64801      0 -
     1     1685      0.02067     34225.5210       0.0000      6.38316     6.38316   26796.0249     5.64801      0 -
     1     1686      0.02063     33556.0312    -669.4898      6.32042     6.32042   26796.0249     5.64801      1 chain_01/itr_01686_trial_01.rho
     1     1687      0.02058     33556.0312       0.0000      6.32042     6.32042   26796.0249     5.64801      0 -
     1     1688      0.02053     33556.0312       0.0000      6.32042     6.32042   26796.0249     5.64801      0 -
     1     1689      0.02049     33556.0312       0.0000      6.32042     6.32042   26796.0249     5.64801      0 -
     1     1690      0.02044     34870.0522    1314.0210      6.44298     6.44298   26796.0249     5.64801      1 chain_01/itr_01690_trial_01.rho
     1     1691      0.02039     33014.2077   -1855.8445      6.26918     6.26918   26796.0249     5.64801      1 chain_01/itr_01691_trial_01.rho
     1     1692      0.02034     33014.2077       0.0000      6.26918     6.26918   26796.0249     5.64801      0 -
     1     1693       0.0203     33014.2077       0.0000      6.26918     6.26918   26796.0249     5.64801      0 -
     1     1694      0.02025     32247.2097    -766.9980      6.19593     6.19593   26796.0249     5.64801      1 chain_01/itr_01694_trial_01.rho
     1     1695       0.0202     31986.0025    -261.2071      6.17078     6.17078   26796.0249     5.64801      1 chain_01/itr_01695_trial_01.rho
     1     1696      0.02016     32828.6432     842.6407      6.25154     6.25154   26796.0249     5.64801      1 chain_01/itr_01696_trial_01.rho
     1     1697      0.02011     32828.6432       0.0000      6.25154     6.25154   26796.0249     5.64801      0 -
     1     1698      0.02006     30930.4543   -1898.1889      6.06811     6.06811   26796.0249     5.64801      1 chain_01/itr_01698_trial_01.rho
     1     1699      0.02002     30930.4543       0.0000      6.06811     6.06811   26796.0249     5.64801      0 -
     1     1700      0.01997     30930.4543       0.0000      6.06811     6.06811   26796.0249     5.64801      0 -
     1     1701      0.01993     29941.4429    -989.0114      5.97031     5.97031   26796.0249     5.64801      1 chain_01/itr_01701_trial_01.rho
     1     1702      0.01988     29608.9703    -332.4726      5.93707     5.93707   26796.0249     5.64801      1 chain_01/itr_01702_trial_01.rho
     1     1703      0.01984     29418.8823    -190.0879      5.91798     5.91798   26796.0249     5.64801      1 chain_01/itr_01703_trial_01.rho
     1     1704      0.01979     28787.4597    -631.4226      5.85413     5.85413   26796.0249     5.64801      1 chain_01/itr_01704_trial_01.rho
     1     1705      0.01974     29033.7572     246.2974      5.87912     5.87912   26796.0249     5.64801      1 chain_01/itr_01705_trial_01.rho
     1     1706       0.0197     29033.7572       0.0000      5.87912     5.87912   26796.0249     5.64801      0 -
     1     1707      0.01965     29168.6495     134.8923      5.89276     5.89276   26796.0249     5.64801      1 chain_01/itr_01707_trial_01.rho
     1     1708      0.01961     28703.0620    -465.5874      5.84554     5.84554   26796.0249     5.64801      1 chain_01/itr_01708_trial_01.rho
     1     1709      0.01956     28703.0620       0.0000      5.84554     5.84554   26796.0249     5.64801      0 -
     1     1710      0.01952     28767.5561      64.4941      5.85210     5.85210   26796.0249     5.64801      1 chain_01/itr_01710_trial_01.rho
     1     1711      0.01947     28685.0045     -82.5516      5.84370     5.84370   26796.0249     5.64801      1 chain_01/itr_01711_trial_01.rho
     1     1712      0.01943     28685.0045       0.0000      5.84370     5.84370   26796.0249     5.64801      0 -
     1     1713      0.01938     28326.9550    -358.0495      5.80711     5.80711   26796.0249     5.64801      1 chain_01/itr_01713_trial_01.rho
     1     1714      0.01934     28103.2416    -223.7134      5.78414     5.78414   26796.0249     5.64801      1 chain_01/itr_01714_trial_01.rho
     1     1715      0.01929     28792.3940     689.1524      5.85463     5.85463   26796.0249     5.64801      1 chain_01/itr_01715_trial_01.rho
     1     1716      0.01925     28387.5996    -404.7944      5.81333     5.81333   26796.0249     5.64801      1 chain_01/itr_01716_trial_01.rho
     1     1717      0.01921     28387.5996       0.0000      5.81333     5.81333   26796.0249     5.64801      0 -
     1     1718      0.01916     27866.2328    -521.3668      5.75970     5.75970   26796.0249     5.64801      1 chain_01/itr_01718_trial_01.rho
     1     1719      0.01912     28150.3646     284.1318      5.78898     5.78898   26796.0249     5.64801      1 chain_01/itr_01719_trial_01.rho
     1     1720      0.01907     27906.3364    -244.0281      5.76384     5.76384   26796.0249     5.64801      1 chain_01/itr_01720_trial_01.rho
     1     1721      0.01903     27906.6161       0.2797      5.76387     5.76387   26796.0249     5.64801      1 chain_01/itr_01721_trial_01.rho
     1     1722      0.01899     27965.5525      58.9363      5.76995     5.76995   26796.0249     5.64801      1 chain_01/itr_01722_trial_01.rho
     1     1723      0.01894     27239.7949    -725.7575      5.69459     5.69459   26796.0249     5.64801      1 chain_01/itr_01723_trial_01.rho
     1     1724       0.0189     27239.7949       0.0000      5.69459     5.69459   26796.0249     5.64801      0 -
     1     1725      0.01885     27239.7949       0.0000      5.69459     5.69459   26796.0249     5.64801      0 -
     1     1726      0.01881     27873.1803     633.3853      5.76041     5.76041   26796.0249     5.64801      1 chain_01/itr_01726_trial_01.rho
     1     1727      0.01877     27873.1803       0.0000      5.76041     5.76041   26796.0249     5.64801      0 -
     1     1728      0.01873     27024.8033    -848.3770      5.67207     5.67207   26796.0249     5.64801      1 chain_01/itr_01728_trial_01.rho
     1     1729      0.01868     27503.1378     478.3346      5.72205     5.72205   26796.0249     5.64801      1 chain_01/itr_01729_trial_01.rho
     1     1730      0.01864     27321.1921    -181.9457      5.70309     5.70309   26796.0249     5.64801      1 chain_01/itr_01730_trial_01.rho
     1     1731       0.0186     27746.7593     425.5672      5.74733     5.74733   26796.0249     5.64801      1 chain_01/itr_01731_trial_01.rho
     1     1732      0.01855     27746.7593       0.0000      5.74733     5.74733   26796.0249     5.64801      0 -
     1     1733      0.01851     27746.7593       0.0000      5.74733     5.74733   26796.0249     5.64801      0 -
     1     1734      0.01847     27863.3116     116.5523      5.75939     5.75939   26796.0249     5.64801      1 chain_01/itr_01734_trial_01.rho
     1     1735      0.01843     27863.3116       0.0000      5.75939     5.75939   26796.0249     5.64801      0 -
     1     1736      0.01838     26961.0404    -902.2712      5.66538     5.66538   26796.0249     5.64801      1 chain_01/itr_01736_trial_01.rho
     1     1737      0.01834     26480.1810    -480.8594      5.61463     5.61463   26480.1810     5.61463      1 chain_01/itr_01737_trial_01.rho
     1     1738       0.0183     26480.1810       0.0000      5.61463     5.61463   26480.1810     5.61463      0 -
     1     1739      0.01826     26480.1810       0.0000      5.61463     5.61463   26480.1810     5.61463      0 -
     1     1740      0.01821     27279.6275     799.4465      5.69875     5.69875   26480.1810     5.61463      1 chain_01/itr_01740_trial_01.rho
     1     1741      0.01817     26994.0388    -285.5887      5.66884     5.66884   26480.1810     5.61463      1 chain_01/itr_01741_trial_01.rho
     1     1742      0.01813     26283.1793    -710.8595      5.59370     5.59370   26283.1793     5.59370      1 chain_01/itr_01742_trial_01.rho
     1     1743      0.01809     25932.4696    -350.7097      5.55626     5.55626   25932.4696     5.55626      1 chain_01/itr_01743_trial_01.rho
     1     1744      0.01805     25932.4696       0.0000      5.55626     5.55626   25932.4696     5.55626      0 -
     1     1745      0.01801     25932.4696       0.0000      5.55626     5.55626   25932.4696     5.55626      0 -
     1     1746      0.01796     25932.4696       0.0000      5.55626     5.55626   25932.4696     5.55626      0 -
     1     1747      0.01792     26039.7871     107.3175      5.56774     5.56774   25932.4696     5.55626      1 chain_01/itr_01747_trial_01.rho
     1     1748      0.01788     25501.8579    -537.9292      5.50993     5.50993   25501.8579     5.50993      1 chain_01/itr_01748_trial_01.rho
     1     1749      0.01784     25818.6637     316.8058      5.54405     5.54405   25501.8579     5.50993      1 chain_01/itr_01749_trial_01.rho
     1     1750       0.0178     25990.5166     171.8529      5.56247     5.56247   25501.8579     5.50993      1 chain_01/itr_01750_trial_01.rho
     1     1751      0.01776     26751.6029     761.0863      5.64333     5.64333   25501.8579     5.50993      1 chain_01/itr_01751_trial_01.rho
     1     1752      0.01772     26751.6029       0.0000      5.64333     5.64333   25501.8579     5.50993      0 -
     1     1753      0.01768     26751.6029       0.0000      5.64333     5.64333   25501.8579     5.50993      0 -
     1     1754      0.01764     27222.8986     471.2957      5.69282     5.69282   25501.8579     5.50993      1 chain_01/itr_01754_trial_01.rho
     1     1755       0.0176     27222.8986       0.0000      5.69282     5.69282   25501.8579     5.50993      0 -
     1     1756      0.01756     26674.8434    -548.0552      5.63523     5.63523   25501.8579     5.50993      1 chain_01/itr_01756_trial_01.rho
     1     1757      0.01752     26643.8584     -30.9850      5.63195     5.63195   25501.8579     5.50993      1 chain_01/itr_01757_trial_01.rho
     1     1758      0.01747     26472.8532    -171.0052      5.61385     5.61385   25501.8579     5.50993      1 chain_01/itr_01758_trial_01.rho
     1     1759      0.01743     26502.8035      29.9503      5.61702     5.61702   25501.8579     5.50993      1 chain_01/itr_01759_trial_01.rho
     1     1760      0.01739     26058.7730    -444.0306      5.56977     5.56977   25501.8579     5.50993      1 chain_01/itr_01760_trial_01.rho
     1     1761      0.01735     26315.5154     256.7425      5.59714     5.59714   25501.8579     5.50993      1 chain_01/itr_01761_trial_01.rho
     1     1762      0.01731     26662.3571     346.8417      5.63391     5.63391   25501.8579     5.50993      1 chain_01/itr_01762_trial_01.rho
     1     1763      0.01727     26662.3571       0.0000      5.63391     5.63391   25501.8579     5.50993      0 -
     1     1764      0.01724     26662.3571       0.0000      5.63391     5.63391   25501.8579     5.50993      0 -
     1     1765       0.0172     25802.6446    -859.7125      5.54233     5.54233   25501.8579     5.50993      1 chain_01/itr_01765_trial_01.rho
     1     1766      0.01716     25234.0923    -568.5523      5.48093     5.48093   25234.0923     5.48093      1 chain_01/itr_01766_trial_01.rho
     1     1767      0.01712     25234.0923       0.0000      5.48093     5.48093   25234.0923     5.48093      0 -
     1     1768      0.01708     24538.9618    -695.1305      5.40491     5.40491   24538.9618     5.40491      1 chain_01/itr_01768_trial_01.rho
     1     1769      0.01704     24225.8266    -313.1353      5.37031     5.37031   24225.8266     5.37031      1 chain_01/itr_01769_trial_01.rho
     1     1770        0.017     24225.8266       0.0000      5.37031     5.37031   24225.8266     5.37031      0 -
     1     1771      0.01696     24326.1236     100.2970      5.38142     5.38142   24225.8266     5.37031      1 chain_01/itr_01771_trial_01.rho
     1     1772      0.01692     24326.1236       0.0000      5.38142     5.38142   24225.8266     5.37031      0 -
     1     1773      0.01688     24326.1236       0.0000      5.38142     5.38142   24225.8266     5.37031      0 -
     1     1774      0.01684     23824.8125    -501.3110      5.32568     5.32568   23824.8125     5.32568      1 chain_01/itr_01774_trial_01.rho
     1     1775       0.0168     23919.9712      95.1587      5.33631     5.33631   23824.8125     5.32568      1 chain_01/itr_01775_trial_01.rho
     1     1776      0.01677     23919.9712       0.0000      5.33631     5.33631   23824.8125     5.32568      0 -
     1     1777      0.01673     23870.1862     -49.7850      5.33075     5.33075   23824.8125     5.32568      1 chain_01/itr_01777_trial_01.rho
     1     1778      0.01669     23827.1808     -43.0053      5.32595     5.32595   23824.8125     5.32568      1 chain_01/itr_01778_trial_01.rho
     1     1779      0.01665     23975.8009     148.6201      5.34253     5.34253   23824.8125     5.32568      1 chain_01/itr_01779_trial_01.rho
     1     1780      0.01661     23975.8009       0.0000      5.34253     5.34253   23824.8125     5.32568      0 -
     1     1781      0.01657     23975.8009       0.0000      5.34253     5.34253   23824.8125     5.32568      0 -
     1     1782      0.01654     23975.8009       0.0000      5.34253     5.34253   23824.8125     5.32568      0 -
     1     1783       0.0165     23561.7513    -414.0496      5.29620     5.29620   23561.7513     5.29620      1 chain_01/itr_01783_trial_01.rho
     1     1784      0.01646     22790.6872    -771.0641      5.20882     5.20882   22790.6872     5.20882      1 chain_01/itr_01784_trial_01.rho
     1     1785      0.01642     22655.7355    -134.9517      5.19337     5.19337   22655.7355     5.19337      1 chain_01/itr_01785_trial_01.rho
     1     1786      0.01638     22479.3291    -176.4064      5.17311     5.17311   22479.3291     5.17311      1 chain_01/itr_01786_trial_01.rho
     1     1787      0.01635     22249.5442    -229.7849      5.14661     5.14661   22249.5442     5.14661      1 chain_01/itr_01787_trial_01.rho
     1     1788      0.01631     22329.4245      79.8803      5.15584     5.15584   22249.5442     5.14661      1 chain_01/itr_01788_trial_01.rho
     1     1789      0.01627     22329.4245       0.0000      5.15584     5.15584   22249.5442     5.14661      0 -
     1     1790      0.01623     22470.3890     140.9646      5.17208     5.17208   22249.5442     5.14661      1 chain_01/itr_01790_trial_01.rho
     1     1791       0.0162     22470.3890       0.0000      5.17208     5.17208   22249.5442     5.14661      0 -
     1     1792      0.01616     22116.9315    -353.4575      5.13125     5.13125   22116.9315     5.13125      1 chain_01/itr_01792_trial_01.rho
     1     1793      0.01612     22116.9315       0.0000      5.13125     5.13125   22116.9315     5.13125      0 -
     1     1794      0.01608     22137.8488      20.9173      5.13367     5.13367   22116.9315     5.13125      1 chain_01/itr_01794_trial_01.rho
     1     1795      0.01605     22018.1437    -119.7051      5.11977     5.11977   22018.1437     5.11977      1 chain_01/itr_01795_trial_01.rho
     1     1796      0.01601     22352.5814     334.4377      5.15851     5.15851   22018.1437     5.11977      1 chain_01/itr_01796_trial_01.rho
     1     1797      0.01597     21542.8582    -809.7232      5.06421     5.06421   21542.8582     5.06421      1 chain_01/itr_01797_trial_01.rho
     1     1798      0.01594     21542.8582       0.0000      5.06421     5.06421   21542.8582     5.06421      0 -
     1     1799       0.0159     21391.9974    -150.8609      5.04645     5.04645   21391.9974     5.04645      1 chain_01/itr_01799_trial_01.rho
     1     1800      0.01586     21391.9974       0.0000      5.04645     5.04645   21391.9974     5.04645      0 -
     1     1801      0.01583     21189.7316    -202.2657      5.02254     5.02254   21189.7316     5.02254      1 chain_01/itr_01801_trial_01.rho
     1     1802      0.01579     21189.7316       0.0000      5.02254     5.02254   21189.7316     5.02254      0 -
     1     1803      0.01575     21339.2389     149.5073      5.04022     5.04022   21189.7316     5.02254      1 chain_01/itr_01803_trial_01.rho
     1     1804      0.01572     21025.4129    -313.8261      5.00302     5.00302   21025.4129     5.00302      1 chain_01/itr_01804_trial_01.rho
     1     1805      0.01568     20592.4533    -432.9596      4.95124     4.95124   20592.4533     4.95124      1 chain_01/itr_01805_trial_01.rho
     1     1806      0.01565     20592.4533       0.0000      4.95124     4.95124   20592.4533     4.95124      0 -
     1     1807      0.01561     20592.4533       0.0000      4.95124     4.95124   20592.4533     4.95124      0 -
     1     1808      0.01557     20570.4337     -22.0196      4.94860     4.94860   20570.4337     4.94860      1 chain_01/itr_01808_trial_01.rho
     1     1809      0.01554     20570.4337       0.0000      4.94860     4.94860   20570.4337     4.94860      0 -
     1     1810       0.0155     20851.7895     281.3558      4.98232     4.98232   20570.4337     4.94860      1 chain_01/itr_01810_trial_01.rho
     1     1811      0.01547     20851.7895       0.0000      4.98232     4.98232   20570.4337     4.94860      0 -
     1     1812      0.01543     20712.9512    -138.8383      4.96571     4.96571   20570.4337     4.94860      1 chain_01/itr_01812_trial_01.rho
     1     1813       0.0154     20712.9512       0.0000      4.96571     4.96571   20570.4337     4.94860      0 -
     1     1814      0.01536     20712.9512       0.0000      4.96571     4.96571   20570.4337     4.94860      0 -
     1     1815      0.01532     20936.4805     223.5293      4.99243     4.99243   20570.4337     4.94860      1 chain_01/itr_01815_trial_01.rho
     1     1816      0.01529     20936.4805       0.0000      4.99243     4.99243   20570.4337     4.94860      0 -
     1     1817      0.01525     20936.4805       0.0000      4.99243     4.99243   20570.4337     4.94860      0 -
     1     1818      0.01522     20692.2020    -244.2785      4.96322     4.96322   20570.4337     4.94860      1 chain_01/itr_01818_trial_01.rho
     1     1819      0.01518     20449.2507    -242.9513      4.93400     4.93400   20449.2507     4.93400      1 chain_01/itr_01819_trial_01.rho
     1     1820      0.01515     20250.8974    -198.3533      4.91001     4.91001   20250.8974     4.91001      1 chain_01/itr_01820_trial_01.rho
     1     1821      0.01511     19952.9412    -297.9563      4.87376     4.87376   19952.9412     4.87376      1 chain_01/itr_01821_trial_01.rho
     1     1822      0.01508     19854.5768     -98.3644      4.86173     4.86173   19854.5768     4.86173      1 chain_01/itr_01822_trial_01.rho
     1     1823      0.01505     19800.2693     -54.3075      4.85507     4.85507   19800.2693     4.85507      1 chain_01/itr_01823_trial_01.rho
     1     1824      0.01501     19420.8804    -379.3889      4.80834     4.80834   19420.8804     4.80834      1 chain_01/itr_01824_trial_01.rho
     1     1825      0.01498     19420.8804       0.0000      4.80834     4.80834   19420.8804     4.80834      0 -
     1     1826      0.01494     19446.3570      25.4766      4.81149     4.81149   19420.8804     4.80834      1 chain_01/itr_01826_trial_01.rho
     1     1827      0.01491     19042.9483    -403.4087      4.76132     4.76132   19042.9483     4.76132      1 chain_01/itr_01827_trial_01.rho
     1     1828      0.01487     19042.9483       0.0000      4.76132     4.76132   19042.9483     4.76132      0 -
     1     1829      0.01484     19042.9483       0.0000      4.76132     4.76132   19042.9483     4.76132      0 -
     1     1830       0.0148     19042.9483       0.0000      4.76132     4.76132   19042.9483     4.76132      0 -
     1     1831      0.01477     19181.8532     138.9049      4.77865     4.77865   19042.9483     4.76132      1 chain_01/itr_01831_trial_01.rho
     1     1832      0.01474     19458.4394     276.5862      4.81298     4.81298   19042.9483     4.76132      1 chain_01/itr_01832_trial_01.rho
     1     1833       0.0147     19458.4394       0.0000      4.81298     4.81298   19042.9483     4.76132      0 -
     1     1834      0.01467     19778.3848     319.9454      4.85239     4.85239   19042.9483     4.76132      1 chain_01/itr_01834_trial_01.rho
     1     1835      0.01463     19151.6997    -626.6851      4.77490     4.77490   19042.9483     4.76132      1 chain_01/itr_01835_trial_01.rho
     1     1836       0.0146     19178.6411      26.9415      4.77825     4.77825   19042.9483     4.76132      1 chain_01/itr_01836_trial_01.rho
     1     1837      0.01457     18709.5962    -469.0449      4.71946     4.71946   18709.5962     4.71946      1 chain_01/itr_01837_trial_01.rho
     1     1838      0.01453     18263.5649    -446.0313      4.66287     4.66287   18263.5649     4.66287      1 chain_01/itr_01838_trial_01.rho
     1     1839       0.0145     18298.8676      35.3027      4.66737     4.66737   18263.5649     4.66287      1 chain_01/itr_01839_trial_01.rho
     1     1840      0.01447     18219.8841     -78.9835      4.65729     4.65729   18219.8841     4.65729      1 chain_01/itr_01840_trial_01.rho
     1     1841      0.01443     17858.0140    -361.8700      4.61081     4.61081   17858.0140     4.61081      1 chain_01/itr_01841_trial_01.rho
     1     1842       0.0144     17858.0140       0.0000      4.61081     4.61081   17858.0140     4.61081      0 -
     1     1843      0.01437     17797.2928     -60.7213      4.60296     4.60296   17797.2928     4.60296      1 chain_01/itr_01843_trial_01.rho
     1     1844      0.01433     17781.9621     -15.3306      4.60098     4.60098   17781.9621     4.60098      1 chain_01/itr_01844_trial_01.rho
     1     1845       0.0143     17828.8239      46.8618      4.60704     4.60704   17781.9621     4.60098      1 chain_01/itr_01845_trial_01.rho
     1     1846      0.01427     17952.9536     124.1296      4.62305     4.62305   17781.9621     4.60098      1 chain_01/itr_01846_trial_01.rho
     1     1847      0.01424     17952.9536       0.0000      4.62305     4.62305   17781.9621     4.60098      0 -
     1     1848       0.0142     17952.9536       0.0000      4.62305     4.62305   17781.9621     4.60098      0 -
     1     1849      0.01417     17952.9536       0.0000      4.62305     4.62305   17781.9621     4.60098      0 -
     1     1850      0.01414     17952.9536       0.0000      4.62305     4.62305   17781.9621     4.60098      0 -
     1     1851      0.01411     17867.8353     -85.1183      4.61207     4.61207   17781.9621     4.60098      1 chain_01/itr_01851_trial_01.rho
     1     1852      0.01407     17848.6173     -19.2181      4.60959     4.60959   17781.9621     4.60098      1 chain_01/itr_01852_trial_01.rho
     1     1853      0.01404     17672.2860    -176.3313      4.58677     4.58677   17672.2860     4.58677      1 chain_01/itr_01853_trial_01.rho
     1     1854      0.01401     17672.2860       0.0000      4.58677     4.58677   17672.2860     4.58677      0 -
     1     1855      0.01398     17672.2860       0.0000      4.58677     4.58677   17672.2860     4.58677      0 -
     1     1856      0.01394     17672.2860       0.0000      4.58677     4.58677   17672.2860     4.58677      0 -
     1     1857      0.01391     17672.2860       0.0000      4.58677     4.58677   17672.2860     4.58677      0 -
     1     1858      0.01388     17672.2860       0.0000      4.58677     4.58677   17672.2860     4.58677      0 -
     1     1859      0.01385     17672.2860       0.0000      4.58677     4.58677   17672.2860     4.58677      0 -
     1     1860      0.01382     17768.7742      96.4882      4.59927     4.59927   17672.2860     4.58677      1 chain_01/itr_01860_trial_01.rho
     1     1861      0.01378     17768.7742       0.0000      4.59927     4.59927   17672.2860     4.58677      0 -
     1     1862      0.01375     17768.7742       0.0000      4.59927     4.59927   17672.2860     4.58677      0 -
     1     1863      0.01372     17768.7742       0.0000      4.59927     4.59927   17672.2860     4.58677      0 -
     1     1864      0.01369     17644.6617    -124.1125      4.58318     4.58318   17644.6617     4.58318      1 chain_01/itr_01864_trial_01.rho
     1     1865      0.01366     17411.7292    -232.9325      4.55283     4.55283   17411.7292     4.55283      1 chain_01/itr_01865_trial_01.rho
     1     1866      0.01363     17315.7580     -95.9711      4.54026     4.54026   17315.7580     4.54026      1 chain_01/itr_01866_trial_01.rho
     1     1867      0.01359     17192.7289    -123.0292      4.52411     4.52411   17192.7289     4.52411      1 chain_01/itr_01867_trial_01.rho
     1     1868      0.01356     17192.7289       0.0000      4.52411     4.52411   17192.7289     4.52411      0 -
     1     1869      0.01353     17192.7289       0.0000      4.52411     4.52411   17192.7289     4.52411      0 -
     1     1870       0.0135     17192.7289       0.0000      4.52411     4.52411   17192.7289     4.52411      0 -
     1     1871      0.01347     17237.4962      44.7673      4.52999     4.52999   17192.7289     4.52411      1 chain_01/itr_01871_trial_01.rho
     1     1872      0.01344     17156.6211     -80.8751      4.51935     4.51935   17156.6211     4.51935      1 chain_01/itr_01872_trial_01.rho
     1     1873      0.01341     17582.7853     426.1642      4.57514     4.57514   17156.6211     4.51935      1 chain_01/itr_01873_trial_01.rho
     1     1874      0.01338     17553.4008     -29.3845      4.57131     4.57131   17156.6211     4.51935      1 chain_01/itr_01874_trial_01.rho
     1     1875      0.01335     17553.4008       0.0000      4.57131     4.57131   17156.6211     4.51935      0 -
     1     1876      0.01332     17553.4008       0.0000      4.57131     4.57131   17156.6211     4.51935      0 -
     1     1877      0.01329     17553.4008       0.0000      4.57131     4.57131   17156.6211     4.51935      0 -
     1     1878      0.01325     17553.4008       0.0000      4.57131     4.57131   17156.6211     4.51935      0 -
     1     1879      0.01322     17553.4008       0.0000      4.57131     4.57131   17156.6211     4.51935      0 -
     1     1880      0.01319     17553.4008       0.0000      4.57131     4.57131   17156.6211     4.51935      0 -
     1     1881      0.01316     17553.4008       0.0000      4.57131     4.57131   17156.6211     4.51935      0 -
     1     1882      0.01313     17368.8831    -184.5177      4.54722     4.54722   17156.6211     4.51935      1 chain_01/itr_01882_trial_01.rho
     1     1883       0.0131     18007.5012     638.6181      4.63006     4.63006   17156.6211     4.51935      1 chain_01/itr_01883_trial_01.rho
     1     1884      0.01307     17462.1153    -545.3859      4.55941     4.55941   17156.6211     4.51935      1 chain_01/itr_01884_trial_01.rho
     1     1885      0.01304     17462.1153       0.0000      4.55941     4.55941   17156.6211     4.51935      0 -
     1     1886      0.01301     17462.1153       0.0000      4.55941     4.55941   17156.6211     4.51935      0 -
     1     1887      0.01298     17462.1153       0.0000      4.55941     4.55941   17156.6211     4.51935      0 -
     1     1888      0.01295     17462.1153       0.0000      4.55941     4.55941   17156.6211     4.51935      0 -
     1     1889      0.01292     17462.1153       0.0000      4.55941     4.55941   17156.6211     4.51935      0 -
     1     1890      0.01289     17216.3090    -245.8063      4.52721     4.52721   17156.6211     4.51935      1 chain_01/itr_01890_trial_01.rho
     1     1891      0.01286     17216.3090       0.0000      4.52721     4.52721   17156.6211     4.51935      0 -
     1     1892      0.01283     17216.3090       0.0000      4.52721     4.52721   17156.6211     4.51935      0 -
     1     1893       0.0128     17216.3090       0.0000      4.52721     4.52721   17156.6211     4.51935      0 -
     1     1894      0.01278     17216.3090       0.0000      4.52721     4.52721   17156.6211     4.51935      0 -
     1     1895      0.01275     17216.3090       0.0000      4.52721     4.52721   17156.6211     4.51935      0 -
     1     1896      0.01272     17216.3090       0.0000      4.52721     4.52721   17156.6211     4.51935      0 -
     1     1897      0.01269     16790.4768    -425.8322      4.47087     4.47087   16790.4768     4.47087      1 chain_01/itr_01897_trial_01.rho
     1     1898      0.01266     16790.4768       0.0000      4.47087     4.47087   16790.4768     4.47087      0 -
     1     1899      0.01263     16790.4768       0.0000      4.47087     4.47087   16790.4768     4.47087      0 -
     1     1900       0.0126     16790.4768       0.0000      4.47087     4.47087   16790.4768     4.47087      0 -
     1     1901      0.01257     16628.2672    -162.2096      4.44922     4.44922   16628.2672     4.44922      1 chain_01/itr_01901_trial_01.rho
     1     1902      0.01254     16628.2672       0.0000      4.44922     4.44922   16628.2672     4.44922      0 -
     1     1903      0.01251     16628.2672       0.0000      4.44922     4.44922   16628.2672     4.44922      0 -
     1     1904      0.01248     16628.2672       0.0000      4.44922     4.44922   16628.2672     4.44922      0 -
     1     1905      0.01246     16376.1095    -252.1577      4.41536     4.41536   16376.1095     4.41536      1 chain_01/itr_01905_trial_01.rho
     1     1906      0.01243     16376.1095       0.0000      4.41536     4.41536   16376.1095     4.41536      0 -
     1     1907       0.0124     16376.1095       0.0000      4.41536     4.41536   16376.1095     4.41536      0 -
     1     1908      0.01237     16654.3030     278.1936      4.45270     4.45270   16376.1095     4.41536      1 chain_01/itr_01908_trial_01.rho
     1     1909      0.01234     16654.3030       0.0000      4.45270     4.45270   16376.1095     4.41536      0 -
     1     1910      0.01231     16654.3030       0.0000      4.45270     4.45270   16376.1095     4.41536      0 -
     1     1911      0.01228     16654.3030       0.0000      4.45270     4.45270   16376.1095     4.41536      0 -
     1     1912      0.01226     16595.6064     -58.6967      4.44485     4.44485   16376.1095     4.41536      1 chain_01/itr_01912_trial_01.rho
     1     1913      0.01223     16595.6064       0.0000      4.44485     4.44485   16376.1095     4.41536      0 -
     1     1914       0.0122     16595.6064       0.0000      4.44485     4.44485   16376.1095     4.41536      0 -
     1     1915      0.01217     16595.6064       0.0000      4.44485     4.44485   16376.1095     4.41536      0 -
     1     1916      0.01214     16251.5646    -344.0417      4.39853     4.39853   16251.5646     4.39853      1 chain_01/itr_01916_trial_01.rho
     1     1917      0.01212     16251.5646       0.0000      4.39853     4.39853   16251.5646     4.39853      0 -
     1     1918      0.01209     16251.5646       0.0000      4.39853     4.39853   16251.5646     4.39853      0 -
     1     1919      0.01206     15863.5404    -388.0242      4.34571     4.34571   15863.5404     4.34571      1 chain_01/itr_01919_trial_01.rho
     1     1920      0.01203     16011.5126     147.9722      4.36593     4.36593   15863.5404     4.34571      1 chain_01/itr_01920_trial_01.rho
     1     1921        0.012     16011.5126       0.0000      4.36593     4.36593   15863.5404     4.34571      0 -
     1     1922      0.01198     16011.5126       0.0000      4.36593     4.36593   15863.5404     4.34571      0 -
     1     1923      0.01195     16024.2402      12.7276      4.36766     4.36766   15863.5404     4.34571      1 chain_01/itr_01923_trial_01.rho
     1     1924      0.01192     16024.2402       0.0000      4.36766     4.36766   15863.5404     4.34571      0 -
     1     1925      0.01189     16429.6769     405.4366      4.42257     4.42257   15863.5404     4.34571      1 chain_01/itr_01925_trial_01.rho
     1     1926      0.01187     16429.6769       0.0000      4.42257     4.42257   15863.5404     4.34571      0 -
     1     1927      0.01184     16429.6769       0.0000      4.42257     4.42257   15863.5404     4.34571      0 -
     1     1928      0.01181     16429.6769       0.0000      4.42257     4.42257   15863.5404     4.34571      0 -
     1     1929      0.01179     16429.6769       0.0000      4.42257     4.42257   15863.5404     4.34571      0 -
     1     1930      0.01176     15998.0912    -431.5856      4.36410     4.36410   15863.5404     4.34571      1 chain_01/itr_01930_trial_01.rho
     1     1931      0.01173     15998.0912       0.0000      4.36410     4.36410   15863.5404     4.34571      0 -
     1     1932       0.0117     15998.0912       0.0000      4.36410     4.36410   15863.5404     4.34571      0 -
     1     1933      0.01168     16138.6512     140.5599      4.38323     4.38323   15863.5404     4.34571      1 chain_01/itr_01933_trial_01.rho
     1     1934      0.01165     16138.6512       0.0000      4.38323     4.38323   15863.5404     4.34571      0 -
     1     1935      0.01162     16472.4980     333.8468      4.42833     4.42833   15863.5404     4.34571      1 chain_01/itr_01935_trial_01.rho
     1     1936       0.0116     16472.4980       0.0000      4.42833     4.42833   15863.5404     4.34571      0 -
     1     1937      0.01157     16602.3901     129.8921      4.44576     4.44576   15863.5404     4.34571      1 chain_01/itr_01937_trial_01.rho
     1     1938      0.01154     16602.3901       0.0000      4.44576     4.44576   15863.5404     4.34571      0 -
     1     1939      0.01152     16602.3901       0.0000      4.44576     4.44576   15863.5404     4.34571      0 -
     1     1940      0.01149     15985.9645    -616.4256      4.36244     4.36244   15863.5404     4.34571      1 chain_01/itr_01940_trial_01.rho
     1     1941      0.01146     15959.2788     -26.6857      4.35880     4.35880   15863.5404     4.34571      1 chain_01/itr_01941_trial_01.rho
     1     1942      0.01144     15870.9951     -88.2838      4.34673     4.34673   15863.5404     4.34571      1 chain_01/itr_01942_trial_01.rho
     1     1943      0.01141     15624.5545    -246.4406      4.31285     4.31285   15624.5545     4.31285      1 chain_01/itr_01943_trial_01.rho
     1     1944      0.01139     15112.9654    -511.5891      4.24165     4.24165   15112.9654     4.24165      1 chain_01/itr_01944_trial_01.rho
     1     1945      0.01136     15112.9654       0.0000      4.24165     4.24165   15112.9654     4.24165      0 -
     1     1946      0.01133     15350.2976     237.3322      4.27483     4.27483   15112.9654     4.24165      1 chain_01/itr_01946_trial_01.rho
     1     1947      0.01131     15350.2976       0.0000      4.27483     4.27483   15112.9654     4.24165      0 -
     1     1948      0.01128     15350.2976       0.0000      4.27483     4.27483   15112.9654     4.24165      0 -
     1     1949      0.01126     15350.2976       0.0000      4.27483     4.27483   15112.9654     4.24165      0 -
     1     1950      0.01123     15350.2976       0.0000      4.27483     4.27483   15112.9654     4.24165      0 -
     1     1951       0.0112     14897.9271    -452.3705      4.21137     4.21137   14897.9271     4.21137      1 chain_01/itr_01951_trial_01.rho
     1     1952      0.01118     14897.9271       0.0000      4.21137     4.21137   14897.9271     4.21137      0 -
     1     1953      0.01115     14897.9271       0.0000      4.21137     4.21137   14897.9271     4.21137      0 -
     1     1954      0.01113     14897.9271       0.0000      4.21137     4.21137   14897.9271     4.21137      0 -
     1     1955       0.0111     14897.9271       0.0000      4.21137     4.21137   14897.9271     4.21137      0 -
     1     1956      0.01108     14897.9271       0.0000      4.21137     4.21137   14897.9271     4.21137      0 -
     1     1957      0.01105     14897.9271       0.0000      4.21137     4.21137   14897.9271     4.21137      0 -
     1     1958      0.01102     14897.9271       0.0000      4.21137     4.21137   14897.9271     4.21137      0 -
     1     1959        0.011     14897.9271       0.0000      4.21137     4.21137   14897.9271     4.21137      0 -
     1     1960      0.01097     14897.9271       0.0000      4.21137     4.21137   14897.9271     4.21137      0 -
     1     1961      0.01095     14897.9271       0.0000      4.21137     4.21137   14897.9271     4.21137      0 -
     1     1962      0.01092     15131.2746     233.3475      4.24422     4.24422   14897.9271     4.21137      1 chain_01/itr_01962_trial_01.rho
     1     1963       0.0109     15131.2746       0.0000      4.24422     4.24422   14897.9271     4.21137      0 -
     1     1964      0.01087     15131.2746       0.0000      4.24422     4.24422   14897.9271     4.21137      0 -
     1     1965      0.01085     15131.2746       0.0000      4.24422     4.24422   14897.9271     4.21137      0 -
     1     1966      0.01082     15131.2746       0.0000      4.24422     4.24422   14897.9271     4.21137      0 -
     1     1967       0.0108     15131.2746       0.0000      4.24422     4.24422   14897.9271     4.21137      0 -
     1     1968      0.01077     15215.1222      83.8476      4.25597     4.25597   14897.9271     4.21137      1 chain_01/itr_01968_trial_01.rho
     1     1969      0.01075     15002.7794    -212.3428      4.22616     4.22616   14897.9271     4.21137      1 chain_01/itr_01969_trial_01.rho
     1     1970      0.01072     15012.1259       9.3465      4.22748     4.22748   14897.9271     4.21137      1 chain_01/itr_01970_trial_01.rho
     1     1971       0.0107     15012.1259       0.0000      4.22748     4.22748   14897.9271     4.21137      0 -
     1     1972      0.01067     14909.4626    -102.6633      4.21300     4.21300   14897.9271     4.21137      1 chain_01/itr_01972_trial_01.rho
     1     1973      0.01065     14909.4626       0.0000      4.21300     4.21300   14897.9271     4.21137      0 -
     1     1974      0.01063     14909.4626       0.0000      4.21300     4.21300   14897.9271     4.21137      0 -
     1     1975       0.0106     14701.0767    -208.3859      4.18345     4.18345   14701.0767     4.18345      1 chain_01/itr_01975_trial_01.rho
     1     1976      0.01058     14530.7045    -170.3722      4.15914     4.15914   14530.7045     4.15914      1 chain_01/itr_01976_trial_01.rho
     1     1977      0.01055     14530.7045       0.0000      4.15914     4.15914   14530.7045     4.15914      0 -
     1     1978      0.01053     14530.7045       0.0000      4.15914     4.15914   14530.7045     4.15914      0 -
     1     1979       0.0105     14315.0898    -215.6147      4.12817     4.12817   14315.0898     4.12817      1 chain_01/itr_01979_trial_01.rho
     1     1980      0.01048     14315.0898       0.0000      4.12817     4.12817   14315.0898     4.12817      0 -
     1     1981      0.01046     14315.0898       0.0000      4.12817     4.12817   14315.0898     4.12817      0 -
     1     1982      0.01043     14315.0898       0.0000      4.12817     4.12817   14315.0898     4.12817      0 -
     1     1983      0.01041     14315.0898       0.0000      4.12817     4.12817   14315.0898     4.12817      0 -
     1     1984      0.01038     14315.0898       0.0000      4.12817     4.12817   14315.0898     4.12817      0 -
     1     1985      0.01036     14160.0911    -154.9987      4.10576     4.10576   14160.0911     4.10576      1 chain_01/itr_01985_trial_01.rho
     1     1986      0.01034     14160.0911       0.0000      4.10576     4.10576   14160.0911     4.10576      0 -
     1     1987      0.01031     14160.0911       0.0000      4.10576     4.10576   14160.0911     4.10576      0 -
     1     1988      0.01029     14303.0690     142.9779      4.12643     4.12643   14160.0911     4.10576      1 chain_01/itr_01988_trial_01.rho
     1     1989      0.01026     14200.4581    -102.6110      4.11161     4.11161   14160.0911     4.10576      1 chain_01/itr_01989_trial_01.rho
     1     1990      0.01024     14260.0861      59.6280      4.12023     4.12023   14160.0911     4.10576      1 chain_01/itr_01990_trial_01.rho
     1     1991      0.01022     14260.0861       0.0000      4.12023     4.12023   14160.0911     4.10576      0 -
     1     1992      0.01019     14260.0861       0.0000      4.12023     4.12023   14160.0911     4.10576      0 -
     1     1993      0.01017     14260.0861       0.0000      4.12023     4.12023   14160.0911     4.10576      0 -
     1     1994      0.01015     14260.0861       0.0000      4.12023     4.12023   14160.0911     4.10576      0 -
     1     1995      0.01012     14260.0861       0.0000      4.12023     4.12023   14160.0911     4.10576      0 -
     1     1996       0.0101     14260.0861       0.0000      4.12023     4.12023   14160.0911     4.10576      0 -
     1     1997      0.01008     14260.0861       0.0000      4.12023     4.12023   14160.0911     4.10576      0 -
     1     1998      0.01005     14260.0861       0.0000      4.12023     4.12023   14160.0911     4.10576      0 -
     1     1999      0.01003     14260.0861       0.0000      4.12023     4.12023   14160.0911     4.10576      0 -
     1     2000      0.01001     14260.0861       0.0000      4.12023     4.12023   14160.0911     4.10576      0 -
     1     2001     0.009985     14093.2824    -166.8036      4.09606     4.09606   14093.2824     4.09606      1 chain_01/itr_02001_trial_01.rho
     1     2002     0.009962     14093.2824       0.0000      4.09606     4.09606   14093.2824     4.09606      0 -
     1     2003     0.009939     14093.2824       0.0000      4.09606     4.09606   14093.2824     4.09606      0 -
     1     2004     0.009916     14093.2824       0.0000      4.09606     4.09606   14093.2824     4.09606      0 -
     1     2005     0.009893     14075.1435     -18.1389      4.09342     4.09342   14075.1435     4.09342      1 chain_01/itr_02005_trial_01.rho
     1     2006      0.00987     14075.1435       0.0000      4.09342     4.09342   14075.1435     4.09342      0 -
     1     2007     0.009848     14245.0593     169.9158      4.11806     4.11806   14075.1435     4.09342      1 chain_01/itr_02007_trial_01.rho
     1     2008     0.009825     14245.0593       0.0000      4.11806     4.11806   14075.1435     4.09342      0 -
     1     2009     0.009802     14313.5919      68.5326      4.12795     4.12795   14075.1435     4.09342      1 chain_01/itr_02009_trial_01.rho
     1     2010      0.00978     14313.5919       0.0000      4.12795     4.12795   14075.1435     4.09342      0 -
     1     2011     0.009757     14399.7003      86.1084      4.14035     4.14035   14075.1435     4.09342      1 chain_01/itr_02011_trial_01.rho
     1     2012     0.009735     14399.7003       0.0000      4.14035     4.14035   14075.1435     4.09342      0 -
     1     2013     0.009712     14710.6400     310.9397      4.18481     4.18481   14075.1435     4.09342      1 chain_01/itr_02013_trial_01.rho
     1     2014      0.00969     14431.4112    -279.2288      4.14491     4.14491   14075.1435     4.09342      1 chain_01/itr_02014_trial_01.rho
     1     2015     0.009668     14324.2501    -107.1611      4.12949     4.12949   14075.1435     4.09342      1 chain_01/itr_02015_trial_01.rho
     1     2016     0.009646     14324.2501       0.0000      4.12949     4.12949   14075.1435     4.09342      0 -
     1     2017     0.009623     14324.2501       0.0000      4.12949     4.12949   14075.1435     4.09342      0 -
     1     2018     0.009601     14324.2501       0.0000      4.12949     4.12949   14075.1435     4.09342      0 -
     1     2019     0.009579     14324.2501       0.0000      4.12949     4.12949   14075.1435     4.09342      0 -
     1     2020     0.009557     14452.8937     128.6436      4.14799     4.14799   14075.1435     4.09342      1 chain_01/itr_02020_trial_01.rho
     1     2021     0.009535     14452.8937       0.0000      4.14799     4.14799   14075.1435     4.09342      0 -
     1     2022     0.009513     14414.7248     -38.1689      4.14251     4.14251   14075.1435     4.09342      1 chain_01/itr_02022_trial_01.rho
     1     2023     0.009491     14414.7248       0.0000      4.14251     4.14251   14075.1435     4.09342      0 -
     1     2024     0.009469     14435.7790      21.0542      4.14553     4.14553   14075.1435     4.09342      1 chain_01/itr_02024_trial_01.rho
     1     2025     0.009448     14435.7790       0.0000      4.14553     4.14553   14075.1435     4.09342      0 -
     1     2026     0.009426     14788.4442     352.6652      4.19587     4.19587   14075.1435     4.09342      1 chain_01/itr_02026_trial_01.rho
     1     2027     0.009404     14788.4442       0.0000      4.19587     4.19587   14075.1435     4.09342      0 -
     1     2028     0.009383     14671.9021    -116.5421      4.17930     4.17930   14075.1435     4.09342      1 chain_01/itr_02028_trial_01.rho
     1     2029     0.009361     14671.9021       0.0000      4.17930     4.17930   14075.1435     4.09342      0 -
     1     2030     0.009339     14248.6066    -423.2955      4.11857     4.11857   14075.1435     4.09342      1 chain_01/itr_02030_trial_01.rho
     1     2031     0.009318     14248.6066       0.0000      4.11857     4.11857   14075.1435     4.09342      0 -
     1     2032     0.009297     14229.2355     -19.3711      4.11577     4.11577   14075.1435     4.09342      1 chain_01/itr_02032_trial_01.rho
     1     2033     0.009275     14229.2355       0.0000      4.11577     4.11577   14075.1435     4.09342      0 -
     1     2034     0.009254     14089.3771    -139.8584      4.09549     4.09549   14075.1435     4.09342      1 chain_01/itr_02034_trial_01.rho
     1     2035     0.009233     14183.7053      94.3282      4.10918     4.10918   14075.1435     4.09342      1 chain_01/itr_02035_trial_01.rho
     1     2036     0.009211     14183.7053       0.0000      4.10918     4.10918   14075.1435     4.09342      0 -
     1     2037      0.00919     14183.7053       0.0000      4.10918     4.10918   14075.1435     4.09342      0 -
     1     2038     0.009169     14183.7053       0.0000      4.10918     4.10918   14075.1435     4.09342      0 -
     1     2039     0.009148     14183.7053       0.0000      4.10918     4.10918   14075.1435     4.09342      0 -
     1     2040     0.009127     14183.7053       0.0000      4.10918     4.10918   14075.1435     4.09342      0 -
     1     2041     0.009106     13920.0150    -263.6903      4.07080     4.07080   13920.0150     4.07080      1 chain_01/itr_02041_trial_01.rho
     1     2042     0.009085     13920.0150       0.0000      4.07080     4.07080   13920.0150     4.07080      0 -
     1     2043     0.009064     13647.1465    -272.8684      4.03071     4.03071   13647.1465     4.03071      1 chain_01/itr_02043_trial_01.rho
     1     2044     0.009043     13438.8402    -208.3063      3.99983     3.99983   13438.8402     3.99983      1 chain_01/itr_02044_trial_01.rho
     1     2045     0.009022     13438.8402       0.0000      3.99983     3.99983   13438.8402     3.99983      0 -
     1     2046     0.009002     13612.3610     173.5208      4.02557     4.02557   13438.8402     3.99983      1 chain_01/itr_02046_trial_01.rho
     1     2047     0.008981     13612.3610       0.0000      4.02557     4.02557   13438.8402     3.99983      0 -
     1     2048      0.00896     13612.3610       0.0000      4.02557     4.02557   13438.8402     3.99983      0 -
     1     2049      0.00894     13612.3610       0.0000      4.02557     4.02557   13438.8402     3.99983      0 -
     1     2050     0.008919     13331.9607    -280.4003      3.98389     3.98389   13331.9607     3.98389      1 chain_01/itr_02050_trial_01.rho
     1     2051     0.008898     13331.9607       0.0000      3.98389     3.98389   13331.9607     3.98389      0 -
     1     2052     0.008878     13331.9607       0.0000      3.98389     3.98389   13331.9607     3.98389      0 -
     1     2053     0.008858     13331.9607       0.0000      3.98389     3.98389   13331.9607     3.98389      0 -
     1     2054     0.008837     13331.9607       0.0000      3.98389     3.98389   13331.9607     3.98389      0 -
     1     2055     0.008817     13331.9607       0.0000      3.98389     3.98389   13331.9607     3.98389      0 -
     1     2056     0.008797     13331.9607       0.0000      3.98389     3.98389   13331.9607     3.98389      0 -
     1     2057     0.008776     13420.8385      88.8778      3.99715     3.99715   13331.9607     3.98389      1 chain_01/itr_02057_trial_01.rho
     1     2058     0.008756     13420.8385       0.0000      3.99715     3.99715   13331.9607     3.98389      0 -
     1     2059     0.008736     13420.8385       0.0000      3.99715     3.99715   13331.9607     3.98389      0 -
     1     2060     0.008716     13420.8385       0.0000      3.99715     3.99715   13331.9607     3.98389      0 -
     1     2061     0.008696     13455.6960      34.8575      4.00234     4.00234   13331.9607     3.98389      1 chain_01/itr_02061_trial_01.rho
     1     2062     0.008676     13509.3538      53.6578      4.01031     4.01031   13331.9607     3.98389      1 chain_01/itr_02062_trial_01.rho
     1     2063     0.008656     13509.3538       0.0000      4.01031     4.01031   13331.9607     3.98389      0 -
     1     2064     0.008636     13509.3538       0.0000      4.01031     4.01031   13331.9607     3.98389      0 -
     1     2065     0.008616     13418.2279     -91.1259      3.99676     3.99676   13331.9607     3.98389      1 chain_01/itr_02065_trial_01.rho
     1     2066     0.008596     13513.9342      95.7062      4.01099     4.01099   13331.9607     3.98389      1 chain_01/itr_02066_trial_01.rho
     1     2067     0.008577     13513.9342       0.0000      4.01099     4.01099   13331.9607     3.98389      0 -
     1     2068     0.008557     13472.8319     -41.1022      4.00488     4.00488   13331.9607     3.98389      1 chain_01/itr_02068_trial_01.rho
     1     2069     0.008537     13472.8319       0.0000      4.00488     4.00488   13331.9607     3.98389      0 -
     1     2070     0.008517     13472.8319       0.0000      4.00488     4.00488   13331.9607     3.98389      0 -
     1     2071     0.008498     13640.1058     167.2739      4.02967     4.02967   13331.9607     3.98389      1 chain_01/itr_02071_trial_01.rho
     1     2072     0.008478     13640.1058       0.0000      4.02967     4.02967   13331.9607     3.98389      0 -
     1     2073     0.008459     13433.3052    -206.8006      3.99900     3.99900   13331.9607     3.98389      1 chain_01/itr_02073_trial_01.rho
     1     2074     0.008439     13433.3052       0.0000      3.99900     3.99900   13331.9607     3.98389      0 -
     1     2075      0.00842     13433.3052       0.0000      3.99900     3.99900   13331.9607     3.98389      0 -
     1     2076     0.008401     13664.7596     231.4544      4.03331     4.03331   13331.9607     3.98389      1 chain_01/itr_02076_trial_01.rho
     1     2077     0.008381     13664.7596       0.0000      4.03331     4.03331   13331.9607     3.98389      0 -
     1     2078     0.008362     13582.7206     -82.0390      4.02118     4.02118   13331.9607     3.98389      1 chain_01/itr_02078_trial_01.rho
     1     2079     0.008343     13647.3380      64.6175      4.03074     4.03074   13331.9607     3.98389      1 chain_01/itr_02079_trial_01.rho
     1     2080     0.008324     13432.1652    -215.1728      3.99883     3.99883   13331.9607     3.98389      1 chain_01/itr_02080_trial_01.rho
     1     2081     0.008304     13423.2752      -8.8900      3.99751     3.99751   13331.9607     3.98389      1 chain_01/itr_02081_trial_01.rho
     1     2082     0.008285     13423.2752       0.0000      3.99751     3.99751   13331.9607     3.98389      0 -
     1     2083     0.008266     13423.2752       0.0000      3.99751     3.99751   13331.9607     3.98389      0 -
     1     2084     0.008247     13423.2752       0.0000      3.99751     3.99751   13331.9607     3.98389      0 -
     1     2085     0.008228     13423.2752       0.0000      3.99751     3.99751   13331.9607     3.98389      0 -
     1     2086     0.008209     13423.2752       0.0000      3.99751     3.99751   13331.9607     3.98389      0 -
     1     2087      0.00819     13423.2752       0.0000      3.99751     3.99751   13331.9607     3.98389      0 -
     1     2088     0.008172     13423.2752       0.0000      3.99751     3.99751   13331.9607     3.98389      0 -
     1     2089     0.008153     13423.2752       0.0000      3.99751     3.99751   13331.9607     3.98389      0 -
     1     2090     0.008134     13423.2752       0.0000      3.99751     3.99751   13331.9607     3.98389      0 -
     1     2091     0.008115     13698.3338     275.0586      4.03826     4.03826   13331.9607     3.98389      1 chain_01/itr_02091_trial_01.rho
     1     2092     0.008097     13698.3338       0.0000      4.03826     4.03826   13331.9607     3.98389      0 -
     1     2093     0.008078     13698.3338       0.0000      4.03826     4.03826   13331.9607     3.98389      0 -
     1     2094     0.008059     13698.3338       0.0000      4.03826     4.03826   13331.9607     3.98389      0 -
     1     2095     0.008041     13698.3338       0.0000      4.03826     4.03826   13331.9607     3.98389      0 -
     1     2096     0.008022     13982.0989     283.7651      4.07987     4.07987   13331.9607     3.98389      1 chain_01/itr_02096_trial_01.rho
     1     2097     0.008004     14109.9251     127.8262      4.09848     4.09848   13331.9607     3.98389      1 chain_01/itr_02097_trial_01.rho
     1     2098     0.007985     14109.9251       0.0000      4.09848     4.09848   13331.9607     3.98389      0 -
     1     2099     0.007967     14109.9251       0.0000      4.09848     4.09848   13331.9607     3.98389      0 -
     1     2100     0.007949     14138.8944      28.9693      4.10268     4.10268   13331.9607     3.98389      1 chain_01/itr_02100_trial_01.rho
     1     2101      0.00793     14138.8944       0.0000      4.10268     4.10268   13331.9607     3.98389      0 -
     1     2102     0.007912     14138.8944       0.0000      4.10268     4.10268   13331.9607     3.98389      0 -
     1     2103     0.007894     14138.8944       0.0000      4.10268     4.10268   13331.9607     3.98389      0 -
     1     2104     0.007876     14138.8944       0.0000      4.10268     4.10268   13331.9607     3.98389      0 -
     1     2105     0.007858     13916.5196    -222.3749      4.07029     4.07029   13331.9607     3.98389      1 chain_01/itr_02105_trial_01.rho
     1     2106      0.00784     13938.1624      21.6429      4.07346     4.07346   13331.9607     3.98389      1 chain_01/itr_02106_trial_01.rho
     1     2107     0.007822     13938.1624       0.0000      4.07346     4.07346   13331.9607     3.98389      0 -
     1     2108     0.007804     13780.6848    -157.4776      4.05038     4.05038   13331.9607     3.98389      1 chain_01/itr_02108_trial_01.rho
     1     2109     0.007786     13780.6848       0.0000      4.05038     4.05038   13331.9607     3.98389      0 -
     1     2110     0.007768     13780.6848       0.0000      4.05038     4.05038   13331.9607     3.98389      0 -
     1     2111      0.00775     13780.6848       0.0000      4.05038     4.05038   13331.9607     3.98389      0 -
     1     2112     0.007732     13337.7108    -442.9740      3.98475     3.98475   13331.9607     3.98389      1 chain_01/itr_02112_trial_01.rho
     1     2113     0.007714     13337.7108       0.0000      3.98475     3.98475   13331.9607     3.98389      0 -
     1     2114     0.007697     13337.7108       0.0000      3.98475     3.98475   13331.9607     3.98389      0 -
     1     2115     0.007679     13289.8771     -47.8337      3.97760     3.97760   13289.8771     3.97760      1 chain_01/itr_02115_trial_01.rho
     1     2116     0.007661     13289.8771       0.0000      3.97760     3.97760   13289.8771     3.97760      0 -
     1     2117     0.007644     13289.8771       0.0000      3.97760     3.97760   13289.8771     3.97760      0 -
     1     2118     0.007626     13294.5293       4.6521      3.97829     3.97829   13289.8771     3.97760      1 chain_01/itr_02118_trial_01.rho
     1     2119     0.007608     13294.5293       0.0000      3.97829     3.97829   13289.8771     3.97760      0 -
     1     2120     0.007591     13230.8426     -63.6867      3.96875     3.96875   13230.8426     3.96875      1 chain_01/itr_02120_trial_01.rho
     1     2121     0.007573     13230.8426       0.0000      3.96875     3.96875   13230.8426     3.96875      0 -
     1     2122     0.007556     13230.8426       0.0000      3.96875     3.96875   13230.8426     3.96875      0 -
     1     2123     0.007539     13140.8688     -89.9738      3.95524     3.95524   13140.8688     3.95524      1 chain_01/itr_02123_trial_01.rho
     1     2124     0.007521     13042.9956     -97.8731      3.94048     3.94048   13042.9956     3.94048      1 chain_01/itr_02124_trial_01.rho
     1     2125     0.007504     12978.6938     -64.3018      3.93075     3.93075   12978.6938     3.93075      1 chain_01/itr_02125_trial_01.rho
     1     2126     0.007487     12978.6938       0.0000      3.93075     3.93075   12978.6938     3.93075      0 -
     1     2127     0.007469     12769.5448    -209.1490      3.89895     3.89895   12769.5448     3.89895      1 chain_01/itr_02127_trial_01.rho
     1     2128     0.007452     12822.0954      52.5507      3.90697     3.90697   12769.5448     3.89895      1 chain_01/itr_02128_trial_01.rho
     1     2129     0.007435     12822.0954       0.0000      3.90697     3.90697   12769.5448     3.89895      0 -
     1     2130     0.007418     12822.0954       0.0000      3.90697     3.90697   12769.5448     3.89895      0 -
     1     2131     0.007401     12822.0954       0.0000      3.90697     3.90697   12769.5448     3.89895      0 -
     1     2132     0.007384     12822.0954       0.0000      3.90697     3.90697   12769.5448     3.89895      0 -
     1     2133     0.007367     12822.0954       0.0000      3.90697     3.90697   12769.5448     3.89895      0 -
     1     2134      0.00735     12822.0954       0.0000      3.90697     3.90697   12769.5448     3.89895      0 -
     1     2135     0.007333     12822.0954       0.0000      3.90697     3.90697   12769.5448     3.89895      0 -
     1     2136     0.007316     12822.0954       0.0000      3.90697     3.90697   12769.5448     3.89895      0 -
     1     2137     0.007299     12822.0954       0.0000      3.90697     3.90697   12769.5448     3.89895      0 -
     1     2138     0.007283     12822.0954       0.0000      3.90697     3.90697   12769.5448     3.89895      0 -
     1     2139     0.007266     12822.0954       0.0000      3.90697     3.90697   12769.5448     3.89895      0 -
     1     2140     0.007249     12730.0003     -92.0951      3.89291     3.89291   12730.0003     3.89291      1 chain_01/itr_02140_trial_01.rho
     1     2141     0.007232     12681.3856     -48.6147      3.88547     3.88547   12681.3856     3.88547      1 chain_01/itr_02141_trial_01.rho
     1     2142     0.007216     12681.3856       0.0000      3.88547     3.88547   12681.3856     3.88547      0 -
     1     2143     0.007199     12566.8437    -114.5419      3.86788     3.86788   12566.8437     3.86788      1 chain_01/itr_02143_trial_01.rho
     1     2144     0.007183     12566.8437       0.0000      3.86788     3.86788   12566.8437     3.86788      0 -
     1     2145     0.007166     12566.8437       0.0000      3.86788     3.86788   12566.8437     3.86788      0 -
     1     2146      0.00715     12571.5528       4.7091      3.86861     3.86861   12566.8437     3.86788      1 chain_01/itr_02146_trial_01.rho
     1     2147     0.007133     12746.4726     174.9198      3.89543     3.89543   12566.8437     3.86788      1 chain_01/itr_02147_trial_01.rho
     1     2148     0.007117     12746.4726       0.0000      3.89543     3.89543   12566.8437     3.86788      0 -
     1     2149       0.0071     12706.5739     -39.8987      3.88933     3.88933   12566.8437     3.86788      1 chain_01/itr_02149_trial_01.rho
     1     2150     0.007084     12706.5739       0.0000      3.88933     3.88933   12566.8437     3.86788      0 -
     1     2151     0.007068     12706.5739       0.0000      3.88933     3.88933   12566.8437     3.86788      0 -
     1     2152     0.007052     12706.5739       0.0000      3.88933     3.88933   12566.8437     3.86788      0 -
     1     2153     0.007035     12706.5739       0.0000      3.88933     3.88933   12566.8437     3.86788      0 -
     1     2154     0.007019     12706.5739       0.0000      3.88933     3.88933   12566.8437     3.86788      0 -
     1     2155     0.007003     12974.7935     268.2196      3.93016     3.93016   12566.8437     3.86788      1 chain_01/itr_02155_trial_01.rho
     1     2156     0.006987     12974.7935       0.0000      3.93016     3.93016   12566.8437     3.86788      0 -
     1     2157     0.006971     12974.7935       0.0000      3.93016     3.93016   12566.8437     3.86788      0 -
     1     2158     0.006955     12974.7935       0.0000      3.93016     3.93016   12566.8437     3.86788      0 -
     1     2159     0.006939     12974.7935       0.0000      3.93016     3.93016   12566.8437     3.86788      0 -
     1     2160     0.006923     12974.7935       0.0000      3.93016     3.93016   12566.8437     3.86788      0 -
     1     2161     0.006907     12844.3753    -130.4182      3.91036     3.91036   12566.8437     3.86788      1 chain_01/itr_02161_trial_01.rho
     1     2162     0.006891     12789.3206     -55.0546      3.90197     3.90197   12566.8437     3.86788      1 chain_01/itr_02162_trial_01.rho
     1     2163     0.006875     12789.3206       0.0000      3.90197     3.90197   12566.8437     3.86788      0 -
     1     2164     0.006859     12789.3206       0.0000      3.90197     3.90197   12566.8437     3.86788      0 -
     1     2165     0.006844     12789.3206       0.0000      3.90197     3.90197   12566.8437     3.86788      0 -
     1     2166     0.006828     12789.3206       0.0000      3.90197     3.90197   12566.8437     3.86788      0 -
     1     2167     0.006812     12836.8403      47.5197      3.90921     3.90921   12566.8437     3.86788      1 chain_01/itr_02167_trial_01.rho
     1     2168     0.006796     12836.8403       0.0000      3.90921     3.90921   12566.8437     3.86788      0 -
     1     2169     0.006781     12836.8403       0.0000      3.90921     3.90921   12566.8437     3.86788      0 -
     1     2170     0.006765     12836.8403       0.0000      3.90921     3.90921   12566.8437     3.86788      0 -
     1     2171      0.00675     12836.8403       0.0000      3.90921     3.90921   12566.8437     3.86788      0 -
     1     2172     0.006734     12836.8403       0.0000      3.90921     3.90921   12566.8437     3.86788      0 -
     1     2173     0.006719     12795.0970     -41.7433      3.90285     3.90285   12566.8437     3.86788      1 chain_01/itr_02173_trial_01.rho
     1     2174     0.006703     12795.0970       0.0000      3.90285     3.90285   12566.8437     3.86788      0 -
     1     2175     0.006688     12795.0970       0.0000      3.90285     3.90285   12566.8437     3.86788      0 -
     1     2176     0.006672     12795.0970       0.0000      3.90285     3.90285   12566.8437     3.86788      0 -
     1     2177     0.006657     12667.9311    -127.1659      3.88341     3.88341   12566.8437     3.86788      1 chain_01/itr_02177_trial_01.rho
     1     2178     0.006642     12667.9311       0.0000      3.88341     3.88341   12566.8437     3.86788      0 -
     1     2179     0.006626     12667.9311       0.0000      3.88341     3.88341   12566.8437     3.86788      0 -
     1     2180     0.006611     12667.9311       0.0000      3.88341     3.88341   12566.8437     3.86788      0 -
     1     2181     0.006596     12520.1713    -147.7597      3.86069     3.86069   12520.1713     3.86069      1 chain_01/itr_02181_trial_01.rho
     1     2182     0.006581     12520.1713       0.0000      3.86069     3.86069   12520.1713     3.86069      0 -
     1     2183     0.006566     12520.1713       0.0000      3.86069     3.86069   12520.1713     3.86069      0 -
     1     2184      0.00655     12520.1713       0.0000      3.86069     3.86069   12520.1713     3.86069      0 -
     1     2185     0.006535     12520.1713       0.0000      3.86069     3.86069   12520.1713     3.86069      0 -
     1     2186      0.00652     12520.1713       0.0000      3.86069     3.86069   12520.1713     3.86069      0 -
     1     2187     0.006505     12520.1713       0.0000      3.86069     3.86069   12520.1713     3.86069      0 -
     1     2188      0.00649     12428.2157     -91.9557      3.84649     3.84649   12428.2157     3.84649      1 chain_01/itr_02188_trial_01.rho
     1     2189     0.006475     12428.2157       0.0000      3.84649     3.84649   12428.2157     3.84649      0 -
     1     2190     0.006461     12428.2157       0.0000      3.84649     3.84649   12428.2157     3.84649      0 -
     1     2191     0.006446     12428.2157       0.0000      3.84649     3.84649   12428.2157     3.84649      0 -
     1     2192     0.006431     12344.8211     -83.3946      3.83356     3.83356   12344.8211     3.83356      1 chain_01/itr_02192_trial_01.rho
     1     2193     0.006416     12344.8211       0.0000      3.83356     3.83356   12344.8211     3.83356      0 -
     1     2194     0.006401     12210.5187    -134.3024      3.81265     3.81265   12210.5187     3.81265      1 chain_01/itr_02194_trial_01.rho
     1     2195     0.006387     12131.4004     -79.1182      3.80028     3.80028   12131.4004     3.80028      1 chain_01/itr_02195_trial_01.rho
     1     2196     0.006372     12131.4004       0.0000      3.80028     3.80028   12131.4004     3.80028      0 -
     1     2197     0.006357     12131.4004       0.0000      3.80028     3.80028   12131.4004     3.80028      0 -
     1     2198     0.006343     12131.4004       0.0000      3.80028     3.80028   12131.4004     3.80028      0 -
     1     2199     0.006328     12131.4004       0.0000      3.80028     3.80028   12131.4004     3.80028      0 -
     1     2200     0.006313     12131.4004       0.0000      3.80028     3.80028   12131.4004     3.80028      0 -
     1     2201     0.006299     12131.4004       0.0000      3.80028     3.80028   12131.4004     3.80028      0 -
     1     2202     0.006284     12131.4004       0.0000      3.80028     3.80028   12131.4004     3.80028      0 -
     1     2203      0.00627     12131.4004       0.0000      3.80028     3.80028   12131.4004     3.80028      0 -
     1     2204     0.006256     12459.5549     328.1545      3.85134     3.85134   12131.4004     3.80028      1 chain_01/itr_02204_trial_01.rho
     1     2205     0.006241     12459.5549       0.0000      3.85134     3.85134   12131.4004     3.80028      0 -
     1     2206     0.006227     12459.5549       0.0000      3.85134     3.85134   12131.4004     3.80028      0 -
     1     2207     0.006212     12459.5549       0.0000      3.85134     3.85134   12131.4004     3.80028      0 -
     1     2208     0.006198     12459.5549       0.0000      3.85134     3.85134   12131.4004     3.80028      0 -
     1     2209     0.006184     12459.5549       0.0000      3.85134     3.85134   12131.4004     3.80028      0 -
     1     2210      0.00617     12459.5549       0.0000      3.85134     3.85134   12131.4004     3.80028      0 -
     1     2211     0.006155     12459.5549       0.0000      3.85134     3.85134   12131.4004     3.80028      0 -
     1     2212     0.006141     12459.5549       0.0000      3.85134     3.85134   12131.4004     3.80028      0 -
     1     2213     0.006127     12459.5549       0.0000      3.85134     3.85134   12131.4004     3.80028      0 -
     1     2214     0.006113     12456.6324      -2.9225      3.85089     3.85089   12131.4004     3.80028      1 chain_01/itr_02214_trial_01.rho
     1     2215     0.006099     12448.1246      -8.5078      3.84957     3.84957   12131.4004     3.80028      1 chain_01/itr_02215_trial_01.rho
     1     2216     0.006085     12448.1246       0.0000      3.84957     3.84957   12131.4004     3.80028      0 -
     1     2217     0.006071     12448.1246       0.0000      3.84957     3.84957   12131.4004     3.80028      0 -
     1     2218     0.006057     12448.1246       0.0000      3.84957     3.84957   12131.4004     3.80028      0 -
     1     2219     0.006043     12448.1246       0.0000      3.84957     3.84957   12131.4004     3.80028      0 -
     1     2220     0.006029     12448.1246       0.0000      3.84957     3.84957   12131.4004     3.80028      0 -
     1     2221     0.006015     12448.1246       0.0000      3.84957     3.84957   12131.4004     3.80028      0 -
     1     2222     0.006001     12448.1246       0.0000      3.84957     3.84957   12131.4004     3.80028      0 -
     1     2223     0.005988     12448.1246       0.0000      3.84957     3.84957   12131.4004     3.80028      0 -
     1     2224     0.005974     12448.1246       0.0000      3.84957     3.84957   12131.4004     3.80028      0 -
     1     2225      0.00596     12448.1246       0.0000      3.84957     3.84957   12131.4004     3.80028      0 -
     1     2226     0.005946     12448.1246       0.0000      3.84957     3.84957   12131.4004     3.80028      0 -
     1     2227     0.005933     12305.1598    -142.9648      3.82740     3.82740   12131.4004     3.80028      1 chain_01/itr_02227_trial_01.rho
     1     2228     0.005919     12305.1598       0.0000      3.82740     3.82740   12131.4004     3.80028      0 -
     1     2229     0.005906     12305.1598       0.0000      3.82740     3.82740   12131.4004     3.80028      0 -
     1     2230     0.005892     12575.5745     270.4147      3.86923     3.86923   12131.4004     3.80028      1 chain_01/itr_02230_trial_01.rho
     1     2231     0.005878     12575.5745       0.0000      3.86923     3.86923   12131.4004     3.80028      0 -
     1     2232     0.005865     12575.5745       0.0000      3.86923     3.86923   12131.4004     3.80028      0 -
     1     2233     0.005851     12575.5745       0.0000      3.86923     3.86923   12131.4004     3.80028      0 -
     1     2234     0.005838     12575.5745       0.0000      3.86923     3.86923   12131.4004     3.80028      0 -
     1     2235     0.005824     12575.5745       0.0000      3.86923     3.86923   12131.4004     3.80028      0 -
     1     2236     0.005811     12564.8588     -10.7156      3.86758     3.86758   12131.4004     3.80028      1 chain_01/itr_02236_trial_01.rho
     1     2237     0.005798     12564.8588       0.0000      3.86758     3.86758   12131.4004     3.80028      0 -
     1     2238     0.005784     12564.8588       0.0000      3.86758     3.86758   12131.4004     3.80028      0 -
     1     2239     0.005771     12564.8588       0.0000      3.86758     3.86758   12131.4004     3.80028      0 -
     1     2240     0.005758     12564.8588       0.0000      3.86758     3.86758   12131.4004     3.80028      0 -
     1     2241     0.005745     12564.8588       0.0000      3.86758     3.86758   12131.4004     3.80028      0 -
     1     2242     0.005731     12564.8588       0.0000      3.86758     3.86758   12131.4004     3.80028      0 -
     1     2243     0.005718     12564.8588       0.0000      3.86758     3.86758   12131.4004     3.80028      0 -
     1     2244     0.005705     12564.8588       0.0000      3.86758     3.86758   12131.4004     3.80028      0 -
     1     2245     0.005692     12606.7590      41.9002      3.87402     3.87402   12131.4004     3.80028      1 chain_01/itr_02245_trial_01.rho
     1     2246     0.005679     12606.7590       0.0000      3.87402     3.87402   12131.4004     3.80028      0 -
     1     2247     0.005666     12606.7590       0.0000      3.87402     3.87402   12131.4004     3.80028      0 -
     1     2248     0.005653     12490.8837    -115.8754      3.85618     3.85618   12131.4004     3.80028      1 chain_01/itr_02248_trial_01.rho
     1     2249      0.00564     12490.8837       0.0000      3.85618     3.85618   12131.4004     3.80028      0 -
     1     2250     0.005627     12490.8837       0.0000      3.85618     3.85618   12131.4004     3.80028      0 -
     1     2251     0.005614     12490.8837       0.0000      3.85618     3.85618   12131.4004     3.80028      0 -
     1     2252     0.005601     12779.8991     289.0155      3.90053     3.90053   12131.4004     3.80028      1 chain_01/itr_02252_trial_01.rho
     1     2253     0.005588     12779.8991       0.0000      3.90053     3.90053   12131.4004     3.80028      0 -
     1     2254     0.005575     12845.2960      65.3968      3.91050     3.91050   12131.4004     3.80028      1 chain_01/itr_02254_trial_01.rho
     1     2255     0.005562     12845.2960       0.0000      3.91050     3.91050   12131.4004     3.80028      0 -
     1     2256     0.005549     12845.2960       0.0000      3.91050     3.91050   12131.4004     3.80028      0 -
     1     2257     0.005537     12845.2960       0.0000      3.91050     3.91050   12131.4004     3.80028      0 -
     1     2258     0.005524     12781.9083     -63.3876      3.90084     3.90084   12131.4004     3.80028      1 chain_01/itr_02258_trial_01.rho
     1     2259     0.005511     12781.9083       0.0000      3.90084     3.90084   12131.4004     3.80028      0 -
     1     2260     0.005499     12781.9083       0.0000      3.90084     3.90084   12131.4004     3.80028      0 -
     1     2261     0.005486     12781.9083       0.0000      3.90084     3.90084   12131.4004     3.80028      0 -
     1     2262     0.005473     12781.9083       0.0000      3.90084     3.90084   12131.4004     3.80028      0 -
     1     2263     0.005461     12715.8296     -66.0787      3.89074     3.89074   12131.4004     3.80028      1 chain_01/itr_02263_trial_01.rho
     1     2264     0.005448     12665.2101     -50.6195      3.88299     3.88299   12131.4004     3.80028      1 chain_01/itr_02264_trial_01.rho
     1     2265     0.005436     12665.2101       0.0000      3.88299     3.88299   12131.4004     3.80028      0 -
     1     2266     0.005423     12628.5783     -36.6318      3.87737     3.87737   12131.4004     3.80028      1 chain_01/itr_02266_trial_01.rho
     1     2267     0.005411     12656.1111      27.5329      3.88160     3.88160   12131.4004     3.80028      1 chain_01/itr_02267_trial_01.rho
     1     2268     0.005398     12736.6441      80.5330      3.89393     3.89393   12131.4004     3.80028      1 chain_01/itr_02268_trial_01.rho
     1     2269     0.005386     12736.6441       0.0000      3.89393     3.89393   12131.4004     3.80028      0 -
     1     2270     0.005373     12736.6441       0.0000      3.89393     3.89393   12131.4004     3.80028      0 -
     1     2271     0.005361     12736.6441       0.0000      3.89393     3.89393   12131.4004     3.80028      0 -
     1     2272     0.005349     12723.0544     -13.5897      3.89185     3.89185   12131.4004     3.80028      1 chain_01/itr_02272_trial_01.rho
     1     2273     0.005336     12903.5237     180.4693      3.91935     3.91935   12131.4004     3.80028      1 chain_01/itr_02273_trial_01.rho
     1     2274     0.005324     12903.5237       0.0000      3.91935     3.91935   12131.4004     3.80028      0 -
     1     2275     0.005312     12903.5237       0.0000      3.91935     3.91935   12131.4004     3.80028      0 -
     1     2276       0.0053     12903.5237       0.0000      3.91935     3.91935   12131.4004     3.80028      0 -
     1     2277     0.005287     12903.5237       0.0000      3.91935     3.91935   12131.4004     3.80028      0 -
     1     2278     0.005275     12903.5237       0.0000      3.91935     3.91935   12131.4004     3.80028      0 -
     1     2279     0.005263     12758.8868    -144.6370      3.89733     3.89733   12131.4004     3.80028      1 chain_01/itr_02279_trial_01.rho
     1     2280     0.005251     12758.8868       0.0000      3.89733     3.89733   12131.4004     3.80028      0 -
     1     2281     0.005239     12917.3561     158.4693      3.92145     3.92145   12131.4004     3.80028      1 chain_01/itr_02281_trial_01.rho
     1     2282     0.005227     12919.9618       2.6057      3.92185     3.92185   12131.4004     3.80028      1 chain_01/itr_02282_trial_01.rho
     1     2283     0.005215     12919.9618       0.0000      3.92185     3.92185   12131.4004     3.80028      0 -
     1     2284     0.005203     12800.9967    -118.9651      3.90375     3.90375   12131.4004     3.80028      1 chain_01/itr_02284_trial_01.rho
     1     2285     0.005191     12800.9967       0.0000      3.90375     3.90375   12131.4004     3.80028      0 -
     1     2286     0.005179     12800.9967       0.0000      3.90375     3.90375   12131.4004     3.80028      0 -
     1     2287     0.005167     12800.9967       0.0000      3.90375     3.90375   12131.4004     3.80028      0 -
     1     2288     0.005155     12800.9967       0.0000      3.90375     3.90375   12131.4004     3.80028      0 -
     1     2289     0.005143     12800.9967       0.0000      3.90375     3.90375   12131.4004     3.80028      0 -
     1     2290     0.005131     12800.9967       0.0000      3.90375     3.90375   12131.4004     3.80028      0 -
     1     2291      0.00512     12800.9967       0.0000      3.90375     3.90375   12131.4004     3.80028      0 -
     1     2292     0.005108     12800.9967       0.0000      3.90375     3.90375   12131.4004     3.80028      0 -
     1     2293     0.005096     12800.9967       0.0000      3.90375     3.90375   12131.4004     3.80028      0 -
     1     2294     0.005084     12800.9967       0.0000      3.90375     3.90375   12131.4004     3.80028      0 -
     1     2295     0.005073     12800.9967       0.0000      3.90375     3.90375   12131.4004     3.80028      0 -
     1     2296     0.005061     12773.3764     -27.6202      3.89954     3.89954   12131.4004     3.80028      1 chain_01/itr_02296_trial_01.rho
     1     2297     0.005049     12773.3764       0.0000      3.89954     3.89954   12131.4004     3.80028      0 -
     1     2298     0.005038     12773.3764       0.0000      3.89954     3.89954   12131.4004     3.80028      0 -
     1     2299     0.005026     13003.3425     229.9660      3.93448     3.93448   12131.4004     3.80028      1 chain_01/itr_02299_trial_01.rho
     1     2300     0.005015     13003.3425       0.0000      3.93448     3.93448   12131.4004     3.80028      0 -
     1     2301     0.005003     13003.3425       0.0000      3.93448     3.93448   12131.4004     3.80028      0 -
     1     2302     0.004992     12715.1270    -288.2154      3.89064     3.89064   12131.4004     3.80028      1 chain_01/itr_02302_trial_01.rho
     1     2303      0.00498     12715.1270       0.0000      3.89064     3.89064   12131.4004     3.80028      0 -
     1     2304     0.004969     12715.1270       0.0000      3.89064     3.89064   12131.4004     3.80028      0 -
     1     2305     0.004957     12727.2876      12.1605      3.89250     3.89250   12131.4004     3.80028      1 chain_01/itr_02305_trial_01.rho
     1     2306     0.004946     12727.2876       0.0000      3.89250     3.89250   12131.4004     3.80028      0 -
     1     2307     0.004934     12727.2876       0.0000      3.89250     3.89250   12131.4004     3.80028      0 -
     1     2308     0.004923     12727.2876       0.0000      3.89250     3.89250   12131.4004     3.80028      0 -
     1     2309     0.004912     12727.2876       0.0000      3.89250     3.89250   12131.4004     3.80028      0 -
     1     2310       0.0049     12727.2876       0.0000      3.89250     3.89250   12131.4004     3.80028      0 -
     1     2311     0.004889     12727.2876       0.0000      3.89250     3.89250   12131.4004     3.80028      0 -
     1     2312     0.004878     12727.2876       0.0000      3.89250     3.89250   12131.4004     3.80028      0 -
     1     2313     0.004867     12727.2876       0.0000      3.89250     3.89250   12131.4004     3.80028      0 -
     1     2314     0.004855     12751.0265      23.7390      3.89613     3.89613   12131.4004     3.80028      1 chain_01/itr_02314_trial_01.rho
     1     2315     0.004844     12751.0265       0.0000      3.89613     3.89613   12131.4004     3.80028      0 -
     1     2316     0.004833     12751.0265       0.0000      3.89613     3.89613   12131.4004     3.80028      0 -
     1     2317     0.004822     12594.4781    -156.5484      3.87213     3.87213   12131.4004     3.80028      1 chain_01/itr_02317_trial_01.rho
     1     2318     0.004811     12594.4781       0.0000      3.87213     3.87213   12131.4004     3.80028      0 -
     1     2319       0.0048     12594.4781       0.0000      3.87213     3.87213   12131.4004     3.80028      0 -
     1     2320     0.004789     12594.4781       0.0000      3.87213     3.87213   12131.4004     3.80028      0 -
     1     2321     0.004778     12593.8698      -0.6083      3.87204     3.87204   12131.4004     3.80028      1 chain_01/itr_02321_trial_01.rho
     1     2322     0.004767     12593.8698       0.0000      3.87204     3.87204   12131.4004     3.80028      0 -
     1     2323     0.004756     12593.8698       0.0000      3.87204     3.87204   12131.4004     3.80028      0 -
     1     2324     0.004745     12593.8698       0.0000      3.87204     3.87204   12131.4004     3.80028      0 -
     1     2325     0.004734     12593.8698       0.0000      3.87204     3.87204   12131.4004     3.80028      0 -
     1     2326     0.004723     12593.8698       0.0000      3.87204     3.87204   12131.4004     3.80028      0 -
     1     2327     0.004712     12593.8698       0.0000      3.87204     3.87204   12131.4004     3.80028      0 -
     1     2328     0.004701     12593.8698       0.0000      3.87204     3.87204   12131.4004     3.80028      0 -
     1     2329     0.004691     12593.8698       0.0000      3.87204     3.87204   12131.4004     3.80028      0 -
     1     2330      0.00468     12593.8698       0.0000      3.87204     3.87204   12131.4004     3.80028      0 -
     1     2331     0.004669     12593.8698       0.0000      3.87204     3.87204   12131.4004     3.80028      0 -
     1     2332     0.004658     12632.0828      38.2130      3.87791     3.87791   12131.4004     3.80028      1 chain_01/itr_02332_trial_01.rho
     1     2333     0.004648     12632.0828       0.0000      3.87791     3.87791   12131.4004     3.80028      0 -
     1     2334     0.004637     12632.0828       0.0000      3.87791     3.87791   12131.4004     3.80028      0 -
     1     2335     0.004626     12689.6940      57.6111      3.88674     3.88674   12131.4004     3.80028      1 chain_01/itr_02335_trial_01.rho
     1     2336     0.004616     12689.6940       0.0000      3.88674     3.88674   12131.4004     3.80028      0 -
     1     2337     0.004605     12500.3611    -189.3329      3.85764     3.85764   12131.4004     3.80028      1 chain_01/itr_02337_trial_01.rho
     1     2338     0.004594     12500.3611       0.0000      3.85764     3.85764   12131.4004     3.80028      0 -
     1     2339     0.004584     12500.3611       0.0000      3.85764     3.85764   12131.4004     3.80028      0 -
     1     2340     0.004573     12500.3611       0.0000      3.85764     3.85764   12131.4004     3.80028      0 -
     1     2341     0.004563     12500.3611       0.0000      3.85764     3.85764   12131.4004     3.80028      0 -
     1     2342     0.004552     12500.3611       0.0000      3.85764     3.85764   12131.4004     3.80028      0 -
     1     2343     0.004542     12500.3611       0.0000      3.85764     3.85764   12131.4004     3.80028      0 -
     1     2344     0.004531     12518.1799      17.8188      3.86039     3.86039   12131.4004     3.80028      1 chain_01/itr_02344_trial_01.rho
     1     2345     0.004521     12442.2760     -75.9038      3.84867     3.84867   12131.4004     3.80028      1 chain_01/itr_02345_trial_01.rho
     1     2346      0.00451     12442.2760       0.0000      3.84867     3.84867   12131.4004     3.80028      0 -
     1     2347       0.0045     12442.2760       0.0000      3.84867     3.84867   12131.4004     3.80028      0 -
     1     2348      0.00449     12442.2760       0.0000      3.84867     3.84867   12131.4004     3.80028      0 -
     1     2349     0.004479     12516.9363      74.6603      3.86020     3.86020   12131.4004     3.80028      1 chain_01/itr_02349_trial_01.rho
     1     2350     0.004469     12516.9363       0.0000      3.86020     3.86020   12131.4004     3.80028      0 -
     1     2351     0.004459     12516.9363       0.0000      3.86020     3.86020   12131.4004     3.80028      0 -
     1     2352     0.004449     12516.9363       0.0000      3.86020     3.86020   12131.4004     3.80028      0 -
     1     2353     0.004438     12516.9363       0.0000      3.86020     3.86020   12131.4004     3.80028      0 -
     1     2354     0.004428     12516.9363       0.0000      3.86020     3.86020   12131.4004     3.80028      0 -
     1     2355     0.004418     12516.9363       0.0000      3.86020     3.86020   12131.4004     3.80028      0 -
     1     2356     0.004408     12456.5221     -60.4143      3.85087     3.85087   12131.4004     3.80028      1 chain_01/itr_02356_trial_01.rho
     1     2357     0.004398     12456.5221       0.0000      3.85087     3.85087   12131.4004     3.80028      0 -
     1     2358     0.004387     12418.3862     -38.1359      3.84497     3.84497   12131.4004     3.80028      1 chain_01/itr_02358_trial_01.rho
     1     2359     0.004377     12418.3862       0.0000      3.84497     3.84497   12131.4004     3.80028      0 -
     1     2360     0.004367     12418.3862       0.0000      3.84497     3.84497   12131.4004     3.80028      0 -
     1     2361     0.004357     12418.3862       0.0000      3.84497     3.84497   12131.4004     3.80028      0 -
     1     2362     0.004347     12418.3862       0.0000      3.84497     3.84497   12131.4004     3.80028      0 -
     1     2363     0.004337     12418.3862       0.0000      3.84497     3.84497   12131.4004     3.80028      0 -
     1     2364     0.004327     12418.3862       0.0000      3.84497     3.84497   12131.4004     3.80028      0 -
     1     2365     0.004317     12418.3862       0.0000      3.84497     3.84497   12131.4004     3.80028      0 -
     1     2366     0.004307     12396.1536     -22.2326      3.84153     3.84153   12131.4004     3.80028      1 chain_01/itr_02366_trial_01.rho
     1     2367     0.004297     12396.1536       0.0000      3.84153     3.84153   12131.4004     3.80028      0 -
     1     2368     0.004288     12396.1536       0.0000      3.84153     3.84153   12131.4004     3.80028      0 -
     1     2369     0.004278     12396.1536       0.0000      3.84153     3.84153   12131.4004     3.80028      0 -
     1     2370     0.004268     12396.1536       0.0000      3.84153     3.84153   12131.4004     3.80028      0 -
     1     2371     0.004258     12396.1536       0.0000      3.84153     3.84153   12131.4004     3.80028      0 -
     1     2372     0.004248     12396.1536       0.0000      3.84153     3.84153   12131.4004     3.80028      0 -
     1     2373     0.004238     12396.1536       0.0000      3.84153     3.84153   12131.4004     3.80028      0 -
     1     2374     0.004229     12601.9474     205.7938      3.87328     3.87328   12131.4004     3.80028      1 chain_01/itr_02374_trial_01.rho
     1     2375     0.004219     12601.9474       0.0000      3.87328     3.87328   12131.4004     3.80028      0 -
     1     2376     0.004209     12601.9474       0.0000      3.87328     3.87328   12131.4004     3.80028      0 -
     1     2377       0.0042     12601.9474       0.0000      3.87328     3.87328   12131.4004     3.80028      0 -
     1     2378      0.00419     12601.9474       0.0000      3.87328     3.87328   12131.4004     3.80028      0 -
     1     2379      0.00418     12601.9474       0.0000      3.87328     3.87328   12131.4004     3.80028      0 -
     1     2380     0.004171     12650.3751      48.4277      3.88072     3.88072   12131.4004     3.80028      1 chain_01/itr_02380_trial_01.rho
     1     2381     0.004161     12650.3751       0.0000      3.88072     3.88072   12131.4004     3.80028      0 -
     1     2382     0.004152     12545.3038    -105.0713      3.86457     3.86457   12131.4004     3.80028      1 chain_01/itr_02382_trial_01.rho
     1     2383     0.004142     12545.3038       0.0000      3.86457     3.86457   12131.4004     3.80028      0 -
     1     2384     0.004132     12545.3038       0.0000      3.86457     3.86457   12131.4004     3.80028      0 -
     1     2385     0.004123     12545.3038       0.0000      3.86457     3.86457   12131.4004     3.80028      0 -
     1     2386     0.004113     12545.3038       0.0000      3.86457     3.86457   12131.4004     3.80028      0 -
     1     2387     0.004104     12688.8433     143.5395      3.88661     3.88661   12131.4004     3.80028      1 chain_01/itr_02387_trial_01.rho
     1     2388     0.004095     12688.8433       0.0000      3.88661     3.88661   12131.4004     3.80028      0 -
     1     2389     0.004085     12688.8433       0.0000      3.88661     3.88661   12131.4004     3.80028      0 -
     1     2390     0.004076     12688.8433       0.0000      3.88661     3.88661   12131.4004     3.80028      0 -
     1     2391     0.004066     12688.8433       0.0000      3.88661     3.88661   12131.4004     3.80028      0 -
     1     2392     0.004057     12509.4980    -179.3454      3.85905     3.85905   12131.4004     3.80028      1 chain_01/itr_02392_trial_01.rho
     1     2393     0.004048     12427.3519     -82.1461      3.84636     3.84636   12131.4004     3.80028      1 chain_01/itr_02393_trial_01.rho
     1     2394     0.004038     12427.3519       0.0000      3.84636     3.84636   12131.4004     3.80028      0 -
     1     2395     0.004029     12305.4391    -121.9128      3.82744     3.82744   12131.4004     3.80028      1 chain_01/itr_02395_trial_01.rho
     1     2396      0.00402     12226.3697     -79.0694      3.81513     3.81513   12131.4004     3.80028      1 chain_01/itr_02396_trial_01.rho
     1     2397     0.004011     12227.0693       0.6997      3.81524     3.81524   12131.4004     3.80028      1 chain_01/itr_02397_trial_01.rho
     1     2398     0.004001     12227.0693       0.0000      3.81524     3.81524   12131.4004     3.80028      0 -
     1     2399     0.003992     12227.0693       0.0000      3.81524     3.81524   12131.4004     3.80028      0 -
     1     2400     0.003983     12227.0693       0.0000      3.81524     3.81524   12131.4004     3.80028      0 -
     1     2401     0.003974     12227.0693       0.0000      3.81524     3.81524   12131.4004     3.80028      0 -
     1     2402     0.003965     12227.0693       0.0000      3.81524     3.81524   12131.4004     3.80028      0 -
     1     2403     0.003955     12227.0693       0.0000      3.81524     3.81524   12131.4004     3.80028      0 -
     1     2404     0.003946     12227.0693       0.0000      3.81524     3.81524   12131.4004     3.80028      0 -
     1     2405     0.003937     12343.9535     116.8842      3.83343     3.83343   12131.4004     3.80028      1 chain_01/itr_02405_trial_01.rho
     1     2406     0.003928     12343.9535       0.0000      3.83343     3.83343   12131.4004     3.80028      0 -
     1     2407     0.003919     12343.9535       0.0000      3.83343     3.83343   12131.4004     3.80028      0 -
     1     2408      0.00391     12412.4339      68.4805      3.84405     3.84405   12131.4004     3.80028      1 chain_01/itr_02408_trial_01.rho
     1     2409     0.003901     12412.4339       0.0000      3.84405     3.84405   12131.4004     3.80028      0 -
     1     2410     0.003892     12412.4339       0.0000      3.84405     3.84405   12131.4004     3.80028      0 -
     1     2411     0.003883     12412.4339       0.0000      3.84405     3.84405   12131.4004     3.80028      0 -
     1     2412     0.003874     12392.9660     -19.4679      3.84103     3.84103   12131.4004     3.80028      1 chain_01/itr_02412_trial_01.rho
     1     2413     0.003865     12209.9127    -183.0533      3.81256     3.81256   12131.4004     3.80028      1 chain_01/itr_02413_trial_01.rho
     1     2414     0.003857     12100.7341    -109.1787      3.79548     3.79548   12100.7341     3.79548      1 chain_01/itr_02414_trial_01.rho
     1     2415     0.003848     12100.7341       0.0000      3.79548     3.79548   12100.7341     3.79548      0 -
     1     2416     0.003839     12100.7341       0.0000      3.79548     3.79548   12100.7341     3.79548      0 -
     1     2417      0.00383     12100.7341       0.0000      3.79548     3.79548   12100.7341     3.79548      0 -
     1     2418     0.003821     12100.7341       0.0000      3.79548     3.79548   12100.7341     3.79548      0 -
     1     2419     0.003812     12100.7341       0.0000      3.79548     3.79548   12100.7341     3.79548      0 -
     1     2420     0.003804     12100.7341       0.0000      3.79548     3.79548   12100.7341     3.79548      0 -
     1     2421     0.003795     12100.7341       0.0000      3.79548     3.79548   12100.7341     3.79548      0 -
     1     2422     0.003786     12100.7341       0.0000      3.79548     3.79548   12100.7341     3.79548      0 -
     1     2423     0.003777     12100.7341       0.0000      3.79548     3.79548   12100.7341     3.79548      0 -
     1     2424     0.003769     12150.0107      49.2766      3.80320     3.80320   12100.7341     3.79548      1 chain_01/itr_02424_trial_01.rho
     1     2425      0.00376     12150.0107       0.0000      3.80320     3.80320   12100.7341     3.79548      0 -
     1     2426     0.003751     12150.0107       0.0000      3.80320     3.80320   12100.7341     3.79548      0 -
     1     2427     0.003743     12150.0107       0.0000      3.80320     3.80320   12100.7341     3.79548      0 -
     1     2428     0.003734     12150.0107       0.0000      3.80320     3.80320   12100.7341     3.79548      0 -
     1     2429     0.003726     12150.0107       0.0000      3.80320     3.80320   12100.7341     3.79548      0 -
     1     2430     0.003717     12150.0107       0.0000      3.80320     3.80320   12100.7341     3.79548      0 -
     1     2431     0.003708     12150.0107       0.0000      3.80320     3.80320   12100.7341     3.79548      0 -
     1     2432       0.0037     12150.0107       0.0000      3.80320     3.80320   12100.7341     3.79548      0 -
     1     2433     0.003691     12150.0107       0.0000      3.80320     3.80320   12100.7341     3.79548      0 -
     1     2434     0.003683     12150.0107       0.0000      3.80320     3.80320   12100.7341     3.79548      0 -
     1     2435     0.003674     12150.0107       0.0000      3.80320     3.80320   12100.7341     3.79548      0 -
     1     2436     0.003666     12150.0107       0.0000      3.80320     3.80320   12100.7341     3.79548      0 -
     1     2437     0.003658     12150.0107       0.0000      3.80320     3.80320   12100.7341     3.79548      0 -
     1     2438     0.003649     12150.0107       0.0000      3.80320     3.80320   12100.7341     3.79548      0 -
     1     2439     0.003641     12150.0107       0.0000      3.80320     3.80320   12100.7341     3.79548      0 -
     1     2440     0.003632     12150.0107       0.0000      3.80320     3.80320   12100.7341     3.79548      0 -
     1     2441     0.003624     12150.0107       0.0000      3.80320     3.80320   12100.7341     3.79548      0 -
     1     2442     0.003616     12162.6494      12.6388      3.80517     3.80517   12100.7341     3.79548      1 chain_01/itr_02442_trial_01.rho
     1     2443     0.003607     12162.6494       0.0000      3.80517     3.80517   12100.7341     3.79548      0 -
     1     2444     0.003599     12162.6494       0.0000      3.80517     3.80517   12100.7341     3.79548      0 -
     1     2445     0.003591     12162.6494       0.0000      3.80517     3.80517   12100.7341     3.79548      0 -
     1     2446     0.003582     12162.6494       0.0000      3.80517     3.80517   12100.7341     3.79548      0 -
     1     2447     0.003574     12162.6494       0.0000      3.80517     3.80517   12100.7341     3.79548      0 -
     1     2448     0.003566     12162.6494       0.0000      3.80517     3.80517   12100.7341     3.79548      0 -
     1     2449     0.003558     12162.6494       0.0000      3.80517     3.80517   12100.7341     3.79548      0 -
     1     2450      0.00355     12163.6251       0.9756      3.80533     3.80533   12100.7341     3.79548      1 chain_01/itr_02450_trial_01.rho
     1     2451     0.003541     12163.6251       0.0000      3.80533     3.80533   12100.7341     3.79548      0 -
     1     2452     0.003533     12163.6251       0.0000      3.80533     3.80533   12100.7341     3.79548      0 -
     1     2453     0.003525     12163.6251       0.0000      3.80533     3.80533   12100.7341     3.79548      0 -
     1     2454     0.003517     12163.6251       0.0000      3.80533     3.80533   12100.7341     3.79548      0 -
     1     2455     0.003509     12163.6251       0.0000      3.80533     3.80533   12100.7341     3.79548      0 -
     1     2456     0.003501     12163.6251       0.0000      3.80533     3.80533   12100.7341     3.79548      0 -
     1     2457     0.003493     12112.9071     -50.7180      3.79738     3.79738   12100.7341     3.79548      1 chain_01/itr_02457_trial_01.rho
     1     2458     0.003485     12112.9071       0.0000      3.79738     3.79738   12100.7341     3.79548      0 -
     1     2459     0.003477     12112.9071       0.0000      3.79738     3.79738   12100.7341     3.79548      0 -
     1     2460     0.003469     12112.9071       0.0000      3.79738     3.79738   12100.7341     3.79548      0 -
     1     2461     0.003461     12112.9071       0.0000      3.79738     3.79738   12100.7341     3.79548      0 -
     1     2462     0.003453     12112.9071       0.0000      3.79738     3.79738   12100.7341     3.79548      0 -
     1     2463     0.003445     12112.9071       0.0000      3.79738     3.79738   12100.7341     3.79548      0 -
     1     2464     0.003437     12181.3599      68.4529      3.80810     3.80810   12100.7341     3.79548      1 chain_01/itr_02464_trial_01.rho
     1     2465     0.003429     12181.3599       0.0000      3.80810     3.80810   12100.7341     3.79548      0 -
     1     2466     0.003421     12181.3599       0.0000      3.80810     3.80810   12100.7341     3.79548      0 -
     1     2467     0.003413     12181.3599       0.0000      3.80810     3.80810   12100.7341     3.79548      0 -
     1     2468     0.003405     12119.7883     -61.5717      3.79846     3.79846   12100.7341     3.79548      1 chain_01/itr_02468_trial_01.rho
     1     2469     0.003398     12119.7883       0.0000      3.79846     3.79846   12100.7341     3.79548      0 -
     1     2470      0.00339     12119.7883       0.0000      3.79846     3.79846   12100.7341     3.79548      0 -
     1     2471     0.003382     12119.7883       0.0000      3.79846     3.79846   12100.7341     3.79548      0 -
     1     2472     0.003374     12119.7883       0.0000      3.79846     3.79846   12100.7341     3.79548      0 -
     1     2473     0.003366     12062.5451     -57.2431      3.78948     3.78948   12062.5451     3.78948      1 chain_01/itr_02473_trial_01.rho
     1     2474     0.003359     12062.5451       0.0000      3.78948     3.78948   12062.5451     3.78948      0 -
     1     2475     0.003351     12062.5451       0.0000      3.78948     3.78948   12062.5451     3.78948      0 -
     1     2476     0.003343     12062.5451       0.0000      3.78948     3.78948   12062.5451     3.78948      0 -
     1     2477     0.003336     12062.5451       0.0000      3.78948     3.78948   12062.5451     3.78948      0 -
     1     2478     0.003328     12062.5451       0.0000      3.78948     3.78948   12062.5451     3.78948      0 -
     1     2479      0.00332     11942.8280    -119.7171      3.77063     3.77063   11942.8280     3.77063      1 chain_01/itr_02479_trial_01.rho
     1     2480     0.003313     11942.8280       0.0000      3.77063     3.77063   11942.8280     3.77063      0 -
     1     2481     0.003305     11942.8280       0.0000      3.77063     3.77063   11942.8280     3.77063      0 -
     1     2482     0.003297     11942.8280       0.0000      3.77063     3.77063   11942.8280     3.77063      0 -
     1     2483      0.00329     11942.8280       0.0000      3.77063     3.77063   11942.8280     3.77063      0 -
     1     2484     0.003282     11942.8280       0.0000      3.77063     3.77063   11942.8280     3.77063      0 -
     1     2485     0.003275     11942.8280       0.0000      3.77063     3.77063   11942.8280     3.77063      0 -
     1     2486     0.003267     11919.9627     -22.8653      3.76702     3.76702   11919.9627     3.76702      1 chain_01/itr_02486_trial_01.rho
     1     2487      0.00326     11919.9627       0.0000      3.76702     3.76702   11919.9627     3.76702      0 -
     1     2488     0.003252     11919.9627       0.0000      3.76702     3.76702   11919.9627     3.76702      0 -
     1     2489     0.003245     11919.9627       0.0000      3.76702     3.76702   11919.9627     3.76702      0 -
     1     2490     0.003237     11919.9627       0.0000      3.76702     3.76702   11919.9627     3.76702      0 -
     1     2491      0.00323     11919.9627       0.0000      3.76702     3.76702   11919.9627     3.76702      0 -
     1     2492     0.003222     11919.9627       0.0000      3.76702     3.76702   11919.9627     3.76702      0 -
     1     2493     0.003215     11919.9627       0.0000      3.76702     3.76702   11919.9627     3.76702      0 -
     1     2494     0.003208     11919.9627       0.0000      3.76702     3.76702   11919.9627     3.76702      0 -
     1     2495       0.0032     11919.9627       0.0000      3.76702     3.76702   11919.9627     3.76702      0 -
     1     2496     0.003193     11919.9627       0.0000      3.76702     3.76702   11919.9627     3.76702      0 -
     1     2497     0.003185     11796.7145    -123.2482      3.74749     3.74749   11796.7145     3.74749      1 chain_01/itr_02497_trial_01.rho
     1     2498     0.003178     11796.7145       0.0000      3.74749     3.74749   11796.7145     3.74749      0 -
     1     2499     0.003171     11796.7145       0.0000      3.74749     3.74749   11796.7145     3.74749      0 -
     1     2500     0.003163     11796.7145       0.0000      3.74749     3.74749   11796.7145     3.74749      0 -
     1     2501     0.003156     11796.7145       0.0000      3.74749     3.74749   11796.7145     3.74749      0 -
     1     2502     0.003149     11796.7145       0.0000      3.74749     3.74749   11796.7145     3.74749      0 -
     1     2503     0.003142     11796.7145       0.0000      3.74749     3.74749   11796.7145     3.74749      0 -
     1     2504     0.003134     11796.7145       0.0000      3.74749     3.74749   11796.7145     3.74749      0 -
     1     2505     0.003127     11796.7145       0.0000      3.74749     3.74749   11796.7145     3.74749      0 -
     1     2506      0.00312     11796.7145       0.0000      3.74749     3.74749   11796.7145     3.74749      0 -
     1     2507     0.003113     11796.7145       0.0000      3.74749     3.74749   11796.7145     3.74749      0 -
     1     2508     0.003106     11796.7145       0.0000      3.74749     3.74749   11796.7145     3.74749      0 -
     1     2509     0.003099     11796.7145       0.0000      3.74749     3.74749   11796.7145     3.74749      0 -
     1     2510     0.003091     11796.7145       0.0000      3.74749     3.74749   11796.7145     3.74749      0 -
     1     2511     0.003084     11796.7145       0.0000      3.74749     3.74749   11796.7145     3.74749      0 -
     1     2512     0.003077     11796.7145       0.0000      3.74749     3.74749   11796.7145     3.74749      0 -
     1     2513      0.00307     11796.7145       0.0000      3.74749     3.74749   11796.7145     3.74749      0 -
     1     2514     0.003063     11796.7145       0.0000      3.74749     3.74749   11796.7145     3.74749      0 -
     1     2515     0.003056     11796.7145       0.0000      3.74749     3.74749   11796.7145     3.74749      0 -
     1     2516     0.003049     11796.7145       0.0000      3.74749     3.74749   11796.7145     3.74749      0 -
     1     2517     0.003042     11796.7145       0.0000      3.74749     3.74749   11796.7145     3.74749      0 -
     1     2518     0.003035     11796.7145       0.0000      3.74749     3.74749   11796.7145     3.74749      0 -
     1     2519     0.003028     11796.7145       0.0000      3.74749     3.74749   11796.7145     3.74749      0 -
     1     2520     0.003021     11796.7145       0.0000      3.74749     3.74749   11796.7145     3.74749      0 -
     1     2521     0.003014     11796.7145       0.0000      3.74749     3.74749   11796.7145     3.74749      0 -
     1     2522     0.003007     11796.7145       0.0000      3.74749     3.74749   11796.7145     3.74749      0 -
     1     2523        0.003     11796.7145       0.0000      3.74749     3.74749   11796.7145     3.74749      0 -
     1     2524     0.002993     11796.7145       0.0000      3.74749     3.74749   11796.7145     3.74749      0 -
     1     2525     0.002986     11796.7145       0.0000      3.74749     3.74749   11796.7145     3.74749      0 -
     1     2526      0.00298     11780.2368     -16.4777      3.74488     3.74488   11780.2368     3.74488      1 chain_01/itr_02526_trial_01.rho
     1     2527     0.002973     11780.2368       0.0000      3.74488     3.74488   11780.2368     3.74488      0 -
     1     2528     0.002966     11780.2368       0.0000      3.74488     3.74488   11780.2368     3.74488      0 -
     1     2529     0.002959     11780.2368       0.0000      3.74488     3.74488   11780.2368     3.74488      0 -
     1     2530     0.002952     11780.2368       0.0000      3.74488     3.74488   11780.2368     3.74488      0 -
     1     2531     0.002945     11780.2368       0.0000      3.74488     3.74488   11780.2368     3.74488      0 -
     1     2532     0.002939     11780.2368       0.0000      3.74488     3.74488   11780.2368     3.74488      0 -
     1     2533     0.002932     11745.1266     -35.1102      3.73929     3.73929   11745.1266     3.73929      1 chain_01/itr_02533_trial_01.rho
     1     2534     0.002925     11745.1266       0.0000      3.73929     3.73929   11745.1266     3.73929      0 -
     1     2535     0.002918     11745.1266       0.0000      3.73929     3.73929   11745.1266     3.73929      0 -
     1     2536     0.002912     11745.1266       0.0000      3.73929     3.73929   11745.1266     3.73929      0 -
     1     2537     0.002905     11745.1266       0.0000      3.73929     3.73929   11745.1266     3.73929      0 -
     1     2538     0.002898     11745.1266       0.0000      3.73929     3.73929   11745.1266     3.73929      0 -
     1     2539     0.002892     11745.1266       0.0000      3.73929     3.73929   11745.1266     3.73929      0 -
     1     2540     0.002885     11745.1266       0.0000      3.73929     3.73929   11745.1266     3.73929      0 -
     1     2541     0.002878     11745.1266       0.0000      3.73929     3.73929   11745.1266     3.73929      0 -
     1     2542     0.002872     11745.1266       0.0000      3.73929     3.73929   11745.1266     3.73929      0 -
     1     2543     0.002865     11745.1266       0.0000      3.73929     3.73929   11745.1266     3.73929      0 -
     1     2544     0.002859     11745.1266       0.0000      3.73929     3.73929   11745.1266     3.73929      0 -
     1     2545     0.002852     11745.1266       0.0000      3.73929     3.73929   11745.1266     3.73929      0 -
     1     2546     0.002845     11745.1266       0.0000      3.73929     3.73929   11745.1266     3.73929      0 -
     1     2547     0.002839     11745.1266       0.0000      3.73929     3.73929   11745.1266     3.73929      0 -
     1     2548     0.002832     11745.1266       0.0000      3.73929     3.73929   11745.1266     3.73929      0 -
     1     2549     0.002826     11745.1266       0.0000      3.73929     3.73929   11745.1266     3.73929      0 -
     1     2550     0.002819     11745.1266       0.0000      3.73929     3.73929   11745.1266     3.73929      0 -
     1     2551     0.002813     11745.1266       0.0000      3.73929     3.73929   11745.1266     3.73929      0 -
     1     2552     0.002806     11745.1266       0.0000      3.73929     3.73929   11745.1266     3.73929      0 -
     1     2553       0.0028     11745.1266       0.0000      3.73929     3.73929   11745.1266     3.73929      0 -
     1     2554     0.002794     11745.1266       0.0000      3.73929     3.73929   11745.1266     3.73929      0 -
     1     2555     0.002787     11745.1266       0.0000      3.73929     3.73929   11745.1266     3.73929      0 -
     1     2556     0.002781     11745.1266       0.0000      3.73929     3.73929   11745.1266     3.73929      0 -
     1     2557     0.002774     11745.1266       0.0000      3.73929     3.73929   11745.1266     3.73929      0 -
     1     2558     0.002768     11745.1266       0.0000      3.73929     3.73929   11745.1266     3.73929      0 -
     1     2559     0.002762     11745.1266       0.0000      3.73929     3.73929   11745.1266     3.73929      0 -
     1     2560     0.002755     11745.1266       0.0000      3.73929     3.73929   11745.1266     3.73929      0 -
     1     2561     0.002749     11733.9115     -11.2151      3.73750     3.73750   11733.9115     3.73750      1 chain_01/itr_02561_trial_01.rho
     1     2562     0.002742     11733.9115       0.0000      3.73750     3.73750   11733.9115     3.73750      0 -
     1     2563     0.002736     11733.9115       0.0000      3.73750     3.73750   11733.9115     3.73750      0 -
     1     2564      0.00273     11733.9115       0.0000      3.73750     3.73750   11733.9115     3.73750      0 -
     1     2565     0.002724     11709.7831     -24.1284      3.73366     3.73366   11709.7831     3.73366      1 chain_01/itr_02565_trial_01.rho
     1     2566     0.002717     11709.7831       0.0000      3.73366     3.73366   11709.7831     3.73366      0 -
     1     2567     0.002711     11709.7831       0.0000      3.73366     3.73366   11709.7831     3.73366      0 -
     1     2568     0.002705     11709.7831       0.0000      3.73366     3.73366   11709.7831     3.73366      0 -
     1     2569     0.002699     11709.7831       0.0000      3.73366     3.73366   11709.7831     3.73366      0 -
     1     2570     0.002692     11709.7831       0.0000      3.73366     3.73366   11709.7831     3.73366      0 -
     1     2571     0.002686     11598.1524    -111.6306      3.71582     3.71582   11598.1524     3.71582      1 chain_01/itr_02571_trial_01.rho
     1     2572      0.00268     11598.1524       0.0000      3.71582     3.71582   11598.1524     3.71582      0 -
     1     2573     0.002674     11598.1524       0.0000      3.71582     3.71582   11598.1524     3.71582      0 -
     1     2574     0.002668     11598.1524       0.0000      3.71582     3.71582   11598.1524     3.71582      0 -
     1     2575     0.002662     11598.1524       0.0000      3.71582     3.71582   11598.1524     3.71582      0 -
     1     2576     0.002655     11523.2446     -74.9078      3.70380     3.70380   11523.2446     3.70380      1 chain_01/itr_02576_trial_01.rho
     1     2577     0.002649     11369.9325    -153.3121      3.67908     3.67908   11369.9325     3.67908      1 chain_01/itr_02577_trial_01.rho
     1     2578     0.002643     11369.9325       0.0000      3.67908     3.67908   11369.9325     3.67908      0 -
     1     2579     0.002637     11369.9325       0.0000      3.67908     3.67908   11369.9325     3.67908      0 -
     1     2580     0.002631     11369.9325       0.0000      3.67908     3.67908   11369.9325     3.67908      0 -
     1     2581     0.002625     11369.9325       0.0000      3.67908     3.67908   11369.9325     3.67908      0 -
     1     2582     0.002619     11369.9325       0.0000      3.67908     3.67908   11369.9325     3.67908      0 -
     1     2583     0.002613     11369.9325       0.0000      3.67908     3.67908   11369.9325     3.67908      0 -
     1     2584     0.002607     11369.9325       0.0000      3.67908     3.67908   11369.9325     3.67908      0 -
     1     2585     0.002601     11369.9325       0.0000      3.67908     3.67908   11369.9325     3.67908      0 -
     1     2586     0.002595     11369.9325       0.0000      3.67908     3.67908   11369.9325     3.67908      0 -
     1     2587     0.002589     11369.9325       0.0000      3.67908     3.67908   11369.9325     3.67908      0 -
     1     2588     0.002583     11369.9325       0.0000      3.67908     3.67908   11369.9325     3.67908      0 -
     1     2589     0.002577     11369.9325       0.0000      3.67908     3.67908   11369.9325     3.67908      0 -
     1     2590     0.002571     11369.9325       0.0000      3.67908     3.67908   11369.9325     3.67908      0 -
     1     2591     0.002565     11369.9325       0.0000      3.67908     3.67908   11369.9325     3.67908      0 -
     1     2592     0.002559     11369.9325       0.0000      3.67908     3.67908   11369.9325     3.67908      0 -
     1     2593     0.002553     11369.9325       0.0000      3.67908     3.67908   11369.9325     3.67908      0 -
     1     2594     0.002548     11369.9325       0.0000      3.67908     3.67908   11369.9325     3.67908      0 -
     1     2595     0.002542     11369.9325       0.0000      3.67908     3.67908   11369.9325     3.67908      0 -
     1     2596     0.002536     11369.9325       0.0000      3.67908     3.67908   11369.9325     3.67908      0 -
     1     2597      0.00253     11369.9325       0.0000      3.67908     3.67908   11369.9325     3.67908      0 -
     1     2598     0.002524     11369.9325       0.0000      3.67908     3.67908   11369.9325     3.67908      0 -
     1     2599     0.002518     11369.9325       0.0000      3.67908     3.67908   11369.9325     3.67908      0 -
     1     2600     0.002513     11369.9325       0.0000      3.67908     3.67908   11369.9325     3.67908      0 -
     1     2601     0.002507     11369.9325       0.0000      3.67908     3.67908   11369.9325     3.67908      0 -
     1     2602     0.002501     11369.9325       0.0000      3.67908     3.67908   11369.9325     3.67908      0 -
     1     2603     0.002495     11369.9325       0.0000      3.67908     3.67908   11369.9325     3.67908      0 -
     1     2604      0.00249     11369.9325       0.0000      3.67908     3.67908   11369.9325     3.67908      0 -
     1     2605     0.002484     11369.9325       0.0000      3.67908     3.67908   11369.9325     3.67908      0 -
     1     2606     0.002478     11369.9325       0.0000      3.67908     3.67908   11369.9325     3.67908      0 -
     1     2607     0.002472     11369.9325       0.0000      3.67908     3.67908   11369.9325     3.67908      0 -
     1     2608     0.002467     11369.9325       0.0000      3.67908     3.67908   11369.9325     3.67908      0 -
     1     2609     0.002461     11369.9325       0.0000      3.67908     3.67908   11369.9325     3.67908      0 -
     1     2610     0.002455     11369.9325       0.0000      3.67908     3.67908   11369.9325     3.67908      0 -
     1     2611      0.00245     11323.7839     -46.1486      3.67161     3.67161   11323.7839     3.67161      1 chain_01/itr_02611_trial_01.rho
     1     2612     0.002444     11363.9168      40.1329      3.67811     3.67811   11323.7839     3.67161      1 chain_01/itr_02612_trial_01.rho
     1     2613     0.002439     11377.3547      13.4379      3.68028     3.68028   11323.7839     3.67161      1 chain_01/itr_02613_trial_01.rho
     1     2614     0.002433     11377.3547       0.0000      3.68028     3.68028   11323.7839     3.67161      0 -
     1     2615     0.002427     11377.3547       0.0000      3.68028     3.68028   11323.7839     3.67161      0 -
     1     2616     0.002422     11377.3547       0.0000      3.68028     3.68028   11323.7839     3.67161      0 -
     1     2617     0.002416     11377.3547       0.0000      3.68028     3.68028   11323.7839     3.67161      0 -
     1     2618     0.002411     11377.3547       0.0000      3.68028     3.68028   11323.7839     3.67161      0 -
     1     2619     0.002405     11377.3547       0.0000      3.68028     3.68028   11323.7839     3.67161      0 -
     1     2620       0.0024     11377.3547       0.0000      3.68028     3.68028   11323.7839     3.67161      0 -
     1     2621     0.002394     11377.3547       0.0000      3.68028     3.68028   11323.7839     3.67161      0 -
     1     2622     0.002389     11377.3547       0.0000      3.68028     3.68028   11323.7839     3.67161      0 -
     1     2623     0.002383     11377.3547       0.0000      3.68028     3.68028   11323.7839     3.67161      0 -
     1     2624     0.002378     11377.3547       0.0000      3.68028     3.68028   11323.7839     3.67161      0 -
     1     2625     0.002372     11377.3547       0.0000      3.68028     3.68028   11323.7839     3.67161      0 -
     1     2626     0.002367     11377.3547       0.0000      3.68028     3.68028   11323.7839     3.67161      0 -
     1     2627     0.002361     11377.3547       0.0000      3.68028     3.68028   11323.7839     3.67161      0 -
     1     2628     0.002356     11377.3547       0.0000      3.68028     3.68028   11323.7839     3.67161      0 -
     1     2629      0.00235     11377.3547       0.0000      3.68028     3.68028   11323.7839     3.67161      0 -
     1     2630     0.002345     11377.3547       0.0000      3.68028     3.68028   11323.7839     3.67161      0 -
     1     2631     0.002339     11377.3547       0.0000      3.68028     3.68028   11323.7839     3.67161      0 -
     1     2632     0.002334     11377.3547       0.0000      3.68028     3.68028   11323.7839     3.67161      0 -
     1     2633     0.002329     11377.3547       0.0000      3.68028     3.68028   11323.7839     3.67161      0 -
     1     2634     0.002323     11377.3547       0.0000      3.68028     3.68028   11323.7839     3.67161      0 -
     1     2635     0.002318     11379.7886       2.4340      3.68067     3.68067   11323.7839     3.67161      1 chain_01/itr_02635_trial_01.rho
     1     2636     0.002313     11379.7886       0.0000      3.68067     3.68067   11323.7839     3.67161      0 -
     1     2637     0.002307     11379.7886       0.0000      3.68067     3.68067   11323.7839     3.67161      0 -
     1     2638     0.002302     11379.7886       0.0000      3.68067     3.68067   11323.7839     3.67161      0 -
     1     2639     0.002297     11362.8902     -16.8984      3.67794     3.67794   11323.7839     3.67161      1 chain_01/itr_02639_trial_01.rho
     1     2640     0.002292     11362.8902       0.0000      3.67794     3.67794   11323.7839     3.67161      0 -
     1     2641     0.002286     11362.8902       0.0000      3.67794     3.67794   11323.7839     3.67161      0 -
     1     2642     0.002281     11362.8902       0.0000      3.67794     3.67794   11323.7839     3.67161      0 -
     1     2643     0.002276     11362.8902       0.0000      3.67794     3.67794   11323.7839     3.67161      0 -
     1     2644      0.00227     11362.8902       0.0000      3.67794     3.67794   11323.7839     3.67161      0 -
     1     2645     0.002265     11362.8902       0.0000      3.67794     3.67794   11323.7839     3.67161      0 -
     1     2646      0.00226     11393.2530      30.3628      3.68285     3.68285   11323.7839     3.67161      1 chain_01/itr_02646_trial_01.rho
     1     2647     0.002255     11393.2530       0.0000      3.68285     3.68285   11323.7839     3.67161      0 -
     1     2648      0.00225     11393.2530       0.0000      3.68285     3.68285   11323.7839     3.67161      0 -
     1     2649     0.002244     11393.2530       0.0000      3.68285     3.68285   11323.7839     3.67161      0 -
     1     2650     0.002239     11393.2530       0.0000      3.68285     3.68285   11323.7839     3.67161      0 -
     1     2651     0.002234     11393.2530       0.0000      3.68285     3.68285   11323.7839     3.67161      0 -
     1     2652     0.002229     11393.2530       0.0000      3.68285     3.68285   11323.7839     3.67161      0 -
     1     2653     0.002224     11393.2530       0.0000      3.68285     3.68285   11323.7839     3.67161      0 -
     1     2654     0.002219     11393.2530       0.0000      3.68285     3.68285   11323.7839     3.67161      0 -
     1     2655     0.002214     11393.2530       0.0000      3.68285     3.68285   11323.7839     3.67161      0 -
     1     2656     0.002209     11393.2530       0.0000      3.68285     3.68285   11323.7839     3.67161      0 -
     1     2657     0.002204     11393.2530       0.0000      3.68285     3.68285   11323.7839     3.67161      0 -
     1     2658     0.002198     11393.2530       0.0000      3.68285     3.68285   11323.7839     3.67161      0 -
     1     2659     0.002193     11393.2530       0.0000      3.68285     3.68285   11323.7839     3.67161      0 -
     1     2660     0.002188     11393.2530       0.0000      3.68285     3.68285   11323.7839     3.67161      0 -
     1     2661     0.002183     11393.2530       0.0000      3.68285     3.68285   11323.7839     3.67161      0 -
     1     2662     0.002178     11393.2530       0.0000      3.68285     3.68285   11323.7839     3.67161      0 -
     1     2663     0.002173     11393.2530       0.0000      3.68285     3.68285   11323.7839     3.67161      0 -
     1     2664     0.002168     11393.2530       0.0000      3.68285     3.68285   11323.7839     3.67161      0 -
     1     2665     0.002163     11340.5961     -52.6568      3.67433     3.67433   11323.7839     3.67161      1 chain_01/itr_02665_trial_01.rho
     1     2666     0.002158     11340.5961       0.0000      3.67433     3.67433   11323.7839     3.67161      0 -
     1     2667     0.002153     11340.5961       0.0000      3.67433     3.67433   11323.7839     3.67161      0 -
     1     2668     0.002148     11340.5961       0.0000      3.67433     3.67433   11323.7839     3.67161      0 -
     1     2669     0.002143     11340.5961       0.0000      3.67433     3.67433   11323.7839     3.67161      0 -
     1     2670     0.002139     11340.5961       0.0000      3.67433     3.67433   11323.7839     3.67161      0 -
     1     2671     0.002134     11340.5961       0.0000      3.67433     3.67433   11323.7839     3.67161      0 -
     1     2672     0.002129     11340.5961       0.0000      3.67433     3.67433   11323.7839     3.67161      0 -
     1     2673     0.002124     11359.8600      19.2638      3.67745     3.67745   11323.7839     3.67161      1 chain_01/itr_02673_trial_01.rho
     1     2674     0.002119     11359.8600       0.0000      3.67745     3.67745   11323.7839     3.67161      0 -
     1     2675     0.002114     11359.8600       0.0000      3.67745     3.67745   11323.7839     3.67161      0 -
     1     2676     0.002109     11359.8600       0.0000      3.67745     3.67745   11323.7839     3.67161      0 -
     1     2677     0.002104     11359.8600       0.0000      3.67745     3.67745   11323.7839     3.67161      0 -
     1     2678     0.002099     11359.8600       0.0000      3.67745     3.67745   11323.7839     3.67161      0 -
     1     2679     0.002095     11274.0221     -85.8379      3.66353     3.66353   11274.0221     3.66353      1 chain_01/itr_02679_trial_01.rho
     1     2680      0.00209     11274.0221       0.0000      3.66353     3.66353   11274.0221     3.66353      0 -
     1     2681     0.002085     11274.0221       0.0000      3.66353     3.66353   11274.0221     3.66353      0 -
     1     2682      0.00208     11274.0221       0.0000      3.66353     3.66353   11274.0221     3.66353      0 -
     1     2683     0.002075     11274.0221       0.0000      3.66353     3.66353   11274.0221     3.66353      0 -
     1     2684     0.002071     11274.0221       0.0000      3.66353     3.66353   11274.0221     3.66353      0 -
     1     2685     0.002066     11274.0221       0.0000      3.66353     3.66353   11274.0221     3.66353      0 -
     1     2686     0.002061     11274.0221       0.0000      3.66353     3.66353   11274.0221     3.66353      0 -
     1     2687     0.002056     11274.0221       0.0000      3.66353     3.66353   11274.0221     3.66353      0 -
     1     2688     0.002052     11274.0221       0.0000      3.66353     3.66353   11274.0221     3.66353      0 -
     1     2689     0.002047     11274.0221       0.0000      3.66353     3.66353   11274.0221     3.66353      0 -
     1     2690     0.002042     11274.0221       0.0000      3.66353     3.66353   11274.0221     3.66353      0 -
     1     2691     0.002038     11274.0221       0.0000      3.66353     3.66353   11274.0221     3.66353      0 -
     1     2692     0.002033     11274.0221       0.0000      3.66353     3.66353   11274.0221     3.66353      0 -
     1     2693     0.002028     11274.0221       0.0000      3.66353     3.66353   11274.0221     3.66353      0 -
     1     2694     0.002023     11274.0221       0.0000      3.66353     3.66353   11274.0221     3.66353      0 -
     1     2695     0.002019     11274.0221       0.0000      3.66353     3.66353   11274.0221     3.66353      0 -
     1     2696     0.002014     11274.0221       0.0000      3.66353     3.66353   11274.0221     3.66353      0 -
     1     2697      0.00201     11274.0221       0.0000      3.66353     3.66353   11274.0221     3.66353      0 -
     1     2698     0.002005     11274.0221       0.0000      3.66353     3.66353   11274.0221     3.66353      0 -
     1     2699        0.002     11274.0221       0.0000      3.66353     3.66353   11274.0221     3.66353      0 -
     1     2700     0.001996     11274.0221       0.0000      3.66353     3.66353   11274.0221     3.66353      0 -
     1     2701     0.001991     11274.0221       0.0000      3.66353     3.66353   11274.0221     3.66353      0 -
     1     2702     0.001987     11274.0221       0.0000      3.66353     3.66353   11274.0221     3.66353      0 -
     1     2703     0.001982     11274.0221       0.0000      3.66353     3.66353   11274.0221     3.66353      0 -
     1     2704     0.001977     11274.0221       0.0000      3.66353     3.66353   11274.0221     3.66353      0 -
     1     2705     0.001973     11274.0221       0.0000      3.66353     3.66353   11274.0221     3.66353      0 -
     1     2706     0.001968     11274.0221       0.0000      3.66353     3.66353   11274.0221     3.66353      0 -
     1     2707     0.001964     11274.0221       0.0000      3.66353     3.66353   11274.0221     3.66353      0 -
     1     2708     0.001959     11274.0221       0.0000      3.66353     3.66353   11274.0221     3.66353      0 -
     1     2709     0.001955     11274.0221       0.0000      3.66353     3.66353   11274.0221     3.66353      0 -
     1     2710      0.00195     11274.0221       0.0000      3.66353     3.66353   11274.0221     3.66353      0 -
     1     2711     0.001946     11292.7614      18.7393      3.66657     3.66657   11274.0221     3.66353      1 chain_01/itr_02711_trial_01.rho
     1     2712     0.001941     11292.7614       0.0000      3.66657     3.66657   11274.0221     3.66353      0 -
     1     2713     0.001937     11313.6865      20.9251      3.66997     3.66997   11274.0221     3.66353      1 chain_01/itr_02713_trial_01.rho
     1     2714     0.001932     11313.6865       0.0000      3.66997     3.66997   11274.0221     3.66353      0 -
     1     2715     0.001928     11344.5967      30.9102      3.67498     3.67498   11274.0221     3.66353      1 chain_01/itr_02715_trial_01.rho
     1     2716     0.001924     11344.5967       0.0000      3.67498     3.67498   11274.0221     3.66353      0 -
     1     2717     0.001919     11291.6049     -52.9918      3.66639     3.66639   11274.0221     3.66353      1 chain_01/itr_02717_trial_01.rho
     1     2718     0.001915     11291.6049       0.0000      3.66639     3.66639   11274.0221     3.66353      0 -
     1     2719      0.00191     11291.6049       0.0000      3.66639     3.66639   11274.0221     3.66353      0 -
     1     2720     0.001906     11291.6049       0.0000      3.66639     3.66639   11274.0221     3.66353      0 -
     1     2721     0.001901     11291.6049       0.0000      3.66639     3.66639   11274.0221     3.66353      0 -
     1     2722     0.001897     11291.6049       0.0000      3.66639     3.66639   11274.0221     3.66353      0 -
     1     2723     0.001893     11291.6049       0.0000      3.66639     3.66639   11274.0221     3.66353      0 -
     1     2724     0.001888     11291.6049       0.0000      3.66639     3.66639   11274.0221     3.66353      0 -
     1     2725     0.001884     11291.6049       0.0000      3.66639     3.66639   11274.0221     3.66353      0 -
     1     2726      0.00188     11291.6049       0.0000      3.66639     3.66639   11274.0221     3.66353      0 -
     1     2727     0.001875     11291.6049       0.0000      3.66639     3.66639   11274.0221     3.66353      0 -
     1     2728     0.001871     11291.6049       0.0000      3.66639     3.66639   11274.0221     3.66353      0 -
     1     2729     0.001867     11291.6049       0.0000      3.66639     3.66639   11274.0221     3.66353      0 -
     1     2730     0.001862     11291.6049       0.0000      3.66639     3.66639   11274.0221     3.66353      0 -
     1     2731     0.001858     11291.6049       0.0000      3.66639     3.66639   11274.0221     3.66353      0 -
     1     2732     0.001854     11291.6049       0.0000      3.66639     3.66639   11274.0221     3.66353      0 -
     1     2733      0.00185     11291.6049       0.0000      3.66639     3.66639   11274.0221     3.66353      0 -
     1     2734     0.001845     11291.6049       0.0000      3.66639     3.66639   11274.0221     3.66353      0 -
     1     2735     0.001841     11291.6049       0.0000      3.66639     3.66639   11274.0221     3.66353      0 -
     1     2736     0.001837     11291.6049       0.0000      3.66639     3.66639   11274.0221     3.66353      0 -
     1     2737     0.001833     11291.6049       0.0000      3.66639     3.66639   11274.0221     3.66353      0 -
     1     2738     0.001828     11226.5400     -65.0649      3.65581     3.65581   11226.5400     3.65581      1 chain_01/itr_02738_trial_01.rho
     1     2739     0.001824     11226.5400       0.0000      3.65581     3.65581   11226.5400     3.65581      0 -
     1     2740      0.00182     11226.5400       0.0000      3.65581     3.65581   11226.5400     3.65581      0 -
     1     2741     0.001816     11226.5400       0.0000      3.65581     3.65581   11226.5400     3.65581      0 -
     1     2742     0.001812     11226.5400       0.0000      3.65581     3.65581   11226.5400     3.65581      0 -
     1     2743     0.001808     11226.5400       0.0000      3.65581     3.65581   11226.5400     3.65581      0 -
     1     2744     0.001803     11226.5400       0.0000      3.65581     3.65581   11226.5400     3.65581      0 -
     1     2745     0.001799     11226.5400       0.0000      3.65581     3.65581   11226.5400     3.65581      0 -
     1     2746     0.001795     11203.8584     -22.6816      3.65211     3.65211   11203.8584     3.65211      1 chain_01/itr_02746_trial_01.rho
     1     2747     0.001791     11203.8584       0.0000      3.65211     3.65211   11203.8584     3.65211      0 -
     1     2748     0.001787     11203.8584       0.0000      3.65211     3.65211   11203.8584     3.65211      0 -
     1     2749     0.001783     11203.8584       0.0000      3.65211     3.65211   11203.8584     3.65211      0 -
     1     2750     0.001779     11203.8584       0.0000      3.65211     3.65211   11203.8584     3.65211      0 -
     1     2751     0.001775     11173.7508     -30.1076      3.64720     3.64720   11173.7508     3.64720      1 chain_01/itr_02751_trial_01.rho
     1     2752      0.00177     11173.7508       0.0000      3.64720     3.64720   11173.7508     3.64720      0 -
     1     2753     0.001766     11173.7508       0.0000      3.64720     3.64720   11173.7508     3.64720      0 -
     1     2754     0.001762     11173.7508       0.0000      3.64720     3.64720   11173.7508     3.64720      0 -
     1     2755     0.001758     11173.7508       0.0000      3.64720     3.64720   11173.7508     3.64720      0 -
     1     2756     0.001754     11173.7508       0.0000      3.64720     3.64720   11173.7508     3.64720      0 -
     1     2757      0.00175     11173.7508       0.0000      3.64720     3.64720   11173.7508     3.64720      0 -
     1     2758     0.001746     11173.7508       0.0000      3.64720     3.64720   11173.7508     3.64720      0 -
     1     2759     0.001742     11173.7508       0.0000      3.64720     3.64720   11173.7508     3.64720      0 -
     1     2760     0.001738     11173.7508       0.0000      3.64720     3.64720   11173.7508     3.64720      0 -
     1     2761     0.001734     11173.7508       0.0000      3.64720     3.64720   11173.7508     3.64720      0 -
     1     2762      0.00173     11173.7508       0.0000      3.64720     3.64720   11173.7508     3.64720      0 -
     1     2763     0.001726     11173.7508       0.0000      3.64720     3.64720   11173.7508     3.64720      0 -
     1     2764     0.001722     11173.7508       0.0000      3.64720     3.64720   11173.7508     3.64720      0 -
     1     2765     0.001718     11173.7508       0.0000      3.64720     3.64720   11173.7508     3.64720      0 -
     1     2766     0.001714     11173.7508       0.0000      3.64720     3.64720   11173.7508     3.64720      0 -
     1     2767      0.00171     11173.7508       0.0000      3.64720     3.64720   11173.7508     3.64720      0 -
     1     2768     0.001706     11173.7508       0.0000      3.64720     3.64720   11173.7508     3.64720      0 -
     1     2769     0.001702     11173.7508       0.0000      3.64720     3.64720   11173.7508     3.64720      0 -
     1     2770     0.001699     11173.7508       0.0000      3.64720     3.64720   11173.7508     3.64720      0 -
     1     2771     0.001695     11173.7508       0.0000      3.64720     3.64720   11173.7508     3.64720      0 -
     1     2772     0.001691     11173.7508       0.0000      3.64720     3.64720   11173.7508     3.64720      0 -
     1     2773     0.001687     11173.7508       0.0000      3.64720     3.64720   11173.7508     3.64720      0 -
     1     2774     0.001683     11173.7508       0.0000      3.64720     3.64720   11173.7508     3.64720      0 -
     1     2775     0.001679     11173.7508       0.0000      3.64720     3.64720   11173.7508     3.64720      0 -
     1     2776     0.001675     11165.4711      -8.2797      3.64585     3.64585   11165.4711     3.64585      1 chain_01/itr_02776_trial_01.rho
     1     2777     0.001671     11165.4711       0.0000      3.64585     3.64585   11165.4711     3.64585      0 -
     1     2778     0.001668     11165.4711       0.0000      3.64585     3.64585   11165.4711     3.64585      0 -
     1     2779     0.001664     11165.4711       0.0000      3.64585     3.64585   11165.4711     3.64585      0 -
     1     2780      0.00166     11165.4711       0.0000      3.64585     3.64585   11165.4711     3.64585      0 -
     1     2781     0.001656     11165.4711       0.0000      3.64585     3.64585   11165.4711     3.64585      0 -
     1     2782     0.001652     11165.4711       0.0000      3.64585     3.64585   11165.4711     3.64585      0 -
     1     2783     0.001648     11165.4711       0.0000      3.64585     3.64585   11165.4711     3.64585      0 -
     1     2784     0.001645     11165.4711       0.0000      3.64585     3.64585   11165.4711     3.64585      0 -
     1     2785     0.001641     11166.3428       0.8718      3.64599     3.64599   11165.4711     3.64585      1 chain_01/itr_02785_trial_01.rho
     1     2786     0.001637     11166.3428       0.0000      3.64599     3.64599   11165.4711     3.64585      0 -
     1     2787     0.001633     11068.8564     -97.4864      3.63004     3.63004   11068.8564     3.63004      1 chain_01/itr_02787_trial_01.rho
     1     2788      0.00163     11068.8564       0.0000      3.63004     3.63004   11068.8564     3.63004      0 -
     1     2789     0.001626     11068.8564       0.0000      3.63004     3.63004   11068.8564     3.63004      0 -
     1     2790     0.001622     11068.8564       0.0000      3.63004     3.63004   11068.8564     3.63004      0 -
     1     2791     0.001618     10901.7363    -167.1200      3.60253     3.60253   10901.7363     3.60253      1 chain_01/itr_02791_trial_01.rho
     1     2792     0.001615     10918.8499      17.1136      3.60536     3.60536   10901.7363     3.60253      1 chain_01/itr_02792_trial_01.rho
     1     2793     0.001611     10887.3012     -31.5488      3.60015     3.60015   10887.3012     3.60015      1 chain_01/itr_02793_trial_01.rho
     1     2794     0.001607     10887.3012       0.0000      3.60015     3.60015   10887.3012     3.60015      0 -
     1     2795     0.001603     10811.9030     -75.3981      3.58766     3.58766   10811.9030     3.58766      1 chain_01/itr_02795_trial_01.rho
     1     2796       0.0016     10811.9030       0.0000      3.58766     3.58766   10811.9030     3.58766      0 -
     1     2797     0.001596     10811.9030       0.0000      3.58766     3.58766   10811.9030     3.58766      0 -
     1     2798     0.001592     10811.9030       0.0000      3.58766     3.58766   10811.9030     3.58766      0 -
     1     2799     0.001589     10811.9030       0.0000      3.58766     3.58766   10811.9030     3.58766      0 -
     1     2800     0.001585     10811.9030       0.0000      3.58766     3.58766   10811.9030     3.58766      0 -
     1     2801     0.001581     10811.9030       0.0000      3.58766     3.58766   10811.9030     3.58766      0 -
     1     2802     0.001578     10811.9030       0.0000      3.58766     3.58766   10811.9030     3.58766      0 -
     1     2803     0.001574     10811.9030       0.0000      3.58766     3.58766   10811.9030     3.58766      0 -
     1     2804     0.001571     10811.9030       0.0000      3.58766     3.58766   10811.9030     3.58766      0 -
     1     2805     0.001567     10811.9030       0.0000      3.58766     3.58766   10811.9030     3.58766      0 -
     1     2806     0.001563     10811.9030       0.0000      3.58766     3.58766   10811.9030     3.58766      0 -
     1     2807      0.00156     10788.7852     -23.1178      3.58382     3.58382   10788.7852     3.58382      1 chain_01/itr_02807_trial_01.rho
     1     2808     0.001556     10788.7852       0.0000      3.58382     3.58382   10788.7852     3.58382      0 -
     1     2809     0.001553     10788.7852       0.0000      3.58382     3.58382   10788.7852     3.58382      0 -
     1     2810     0.001549     10788.7852       0.0000      3.58382     3.58382   10788.7852     3.58382      0 -
     1     2811     0.001545     10788.7852       0.0000      3.58382     3.58382   10788.7852     3.58382      0 -
     1     2812     0.001542     10811.8268      23.0416      3.58765     3.58765   10788.7852     3.58382      1 chain_01/itr_02812_trial_01.rho
     1     2813     0.001538     10811.8268       0.0000      3.58765     3.58765   10788.7852     3.58382      0 -
     1     2814     0.001535     10811.8268       0.0000      3.58765     3.58765   10788.7852     3.58382      0 -
     1     2815     0.001531     10811.8268       0.0000      3.58765     3.58765   10788.7852     3.58382      0 -
     1     2816     0.001528     10811.8268       0.0000      3.58765     3.58765   10788.7852     3.58382      0 -
     1     2817     0.001524     10811.8268       0.0000      3.58765     3.58765   10788.7852     3.58382      0 -
     1     2818     0.001521     10811.8268       0.0000      3.58765     3.58765   10788.7852     3.58382      0 -
     1     2819     0.001517     10826.6561      14.8293      3.59011     3.59011   10788.7852     3.58382      1 chain_01/itr_02819_trial_01.rho
     1     2820     0.001514     10721.9462    -104.7098      3.57271     3.57271   10721.9462     3.57271      1 chain_01/itr_02820_trial_01.rho
     1     2821      0.00151     10575.8781    -146.0681      3.54829     3.54829   10575.8781     3.54829      1 chain_01/itr_02821_trial_01.rho
     1     2822     0.001507     10575.8781       0.0000      3.54829     3.54829   10575.8781     3.54829      0 -
     1     2823     0.001503     10575.8781       0.0000      3.54829     3.54829   10575.8781     3.54829      0 -
     1     2824       0.0015     10575.8781       0.0000      3.54829     3.54829   10575.8781     3.54829      0 -
     1     2825     0.001496     10570.3828      -5.4953      3.54736     3.54736   10570.3828     3.54736      1 chain_01/itr_02825_trial_01.rho
     1     2826     0.001493     10570.3828       0.0000      3.54736     3.54736   10570.3828     3.54736      0 -
     1     2827      0.00149     10570.3828       0.0000      3.54736     3.54736   10570.3828     3.54736      0 -
     1     2828     0.001486     10570.3828       0.0000      3.54736     3.54736   10570.3828     3.54736      0 -
     1     2829     0.001483     10570.3828       0.0000      3.54736     3.54736   10570.3828     3.54736      0 -
     1     2830     0.001479     10570.3828       0.0000      3.54736     3.54736   10570.3828     3.54736      0 -
     1     2831     0.001476     10570.3828       0.0000      3.54736     3.54736   10570.3828     3.54736      0 -
     1     2832     0.001473     10570.3828       0.0000      3.54736     3.54736   10570.3828     3.54736      0 -
     1     2833     0.001469     10570.3828       0.0000      3.54736     3.54736   10570.3828     3.54736      0 -
     1     2834     0.001466     10570.3828       0.0000      3.54736     3.54736   10570.3828     3.54736      0 -
     1     2835     0.001462     10570.3828       0.0000      3.54736     3.54736   10570.3828     3.54736      0 -
     1     2836     0.001459     10570.3828       0.0000      3.54736     3.54736   10570.3828     3.54736      0 -
     1     2837     0.001456     10570.3828       0.0000      3.54736     3.54736   10570.3828     3.54736      0 -
     1     2838     0.001452     10570.3828       0.0000      3.54736     3.54736   10570.3828     3.54736      0 -
     1     2839     0.001449     10570.3828       0.0000      3.54736     3.54736   10570.3828     3.54736      0 -
     1     2840     0.001446     10570.3828       0.0000      3.54736     3.54736   10570.3828     3.54736      0 -
     1     2841     0.001442     10570.3828       0.0000      3.54736     3.54736   10570.3828     3.54736      0 -
     1     2842     0.001439     10570.3828       0.0000      3.54736     3.54736   10570.3828     3.54736      0 -
     1     2843     0.001436     10570.3828       0.0000      3.54736     3.54736   10570.3828     3.54736      0 -
     1     2844     0.001432     10570.3828       0.0000      3.54736     3.54736   10570.3828     3.54736      0 -
     1     2845     0.001429     10570.3828       0.0000      3.54736     3.54736   10570.3828     3.54736      0 -
     1     2846     0.001426     10570.3828       0.0000      3.54736     3.54736   10570.3828     3.54736      0 -
     1     2847     0.001422     10570.3828       0.0000      3.54736     3.54736   10570.3828     3.54736      0 -
     1     2848     0.001419     10570.3828       0.0000      3.54736     3.54736   10570.3828     3.54736      0 -
     1     2849     0.001416     10570.3828       0.0000      3.54736     3.54736   10570.3828     3.54736      0 -
     1     2850     0.001413     10570.3828       0.0000      3.54736     3.54736   10570.3828     3.54736      0 -
     1     2851     0.001409     10570.3828       0.0000      3.54736     3.54736   10570.3828     3.54736      0 -
     1     2852     0.001406     10570.3828       0.0000      3.54736     3.54736   10570.3828     3.54736      0 -
     1     2853     0.001403     10570.3828       0.0000      3.54736     3.54736   10570.3828     3.54736      0 -
     1     2854       0.0014     10570.3828       0.0000      3.54736     3.54736   10570.3828     3.54736      0 -
     1     2855     0.001397     10570.3828       0.0000      3.54736     3.54736   10570.3828     3.54736      0 -
     1     2856     0.001393     10570.3828       0.0000      3.54736     3.54736   10570.3828     3.54736      0 -
     1     2857      0.00139     10558.3065     -12.0763      3.54534     3.54534   10558.3065     3.54534      1 chain_01/itr_02857_trial_01.rho
     1     2858     0.001387     10558.3065       0.0000      3.54534     3.54534   10558.3065     3.54534      0 -
     1     2859     0.001384     10558.3065       0.0000      3.54534     3.54534   10558.3065     3.54534      0 -
     1     2860     0.001381     10558.3065       0.0000      3.54534     3.54534   10558.3065     3.54534      0 -
     1     2861     0.001377     10558.3065       0.0000      3.54534     3.54534   10558.3065     3.54534      0 -
     1     2862     0.001374     10558.3065       0.0000      3.54534     3.54534   10558.3065     3.54534      0 -
     1     2863     0.001371     10558.3065       0.0000      3.54534     3.54534   10558.3065     3.54534      0 -
     1     2864     0.001368     10558.3065       0.0000      3.54534     3.54534   10558.3065     3.54534      0 -
     1     2865     0.001365     10558.3065       0.0000      3.54534     3.54534   10558.3065     3.54534      0 -
     1     2866     0.001362     10558.3065       0.0000      3.54534     3.54534   10558.3065     3.54534      0 -
     1     2867     0.001358     10558.3065       0.0000      3.54534     3.54534   10558.3065     3.54534      0 -
     1     2868     0.001355     10558.3065       0.0000      3.54534     3.54534   10558.3065     3.54534      0 -
     1     2869     0.001352     10570.3682      12.0617      3.54736     3.54736   10558.3065     3.54534      1 chain_01/itr_02869_trial_01.rho
     1     2870     0.001349     10570.3682       0.0000      3.54736     3.54736   10558.3065     3.54534      0 -
     1     2871     0.001346     10570.3682       0.0000      3.54736     3.54736   10558.3065     3.54534      0 -
     1     2872     0.001343     10605.0989      34.7306      3.55318     3.55318   10558.3065     3.54534      1 chain_01/itr_02872_trial_01.rho
     1     2873      0.00134     10605.0989       0.0000      3.55318     3.55318   10558.3065     3.54534      0 -
     1     2874     0.001337     10605.0989       0.0000      3.55318     3.55318   10558.3065     3.54534      0 -
     1     2875     0.001334     10605.0989       0.0000      3.55318     3.55318   10558.3065     3.54534      0 -
     1     2876     0.001331     10605.0989       0.0000      3.55318     3.55318   10558.3065     3.54534      0 -
     1     2877     0.001328     10605.0989       0.0000      3.55318     3.55318   10558.3065     3.54534      0 -
     1     2878     0.001324     10605.0989       0.0000      3.55318     3.55318   10558.3065     3.54534      0 -
     1     2879     0.001321     10605.0989       0.0000      3.55318     3.55318   10558.3065     3.54534      0 -
     1     2880     0.001318     10562.6496     -42.4493      3.54607     3.54607   10558.3065     3.54534      1 chain_01/itr_02880_trial_01.rho
     1     2881     0.001315     10562.6496       0.0000      3.54607     3.54607   10558.3065     3.54534      0 -
     1     2882     0.001312     10562.6496       0.0000      3.54607     3.54607   10558.3065     3.54534      0 -
     1     2883     0.001309     10562.6496       0.0000      3.54607     3.54607   10558.3065     3.54534      0 -
     1     2884     0.001306     10562.6496       0.0000      3.54607     3.54607   10558.3065     3.54534      0 -
     1     2885     0.001303     10562.6496       0.0000      3.54607     3.54607   10558.3065     3.54534      0 -
     1     2886       0.0013     10562.6496       0.0000      3.54607     3.54607   10558.3065     3.54534      0 -
     1     2887     0.001297     10562.6496       0.0000      3.54607     3.54607   10558.3065     3.54534      0 -
     1     2888     0.001294     10562.6496       0.0000      3.54607     3.54607   10558.3065     3.54534      0 -
     1     2889     0.001291     10562.6496       0.0000      3.54607     3.54607   10558.3065     3.54534      0 -
     1     2890     0.001288     10527.5581     -35.0915      3.54017     3.54017   10527.5581     3.54017      1 chain_01/itr_02890_trial_01.rho
     1     2891     0.001285     10527.5581       0.0000      3.54017     3.54017   10527.5581     3.54017      0 -
     1     2892     0.001282     10527.5581       0.0000      3.54017     3.54017   10527.5581     3.54017      0 -
     1     2893     0.001279     10447.8262     -79.7319      3.52674     3.52674   10447.8262     3.52674      1 chain_01/itr_02893_trial_01.rho
     1     2894     0.001277     10447.8262       0.0000      3.52674     3.52674   10447.8262     3.52674      0 -
     1     2895     0.001274     10431.3770     -16.4492      3.52396     3.52396   10431.3770     3.52396      1 chain_01/itr_02895_trial_01.rho
     1     2896     0.001271     10431.3770       0.0000      3.52396     3.52396   10431.3770     3.52396      0 -
     1     2897     0.001268     10431.3770       0.0000      3.52396     3.52396   10431.3770     3.52396      0 -
     1     2898     0.001265     10431.3770       0.0000      3.52396     3.52396   10431.3770     3.52396      0 -
     1     2899     0.001262     10431.3770       0.0000      3.52396     3.52396   10431.3770     3.52396      0 -
     1     2900     0.001259     10431.3770       0.0000      3.52396     3.52396   10431.3770     3.52396      0 -
     1     2901     0.001256     10431.3770       0.0000      3.52396     3.52396   10431.3770     3.52396      0 -
     1     2902     0.001253     10431.3770       0.0000      3.52396     3.52396   10431.3770     3.52396      0 -
     1     2903      0.00125     10431.3770       0.0000      3.52396     3.52396   10431.3770     3.52396      0 -
     1     2904     0.001247     10431.3770       0.0000      3.52396     3.52396   10431.3770     3.52396      0 -
     1     2905     0.001245     10431.3770       0.0000      3.52396     3.52396   10431.3770     3.52396      0 -
     1     2906     0.001242     10431.3770       0.0000      3.52396     3.52396   10431.3770     3.52396      0 -
     1     2907     0.001239     10431.3770       0.0000      3.52396     3.52396   10431.3770     3.52396      0 -
     1     2908     0.001236     10431.3770       0.0000      3.52396     3.52396   10431.3770     3.52396      0 -
     1     2909     0.001233     10431.3770       0.0000      3.52396     3.52396   10431.3770     3.52396      0 -
     1     2910      0.00123     10411.5389     -19.8381      3.52061     3.52061   10411.5389     3.52061      1 chain_01/itr_02910_trial_01.rho
     1     2911     0.001228     10411.5389       0.0000      3.52061     3.52061   10411.5389     3.52061      0 -
     1     2912     0.001225     10411.5389       0.0000      3.52061     3.52061   10411.5389     3.52061      0 -
     1     2913     0.001222     10411.5389       0.0000      3.52061     3.52061   10411.5389     3.52061      0 -
     1     2914     0.001219     10415.1026       3.5637      3.52121     3.52121   10411.5389     3.52061      1 chain_01/itr_02914_trial_01.rho
     1     2915     0.001216     10415.1026       0.0000      3.52121     3.52121   10411.5389     3.52061      0 -
     1     2916     0.001213     10415.1026       0.0000      3.52121     3.52121   10411.5389     3.52061      0 -
     1     2917     0.001211     10415.1026       0.0000      3.52121     3.52121   10411.5389     3.52061      0 -
     1     2918     0.001208     10415.1026       0.0000      3.52121     3.52121   10411.5389     3.52061      0 -
     1     2919     0.001205     10415.1026       0.0000      3.52121     3.52121   10411.5389     3.52061      0 -
     1     2920     0.001202     10415.1026       0.0000      3.52121     3.52121   10411.5389     3.52061      0 -
     1     2921       0.0012     10415.1026       0.0000      3.52121     3.52121   10411.5389     3.52061      0 -
     1     2922     0.001197     10415.1026       0.0000      3.52121     3.52121   10411.5389     3.52061      0 -
     1     2923     0.001194     10415.1026       0.0000      3.52121     3.52121   10411.5389     3.52061      0 -
     1     2924     0.001191     10415.1026       0.0000      3.52121     3.52121   10411.5389     3.52061      0 -
     1     2925     0.001189     10415.1026       0.0000      3.52121     3.52121   10411.5389     3.52061      0 -
     1     2926     0.001186     10415.1026       0.0000      3.52121     3.52121   10411.5389     3.52061      0 -
     1     2927     0.001183     10415.1026       0.0000      3.52121     3.52121   10411.5389     3.52061      0 -
     1     2928      0.00118     10415.1026       0.0000      3.52121     3.52121   10411.5389     3.52061      0 -
     1     2929     0.001178     10415.1026       0.0000      3.52121     3.52121   10411.5389     3.52061      0 -
     1     2930     0.001175     10388.9795     -26.1231      3.51679     3.51679   10388.9795     3.51679      1 chain_01/itr_02930_trial_01.rho
     1     2931     0.001172     10388.9795       0.0000      3.51679     3.51679   10388.9795     3.51679      0 -
     1     2932      0.00117     10388.9795       0.0000      3.51679     3.51679   10388.9795     3.51679      0 -
     1     2933     0.001167     10388.9795       0.0000      3.51679     3.51679   10388.9795     3.51679      0 -
     1     2934     0.001164     10388.9795       0.0000      3.51679     3.51679   10388.9795     3.51679      0 -
     1     2935     0.001162     10388.9795       0.0000      3.51679     3.51679   10388.9795     3.51679      0 -
     1     2936     0.001159     10388.9795       0.0000      3.51679     3.51679   10388.9795     3.51679      0 -
     1     2937     0.001156     10388.9795       0.0000      3.51679     3.51679   10388.9795     3.51679      0 -
     1     2938     0.001154     10388.9795       0.0000      3.51679     3.51679   10388.9795     3.51679      0 -
     1     2939     0.001151     10388.9795       0.0000      3.51679     3.51679   10388.9795     3.51679      0 -
     1     2940     0.001148     10388.9795       0.0000      3.51679     3.51679   10388.9795     3.51679      0 -
     1     2941     0.001146     10388.9795       0.0000      3.51679     3.51679   10388.9795     3.51679      0 -
     1     2942     0.001143     10388.9795       0.0000      3.51679     3.51679   10388.9795     3.51679      0 -
     1     2943      0.00114     10388.9795       0.0000      3.51679     3.51679   10388.9795     3.51679      0 -
     1     2944     0.001138     10388.9795       0.0000      3.51679     3.51679   10388.9795     3.51679      0 -
     1     2945     0.001135     10388.9795       0.0000      3.51679     3.51679   10388.9795     3.51679      0 -
     1     2946     0.001132     10334.7561     -54.2235      3.50760     3.50760   10334.7561     3.50760      1 chain_01/itr_02946_trial_01.rho
     1     2947      0.00113     10334.7561       0.0000      3.50760     3.50760   10334.7561     3.50760      0 -
     1     2948     0.001127     10334.7561       0.0000      3.50760     3.50760   10334.7561     3.50760      0 -
     1     2949     0.001125     10334.7561       0.0000      3.50760     3.50760   10334.7561     3.50760      0 -
     1     2950     0.001122     10334.7561       0.0000      3.50760     3.50760   10334.7561     3.50760      0 -
     1     2951     0.001119     10334.7561       0.0000      3.50760     3.50760   10334.7561     3.50760      0 -
     1     2952     0.001117     10334.7561       0.0000      3.50760     3.50760   10334.7561     3.50760      0 -
     1     2953     0.001114     10334.7561       0.0000      3.50760     3.50760   10334.7561     3.50760      0 -
     1     2954     0.001112     10334.7561       0.0000      3.50760     3.50760   10334.7561     3.50760      0 -
     1     2955     0.001109     10334.7561       0.0000      3.50760     3.50760   10334.7561     3.50760      0 -
     1     2956     0.001107     10334.7561       0.0000      3.50760     3.50760   10334.7561     3.50760      0 -
     1     2957     0.001104     10334.7561       0.0000      3.50760     3.50760   10334.7561     3.50760      0 -
     1     2958     0.001102     10334.7561       0.0000      3.50760     3.50760   10334.7561     3.50760      0 -
     1     2959     0.001099     10334.7561       0.0000      3.50760     3.50760   10334.7561     3.50760      0 -
     1     2960     0.001097     10334.7561       0.0000      3.50760     3.50760   10334.7561     3.50760      0 -
     1     2961     0.001094     10334.7561       0.0000      3.50760     3.50760   10334.7561     3.50760      0 -
     1     2962     0.001091     10334.7561       0.0000      3.50760     3.50760   10334.7561     3.50760      0 -
     1     2963     0.001089     10334.7561       0.0000      3.50760     3.50760   10334.7561     3.50760      0 -
     1     2964     0.001086     10334.7561       0.0000      3.50760     3.50760   10334.7561     3.50760      0 -
     1     2965     0.001084     10334.7561       0.0000      3.50760     3.50760   10334.7561     3.50760      0 -
     1     2966     0.001081     10334.7561       0.0000      3.50760     3.50760   10334.7561     3.50760      0 -
     1     2967     0.001079     10334.7561       0.0000      3.50760     3.50760   10334.7561     3.50760      0 -
     1     2968     0.001076     10334.7561       0.0000      3.50760     3.50760   10334.7561     3.50760      0 -
     1     2969     0.001074     10334.7561       0.0000      3.50760     3.50760   10334.7561     3.50760      0 -
     1     2970     0.001072     10334.7561       0.0000      3.50760     3.50760   10334.7561     3.50760      0 -
     1     2971     0.001069     10334.7561       0.0000      3.50760     3.50760   10334.7561     3.50760      0 -
     1     2972     0.001067     10334.7561       0.0000      3.50760     3.50760   10334.7561     3.50760      0 -
     1     2973     0.001064     10334.7561       0.0000      3.50760     3.50760   10334.7561     3.50760      0 -
     1     2974     0.001062     10334.7561       0.0000      3.50760     3.50760   10334.7561     3.50760      0 -
     1     2975     0.001059     10334.7561       0.0000      3.50760     3.50760   10334.7561     3.50760      0 -
     1     2976     0.001057     10334.7561       0.0000      3.50760     3.50760   10334.7561     3.50760      0 -
     1     2977     0.001054     10334.7561       0.0000      3.50760     3.50760   10334.7561     3.50760      0 -
     1     2978     0.001052     10334.7561       0.0000      3.50760     3.50760   10334.7561     3.50760      0 -
     1     2979      0.00105     10334.7561       0.0000      3.50760     3.50760   10334.7561     3.50760      0 -
     1     2980     0.001047     10334.7561       0.0000      3.50760     3.50760   10334.7561     3.50760      0 -
     1     2981     0.001045     10334.7561       0.0000      3.50760     3.50760   10334.7561     3.50760      0 -
     1     2982     0.001042     10334.7561       0.0000      3.50760     3.50760   10334.7561     3.50760      0 -
     1     2983      0.00104     10334.7561       0.0000      3.50760     3.50760   10334.7561     3.50760      0 -
     1     2984     0.001038     10334.7561       0.0000      3.50760     3.50760   10334.7561     3.50760      0 -
     1     2985     0.001035     10334.7561       0.0000      3.50760     3.50760   10334.7561     3.50760      0 -
     1     2986     0.001033     10334.7561       0.0000      3.50760     3.50760   10334.7561     3.50760      0 -
     1     2987      0.00103     10309.3783     -25.3778      3.50329     3.50329   10309.3783     3.50329      1 chain_01/itr_02987_trial_01.rho
     1     2988     0.001028     10309.3783       0.0000      3.50329     3.50329   10309.3783     3.50329      0 -
     1     2989     0.001026     10309.3783       0.0000      3.50329     3.50329   10309.3783     3.50329      0 -
     1     2990     0.001023     10309.3783       0.0000      3.50329     3.50329   10309.3783     3.50329      0 -
     1     2991     0.001021     10309.3783       0.0000      3.50329     3.50329   10309.3783     3.50329      0 -
     1     2992     0.001019     10309.3783       0.0000      3.50329     3.50329   10309.3783     3.50329      0 -
     1     2993     0.001016     10309.3783       0.0000      3.50329     3.50329   10309.3783     3.50329      0 -
     1     2994     0.001014     10309.3783       0.0000      3.50329     3.50329   10309.3783     3.50329      0 -
     1     2995     0.001012     10309.3783       0.0000      3.50329     3.50329   10309.3783     3.50329      0 -
     1     2996     0.001009     10309.3783       0.0000      3.50329     3.50329   10309.3783     3.50329      0 -
     1     2997     0.001007     10309.3783       0.0000      3.50329     3.50329   10309.3783     3.50329      0 -
     1     2998     0.001005     10309.3783       0.0000      3.50329     3.50329   10309.3783     3.50329      0 -
     1     2999     0.001002     10309.3783       0.0000      3.50329     3.50329   10309.3783     3.50329      0 -
     1     3000        0.001     10309.3783       0.0000      3.50329     3.50329   10309.3783     3.50329      0 -
