# VFSA 2D iteration best - 2026-09-15 00:31:52
# chains=2  n_ctrl=250  frac_update_controls=1.0  temp_kappa=1.0  cool_ratio=0.001  target_rms=1.0  n_trials=1
--------------------------------------------------------------------------------------------------------------------------------------------------------------------------------------------------------
 Chain     Iter         Temp       Chi2Curr        dChi2      RMSCurr     CurrRMS     Chi2Best     RMSBest   Nacc Model
--------------------------------------------------------------------------------------------------------------------------------------------------------------------------------------------------------
     2        1            1     17480.4608    -471.8915      4.56181     4.56181   17480.4608     4.56181      1 chain_02/itr_00001_trial_01.rho
     2        2       0.9914     19432.5988    1952.1381      4.80979     4.80979   17480.4608     4.56181      1 chain_02/itr_00002_trial_01.rho
     2        3       0.9829     19777.3992     344.8003      4.85227     4.85227   17480.4608     4.56181      1 chain_02/itr_00003_trial_01.rho
     2        4       0.9744     20303.1544     525.7552      4.91634     4.91634   17480.4608     4.56181      1 chain_02/itr_00004_trial_01.rho
     2        5        0.966     19643.4554    -659.6991      4.83581     4.83581   17480.4608     4.56181      1 chain_02/itr_00005_trial_01.rho
     2        6       0.9577     18958.5040    -684.9514      4.75075     4.75075   17480.4608     4.56181      1 chain_02/itr_00006_trial_01.rho
     2        7       0.9494     19442.4607     483.9567      4.81101     4.81101   17480.4608     4.56181      1 chain_02/itr_00007_trial_01.rho
     2        8       0.9413     19256.7001    -185.7606      4.78797     4.78797   17480.4608     4.56181      1 chain_02/itr_00008_trial_01.rho
     2        9       0.9332     21283.4624    2026.7623      5.03363     5.03363   17480.4608     4.56181      1 chain_02/itr_00009_trial_01.rho
     2       10       0.9251     23523.6734    2240.2110      5.29192     5.29192   17480.4608     4.56181      1 chain_02/itr_00010_trial_01.rho
     2       11       0.9172     23086.8681    -436.8053      5.24255     5.24255   17480.4608     4.56181      1 chain_02/itr_00011_trial_01.rho
     2       12       0.9093     23922.9238     836.0557      5.33663     5.33663   17480.4608     4.56181      1 chain_02/itr_00012_trial_01.rho
     2       13       0.9015     25935.3386    2012.4148      5.55656     5.55656   17480.4608     4.56181      1 chain_02/itr_00013_trial_01.rho
     2       14       0.8937     26361.3530     426.0144      5.60201     5.60201   17480.4608     4.56181      1 chain_02/itr_00014_trial_01.rho
     2       15        0.886     24496.1171   -1865.2359      5.40019     5.40019   17480.4608     4.56181      1 chain_02/itr_00015_trial_01.rho
     2       16       0.8784     22687.5039   -1808.6132      5.19701     5.19701   17480.4608     4.56181      1 chain_02/itr_00016_trial_01.rho
     2       17       0.8708     22986.3395     298.8356      5.23113     5.23113   17480.4608     4.56181      1 chain_02/itr_00017_trial_01.rho
     2       18       0.8633     23773.5600     787.2205      5.31995     5.31995   17480.4608     4.56181      1 chain_02/itr_00018_trial_01.rho
     2       19       0.8559     24692.6487     919.0887      5.42181     5.42181   17480.4608     4.56181      1 chain_02/itr_00019_trial_01.rho
     2       20       0.8485     24969.4935     276.8448      5.45212     5.45212   17480.4608     4.56181      1 chain_02/itr_00020_trial_01.rho
     2       21       0.8412     24738.2089    -231.2846      5.42681     5.42681   17480.4608     4.56181      1 chain_02/itr_00021_trial_01.rho
     2       22        0.834     24304.9562    -433.2527      5.37908     5.37908   17480.4608     4.56181      1 chain_02/itr_00022_trial_01.rho
     2       23       0.8268     27704.0974    3399.1412      5.74291     5.74291   17480.4608     4.56181      1 chain_02/itr_00023_trial_01.rho
     2       24       0.8197     30429.9782    2725.8808      6.01882     6.01882   17480.4608     4.56181      1 chain_02/itr_00024_trial_01.rho
     2       25       0.8126     30955.3271     525.3489      6.07055     6.07055   17480.4608     4.56181      1 chain_02/itr_00025_trial_01.rho
     2       26       0.8056     29379.4377   -1575.8894      5.91401     5.91401   17480.4608     4.56181      1 chain_02/itr_00026_trial_01.rho
     2       27       0.7987     29273.8109    -105.6268      5.90337     5.90337   17480.4608     4.56181      1 chain_02/itr_00027_trial_01.rho
     2       28       0.7918     29296.7424      22.9315      5.90568     5.90568   17480.4608     4.56181      1 chain_02/itr_00028_trial_01.rho
     2       29        0.785     29257.3424     -39.4000      5.90171     5.90171   17480.4608     4.56181      1 chain_02/itr_00029_trial_01.rho
     2       30       0.7782     29059.4538    -197.8886      5.88172     5.88172   17480.4608     4.56181      1 chain_02/itr_00030_trial_01.rho
     2       31       0.7715     27721.3779   -1338.0759      5.74471     5.74471   17480.4608     4.56181      1 chain_02/itr_00031_trial_01.rho
     2       32       0.7649     25634.3337   -2087.0442      5.52423     5.52423   17480.4608     4.56181      1 chain_02/itr_00032_trial_01.rho
     2       33       0.7583     27049.5770    1415.2434      5.67467     5.67467   17480.4608     4.56181      1 chain_02/itr_00033_trial_01.rho
     2       34       0.7518     28305.3082    1255.7312      5.80489     5.80489   17480.4608     4.56181      1 chain_02/itr_00034_trial_01.rho
     2       35       0.7453     30473.2453    2167.9370      6.02309     6.02309   17480.4608     4.56181      1 chain_02/itr_00035_trial_01.rho
     2       36       0.7389     37843.8362    7370.5909      6.71209     6.71209   17480.4608     4.56181      1 chain_02/itr_00036_trial_01.rho
     2       37       0.7325     35415.7185   -2428.1177      6.49319     6.49319   17480.4608     4.56181      1 chain_02/itr_00037_trial_01.rho
     2       38       0.7262     35559.5858     143.8673      6.50637     6.50637   17480.4608     4.56181      1 chain_02/itr_00038_trial_01.rho
     2       39         0.72     32570.4764   -2989.1094      6.22691     6.22691   17480.4608     4.56181      1 chain_02/itr_00039_trial_01.rho
     2       40       0.7138     32634.0448      63.5684      6.23298     6.23298   17480.4608     4.56181      1 chain_02/itr_00040_trial_01.rho
     2       41       0.7076     32505.5651    -128.4797      6.22070     6.22070   17480.4608     4.56181      1 chain_02/itr_00041_trial_01.rho
     2       42       0.7015     36078.3096    3572.7445      6.55365     6.55365   17480.4608     4.56181      1 chain_02/itr_00042_trial_01.rho
     2       43       0.6955     34503.9451   -1574.3646      6.40907     6.40907   17480.4608     4.56181      1 chain_02/itr_00043_trial_01.rho
     2       44       0.6895     34906.9423     402.9972      6.44639     6.44639   17480.4608     4.56181      1 chain_02/itr_00044_trial_01.rho
     2       45       0.6836     34906.9423       0.0000      6.44639     6.44639   17480.4608     4.56181      0 -
     2       46       0.6777     30325.2274   -4581.7148      6.00845     6.00845   17480.4608     4.56181      1 chain_02/itr_00046_trial_01.rho
     2       47       0.6719     29499.9756    -825.2519      5.92613     5.92613   17480.4608     4.56181      1 chain_02/itr_00047_trial_01.rho
     2       48       0.6661     29382.4763    -117.4993      5.91432     5.91432   17480.4608     4.56181      1 chain_02/itr_00048_trial_01.rho
     2       49       0.6604     29106.6503    -275.8260      5.88649     5.88649   17480.4608     4.56181      1 chain_02/itr_00049_trial_01.rho
     2       50       0.6547     28955.5979    -151.0524      5.87120     5.87120   17480.4608     4.56181      1 chain_02/itr_00050_trial_01.rho
     2       51        0.649     29183.6062     228.0083      5.89427     5.89427   17480.4608     4.56181      1 chain_02/itr_00051_trial_01.rho
     2       52       0.6434     28022.1858   -1161.4203      5.77579     5.77579   17480.4608     4.56181      1 chain_02/itr_00052_trial_01.rho
     2       53       0.6379     29920.3929    1898.2071      5.96821     5.96821   17480.4608     4.56181      1 chain_02/itr_00053_trial_01.rho
     2       54       0.6324     31037.1563    1116.7634      6.07857     6.07857   17480.4608     4.56181      1 chain_02/itr_00054_trial_01.rho
     2       55        0.627     31037.1563       0.0000      6.07857     6.07857   17480.4608     4.56181      0 -
     2       56       0.6216     32584.8588    1547.7025      6.22828     6.22828   17480.4608     4.56181      1 chain_02/itr_00056_trial_01.rho
     2       57       0.6162     32584.8588       0.0000      6.22828     6.22828   17480.4608     4.56181      0 -
     2       58       0.6109     32593.8134       8.9545      6.22914     6.22914   17480.4608     4.56181      1 chain_02/itr_00058_trial_01.rho
     2       59       0.6057     32327.4741    -266.3393      6.20364     6.20364   17480.4608     4.56181      1 chain_02/itr_00059_trial_01.rho
     2       60       0.6004     32702.0240     374.5499      6.23947     6.23947   17480.4608     4.56181      1 chain_02/itr_00060_trial_01.rho
     2       61       0.5953     32894.7653     192.7413      6.25783     6.25783   17480.4608     4.56181      1 chain_02/itr_00061_trial_01.rho
     2       62       0.5902     31454.5666   -1440.1987      6.11931     6.11931   17480.4608     4.56181      1 chain_02/itr_00062_trial_01.rho
     2       63       0.5851     31454.5666       0.0000      6.11931     6.11931   17480.4608     4.56181      0 -
     2       64         0.58     28964.9959   -2489.5707      5.87215     5.87215   17480.4608     4.56181      1 chain_02/itr_00064_trial_01.rho
     2       65        0.575     29122.6464     157.6505      5.88811     5.88811   17480.4608     4.56181      1 chain_02/itr_00065_trial_01.rho
     2       66       0.5701     29050.0742     -72.5721      5.88077     5.88077   17480.4608     4.56181      1 chain_02/itr_00066_trial_01.rho
     2       67       0.5652     28676.4147    -373.6595      5.84282     5.84282   17480.4608     4.56181      1 chain_02/itr_00067_trial_01.rho
     2       68       0.5603     28291.2330    -385.1818      5.80345     5.80345   17480.4608     4.56181      1 chain_02/itr_00068_trial_01.rho
     2       69       0.5555     28291.2330       0.0000      5.80345     5.80345   17480.4608     4.56181      0 -
     2       70       0.5507     26085.6046   -2205.6283      5.57264     5.57264   17480.4608     4.56181      1 chain_02/itr_00070_trial_01.rho
     2       71        0.546     28115.9850    2030.3804      5.78545     5.78545   17480.4608     4.56181      1 chain_02/itr_00071_trial_01.rho
     2       72       0.5413     28919.1656     803.1805      5.86750     5.86750   17480.4608     4.56181      1 chain_02/itr_00072_trial_01.rho
     2       73       0.5366     29660.1593     740.9938      5.94220     5.94220   17480.4608     4.56181      1 chain_02/itr_00073_trial_01.rho
     2       74        0.532     29568.4292     -91.7301      5.93300     5.93300   17480.4608     4.56181      1 chain_02/itr_00074_trial_01.rho
     2       75       0.5274     30741.7766    1173.3474      6.04957     6.04957   17480.4608     4.56181      1 chain_02/itr_00075_trial_01.rho
     2       76       0.5229     28305.3589   -2436.4177      5.80490     5.80490   17480.4608     4.56181      1 chain_02/itr_00076_trial_01.rho
     2       77       0.5184     29046.6137     741.2549      5.88042     5.88042   17480.4608     4.56181      1 chain_02/itr_00077_trial_01.rho
     2       78       0.5139     29046.6137       0.0000      5.88042     5.88042   17480.4608     4.56181      0 -
     2       79       0.5095     28416.9727    -629.6410      5.81633     5.81633   17480.4608     4.56181      1 chain_02/itr_00079_trial_01.rho
     2       80       0.5051     27686.2492    -730.7235      5.74106     5.74106   17480.4608     4.56181      1 chain_02/itr_00080_trial_01.rho
     2       81       0.5008     30866.0775    3179.8284      6.06179     6.06179   17480.4608     4.56181      1 chain_02/itr_00081_trial_01.rho
     2       82       0.4964     33475.0260    2608.9484      6.31278     6.31278   17480.4608     4.56181      1 chain_02/itr_00082_trial_01.rho
     2       83       0.4922     35047.5306    1572.5046      6.45935     6.45935   17480.4608     4.56181      1 chain_02/itr_00083_trial_01.rho
     2       84       0.4879     35210.0624     162.5318      6.47431     6.47431   17480.4608     4.56181      1 chain_02/itr_00084_trial_01.rho
     2       85       0.4837     35282.5871      72.5247      6.48098     6.48098   17480.4608     4.56181      1 chain_02/itr_00085_trial_01.rho
     2       86       0.4796     33869.4258   -1413.1613      6.34986     6.34986   17480.4608     4.56181      1 chain_02/itr_00086_trial_01.rho
     2       87       0.4754     46721.5161   12852.0903      7.45794     7.45794   17480.4608     4.56181      1 chain_02/itr_00087_trial_01.rho
     2       88       0.4713     44520.1373   -2201.3788      7.28012     7.28012   17480.4608     4.56181      1 chain_02/itr_00088_trial_01.rho
     2       89       0.4673     45392.5951     872.4578      7.35111     7.35111   17480.4608     4.56181      1 chain_02/itr_00089_trial_01.rho
     2       90       0.4633     47760.8264    2368.2312      7.54043     7.54043   17480.4608     4.56181      1 chain_02/itr_00090_trial_01.rho
     2       91       0.4593     44284.9105   -3475.9158      7.26086     7.26086   17480.4608     4.56181      1 chain_02/itr_00091_trial_01.rho
     2       92       0.4553     46535.5205    2250.6100      7.44308     7.44308   17480.4608     4.56181      1 chain_02/itr_00092_trial_01.rho
     2       93       0.4514     50678.7019    4143.1814      7.76735     7.76735   17480.4608     4.56181      1 chain_02/itr_00093_trial_01.rho
     2       94       0.4475     57329.4694    6650.7675      8.26132     8.26132   17480.4608     4.56181      1 chain_02/itr_00094_trial_01.rho
     2       95       0.4437     63378.8937    6049.4243      8.68626     8.68626   17480.4608     4.56181      1 chain_02/itr_00095_trial_01.rho
     2       96       0.4398     71447.2680    8068.3743      9.22260     9.22260   17480.4608     4.56181      1 chain_02/itr_00096_trial_01.rho
     2       97       0.4361     75423.3386    3976.0706      9.47574     9.47574   17480.4608     4.56181      1 chain_02/itr_00097_trial_01.rho
     2       98       0.4323     91359.0712   15935.7326     10.42884    10.42884   17480.4608     4.56181      1 chain_02/itr_00098_trial_01.rho
     2       99       0.4286     75791.0760  -15567.9952      9.49881     9.49881   17480.4608     4.56181      1 chain_02/itr_00099_trial_01.rho
     2      100       0.4249     75791.0760       0.0000      9.49881     9.49881   17480.4608     4.56181      0 -
     2      101       0.4212     75791.0760       0.0000      9.49881     9.49881   17480.4608     4.56181      0 -
     2      102       0.4176     90052.3385   14261.2625     10.35399    10.35399   17480.4608     4.56181      1 chain_02/itr_00102_trial_01.rho
     2      103        0.414     96256.2156    6203.8771     10.70471    10.70471   17480.4608     4.56181      1 chain_02/itr_00103_trial_01.rho
     2      104       0.4105     77244.6414  -19011.5742      9.58947     9.58947   17480.4608     4.56181      1 chain_02/itr_00104_trial_01.rho
     2      105       0.4069     82538.8716    5294.2302      9.91265     9.91265   17480.4608     4.56181      1 chain_02/itr_00105_trial_01.rho
     2      106       0.4034     75867.3914   -6671.4802      9.50360     9.50360   17480.4608     4.56181      1 chain_02/itr_00106_trial_01.rho
     2      107       0.3999     80453.2711    4585.8798      9.78661     9.78661   17480.4608     4.56181      1 chain_02/itr_00107_trial_01.rho
     2      108       0.3965     80674.0263     220.7552      9.80003     9.80003   17480.4608     4.56181      1 chain_02/itr_00108_trial_01.rho
     2      109       0.3931     81159.2785     485.2522      9.82946     9.82946   17480.4608     4.56181      1 chain_02/itr_00109_trial_01.rho
     2      110       0.3897     69549.8845  -11609.3940      9.09931     9.09931   17480.4608     4.56181      1 chain_02/itr_00110_trial_01.rho
     2      111       0.3864     78227.4165    8677.5320      9.65028     9.65028   17480.4608     4.56181      1 chain_02/itr_00111_trial_01.rho
     2      112        0.383     92610.1344   14382.7179     10.50001    10.50001   17480.4608     4.56181      1 chain_02/itr_00112_trial_01.rho
     2      113       0.3797     94932.8792    2322.7447     10.63087    10.63087   17480.4608     4.56181      1 chain_02/itr_00113_trial_01.rho
     2      114       0.3765     99710.2877    4777.4085     10.89508    10.89508   17480.4608     4.56181      1 chain_02/itr_00114_trial_01.rho
     2      115       0.3732     99710.2877       0.0000     10.89508    10.89508   17480.4608     4.56181      0 -
     2      116         0.37     99710.2877       0.0000     10.89508    10.89508   17480.4608     4.56181      0 -
     2      117       0.3668     99710.2877       0.0000     10.89508    10.89508   17480.4608     4.56181      0 -
     2      118       0.3637     99710.2877       0.0000     10.89508    10.89508   17480.4608     4.56181      0 -
     2      119       0.3605     93310.9328   -6399.3549     10.53966    10.53966   17480.4608     4.56181      1 chain_02/itr_00119_trial_01.rho
     2      120       0.3574     93310.9328       0.0000     10.53966    10.53966   17480.4608     4.56181      0 -
     2      121       0.3544     86899.0166   -6411.9162     10.17110    10.17110   17480.4608     4.56181      1 chain_02/itr_00121_trial_01.rho
     2      122       0.3513     86899.0166       0.0000     10.17110    10.17110   17480.4608     4.56181      0 -
     2      123       0.3483    106046.5319   19147.5154     11.23592    11.23592   17480.4608     4.56181      1 chain_02/itr_00123_trial_01.rho
     2      124       0.3453     97610.9355   -8435.5964     10.77977    10.77977   17480.4608     4.56181      1 chain_02/itr_00124_trial_01.rho
     2      125       0.3423    121663.6094   24052.6739     12.03485    12.03485   17480.4608     4.56181      1 chain_02/itr_00125_trial_01.rho
     2      126       0.3394    134576.2764   12912.6670     12.65740    12.65740   17480.4608     4.56181      1 chain_02/itr_00126_trial_01.rho
     2      127       0.3364    114191.9189  -20384.3575     11.65945    11.65945   17480.4608     4.56181      1 chain_02/itr_00127_trial_01.rho
     2      128       0.3335    114191.9189       0.0000     11.65945    11.65945   17480.4608     4.56181      0 -
     2      129       0.3307    110235.1970   -3956.7219     11.45567    11.45567   17480.4608     4.56181      1 chain_02/itr_00129_trial_01.rho
     2      130       0.3278     95591.5749  -14643.6221     10.66768    10.66768   17480.4608     4.56181      1 chain_02/itr_00130_trial_01.rho
     2      131        0.325     89985.2315   -5606.3434     10.35013    10.35013   17480.4608     4.56181      1 chain_02/itr_00131_trial_01.rho
     2      132       0.3222     87619.7170   -2365.5146     10.21319    10.21319   17480.4608     4.56181      1 chain_02/itr_00132_trial_01.rho
     2      133       0.3194     87619.7170       0.0000     10.21319    10.21319   17480.4608     4.56181      0 -
     2      134       0.3167     87619.7170       0.0000     10.21319    10.21319   17480.4608     4.56181      0 -
     2      135        0.314     87816.1570     196.4400     10.22463    10.22463   17480.4608     4.56181      1 chain_02/itr_00135_trial_01.rho
     2      136       0.3113     83040.9465   -4775.2105      9.94275     9.94275   17480.4608     4.56181      1 chain_02/itr_00136_trial_01.rho
     2      137       0.3086     83040.9465       0.0000      9.94275     9.94275   17480.4608     4.56181      0 -
     2      138       0.3059     72000.0479  -11040.8986      9.25820     9.25820   17480.4608     4.56181      1 chain_02/itr_00138_trial_01.rho
     2      139       0.3033     86091.7444   14091.6965     10.12374    10.12374   17480.4608     4.56181      1 chain_02/itr_00139_trial_01.rho
     2      140       0.3007     85348.4641    -743.2803     10.07995    10.07995   17480.4608     4.56181      1 chain_02/itr_00140_trial_01.rho
     2      141       0.2981     84078.0261   -1270.4380     10.00464    10.00464   17480.4608     4.56181      1 chain_02/itr_00141_trial_01.rho
     2      142       0.2955     76312.2997   -7765.7265      9.53142     9.53142   17480.4608     4.56181      1 chain_02/itr_00142_trial_01.rho
     2      143        0.293     76503.7060     191.4063      9.54337     9.54337   17480.4608     4.56181      1 chain_02/itr_00143_trial_01.rho
     2      144       0.2905     69567.3704   -6936.3356      9.10046     9.10046   17480.4608     4.56181      1 chain_02/itr_00144_trial_01.rho
     2      145        0.288     77376.5590    7809.1886      9.59765     9.59765   17480.4608     4.56181      1 chain_02/itr_00145_trial_01.rho
     2      146       0.2855     86237.3896    8860.8307     10.13230    10.13230   17480.4608     4.56181      1 chain_02/itr_00146_trial_01.rho
     2      147        0.283     86025.0965    -212.2931     10.11982    10.11982   17480.4608     4.56181      1 chain_02/itr_00147_trial_01.rho
     2      148       0.2806     77312.0026   -8713.0939      9.59365     9.59365   17480.4608     4.56181      1 chain_02/itr_00148_trial_01.rho
     2      149       0.2782     77312.0026       0.0000      9.59365     9.59365   17480.4608     4.56181      0 -
     2      150       0.2758     89600.7053   12288.7028     10.32800    10.32800   17480.4608     4.56181      1 chain_02/itr_00150_trial_01.rho
     2      151       0.2734     86206.1735   -3394.5318     10.13047    10.13047   17480.4608     4.56181      1 chain_02/itr_00151_trial_01.rho
     2      152        0.271     86104.7739    -101.3996     10.12451    10.12451   17480.4608     4.56181      1 chain_02/itr_00152_trial_01.rho
     2      153       0.2687     70283.6969  -15821.0770      9.14719     9.14719   17480.4608     4.56181      1 chain_02/itr_00153_trial_01.rho
     2      154       0.2664     67464.2749   -2819.4221      8.96184     8.96184   17480.4608     4.56181      1 chain_02/itr_00154_trial_01.rho
     2      155       0.2641     67464.2749       0.0000      8.96184     8.96184   17480.4608     4.56181      0 -
     2      156       0.2618     75773.6358    8309.3609      9.49772     9.49772   17480.4608     4.56181      1 chain_02/itr_00156_trial_01.rho
     2      157       0.2596     70284.4957   -5489.1401      9.14724     9.14724   17480.4608     4.56181      1 chain_02/itr_00157_trial_01.rho
     2      158       0.2573     70284.4957       0.0000      9.14724     9.14724   17480.4608     4.56181      0 -
     2      159       0.2551     62310.2735   -7974.2221      8.61272     8.61272   17480.4608     4.56181      1 chain_02/itr_00159_trial_01.rho
     2      160       0.2529     60882.2876   -1427.9860      8.51345     8.51345   17480.4608     4.56181      1 chain_02/itr_00160_trial_01.rho
     2      161       0.2508     61807.7452     925.4576      8.57792     8.57792   17480.4608     4.56181      1 chain_02/itr_00161_trial_01.rho
     2      162       0.2486     57398.5731   -4409.1720      8.26630     8.26630   17480.4608     4.56181      1 chain_02/itr_00162_trial_01.rho
     2      163       0.2465     55332.1616   -2066.4116      8.11613     8.11613   17480.4608     4.56181      1 chain_02/itr_00163_trial_01.rho
     2      164       0.2443     54854.9530    -477.2085      8.08106     8.08106   17480.4608     4.56181      1 chain_02/itr_00164_trial_01.rho
     2      165       0.2422     48690.6404   -6164.3126      7.61348     7.61348   17480.4608     4.56181      1 chain_02/itr_00165_trial_01.rho
     2      166       0.2401     48469.7374    -220.9030      7.59619     7.59619   17480.4608     4.56181      1 chain_02/itr_00166_trial_01.rho
     2      167       0.2381     48667.8178     198.0804      7.61169     7.61169   17480.4608     4.56181      1 chain_02/itr_00167_trial_01.rho
     2      168        0.236     55339.2528    6671.4351      8.11665     8.11665   17480.4608     4.56181      1 chain_02/itr_00168_trial_01.rho
     2      169        0.234     55339.2528       0.0000      8.11665     8.11665   17480.4608     4.56181      0 -
     2      170        0.232     50900.5326   -4438.7202      7.78434     7.78434   17480.4608     4.56181      1 chain_02/itr_00170_trial_01.rho
     2      171         0.23     55083.2639    4182.7312      8.09786     8.09786   17480.4608     4.56181      1 chain_02/itr_00171_trial_01.rho
     2      172        0.228     58292.4232    3209.1593      8.33041     8.33041   17480.4608     4.56181      1 chain_02/itr_00172_trial_01.rho
     2      173        0.226     62540.1260    4247.7028      8.62859     8.62859   17480.4608     4.56181      1 chain_02/itr_00173_trial_01.rho
     2      174       0.2241     56226.7936   -6313.3324      8.18148     8.18148   17480.4608     4.56181      1 chain_02/itr_00174_trial_01.rho
     2      175       0.2222     57897.2015    1670.4079      8.30212     8.30212   17480.4608     4.56181      1 chain_02/itr_00175_trial_01.rho
     2      176       0.2203     63261.4728    5364.2713      8.67821     8.67821   17480.4608     4.56181      1 chain_02/itr_00176_trial_01.rho
     2      177       0.2184     64079.6408     818.1681      8.73414     8.73414   17480.4608     4.56181      1 chain_02/itr_00177_trial_01.rho
     2      178       0.2165     65082.1333    1002.4924      8.80220     8.80220   17480.4608     4.56181      1 chain_02/itr_00178_trial_01.rho
     2      179       0.2146     62526.6954   -2555.4378      8.62766     8.62766   17480.4608     4.56181      1 chain_02/itr_00179_trial_01.rho
     2      180       0.2128     64045.8470    1519.1515      8.73184     8.73184   17480.4608     4.56181      1 chain_02/itr_00180_trial_01.rho
     2      181       0.2109     65232.8815    1187.0345      8.81239     8.81239   17480.4608     4.56181      1 chain_02/itr_00181_trial_01.rho
     2      182       0.2091     64971.1921    -261.6894      8.79469     8.79469   17480.4608     4.56181      1 chain_02/itr_00182_trial_01.rho
     2      183       0.2073     58107.5691   -6863.6230      8.31719     8.31719   17480.4608     4.56181      1 chain_02/itr_00183_trial_01.rho
     2      184       0.2055     64441.0479    6333.4789      8.75874     8.75874   17480.4608     4.56181      1 chain_02/itr_00184_trial_01.rho
     2      185       0.2038     63605.7450    -835.3030      8.70179     8.70179   17480.4608     4.56181      1 chain_02/itr_00185_trial_01.rho
     2      186        0.202     60650.7069   -2955.0381      8.49725     8.49725   17480.4608     4.56181      1 chain_02/itr_00186_trial_01.rho
     2      187       0.2003     60650.7069       0.0000      8.49725     8.49725   17480.4608     4.56181      0 -
     2      188       0.1986     60205.5098    -445.1972      8.46600     8.46600   17480.4608     4.56181      1 chain_02/itr_00188_trial_01.rho
     2      189       0.1968     67171.9979    6966.4882      8.94241     8.94241   17480.4608     4.56181      1 chain_02/itr_00189_trial_01.rho
     2      190       0.1951     60777.9564   -6394.0415      8.50616     8.50616   17480.4608     4.56181      1 chain_02/itr_00190_trial_01.rho
     2      191       0.1935     57604.5661   -3173.3904      8.28111     8.28111   17480.4608     4.56181      1 chain_02/itr_00191_trial_01.rho
     2      192       0.1918     58015.2878     410.7217      8.31058     8.31058   17480.4608     4.56181      1 chain_02/itr_00192_trial_01.rho
     2      193       0.1902     62516.7006    4501.4128      8.62697     8.62697   17480.4608     4.56181      1 chain_02/itr_00193_trial_01.rho
     2      194       0.1885     60977.5836   -1539.1170      8.52012     8.52012   17480.4608     4.56181      1 chain_02/itr_00194_trial_01.rho
     2      195       0.1869     63369.5739    2391.9903      8.68562     8.68562   17480.4608     4.56181      1 chain_02/itr_00195_trial_01.rho
     2      196       0.1853     58616.7182   -4752.8557      8.35355     8.35355   17480.4608     4.56181      1 chain_02/itr_00196_trial_01.rho
     2      197       0.1837     56296.6659   -2320.0524      8.18656     8.18656   17480.4608     4.56181      1 chain_02/itr_00197_trial_01.rho
     2      198       0.1821     59001.5151    2704.8492      8.38092     8.38092   17480.4608     4.56181      1 chain_02/itr_00198_trial_01.rho
     2      199       0.1805     61441.3787    2439.8636      8.55246     8.55246   17480.4608     4.56181      1 chain_02/itr_00199_trial_01.rho
     2      200        0.179     59307.2680   -2134.1108      8.40261     8.40261   17480.4608     4.56181      1 chain_02/itr_00200_trial_01.rho
     2      201       0.1774     55500.1997   -3807.0683      8.12845     8.12845   17480.4608     4.56181      1 chain_02/itr_00201_trial_01.rho
     2      202       0.1759     58002.4042    2502.2045      8.30966     8.30966   17480.4608     4.56181      1 chain_02/itr_00202_trial_01.rho
     2      203       0.1744     60855.6477    2853.2435      8.51159     8.51159   17480.4608     4.56181      1 chain_02/itr_00203_trial_01.rho
     2      204       0.1729     60579.1363    -276.5114      8.49223     8.49223   17480.4608     4.56181      1 chain_02/itr_00204_trial_01.rho
     2      205       0.1714     56738.5839   -3840.5524      8.21863     8.21863   17480.4608     4.56181      1 chain_02/itr_00205_trial_01.rho
     2      206       0.1699     57018.2839     279.7000      8.23887     8.23887   17480.4608     4.56181      1 chain_02/itr_00206_trial_01.rho
     2      207       0.1685     54537.5384   -2480.7455      8.05764     8.05764   17480.4608     4.56181      1 chain_02/itr_00207_trial_01.rho
     2      208        0.167     58296.0527    3758.5143      8.33067     8.33067   17480.4608     4.56181      1 chain_02/itr_00208_trial_01.rho
     2      209       0.1656     53086.0028   -5210.0499      7.94969     7.94969   17480.4608     4.56181      1 chain_02/itr_00209_trial_01.rho
     2      210       0.1642     53811.2788     725.2760      8.00381     8.00381   17480.4608     4.56181      1 chain_02/itr_00210_trial_01.rho
     2      211       0.1627     53811.2788       0.0000      8.00381     8.00381   17480.4608     4.56181      0 -
     2      212       0.1613     53811.2788       0.0000      8.00381     8.00381   17480.4608     4.56181      0 -
     2      213         0.16     54586.7626     775.4838      8.06128     8.06128   17480.4608     4.56181      1 chain_02/itr_00213_trial_01.rho
     2      214       0.1586     50600.8120   -3985.9507      7.76138     7.76138   17480.4608     4.56181      1 chain_02/itr_00214_trial_01.rho
     2      215       0.1572     47302.7633   -3298.0486      7.50419     7.50419   17480.4608     4.56181      1 chain_02/itr_00215_trial_01.rho
     2      216       0.1559     45326.9462   -1975.8171      7.34579     7.34579   17480.4608     4.56181      1 chain_02/itr_00216_trial_01.rho
     2      217       0.1545     44314.3613   -1012.5849      7.26328     7.26328   17480.4608     4.56181      1 chain_02/itr_00217_trial_01.rho
     2      218       0.1532     45192.0067     877.6454      7.33485     7.33485   17480.4608     4.56181      1 chain_02/itr_00218_trial_01.rho
     2      219       0.1519     46253.3521    1061.3454      7.42048     7.42048   17480.4608     4.56181      1 chain_02/itr_00219_trial_01.rho
     2      220       0.1506     44031.1533   -2222.1988      7.24003     7.24003   17480.4608     4.56181      1 chain_02/itr_00220_trial_01.rho
     2      221       0.1493     41675.9773   -2355.1760      7.04374     7.04374   17480.4608     4.56181      1 chain_02/itr_00221_trial_01.rho
     2      222        0.148     42924.8155    1248.8383      7.14849     7.14849   17480.4608     4.56181      1 chain_02/itr_00222_trial_01.rho
     2      223       0.1467     42924.8155       0.0000      7.14849     7.14849   17480.4608     4.56181      0 -
     2      224       0.1454     43450.4961     525.6805      7.19213     7.19213   17480.4608     4.56181      1 chain_02/itr_00224_trial_01.rho
     2      225       0.1442     47501.0785    4050.5824      7.51990     7.51990   17480.4608     4.56181      1 chain_02/itr_00225_trial_01.rho
     2      226        0.143     47501.0785       0.0000      7.51990     7.51990   17480.4608     4.56181      0 -
     2      227       0.1417     45631.1323   -1869.9463      7.37040     7.37040   17480.4608     4.56181      1 chain_02/itr_00227_trial_01.rho
     2      228       0.1405     47677.1593    2046.0270      7.53383     7.53383   17480.4608     4.56181      1 chain_02/itr_00228_trial_01.rho
     2      229       0.1393     43869.1253   -3808.0340      7.22670     7.22670   17480.4608     4.56181      1 chain_02/itr_00229_trial_01.rho
     2      230       0.1381     43869.1253       0.0000      7.22670     7.22670   17480.4608     4.56181      0 -
     2      231       0.1369     43413.4153    -455.7099      7.18906     7.18906   17480.4608     4.56181      1 chain_02/itr_00231_trial_01.rho
     2      232       0.1357     40623.7592   -2789.6561      6.95425     6.95425   17480.4608     4.56181      1 chain_02/itr_00232_trial_01.rho
     2      233       0.1346     43173.5182    2549.7590      7.16917     7.16917   17480.4608     4.56181      1 chain_02/itr_00233_trial_01.rho
     2      234       0.1334     42329.6013    -843.9169      7.09876     7.09876   17480.4608     4.56181      1 chain_02/itr_00234_trial_01.rho
     2      235       0.1323     43063.1499     733.5486      7.16000     7.16000   17480.4608     4.56181      1 chain_02/itr_00235_trial_01.rho
     2      236       0.1311     42509.6496    -553.5002      7.11384     7.11384   17480.4608     4.56181      1 chain_02/itr_00236_trial_01.rho
     2      237         0.13     39532.6119   -2977.0377      6.86022     6.86022   17480.4608     4.56181      1 chain_02/itr_00237_trial_01.rho
     2      238       0.1289     38769.0602    -763.5517      6.79365     6.79365   17480.4608     4.56181      1 chain_02/itr_00238_trial_01.rho
     2      239       0.1278     40341.0827    1572.0224      6.93001     6.93001   17480.4608     4.56181      1 chain_02/itr_00239_trial_01.rho
     2      240       0.1267     38994.3938   -1346.6889      6.81336     6.81336   17480.4608     4.56181      1 chain_02/itr_00240_trial_01.rho
     2      241       0.1256     39562.6822     568.2885      6.86283     6.86283   17480.4608     4.56181      1 chain_02/itr_00241_trial_01.rho
     2      242       0.1245     39562.6822       0.0000      6.86283     6.86283   17480.4608     4.56181      0 -
     2      243       0.1234     42235.3065    2672.6242      7.09085     7.09085   17480.4608     4.56181      1 chain_02/itr_00243_trial_01.rho
     2      244       0.1224     41607.7741    -627.5323      7.03797     7.03797   17480.4608     4.56181      1 chain_02/itr_00244_trial_01.rho
     2      245       0.1213     40805.2280    -802.5461      6.96977     6.96977   17480.4608     4.56181      1 chain_02/itr_00245_trial_01.rho
     2      246       0.1203     38931.5759   -1873.6521      6.80787     6.80787   17480.4608     4.56181      1 chain_02/itr_00246_trial_01.rho
     2      247       0.1192     40851.6826    1920.1067      6.97373     6.97373   17480.4608     4.56181      1 chain_02/itr_00247_trial_01.rho
     2      248       0.1182     41871.8660    1020.1834      7.06027     7.06027   17480.4608     4.56181      1 chain_02/itr_00248_trial_01.rho
     2      249       0.1172     42329.4195     457.5535      7.09874     7.09874   17480.4608     4.56181      1 chain_02/itr_00249_trial_01.rho
     2      250       0.1162     40916.8205   -1412.5990      6.97929     6.97929   17480.4608     4.56181      1 chain_02/itr_00250_trial_01.rho
     2      251       0.1152     40916.8205       0.0000      6.97929     6.97929   17480.4608     4.56181      0 -
     2      252       0.1142     41288.4055     371.5850      7.01091     7.01091   17480.4608     4.56181      1 chain_02/itr_00252_trial_01.rho
     2      253       0.1132     41442.2797     153.8742      7.02396     7.02396   17480.4608     4.56181      1 chain_02/itr_00253_trial_01.rho
     2      254       0.1122     41853.4970     411.2173      7.05872     7.05872   17480.4608     4.56181      1 chain_02/itr_00254_trial_01.rho
     2      255       0.1113     41853.4970       0.0000      7.05872     7.05872   17480.4608     4.56181      0 -
     2      256       0.1103     39856.7188   -1996.7782      6.88829     6.88829   17480.4608     4.56181      1 chain_02/itr_00256_trial_01.rho
     2      257       0.1093     42955.9186    3099.1998      7.15108     7.15108   17480.4608     4.56181      1 chain_02/itr_00257_trial_01.rho
     2      258       0.1084     41729.5219   -1226.3968      7.04826     7.04826   17480.4608     4.56181      1 chain_02/itr_00258_trial_01.rho
     2      259       0.1075     42303.1139     573.5920      7.09654     7.09654   17480.4608     4.56181      1 chain_02/itr_00259_trial_01.rho
     2      260       0.1065     42303.1139       0.0000      7.09654     7.09654   17480.4608     4.56181      0 -
     2      261       0.1056     40259.3508   -2043.7631      6.92299     6.92299   17480.4608     4.56181      1 chain_02/itr_00261_trial_01.rho
     2      262       0.1047     42805.4095    2546.0587      7.13854     7.13854   17480.4608     4.56181      1 chain_02/itr_00262_trial_01.rho
     2      263       0.1038     42408.1416    -397.2679      7.10534     7.10534   17480.4608     4.56181      1 chain_02/itr_00263_trial_01.rho
     2      264       0.1029     45086.0825    2677.9409      7.32625     7.32625   17480.4608     4.56181      1 chain_02/itr_00264_trial_01.rho
     2      265        0.102     45242.6894     156.6069      7.33896     7.33896   17480.4608     4.56181      1 chain_02/itr_00265_trial_01.rho
     2      266       0.1012     48093.7421    2851.0527      7.56667     7.56667   17480.4608     4.56181      1 chain_02/itr_00266_trial_01.rho
     2      267       0.1003     49168.6732    1074.9311      7.65076     7.65076   17480.4608     4.56181      1 chain_02/itr_00267_trial_01.rho
     2      268      0.09943     49168.6732       0.0000      7.65076     7.65076   17480.4608     4.56181      0 -
     2      269      0.09857     49610.9726     442.2994      7.68509     7.68509   17480.4608     4.56181      1 chain_02/itr_00269_trial_01.rho
     2      270      0.09772     46640.8246   -2970.1480      7.45150     7.45150   17480.4608     4.56181      1 chain_02/itr_00270_trial_01.rho
     2      271      0.09688     47674.0497    1033.2252      7.53358     7.53358   17480.4608     4.56181      1 chain_02/itr_00271_trial_01.rho
     2      272      0.09605     47674.0497       0.0000      7.53358     7.53358   17480.4608     4.56181      0 -
     2      273      0.09522     52956.3462    5282.2964      7.93998     7.93998   17480.4608     4.56181      1 chain_02/itr_00273_trial_01.rho
     2      274       0.0944     52956.3462       0.0000      7.93998     7.93998   17480.4608     4.56181      0 -
     2      275      0.09359     52956.3462       0.0000      7.93998     7.93998   17480.4608     4.56181      0 -
     2      276      0.09278     48004.8276   -4951.5186      7.55967     7.55967   17480.4608     4.56181      1 chain_02/itr_00276_trial_01.rho
     2      277      0.09198     48111.9116     107.0840      7.56810     7.56810   17480.4608     4.56181      1 chain_02/itr_00277_trial_01.rho
     2      278      0.09119     48111.9116       0.0000      7.56810     7.56810   17480.4608     4.56181      0 -
     2      279      0.09041     48519.6962     407.7847      7.60010     7.60010   17480.4608     4.56181      1 chain_02/itr_00279_trial_01.rho
     2      280      0.08963     48519.6962       0.0000      7.60010     7.60010   17480.4608     4.56181      0 -
     2      281      0.08886     48993.6052     473.9090      7.63713     7.63713   17480.4608     4.56181      1 chain_02/itr_00281_trial_01.rho
     2      282      0.08809     45554.9406   -3438.6646      7.36424     7.36424   17480.4608     4.56181      1 chain_02/itr_00282_trial_01.rho
     2      283      0.08733     43859.7858   -1695.1548      7.22593     7.22593   17480.4608     4.56181      1 chain_02/itr_00283_trial_01.rho
     2      284      0.08658     43305.6402    -554.1456      7.18013     7.18013   17480.4608     4.56181      1 chain_02/itr_00284_trial_01.rho
     2      285      0.08584     41312.2952   -1993.3450      7.01294     7.01294   17480.4608     4.56181      1 chain_02/itr_00285_trial_01.rho
     2      286       0.0851     41312.2952       0.0000      7.01294     7.01294   17480.4608     4.56181      0 -
     2      287      0.08436     41312.2952       0.0000      7.01294     7.01294   17480.4608     4.56181      0 -
     2      288      0.08364     41312.2952       0.0000      7.01294     7.01294   17480.4608     4.56181      0 -
     2      289      0.08292     40729.9792    -582.3160      6.96334     6.96334   17480.4608     4.56181      1 chain_02/itr_00289_trial_01.rho
     2      290       0.0822     40729.9792       0.0000      6.96334     6.96334   17480.4608     4.56181      0 -
     2      291       0.0815     40729.9792       0.0000      6.96334     6.96334   17480.4608     4.56181      0 -
     2      292      0.08079     40195.2215    -534.7578      6.91747     6.91747   17480.4608     4.56181      1 chain_02/itr_00292_trial_01.rho
     2      293       0.0801     40195.2215       0.0000      6.91747     6.91747   17480.4608     4.56181      0 -
     2      294      0.07941     40313.9134     118.6919      6.92768     6.92768   17480.4608     4.56181      1 chain_02/itr_00294_trial_01.rho
     2      295      0.07873     37804.1995   -2509.7139      6.70858     6.70858   17480.4608     4.56181      1 chain_02/itr_00295_trial_01.rho
     2      296      0.07805     37256.0316    -548.1679      6.65976     6.65976   17480.4608     4.56181      1 chain_02/itr_00296_trial_01.rho
     2      297      0.07738     38036.3555     780.3238      6.72914     6.72914   17480.4608     4.56181      1 chain_02/itr_00297_trial_01.rho
     2      298      0.07671     36348.2617   -1688.0937      6.57813     6.57813   17480.4608     4.56181      1 chain_02/itr_00298_trial_01.rho
     2      299      0.07605     35592.2371    -756.0246      6.50936     6.50936   17480.4608     4.56181      1 chain_02/itr_00299_trial_01.rho
     2      300       0.0754     31486.9585   -4105.2786      6.12246     6.12246   17480.4608     4.56181      1 chain_02/itr_00300_trial_01.rho
     2      301      0.07475     31612.9084     125.9499      6.13469     6.13469   17480.4608     4.56181      1 chain_02/itr_00301_trial_01.rho
     2      302       0.0741     32052.2788     439.3703      6.17717     6.17717   17480.4608     4.56181      1 chain_02/itr_00302_trial_01.rho
     2      303      0.07347     32434.1486     381.8698      6.21386     6.21386   17480.4608     4.56181      1 chain_02/itr_00303_trial_01.rho
     2      304      0.07283     32434.1486       0.0000      6.21386     6.21386   17480.4608     4.56181      0 -
     2      305      0.07221     31222.1356   -1212.0130      6.09666     6.09666   17480.4608     4.56181      1 chain_02/itr_00305_trial_01.rho
     2      306      0.07158     31222.1356       0.0000      6.09666     6.09666   17480.4608     4.56181      0 -
     2      307      0.07097     30007.9152   -1214.2204      5.97693     5.97693   17480.4608     4.56181      1 chain_02/itr_00307_trial_01.rho
     2      308      0.07036     31687.9867    1680.0715      6.14197     6.14197   17480.4608     4.56181      1 chain_02/itr_00308_trial_01.rho
     2      309      0.06975     30995.2686    -692.7182      6.07447     6.07447   17480.4608     4.56181      1 chain_02/itr_00309_trial_01.rho
     2      310      0.06915     35240.0702    4244.8016      6.47707     6.47707   17480.4608     4.56181      1 chain_02/itr_00310_trial_01.rho
     2      311      0.06856     35539.5307     299.4605      6.50453     6.50453   17480.4608     4.56181      1 chain_02/itr_00311_trial_01.rho
     2      312      0.06797     34291.9380   -1247.5927      6.38935     6.38935   17480.4608     4.56181      1 chain_02/itr_00312_trial_01.rho
     2      313      0.06738     33619.4077    -672.5303      6.32638     6.32638   17480.4608     4.56181      1 chain_02/itr_00313_trial_01.rho
     2      314       0.0668     32775.0395    -844.3682      6.24643     6.24643   17480.4608     4.56181      1 chain_02/itr_00314_trial_01.rho
     2      315      0.06623     33547.9826     772.9431      6.31966     6.31966   17480.4608     4.56181      1 chain_02/itr_00315_trial_01.rho
     2      316      0.06566     33380.1481    -167.8345      6.30383     6.30383   17480.4608     4.56181      1 chain_02/itr_00316_trial_01.rho
     2      317      0.06509     33380.1481       0.0000      6.30383     6.30383   17480.4608     4.56181      0 -
     2      318      0.06453     32874.9435    -505.2046      6.25594     6.25594   17480.4608     4.56181      1 chain_02/itr_00318_trial_01.rho
     2      319      0.06397     31724.2527   -1150.6908      6.14548     6.14548   17480.4608     4.56181      1 chain_02/itr_00319_trial_01.rho
     2      320      0.06342     31779.1044      54.8517      6.15079     6.15079   17480.4608     4.56181      1 chain_02/itr_00320_trial_01.rho
     2      321      0.06288     31296.2843    -482.8201      6.10389     6.10389   17480.4608     4.56181      1 chain_02/itr_00321_trial_01.rho
     2      322      0.06234     32040.9467     744.6624      6.17608     6.17608   17480.4608     4.56181      1 chain_02/itr_00322_trial_01.rho
     2      323       0.0618     32040.9467       0.0000      6.17608     6.17608   17480.4608     4.56181      0 -
     2      324      0.06127     32040.9467       0.0000      6.17608     6.17608   17480.4608     4.56181      0 -
     2      325      0.06074     31929.7685    -111.1782      6.16536     6.16536   17480.4608     4.56181      1 chain_02/itr_00325_trial_01.rho
     2      326      0.06022     31929.7685       0.0000      6.16536     6.16536   17480.4608     4.56181      0 -
     2      327       0.0597     32368.0165     438.2480      6.20752     6.20752   17480.4608     4.56181      1 chain_02/itr_00327_trial_01.rho
     2      328      0.05919     32600.1422     232.1256      6.22974     6.22974   17480.4608     4.56181      1 chain_02/itr_00328_trial_01.rho
     2      329      0.05868     32600.1422       0.0000      6.22974     6.22974   17480.4608     4.56181      0 -
     2      330      0.05817     30888.2693   -1711.8729      6.06397     6.06397   17480.4608     4.56181      1 chain_02/itr_00330_trial_01.rho
     2      331      0.05767     30888.2693       0.0000      6.06397     6.06397   17480.4608     4.56181      0 -
     2      332      0.05717     30032.9302    -855.3391      5.97942     5.97942   17480.4608     4.56181      1 chain_02/itr_00332_trial_01.rho
     2      333      0.05668     27984.1828   -2048.7473      5.77187     5.77187   17480.4608     4.56181      1 chain_02/itr_00333_trial_01.rho
     2      334      0.05619     27984.1828       0.0000      5.77187     5.77187   17480.4608     4.56181      0 -
     2      335      0.05571     28200.7933     216.6105      5.79417     5.79417   17480.4608     4.56181      1 chain_02/itr_00335_trial_01.rho
     2      336      0.05523     28200.7933       0.0000      5.79417     5.79417   17480.4608     4.56181      0 -
     2      337      0.05475     28448.2797     247.4864      5.81954     5.81954   17480.4608     4.56181      1 chain_02/itr_00337_trial_01.rho
     2      338      0.05428     29125.2520     676.9723      5.88837     5.88837   17480.4608     4.56181      1 chain_02/itr_00338_trial_01.rho
     2      339      0.05382     29125.2520       0.0000      5.88837     5.88837   17480.4608     4.56181      0 -
     2      340      0.05335     29125.2520       0.0000      5.88837     5.88837   17480.4608     4.56181      0 -
     2      341      0.05289     29125.2520       0.0000      5.88837     5.88837   17480.4608     4.56181      0 -
     2      342      0.05244     29550.1524     424.9004      5.93117     5.93117   17480.4608     4.56181      1 chain_02/itr_00342_trial_01.rho
     2      343      0.05199     29550.1524       0.0000      5.93117     5.93117   17480.4608     4.56181      0 -
     2      344      0.05154     29113.5532    -436.5992      5.88719     5.88719   17480.4608     4.56181      1 chain_02/itr_00344_trial_01.rho
     2      345       0.0511     27278.5503   -1835.0030      5.69864     5.69864   17480.4608     4.56181      1 chain_02/itr_00345_trial_01.rho
     2      346      0.05066     27278.5503       0.0000      5.69864     5.69864   17480.4608     4.56181      0 -
     2      347      0.05022     27278.5503       0.0000      5.69864     5.69864   17480.4608     4.56181      0 -
     2      348      0.04979     27285.0936       6.5434      5.69932     5.69932   17480.4608     4.56181      1 chain_02/itr_00348_trial_01.rho
     2      349      0.04936     26777.5180    -507.5757      5.64606     5.64606   17480.4608     4.56181      1 chain_02/itr_00349_trial_01.rho
     2      350      0.04893     28534.7113    1757.1933      5.82837     5.82837   17480.4608     4.56181      1 chain_02/itr_00350_trial_01.rho
     2      351      0.04851     28140.1844    -394.5268      5.78794     5.78794   17480.4608     4.56181      1 chain_02/itr_00351_trial_01.rho
     2      352       0.0481     27256.2698    -883.9147      5.69631     5.69631   17480.4608     4.56181      1 chain_02/itr_00352_trial_01.rho
     2      353      0.04768     27256.2698       0.0000      5.69631     5.69631   17480.4608     4.56181      0 -
     2      354      0.04727     27256.2698       0.0000      5.69631     5.69631   17480.4608     4.56181      0 -
     2      355      0.04686     26478.8050    -777.4647      5.61448     5.61448   17480.4608     4.56181      1 chain_02/itr_00355_trial_01.rho
     2      356      0.04646     26160.9645    -317.8405      5.58068     5.58068   17480.4608     4.56181      1 chain_02/itr_00356_trial_01.rho
     2      357      0.04606     26317.6409     156.6764      5.59737     5.59737   17480.4608     4.56181      1 chain_02/itr_00357_trial_01.rho
     2      358      0.04566     27286.7531     969.1122      5.69949     5.69949   17480.4608     4.56181      1 chain_02/itr_00358_trial_01.rho
     2      359      0.04527     27939.3321     652.5790      5.76724     5.76724   17480.4608     4.56181      1 chain_02/itr_00359_trial_01.rho
     2      360      0.04488     27680.1604    -259.1718      5.74043     5.74043   17480.4608     4.56181      1 chain_02/itr_00360_trial_01.rho
     2      361      0.04449     27680.1604       0.0000      5.74043     5.74043   17480.4608     4.56181      0 -
     2      362      0.04411     28176.7360     496.5757      5.79170     5.79170   17480.4608     4.56181      1 chain_02/itr_00362_trial_01.rho
     2      363      0.04373     28395.0622     218.3261      5.81409     5.81409   17480.4608     4.56181      1 chain_02/itr_00363_trial_01.rho
     2      364      0.04336     28395.0622       0.0000      5.81409     5.81409   17480.4608     4.56181      0 -
     2      365      0.04298     29937.0409    1541.9787      5.96987     5.96987   17480.4608     4.56181      1 chain_02/itr_00365_trial_01.rho
     2      366      0.04261     30548.8439     611.8030      6.03056     6.03056   17480.4608     4.56181      1 chain_02/itr_00366_trial_01.rho
     2      367      0.04225     30260.2545    -288.5894      6.00201     6.00201   17480.4608     4.56181      1 chain_02/itr_00367_trial_01.rho
     2      368      0.04188     30186.5849     -73.6696      5.99470     5.99470   17480.4608     4.56181      1 chain_02/itr_00368_trial_01.rho
     2      369      0.04152     30488.6604     302.0756      6.02462     6.02462   17480.4608     4.56181      1 chain_02/itr_00369_trial_01.rho
     2      370      0.04116     30488.6604       0.0000      6.02462     6.02462   17480.4608     4.56181      0 -
     2      371      0.04081     30923.7769     435.1164      6.06746     6.06746   17480.4608     4.56181      1 chain_02/itr_00371_trial_01.rho
     2      372      0.04046     30568.6276    -355.1493      6.03251     6.03251   17480.4608     4.56181      1 chain_02/itr_00372_trial_01.rho
     2      373      0.04011     30886.5421     317.9145      6.06380     6.06380   17480.4608     4.56181      1 chain_02/itr_00373_trial_01.rho
     2      374      0.03976     31169.2266     282.6845      6.09149     6.09149   17480.4608     4.56181      1 chain_02/itr_00374_trial_01.rho
     2      375      0.03942     30243.8465    -925.3802      6.00038     6.00038   17480.4608     4.56181      1 chain_02/itr_00375_trial_01.rho
     2      376      0.03908     27897.4235   -2346.4229      5.76292     5.76292   17480.4608     4.56181      1 chain_02/itr_00376_trial_01.rho
     2      377      0.03875     27330.4133    -567.0103      5.70405     5.70405   17480.4608     4.56181      1 chain_02/itr_00377_trial_01.rho
     2      378      0.03841     26409.6309    -920.7824      5.60714     5.60714   17480.4608     4.56181      1 chain_02/itr_00378_trial_01.rho
     2      379      0.03808     26737.4539     327.8231      5.64184     5.64184   17480.4608     4.56181      1 chain_02/itr_00379_trial_01.rho
     2      380      0.03775     26737.4539       0.0000      5.64184     5.64184   17480.4608     4.56181      0 -
     2      381      0.03743     26722.3685     -15.0854      5.64024     5.64024   17480.4608     4.56181      1 chain_02/itr_00381_trial_01.rho
     2      382      0.03711     26305.9846    -416.3839      5.59613     5.59613   17480.4608     4.56181      1 chain_02/itr_00382_trial_01.rho
     2      383      0.03679     26452.5008     146.5163      5.61169     5.61169   17480.4608     4.56181      1 chain_02/itr_00383_trial_01.rho
     2      384      0.03647     26654.2515     201.7507      5.63305     5.63305   17480.4608     4.56181      1 chain_02/itr_00384_trial_01.rho
     2      385      0.03616     26396.8184    -257.4331      5.60578     5.60578   17480.4608     4.56181      1 chain_02/itr_00385_trial_01.rho
     2      386      0.03585     26285.8292    -110.9892      5.59398     5.59398   17480.4608     4.56181      1 chain_02/itr_00386_trial_01.rho
     2      387      0.03554     26285.8292       0.0000      5.59398     5.59398   17480.4608     4.56181      0 -
     2      388      0.03523     28242.3668    1956.5376      5.79844     5.79844   17480.4608     4.56181      1 chain_02/itr_00388_trial_01.rho
     2      389      0.03493     29189.6046     947.2378      5.89487     5.89487   17480.4608     4.56181      1 chain_02/itr_00389_trial_01.rho
     2      390      0.03463     28547.9019    -641.7027      5.82972     5.82972   17480.4608     4.56181      1 chain_02/itr_00390_trial_01.rho
     2      391      0.03433     28926.1236     378.2216      5.86821     5.86821   17480.4608     4.56181      1 chain_02/itr_00391_trial_01.rho
     2      392      0.03403     28134.6703    -791.4533      5.78737     5.78737   17480.4608     4.56181      1 chain_02/itr_00392_trial_01.rho
     2      393      0.03374     26832.4705   -1302.1998      5.65185     5.65185   17480.4608     4.56181      1 chain_02/itr_00393_trial_01.rho
     2      394      0.03345     26610.8229    -221.6476      5.62846     5.62846   17480.4608     4.56181      1 chain_02/itr_00394_trial_01.rho
     2      395      0.03316     25589.5275   -1021.2954      5.51940     5.51940   17480.4608     4.56181      1 chain_02/itr_00395_trial_01.rho
     2      396      0.03288     25030.0689    -559.4587      5.45873     5.45873   17480.4608     4.56181      1 chain_02/itr_00396_trial_01.rho
     2      397      0.03259     26091.6360    1061.5672      5.57328     5.57328   17480.4608     4.56181      1 chain_02/itr_00397_trial_01.rho
     2      398      0.03231     26091.6360       0.0000      5.57328     5.57328   17480.4608     4.56181      0 -
     2      399      0.03204     25512.5762    -579.0598      5.51109     5.51109   17480.4608     4.56181      1 chain_02/itr_00399_trial_01.rho
     2      400      0.03176     26047.0101     534.4339      5.56851     5.56851   17480.4608     4.56181      1 chain_02/itr_00400_trial_01.rho
     2      401      0.03149     26047.0101       0.0000      5.56851     5.56851   17480.4608     4.56181      0 -
     2      402      0.03122     26047.0101       0.0000      5.56851     5.56851   17480.4608     4.56181      0 -
     2      403      0.03095     25669.4972    -377.5129      5.52801     5.52801   17480.4608     4.56181      1 chain_02/itr_00403_trial_01.rho
     2      404      0.03068     25669.4972       0.0000      5.52801     5.52801   17480.4608     4.56181      0 -
     2      405      0.03042     26011.4807     341.9835      5.56471     5.56471   17480.4608     4.56181      1 chain_02/itr_00405_trial_01.rho
     2      406      0.03015     27448.2631    1436.7824      5.71634     5.71634   17480.4608     4.56181      1 chain_02/itr_00406_trial_01.rho
     2      407      0.02989     27448.2631       0.0000      5.71634     5.71634   17480.4608     4.56181      0 -
     2      408      0.02964     26794.8642    -653.3989      5.64789     5.64789   17480.4608     4.56181      1 chain_02/itr_00408_trial_01.rho
     2      409      0.02938     27173.7163     378.8521      5.68768     5.68768   17480.4608     4.56181      1 chain_02/itr_00409_trial_01.rho
     2      410      0.02913     27218.7453      45.0289      5.69239     5.69239   17480.4608     4.56181      1 chain_02/itr_00410_trial_01.rho
     2      411      0.02888     26379.9350    -838.8102      5.60399     5.60399   17480.4608     4.56181      1 chain_02/itr_00411_trial_01.rho
     2      412      0.02863     26379.9350       0.0000      5.60399     5.60399   17480.4608     4.56181      0 -
     2      413      0.02838     27672.1231    1292.1881      5.73960     5.73960   17480.4608     4.56181      1 chain_02/itr_00413_trial_01.rho
     2      414      0.02814     27672.1231       0.0000      5.73960     5.73960   17480.4608     4.56181      0 -
     2      415       0.0279     27672.1231       0.0000      5.73960     5.73960   17480.4608     4.56181      0 -
     2      416      0.02766     28462.1855     790.0624      5.82096     5.82096   17480.4608     4.56181      1 chain_02/itr_00416_trial_01.rho
     2      417      0.02742     28773.7606     311.5750      5.85273     5.85273   17480.4608     4.56181      1 chain_02/itr_00417_trial_01.rho
     2      418      0.02718     28773.7606       0.0000      5.85273     5.85273   17480.4608     4.56181      0 -
     2      419      0.02695     26617.7002   -2156.0604      5.62919     5.62919   17480.4608     4.56181      1 chain_02/itr_00419_trial_01.rho
     2      420      0.02672     26617.7002       0.0000      5.62919     5.62919   17480.4608     4.56181      0 -
     2      421      0.02649     26936.2102     318.5101      5.66277     5.66277   17480.4608     4.56181      1 chain_02/itr_00421_trial_01.rho
     2      422      0.02626     26823.1338    -113.0764      5.65087     5.65087   17480.4608     4.56181      1 chain_02/itr_00422_trial_01.rho
     2      423      0.02603     27022.3406     199.2068      5.67181     5.67181   17480.4608     4.56181      1 chain_02/itr_00423_trial_01.rho
     2      424      0.02581     26476.6917    -545.6489      5.61426     5.61426   17480.4608     4.56181      1 chain_02/itr_00424_trial_01.rho
     2      425      0.02559     26476.6917       0.0000      5.61426     5.61426   17480.4608     4.56181      0 -
     2      426      0.02537     26508.2217      31.5300      5.61760     5.61760   17480.4608     4.56181      1 chain_02/itr_00426_trial_01.rho
     2      427      0.02515     26508.2217       0.0000      5.61760     5.61760   17480.4608     4.56181      0 -
     2      428      0.02493     25938.2808    -569.9409      5.55688     5.55688   17480.4608     4.56181      1 chain_02/itr_00428_trial_01.rho
     2      429      0.02472     25938.2808       0.0000      5.55688     5.55688   17480.4608     4.56181      0 -
     2      430       0.0245     25938.2808       0.0000      5.55688     5.55688   17480.4608     4.56181      0 -
     2      431      0.02429     25938.2808       0.0000      5.55688     5.55688   17480.4608     4.56181      0 -
     2      432      0.02408     25938.2808       0.0000      5.55688     5.55688   17480.4608     4.56181      0 -
     2      433      0.02388     25938.2808       0.0000      5.55688     5.55688   17480.4608     4.56181      0 -
     2      434      0.02367     24710.5692   -1227.7116      5.42378     5.42378   17480.4608     4.56181      1 chain_02/itr_00434_trial_01.rho
     2      435      0.02347     24710.5692       0.0000      5.42378     5.42378   17480.4608     4.56181      0 -
     2      436      0.02327     24577.3210    -133.2482      5.40913     5.40913   17480.4608     4.56181      1 chain_02/itr_00436_trial_01.rho
     2      437      0.02307     24577.3210       0.0000      5.40913     5.40913   17480.4608     4.56181      0 -
     2      438      0.02287     24577.3210       0.0000      5.40913     5.40913   17480.4608     4.56181      0 -
     2      439      0.02267     24577.3210       0.0000      5.40913     5.40913   17480.4608     4.56181      0 -
     2      440      0.02247     24499.7052     -77.6157      5.40058     5.40058   17480.4608     4.56181      1 chain_02/itr_00440_trial_01.rho
     2      441      0.02228     24864.8141     365.1089      5.44068     5.44068   17480.4608     4.56181      1 chain_02/itr_00441_trial_01.rho
     2      442      0.02209     25001.0850     136.2709      5.45557     5.45557   17480.4608     4.56181      1 chain_02/itr_00442_trial_01.rho
     2      443       0.0219     25001.0850       0.0000      5.45557     5.45557   17480.4608     4.56181      0 -
     2      444      0.02171     24620.3254    -380.7597      5.41386     5.41386   17480.4608     4.56181      1 chain_02/itr_00444_trial_01.rho
     2      445      0.02152     24620.3254       0.0000      5.41386     5.41386   17480.4608     4.56181      0 -
     2      446      0.02134     24504.7717    -115.5536      5.40114     5.40114   17480.4608     4.56181      1 chain_02/itr_00446_trial_01.rho
     2      447      0.02115     24628.0575     123.2857      5.41471     5.41471   17480.4608     4.56181      1 chain_02/itr_00447_trial_01.rho
     2      448      0.02097     24628.0575       0.0000      5.41471     5.41471   17480.4608     4.56181      0 -
     2      449      0.02079     24392.2352    -235.8223      5.38873     5.38873   17480.4608     4.56181      1 chain_02/itr_00449_trial_01.rho
     2      450      0.02061     24807.1194     414.8842      5.43436     5.43436   17480.4608     4.56181      1 chain_02/itr_00450_trial_01.rho
     2      451      0.02044     24308.9230    -498.1964      5.37952     5.37952   17480.4608     4.56181      1 chain_02/itr_00451_trial_01.rho
     2      452      0.02026     24363.9718      55.0488      5.38560     5.38560   17480.4608     4.56181      1 chain_02/itr_00452_trial_01.rho
     2      453      0.02009     23944.6664    -419.3054      5.33906     5.33906   17480.4608     4.56181      1 chain_02/itr_00453_trial_01.rho
     2      454      0.01991     23944.6664       0.0000      5.33906     5.33906   17480.4608     4.56181      0 -
     2      455      0.01974     23944.6664       0.0000      5.33906     5.33906   17480.4608     4.56181      0 -
     2      456      0.01957     24109.5941     164.9277      5.35742     5.35742   17480.4608     4.56181      1 chain_02/itr_00456_trial_01.rho
     2      457       0.0194     22908.6797   -1200.9144      5.22228     5.22228   17480.4608     4.56181      1 chain_02/itr_00457_trial_01.rho
     2      458      0.01924     22908.6797       0.0000      5.22228     5.22228   17480.4608     4.56181      0 -
     2      459      0.01907     22908.6797       0.0000      5.22228     5.22228   17480.4608     4.56181      0 -
     2      460      0.01891     22493.6151    -415.0646      5.17476     5.17476   17480.4608     4.56181      1 chain_02/itr_00460_trial_01.rho
     2      461      0.01874     22270.5635    -223.0515      5.14904     5.14904   17480.4608     4.56181      1 chain_02/itr_00461_trial_01.rho
     2      462      0.01858     22543.7618     273.1983      5.18052     5.18052   17480.4608     4.56181      1 chain_02/itr_00462_trial_01.rho
     2      463      0.01842     22543.7618       0.0000      5.18052     5.18052   17480.4608     4.56181      0 -
     2      464      0.01826     22627.4379      83.6761      5.19013     5.19013   17480.4608     4.56181      1 chain_02/itr_00464_trial_01.rho
     2      465      0.01811     22092.6370    -534.8009      5.12843     5.12843   17480.4608     4.56181      1 chain_02/itr_00465_trial_01.rho
     2      466      0.01795     21787.4054    -305.2315      5.09288     5.09288   17480.4608     4.56181      1 chain_02/itr_00466_trial_01.rho
     2      467       0.0178     20863.8266    -923.5789      4.98376     4.98376   17480.4608     4.56181      1 chain_02/itr_00467_trial_01.rho
     2      468      0.01764     20863.8266       0.0000      4.98376     4.98376   17480.4608     4.56181      0 -
     2      469      0.01749     20863.8266       0.0000      4.98376     4.98376   17480.4608     4.56181      0 -
     2      470      0.01734     20875.6922      11.8656      4.98518     4.98518   17480.4608     4.56181      1 chain_02/itr_00470_trial_01.rho
     2      471      0.01719     20686.3557    -189.3365      4.96252     4.96252   17480.4608     4.56181      1 chain_02/itr_00471_trial_01.rho
     2      472      0.01704     20284.1175    -402.2382      4.91404     4.91404   17480.4608     4.56181      1 chain_02/itr_00472_trial_01.rho
     2      473       0.0169     20012.0091    -272.1083      4.88097     4.88097   17480.4608     4.56181      1 chain_02/itr_00473_trial_01.rho
     2      474      0.01675     20012.0091       0.0000      4.88097     4.88097   17480.4608     4.56181      0 -
     2      475      0.01661     20118.9496     106.9405      4.89399     4.89399   17480.4608     4.56181      1 chain_02/itr_00475_trial_01.rho
     2      476      0.01646     20116.6565      -2.2931      4.89371     4.89371   17480.4608     4.56181      1 chain_02/itr_00476_trial_01.rho
     2      477      0.01632     20116.6565       0.0000      4.89371     4.89371   17480.4608     4.56181      0 -
     2      478      0.01618     20163.0002      46.3437      4.89934     4.89934   17480.4608     4.56181      1 chain_02/itr_00478_trial_01.rho
     2      479      0.01604     20163.0002       0.0000      4.89934     4.89934   17480.4608     4.56181      0 -
     2      480       0.0159     20043.6988    -119.3014      4.88483     4.88483   17480.4608     4.56181      1 chain_02/itr_00480_trial_01.rho
     2      481      0.01577     19885.7665    -157.9322      4.86555     4.86555   17480.4608     4.56181      1 chain_02/itr_00481_trial_01.rho
     2      482      0.01563     19885.7665       0.0000      4.86555     4.86555   17480.4608     4.56181      0 -
     2      483       0.0155     19885.7665       0.0000      4.86555     4.86555   17480.4608     4.56181      0 -
     2      484      0.01536     19816.3552     -69.4114      4.85705     4.85705   17480.4608     4.56181      1 chain_02/itr_00484_trial_01.rho
     2      485      0.01523     19816.3552       0.0000      4.85705     4.85705   17480.4608     4.56181      0 -
     2      486       0.0151     20126.6989     310.3437      4.89493     4.89493   17480.4608     4.56181      1 chain_02/itr_00486_trial_01.rho
     2      487      0.01497     20126.6989       0.0000      4.89493     4.89493   17480.4608     4.56181      0 -
     2      488      0.01484     20126.6989       0.0000      4.89493     4.89493   17480.4608     4.56181      0 -
     2      489      0.01471     20126.6989       0.0000      4.89493     4.89493   17480.4608     4.56181      0 -
     2      490      0.01459     20126.6989       0.0000      4.89493     4.89493   17480.4608     4.56181      0 -
     2      491      0.01446     19706.7665    -419.9323      4.84360     4.84360   17480.4608     4.56181      1 chain_02/itr_00491_trial_01.rho
     2      492      0.01434     20144.0166     437.2501      4.89704     4.89704   17480.4608     4.56181      1 chain_02/itr_00492_trial_01.rho
     2      493      0.01421     20144.0166       0.0000      4.89704     4.89704   17480.4608     4.56181      0 -
     2      494      0.01409     20524.3811     380.3645      4.94305     4.94305   17480.4608     4.56181      1 chain_02/itr_00494_trial_01.rho
     2      495      0.01397     20524.3811       0.0000      4.94305     4.94305   17480.4608     4.56181      0 -
     2      496      0.01385     20524.3811       0.0000      4.94305     4.94305   17480.4608     4.56181      0 -
     2      497      0.01373     20600.8252      76.4441      4.95225     4.95225   17480.4608     4.56181      1 chain_02/itr_00497_trial_01.rho
     2      498      0.01361     20906.6968     305.8716      4.98888     4.98888   17480.4608     4.56181      1 chain_02/itr_00498_trial_01.rho
     2      499      0.01349     20606.3922    -300.3047      4.95292     4.95292   17480.4608     4.56181      1 chain_02/itr_00499_trial_01.rho
     2      500      0.01338     20606.3922       0.0000      4.95292     4.95292   17480.4608     4.56181      0 -
     2      501      0.01326     20637.6671      31.2749      4.95668     4.95668   17480.4608     4.56181      1 chain_02/itr_00501_trial_01.rho
     2      502      0.01315     20637.6671       0.0000      4.95668     4.95668   17480.4608     4.56181      0 -
     2      503      0.01304     20308.2077    -329.4593      4.91695     4.91695   17480.4608     4.56181      1 chain_02/itr_00503_trial_01.rho
     2      504      0.01292     20240.4865     -67.7212      4.90875     4.90875   17480.4608     4.56181      1 chain_02/itr_00504_trial_01.rho
     2      505      0.01281     20240.4865       0.0000      4.90875     4.90875   17480.4608     4.56181      0 -
     2      506       0.0127     20240.4865       0.0000      4.90875     4.90875   17480.4608     4.56181      0 -
     2      507      0.01259     20843.6990     603.2125      4.98136     4.98136   17480.4608     4.56181      1 chain_02/itr_00507_trial_01.rho
     2      508      0.01248     20770.2235     -73.4755      4.97257     4.97257   17480.4608     4.56181      1 chain_02/itr_00508_trial_01.rho
     2      509      0.01238     20770.2235       0.0000      4.97257     4.97257   17480.4608     4.56181      0 -
     2      510      0.01227     20495.9271    -274.2964      4.93963     4.93963   17480.4608     4.56181      1 chain_02/itr_00510_trial_01.rho
     2      511      0.01216     20495.9271       0.0000      4.93963     4.93963   17480.4608     4.56181      0 -
     2      512      0.01206     20495.9271       0.0000      4.93963     4.93963   17480.4608     4.56181      0 -
     2      513      0.01196     20495.9271       0.0000      4.93963     4.93963   17480.4608     4.56181      0 -
     2      514      0.01185     20495.9271       0.0000      4.93963     4.93963   17480.4608     4.56181      0 -
     2      515      0.01175     20495.9271       0.0000      4.93963     4.93963   17480.4608     4.56181      0 -
     2      516      0.01165     20363.2009    -132.7262      4.92361     4.92361   17480.4608     4.56181      1 chain_02/itr_00516_trial_01.rho
     2      517      0.01155     20363.2009       0.0000      4.92361     4.92361   17480.4608     4.56181      0 -
     2      518      0.01145     20363.2009       0.0000      4.92361     4.92361   17480.4608     4.56181      0 -
     2      519      0.01135     20363.2009       0.0000      4.92361     4.92361   17480.4608     4.56181      0 -
     2      520      0.01125     20486.2902     123.0893      4.93847     4.93847   17480.4608     4.56181      1 chain_02/itr_00520_trial_01.rho
     2      521      0.01116     20596.2673     109.9771      4.95170     4.95170   17480.4608     4.56181      1 chain_02/itr_00521_trial_01.rho
     2      522      0.01106     20140.9354    -455.3319      4.89666     4.89666   17480.4608     4.56181      1 chain_02/itr_00522_trial_01.rho
     2      523      0.01097     20267.6957     126.7603      4.91205     4.91205   17480.4608     4.56181      1 chain_02/itr_00523_trial_01.rho
     2      524      0.01087     20267.6957       0.0000      4.91205     4.91205   17480.4608     4.56181      0 -
     2      525      0.01078     20267.6957       0.0000      4.91205     4.91205   17480.4608     4.56181      0 -
     2      526      0.01069     19408.9695    -858.7262      4.80686     4.80686   17480.4608     4.56181      1 chain_02/itr_00526_trial_01.rho
     2      527      0.01059     19175.3538    -233.6156      4.77784     4.77784   17480.4608     4.56181      1 chain_02/itr_00527_trial_01.rho
     2      528       0.0105     18701.2607    -474.0931      4.71841     4.71841   17480.4608     4.56181      1 chain_02/itr_00528_trial_01.rho
     2      529      0.01041     18701.2607       0.0000      4.71841     4.71841   17480.4608     4.56181      0 -
     2      530      0.01032     18701.2607       0.0000      4.71841     4.71841   17480.4608     4.56181      0 -
     2      531      0.01023     18701.2607       0.0000      4.71841     4.71841   17480.4608     4.56181      0 -
     2      532      0.01015     18701.2607       0.0000      4.71841     4.71841   17480.4608     4.56181      0 -
     2      533      0.01006     17511.7387   -1189.5221      4.56589     4.56589   17480.4608     4.56181      1 chain_02/itr_00533_trial_01.rho
     2      534     0.009971     17208.6289    -303.1098      4.52620     4.52620   17208.6289     4.52620      1 chain_02/itr_00534_trial_01.rho
     2      535     0.009885     17208.6289       0.0000      4.52620     4.52620   17208.6289     4.52620      0 -
     2      536       0.0098     17208.6289       0.0000      4.52620     4.52620   17208.6289     4.52620      0 -
     2      537     0.009716     17208.6289       0.0000      4.52620     4.52620   17208.6289     4.52620      0 -
     2      538     0.009632     17208.6289       0.0000      4.52620     4.52620   17208.6289     4.52620      0 -
     2      539     0.009549     17208.6289       0.0000      4.52620     4.52620   17208.6289     4.52620      0 -
     2      540     0.009467     16546.7542    -661.8747      4.43830     4.43830   16546.7542     4.43830      1 chain_02/itr_00540_trial_01.rho
     2      541     0.009386     16300.2140    -246.5403      4.40511     4.40511   16300.2140     4.40511      1 chain_02/itr_00541_trial_01.rho
     2      542     0.009305     16300.2140       0.0000      4.40511     4.40511   16300.2140     4.40511      0 -
     2      543     0.009225     16300.2140       0.0000      4.40511     4.40511   16300.2140     4.40511      0 -
     2      544     0.009145     16031.5094    -268.7045      4.36865     4.36865   16031.5094     4.36865      1 chain_02/itr_00544_trial_01.rho
     2      545     0.009067     16031.5094       0.0000      4.36865     4.36865   16031.5094     4.36865      0 -
     2      546     0.008989     15404.1331    -627.3763      4.28232     4.28232   15404.1331     4.28232      1 chain_02/itr_00546_trial_01.rho
     2      547     0.008911     15504.8489     100.7157      4.29630     4.29630   15404.1331     4.28232      1 chain_02/itr_00547_trial_01.rho
     2      548     0.008835     14902.6924    -602.1565      4.21204     4.21204   14902.6924     4.21204      1 chain_02/itr_00548_trial_01.rho
     2      549     0.008758     14902.6924       0.0000      4.21204     4.21204   14902.6924     4.21204      0 -
     2      550     0.008683     14518.1306    -384.5618      4.15734     4.15734   14518.1306     4.15734      1 chain_02/itr_00550_trial_01.rho
     2      551     0.008608     14427.9397     -90.1909      4.14441     4.14441   14427.9397     4.14441      1 chain_02/itr_00551_trial_01.rho
     2      552     0.008534     14427.9397       0.0000      4.14441     4.14441   14427.9397     4.14441      0 -
     2      553     0.008461     14427.9397       0.0000      4.14441     4.14441   14427.9397     4.14441      0 -
     2      554     0.008388     14427.7403      -0.1994      4.14438     4.14438   14427.7403     4.14438      1 chain_02/itr_00554_trial_01.rho
     2      555     0.008316     13960.4612    -467.2791      4.07671     4.07671   13960.4612     4.07671      1 chain_02/itr_00555_trial_01.rho
     2      556     0.008244     14000.8029      40.3417      4.08260     4.08260   13960.4612     4.07671      1 chain_02/itr_00556_trial_01.rho
     2      557     0.008173     14000.8029       0.0000      4.08260     4.08260   13960.4612     4.07671      0 -
     2      558     0.008103     14000.8029       0.0000      4.08260     4.08260   13960.4612     4.07671      0 -
     2      559     0.008033     13666.1318    -334.6711      4.03351     4.03351   13666.1318     4.03351      1 chain_02/itr_00559_trial_01.rho
     2      560     0.007964     13666.1318       0.0000      4.03351     4.03351   13666.1318     4.03351      0 -
     2      561     0.007895     13683.2064      17.0747      4.03603     4.03603   13666.1318     4.03351      1 chain_02/itr_00561_trial_01.rho
     2      562     0.007827     13683.2064       0.0000      4.03603     4.03603   13666.1318     4.03351      0 -
     2      563      0.00776     13745.1695      61.9631      4.04516     4.04516   13666.1318     4.03351      1 chain_02/itr_00563_trial_01.rho
     2      564     0.007693     13595.3496    -149.8199      4.02305     4.02305   13595.3496     4.02305      1 chain_02/itr_00564_trial_01.rho
     2      565     0.007627     13561.6138     -33.7358      4.01806     4.01806   13561.6138     4.01806      1 chain_02/itr_00565_trial_01.rho
     2      566     0.007561     13561.6138       0.0000      4.01806     4.01806   13561.6138     4.01806      0 -
     2      567     0.007496     13555.5360      -6.0778      4.01716     4.01716   13555.5360     4.01716      1 chain_02/itr_00567_trial_01.rho
     2      568     0.007432     13555.5360       0.0000      4.01716     4.01716   13555.5360     4.01716      0 -
     2      569     0.007368     13555.5360       0.0000      4.01716     4.01716   13555.5360     4.01716      0 -
     2      570     0.007304     13555.5360       0.0000      4.01716     4.01716   13555.5360     4.01716      0 -
     2      571     0.007241     13555.5360       0.0000      4.01716     4.01716   13555.5360     4.01716      0 -
     2      572     0.007179     13807.9772     252.4412      4.05439     4.05439   13555.5360     4.01716      1 chain_02/itr_00572_trial_01.rho
     2      573     0.007117     13768.0637     -39.9135      4.04852     4.04852   13555.5360     4.01716      1 chain_02/itr_00573_trial_01.rho
     2      574     0.007056     13768.0637       0.0000      4.04852     4.04852   13555.5360     4.01716      0 -
     2      575     0.006995     13768.0637       0.0000      4.04852     4.04852   13555.5360     4.01716      0 -
     2      576     0.006935     13768.0637       0.0000      4.04852     4.04852   13555.5360     4.01716      0 -
     2      577     0.006875     13831.1970      63.1332      4.05780     4.05780   13555.5360     4.01716      1 chain_02/itr_00577_trial_01.rho
     2      578     0.006816     13827.8658      -3.3312      4.05731     4.05731   13555.5360     4.01716      1 chain_02/itr_00578_trial_01.rho
     2      579     0.006758     13827.8658       0.0000      4.05731     4.05731   13555.5360     4.01716      0 -
     2      580     0.006699     13851.4142      23.5484      4.06076     4.06076   13555.5360     4.01716      1 chain_02/itr_00580_trial_01.rho
     2      581     0.006642     13851.4142       0.0000      4.06076     4.06076   13555.5360     4.01716      0 -
     2      582     0.006585     13851.4142       0.0000      4.06076     4.06076   13555.5360     4.01716      0 -
     2      583     0.006528     13851.4142       0.0000      4.06076     4.06076   13555.5360     4.01716      0 -
     2      584     0.006472     13851.4142       0.0000      4.06076     4.06076   13555.5360     4.01716      0 -
     2      585     0.006416     13851.4142       0.0000      4.06076     4.06076   13555.5360     4.01716      0 -
     2      586     0.006361     13851.4142       0.0000      4.06076     4.06076   13555.5360     4.01716      0 -
     2      587     0.006306     13710.1396    -141.2746      4.04000     4.04000   13555.5360     4.01716      1 chain_02/itr_00587_trial_01.rho
     2      588     0.006252     13608.1138    -102.0258      4.02494     4.02494   13555.5360     4.01716      1 chain_02/itr_00588_trial_01.rho
     2      589     0.006198     13608.1138       0.0000      4.02494     4.02494   13555.5360     4.01716      0 -
     2      590     0.006144     13608.1138       0.0000      4.02494     4.02494   13555.5360     4.01716      0 -
     2      591     0.006092     13608.1138       0.0000      4.02494     4.02494   13555.5360     4.01716      0 -
     2      592     0.006039     13608.1138       0.0000      4.02494     4.02494   13555.5360     4.01716      0 -
     2      593     0.005987     13608.1138       0.0000      4.02494     4.02494   13555.5360     4.01716      0 -
     2      594     0.005936     13608.1138       0.0000      4.02494     4.02494   13555.5360     4.01716      0 -
     2      595     0.005885     13608.1138       0.0000      4.02494     4.02494   13555.5360     4.01716      0 -
     2      596     0.005834     13608.1138       0.0000      4.02494     4.02494   13555.5360     4.01716      0 -
     2      597     0.005784     13608.1138       0.0000      4.02494     4.02494   13555.5360     4.01716      0 -
     2      598     0.005734     13608.1138       0.0000      4.02494     4.02494   13555.5360     4.01716      0 -
     2      599     0.005685     13608.1138       0.0000      4.02494     4.02494   13555.5360     4.01716      0 -
     2      600     0.005636     13522.5383     -85.5755      4.01226     4.01226   13522.5383     4.01226      1 chain_02/itr_00600_trial_01.rho
     2      601     0.005587     13522.5383       0.0000      4.01226     4.01226   13522.5383     4.01226      0 -
     2      602     0.005539     13187.0599    -335.4785      3.96218     3.96218   13187.0599     3.96218      1 chain_02/itr_00602_trial_01.rho
     2      603     0.005491     13187.0599       0.0000      3.96218     3.96218   13187.0599     3.96218      0 -
     2      604     0.005444     13187.0599       0.0000      3.96218     3.96218   13187.0599     3.96218      0 -
     2      605     0.005397     13187.0599       0.0000      3.96218     3.96218   13187.0599     3.96218      0 -
     2      606     0.005351     13187.0599       0.0000      3.96218     3.96218   13187.0599     3.96218      0 -
     2      607     0.005305     13187.0599       0.0000      3.96218     3.96218   13187.0599     3.96218      0 -
     2      608     0.005259     13187.0599       0.0000      3.96218     3.96218   13187.0599     3.96218      0 -
     2      609     0.005214     13187.0599       0.0000      3.96218     3.96218   13187.0599     3.96218      0 -
     2      610     0.005169     13187.0599       0.0000      3.96218     3.96218   13187.0599     3.96218      0 -
     2      611     0.005124     13187.0599       0.0000      3.96218     3.96218   13187.0599     3.96218      0 -
     2      612      0.00508     13187.0599       0.0000      3.96218     3.96218   13187.0599     3.96218      0 -
     2      613     0.005036     13187.0599       0.0000      3.96218     3.96218   13187.0599     3.96218      0 -
     2      614     0.004993     12984.2978    -202.7620      3.93160     3.93160   12984.2978     3.93160      1 chain_02/itr_00614_trial_01.rho
     2      615      0.00495     12984.2978       0.0000      3.93160     3.93160   12984.2978     3.93160      0 -
     2      616     0.004908     13042.8517      58.5539      3.94046     3.94046   12984.2978     3.93160      1 chain_02/itr_00616_trial_01.rho
     2      617     0.004865     13069.2510      26.3993      3.94444     3.94444   12984.2978     3.93160      1 chain_02/itr_00617_trial_01.rho
     2      618     0.004823     12920.0748    -149.1762      3.92187     3.92187   12920.0748     3.92187      1 chain_02/itr_00618_trial_01.rho
     2      619     0.004782     12533.3325    -386.7423      3.86272     3.86272   12533.3325     3.86272      1 chain_02/itr_00619_trial_01.rho
     2      620     0.004741     12533.3325       0.0000      3.86272     3.86272   12533.3325     3.86272      0 -
     2      621       0.0047     12533.3325       0.0000      3.86272     3.86272   12533.3325     3.86272      0 -
     2      622     0.004659     12286.5547    -246.7778      3.82451     3.82451   12286.5547     3.82451      1 chain_02/itr_00622_trial_01.rho
     2      623     0.004619     12014.1969    -272.3578      3.78188     3.78188   12014.1969     3.78188      1 chain_02/itr_00623_trial_01.rho
     2      624      0.00458     12053.6990      39.5020      3.78809     3.78809   12014.1969     3.78188      1 chain_02/itr_00624_trial_01.rho
     2      625      0.00454     12053.6990       0.0000      3.78809     3.78809   12014.1969     3.78188      0 -
     2      626     0.004501     12053.6990       0.0000      3.78809     3.78809   12014.1969     3.78188      0 -
     2      627     0.004462     12053.6990       0.0000      3.78809     3.78809   12014.1969     3.78188      0 -
     2      628     0.004424     12053.6990       0.0000      3.78809     3.78809   12014.1969     3.78188      0 -
     2      629     0.004386     12053.6990       0.0000      3.78809     3.78809   12014.1969     3.78188      0 -
     2      630     0.004348     11788.3608    -265.3382      3.74617     3.74617   11788.3608     3.74617      1 chain_02/itr_00630_trial_01.rho
     2      631     0.004311     11628.9780    -159.3828      3.72076     3.72076   11628.9780     3.72076      1 chain_02/itr_00631_trial_01.rho
     2      632     0.004274     11666.1197      37.1417      3.72669     3.72669   11628.9780     3.72076      1 chain_02/itr_00632_trial_01.rho
     2      633     0.004237     11666.1197       0.0000      3.72669     3.72669   11628.9780     3.72076      0 -
     2      634       0.0042     11666.1197       0.0000      3.72669     3.72669   11628.9780     3.72076      0 -
     2      635     0.004164     11666.1197       0.0000      3.72669     3.72669   11628.9780     3.72076      0 -
     2      636     0.004128     11666.1197       0.0000      3.72669     3.72669   11628.9780     3.72076      0 -
     2      637     0.004093     11666.1197       0.0000      3.72669     3.72669   11628.9780     3.72076      0 -
     2      638     0.004058     11456.7714    -209.3483      3.69310     3.69310   11456.7714     3.69310      1 chain_02/itr_00638_trial_01.rho
     2      639     0.004023     11456.7714       0.0000      3.69310     3.69310   11456.7714     3.69310      0 -
     2      640     0.003988     11456.7714       0.0000      3.69310     3.69310   11456.7714     3.69310      0 -
     2      641     0.003954     11456.7714       0.0000      3.69310     3.69310   11456.7714     3.69310      0 -
     2      642      0.00392     11456.7714       0.0000      3.69310     3.69310   11456.7714     3.69310      0 -
     2      643     0.003886     11456.7714       0.0000      3.69310     3.69310   11456.7714     3.69310      0 -
     2      644     0.003852     11456.7714       0.0000      3.69310     3.69310   11456.7714     3.69310      0 -
     2      645     0.003819     11456.7714       0.0000      3.69310     3.69310   11456.7714     3.69310      0 -
     2      646     0.003786     11456.7714       0.0000      3.69310     3.69310   11456.7714     3.69310      0 -
     2      647     0.003754     11456.7714       0.0000      3.69310     3.69310   11456.7714     3.69310      0 -
     2      648     0.003721     11456.7714       0.0000      3.69310     3.69310   11456.7714     3.69310      0 -
     2      649     0.003689     11456.7714       0.0000      3.69310     3.69310   11456.7714     3.69310      0 -
     2      650     0.003658     11456.7714       0.0000      3.69310     3.69310   11456.7714     3.69310      0 -
     2      651     0.003626     11456.7714       0.0000      3.69310     3.69310   11456.7714     3.69310      0 -
     2      652     0.003595     11456.7714       0.0000      3.69310     3.69310   11456.7714     3.69310      0 -
     2      653     0.003564     11456.7714       0.0000      3.69310     3.69310   11456.7714     3.69310      0 -
     2      654     0.003533     11444.5708     -12.2007      3.69114     3.69114   11444.5708     3.69114      1 chain_02/itr_00654_trial_01.rho
     2      655     0.003503     11469.9639      25.3931      3.69523     3.69523   11444.5708     3.69114      1 chain_02/itr_00655_trial_01.rho
     2      656     0.003473     11469.9639       0.0000      3.69523     3.69523   11444.5708     3.69114      0 -
     2      657     0.003443     11362.0752    -107.8887      3.67781     3.67781   11362.0752     3.67781      1 chain_02/itr_00657_trial_01.rho
     2      658     0.003413     11362.0752       0.0000      3.67781     3.67781   11362.0752     3.67781      0 -
     2      659     0.003384     11389.3793      27.3041      3.68223     3.68223   11362.0752     3.67781      1 chain_02/itr_00659_trial_01.rho
     2      660     0.003355     11389.3793       0.0000      3.68223     3.68223   11362.0752     3.67781      0 -
     2      661     0.003326     11389.3793       0.0000      3.68223     3.68223   11362.0752     3.67781      0 -
     2      662     0.003297     11389.3793       0.0000      3.68223     3.68223   11362.0752     3.67781      0 -
     2      663     0.003269     11191.1084    -198.2709      3.65003     3.65003   11191.1084     3.65003      1 chain_02/itr_00663_trial_01.rho
     2      664     0.003241     11136.9693     -54.1391      3.64119     3.64119   11136.9693     3.64119      1 chain_02/itr_00664_trial_01.rho
     2      665     0.003213     11136.9693       0.0000      3.64119     3.64119   11136.9693     3.64119      0 -
     2      666     0.003185     11136.9693       0.0000      3.64119     3.64119   11136.9693     3.64119      0 -
     2      667     0.003158     11136.9693       0.0000      3.64119     3.64119   11136.9693     3.64119      0 -
     2      668     0.003131     11136.9693       0.0000      3.64119     3.64119   11136.9693     3.64119      0 -
     2      669     0.003104     11136.9693       0.0000      3.64119     3.64119   11136.9693     3.64119      0 -
     2      670     0.003077     10956.8245    -180.1448      3.61163     3.61163   10956.8245     3.61163      1 chain_02/itr_00670_trial_01.rho
     2      671      0.00305     10956.8245       0.0000      3.61163     3.61163   10956.8245     3.61163      0 -
     2      672     0.003024     10956.8245       0.0000      3.61163     3.61163   10956.8245     3.61163      0 -
     2      673     0.002998     10956.8245       0.0000      3.61163     3.61163   10956.8245     3.61163      0 -
     2      674     0.002972     10857.0802     -99.7443      3.59515     3.59515   10857.0802     3.59515      1 chain_02/itr_00674_trial_01.rho
     2      675     0.002947     10893.8853      36.8050      3.60124     3.60124   10857.0802     3.59515      1 chain_02/itr_00675_trial_01.rho
     2      676     0.002921     10893.8853       0.0000      3.60124     3.60124   10857.0802     3.59515      0 -
     2      677     0.002896     10900.0935       6.2083      3.60226     3.60226   10857.0802     3.59515      1 chain_02/itr_00677_trial_01.rho
     2      678     0.002871     10585.5008    -314.5928      3.54990     3.54990   10585.5008     3.54990      1 chain_02/itr_00678_trial_01.rho
     2      679     0.002847     10585.5008       0.0000      3.54990     3.54990   10585.5008     3.54990      0 -
     2      680     0.002822     10358.2613    -227.2394      3.51159     3.51159   10358.2613     3.51159      1 chain_02/itr_00680_trial_01.rho
     2      681     0.002798     10358.2613       0.0000      3.51159     3.51159   10358.2613     3.51159      0 -
     2      682     0.002774     10358.2613       0.0000      3.51159     3.51159   10358.2613     3.51159      0 -
     2      683      0.00275     10358.2613       0.0000      3.51159     3.51159   10358.2613     3.51159      0 -
     2      684     0.002726     10358.2613       0.0000      3.51159     3.51159   10358.2613     3.51159      0 -
     2      685     0.002703     10358.2613       0.0000      3.51159     3.51159   10358.2613     3.51159      0 -
     2      686     0.002679     10358.2613       0.0000      3.51159     3.51159   10358.2613     3.51159      0 -
     2      687     0.002656     10316.4972     -41.7641      3.50450     3.50450   10316.4972     3.50450      1 chain_02/itr_00687_trial_01.rho
     2      688     0.002633     10316.4972       0.0000      3.50450     3.50450   10316.4972     3.50450      0 -
     2      689     0.002611     10316.4972       0.0000      3.50450     3.50450   10316.4972     3.50450      0 -
     2      690     0.002588     10316.4972       0.0000      3.50450     3.50450   10316.4972     3.50450      0 -
     2      691     0.002566     10316.4972       0.0000      3.50450     3.50450   10316.4972     3.50450      0 -
     2      692     0.002544     10316.4972       0.0000      3.50450     3.50450   10316.4972     3.50450      0 -
     2      693     0.002522     10316.4972       0.0000      3.50450     3.50450   10316.4972     3.50450      0 -
     2      694       0.0025     10316.4972       0.0000      3.50450     3.50450   10316.4972     3.50450      0 -
     2      695     0.002479     10316.4972       0.0000      3.50450     3.50450   10316.4972     3.50450      0 -
     2      696     0.002457     10316.4972       0.0000      3.50450     3.50450   10316.4972     3.50450      0 -
     2      697     0.002436     10316.4972       0.0000      3.50450     3.50450   10316.4972     3.50450      0 -
     2      698     0.002415     10142.5257    -173.9715      3.47483     3.47483   10142.5257     3.47483      1 chain_02/itr_00698_trial_01.rho
     2      699     0.002395     10142.5257       0.0000      3.47483     3.47483   10142.5257     3.47483      0 -
     2      700     0.002374     10030.1821    -112.3436      3.45553     3.45553   10030.1821     3.45553      1 chain_02/itr_00700_trial_01.rho
     2      701     0.002354     10030.1821       0.0000      3.45553     3.45553   10030.1821     3.45553      0 -
     2      702     0.002333     10030.1821       0.0000      3.45553     3.45553   10030.1821     3.45553      0 -
     2      703     0.002313     10030.1821       0.0000      3.45553     3.45553   10030.1821     3.45553      0 -
     2      704     0.002293     10000.5433     -29.6387      3.45042     3.45042   10000.5433     3.45042      1 chain_02/itr_00704_trial_01.rho
     2      705     0.002274     10000.5433       0.0000      3.45042     3.45042   10000.5433     3.45042      0 -
     2      706     0.002254     10000.5433       0.0000      3.45042     3.45042   10000.5433     3.45042      0 -
     2      707     0.002235     10000.5433       0.0000      3.45042     3.45042   10000.5433     3.45042      0 -
     2      708     0.002215     10000.5433       0.0000      3.45042     3.45042   10000.5433     3.45042      0 -
     2      709     0.002196     10000.5433       0.0000      3.45042     3.45042   10000.5433     3.45042      0 -
     2      710     0.002177     10000.5433       0.0000      3.45042     3.45042   10000.5433     3.45042      0 -
     2      711     0.002159     10000.5433       0.0000      3.45042     3.45042   10000.5433     3.45042      0 -
     2      712      0.00214     10000.5433       0.0000      3.45042     3.45042   10000.5433     3.45042      0 -
     2      713     0.002122      9965.7403     -34.8030      3.44441     3.44441    9965.7403     3.44441      1 chain_02/itr_00713_trial_01.rho
     2      714     0.002103     10001.5613      35.8210      3.45060     3.45060    9965.7403     3.44441      1 chain_02/itr_00714_trial_01.rho
     2      715     0.002085      9775.6484    -225.9129      3.41140     3.41140    9775.6484     3.41140      1 chain_02/itr_00715_trial_01.rho
     2      716     0.002067      9775.6484       0.0000      3.41140     3.41140    9775.6484     3.41140      0 -
     2      717     0.002049      9775.6484       0.0000      3.41140     3.41140    9775.6484     3.41140      0 -
     2      718     0.002032      9775.6484       0.0000      3.41140     3.41140    9775.6484     3.41140      0 -
     2      719     0.002014      9775.6484       0.0000      3.41140     3.41140    9775.6484     3.41140      0 -
     2      720     0.001997      9775.6484       0.0000      3.41140     3.41140    9775.6484     3.41140      0 -
     2      721      0.00198      9775.6484       0.0000      3.41140     3.41140    9775.6484     3.41140      0 -
     2      722     0.001963      9775.6484       0.0000      3.41140     3.41140    9775.6484     3.41140      0 -
     2      723     0.001946      9775.6484       0.0000      3.41140     3.41140    9775.6484     3.41140      0 -
     2      724     0.001929      9775.6484       0.0000      3.41140     3.41140    9775.6484     3.41140      0 -
     2      725     0.001913      9775.6484       0.0000      3.41140     3.41140    9775.6484     3.41140      0 -
     2      726     0.001896      9775.6484       0.0000      3.41140     3.41140    9775.6484     3.41140      0 -
     2      727      0.00188      9775.6484       0.0000      3.41140     3.41140    9775.6484     3.41140      0 -
     2      728     0.001864      9775.6484       0.0000      3.41140     3.41140    9775.6484     3.41140      0 -
     2      729     0.001847      9775.6484       0.0000      3.41140     3.41140    9775.6484     3.41140      0 -
     2      730     0.001832      9775.6484       0.0000      3.41140     3.41140    9775.6484     3.41140      0 -
     2      731     0.001816      9563.6288    -212.0196      3.37421     3.37421    9563.6288     3.37421      1 chain_02/itr_00731_trial_01.rho
     2      732       0.0018      9563.6288       0.0000      3.37421     3.37421    9563.6288     3.37421      0 -
     2      733     0.001785      9563.6288       0.0000      3.37421     3.37421    9563.6288     3.37421      0 -
     2      734     0.001769      9566.8806       3.2519      3.37478     3.37478    9563.6288     3.37421      1 chain_02/itr_00734_trial_01.rho
     2      735     0.001754      9566.8806       0.0000      3.37478     3.37478    9563.6288     3.37421      0 -
     2      736     0.001739      9566.8806       0.0000      3.37478     3.37478    9563.6288     3.37421      0 -
     2      737     0.001724      9566.8806       0.0000      3.37478     3.37478    9563.6288     3.37421      0 -
     2      738     0.001709      9566.8806       0.0000      3.37478     3.37478    9563.6288     3.37421      0 -
     2      739     0.001694      9566.8806       0.0000      3.37478     3.37478    9563.6288     3.37421      0 -
     2      740      0.00168      9566.8806       0.0000      3.37478     3.37478    9563.6288     3.37421      0 -
     2      741     0.001665      9566.8806       0.0000      3.37478     3.37478    9563.6288     3.37421      0 -
     2      742     0.001651      9566.8806       0.0000      3.37478     3.37478    9563.6288     3.37421      0 -
     2      743     0.001637      9566.8806       0.0000      3.37478     3.37478    9563.6288     3.37421      0 -
     2      744     0.001623      9566.8806       0.0000      3.37478     3.37478    9563.6288     3.37421      0 -
     2      745     0.001609      9566.8806       0.0000      3.37478     3.37478    9563.6288     3.37421      0 -
     2      746     0.001595      9560.4343      -6.4463      3.37364     3.37364    9560.4343     3.37364      1 chain_02/itr_00746_trial_01.rho
     2      747     0.001581      9560.4343       0.0000      3.37364     3.37364    9560.4343     3.37364      0 -
     2      748     0.001568      9560.4343       0.0000      3.37364     3.37364    9560.4343     3.37364      0 -
     2      749     0.001554      9560.4343       0.0000      3.37364     3.37364    9560.4343     3.37364      0 -
     2      750     0.001541      9560.4343       0.0000      3.37364     3.37364    9560.4343     3.37364      0 -
     2      751     0.001527      9560.4343       0.0000      3.37364     3.37364    9560.4343     3.37364      0 -
     2      752     0.001514      9560.4343       0.0000      3.37364     3.37364    9560.4343     3.37364      0 -
     2      753     0.001501      9560.4343       0.0000      3.37364     3.37364    9560.4343     3.37364      0 -
     2      754     0.001488      9560.4343       0.0000      3.37364     3.37364    9560.4343     3.37364      0 -
     2      755     0.001476      9560.4343       0.0000      3.37364     3.37364    9560.4343     3.37364      0 -
     2      756     0.001463      9560.4343       0.0000      3.37364     3.37364    9560.4343     3.37364      0 -
     2      757      0.00145      9528.3421     -32.0922      3.36798     3.36798    9528.3421     3.36798      1 chain_02/itr_00757_trial_01.rho
     2      758     0.001438      9528.3421       0.0000      3.36798     3.36798    9528.3421     3.36798      0 -
     2      759     0.001425      9528.3421       0.0000      3.36798     3.36798    9528.3421     3.36798      0 -
     2      760     0.001413      9528.3421       0.0000      3.36798     3.36798    9528.3421     3.36798      0 -
     2      761     0.001401      9528.3421       0.0000      3.36798     3.36798    9528.3421     3.36798      0 -
     2      762     0.001389      9528.3421       0.0000      3.36798     3.36798    9528.3421     3.36798      0 -
     2      763     0.001377      9528.3421       0.0000      3.36798     3.36798    9528.3421     3.36798      0 -
     2      764     0.001365      9511.3818     -16.9603      3.36498     3.36498    9511.3818     3.36498      1 chain_02/itr_00764_trial_01.rho
     2      765     0.001353      9511.3818       0.0000      3.36498     3.36498    9511.3818     3.36498      0 -
     2      766     0.001342      9511.3818       0.0000      3.36498     3.36498    9511.3818     3.36498      0 -
     2      767      0.00133      9448.5065     -62.8753      3.35384     3.35384    9448.5065     3.35384      1 chain_02/itr_00767_trial_01.rho
     2      768     0.001319      9331.7173    -116.7892      3.33304     3.33304    9331.7173     3.33304      1 chain_02/itr_00768_trial_01.rho
     2      769     0.001307      9352.9518      21.2344      3.33683     3.33683    9331.7173     3.33304      1 chain_02/itr_00769_trial_01.rho
     2      770     0.001296      9280.2797     -72.6720      3.32385     3.32385    9280.2797     3.32385      1 chain_02/itr_00770_trial_01.rho
     2      771     0.001285      9280.2797       0.0000      3.32385     3.32385    9280.2797     3.32385      0 -
     2      772     0.001274      9280.2797       0.0000      3.32385     3.32385    9280.2797     3.32385      0 -
     2      773     0.001263      9284.0281       3.7483      3.32452     3.32452    9280.2797     3.32385      1 chain_02/itr_00773_trial_01.rho
     2      774     0.001252      9284.0281       0.0000      3.32452     3.32452    9280.2797     3.32385      0 -
     2      775     0.001241      9175.4585    -108.5695      3.30502     3.30502    9175.4585     3.30502      1 chain_02/itr_00775_trial_01.rho
     2      776     0.001231      9075.7730     -99.6855      3.28702     3.28702    9075.7730     3.28702      1 chain_02/itr_00776_trial_01.rho
     2      777      0.00122      9075.7730       0.0000      3.28702     3.28702    9075.7730     3.28702      0 -
     2      778     0.001209      9075.7730       0.0000      3.28702     3.28702    9075.7730     3.28702      0 -
     2      779     0.001199      9075.7730       0.0000      3.28702     3.28702    9075.7730     3.28702      0 -
     2      780     0.001189      9075.7730       0.0000      3.28702     3.28702    9075.7730     3.28702      0 -
     2      781     0.001179      9075.7730       0.0000      3.28702     3.28702    9075.7730     3.28702      0 -
     2      782     0.001168      9075.7730       0.0000      3.28702     3.28702    9075.7730     3.28702      0 -
     2      783     0.001158      9075.7730       0.0000      3.28702     3.28702    9075.7730     3.28702      0 -
     2      784     0.001148      9075.7730       0.0000      3.28702     3.28702    9075.7730     3.28702      0 -
     2      785     0.001138      9075.7730       0.0000      3.28702     3.28702    9075.7730     3.28702      0 -
     2      786     0.001129      9075.7730       0.0000      3.28702     3.28702    9075.7730     3.28702      0 -
     2      787     0.001119      9010.5116     -65.2614      3.27518     3.27518    9010.5116     3.27518      1 chain_02/itr_00787_trial_01.rho
     2      788     0.001109      9010.5116       0.0000      3.27518     3.27518    9010.5116     3.27518      0 -
     2      789       0.0011      9010.5116       0.0000      3.27518     3.27518    9010.5116     3.27518      0 -
     2      790      0.00109      9010.5116       0.0000      3.27518     3.27518    9010.5116     3.27518      0 -
     2      791     0.001081      8958.3266     -52.1850      3.26568     3.26568    8958.3266     3.26568      1 chain_02/itr_00791_trial_01.rho
     2      792     0.001072      8958.3266       0.0000      3.26568     3.26568    8958.3266     3.26568      0 -
     2      793     0.001062      8958.3266       0.0000      3.26568     3.26568    8958.3266     3.26568      0 -
     2      794     0.001053      8958.3266       0.0000      3.26568     3.26568    8958.3266     3.26568      0 -
     2      795     0.001044      8940.9944     -17.3323      3.26252     3.26252    8940.9944     3.26252      1 chain_02/itr_00795_trial_01.rho
     2      796     0.001035      8940.9944       0.0000      3.26252     3.26252    8940.9944     3.26252      0 -
     2      797     0.001026      8940.9944       0.0000      3.26252     3.26252    8940.9944     3.26252      0 -
     2      798     0.001017      8914.3620     -26.6323      3.25766     3.25766    8914.3620     3.25766      1 chain_02/itr_00798_trial_01.rho
     2      799     0.001009      8914.3620       0.0000      3.25766     3.25766    8914.3620     3.25766      0 -
     2      800        0.001      8914.3620       0.0000      3.25766     3.25766    8914.3620     3.25766      0 -
