# VFSA 2D iteration best - 2026-09-15 00:50:10
# chains=2  n_ctrl=250  frac_update_controls=1.0  temp_kappa=1.0  cool_ratio=0.001  target_rms=1.0  n_trials=1
--------------------------------------------------------------------------------------------------------------------------------------------------------------------------------------------------------
 Chain     Iter         Temp       Chi2Curr        dChi2      RMSCurr     CurrRMS     Chi2Best     RMSBest   Nacc Model
--------------------------------------------------------------------------------------------------------------------------------------------------------------------------------------------------------
     2        1            1    860555.2480   90493.2694     32.00735    32.00735  770061.9786    30.27772      1 chain_02/itr_00001_trial_01.rho
     2        2       0.9977   1028321.9587  167766.7106     34.98847    34.98847  770061.9786    30.27772      1 chain_02/itr_00002_trial_01.rho
     2        3       0.9954   1124675.2240   96353.2654     36.59097    36.59097  770061.9786    30.27772      1 chain_02/itr_00003_trial_01.rho
     2        4       0.9931    997770.7718 -126904.4522     34.46480    34.46480  770061.9786    30.27772      1 chain_02/itr_00004_trial_01.rho
     2        5       0.9908    939531.8124  -58238.9594     33.44384    33.44384  770061.9786    30.27772      1 chain_02/itr_00005_trial_01.rho
     2        6       0.9885    924284.9857  -15246.8267     33.17136    33.17136  770061.9786    30.27772      1 chain_02/itr_00006_trial_01.rho
     2        7       0.9863   1004027.8771   79742.8913     34.57270    34.57270  770061.9786    30.27772      1 chain_02/itr_00007_trial_01.rho
     2        8        0.984   1134466.2588  130438.3817     36.74990    36.74990  770061.9786    30.27772      1 chain_02/itr_00008_trial_01.rho
     2        9       0.9817   1206752.2848   72286.0261     37.90264    37.90264  770061.9786    30.27772      1 chain_02/itr_00009_trial_01.rho
     2       10       0.9795   1305986.3968   99234.1120     39.43026    39.43026  770061.9786    30.27772      1 chain_02/itr_00010_trial_01.rho
     2       11       0.9772   1216971.4755  -89014.9213     38.06278    38.06278  770061.9786    30.27772      1 chain_02/itr_00011_trial_01.rho
     2       12        0.975   1272172.6706   55201.1951     38.91647    38.91647  770061.9786    30.27772      1 chain_02/itr_00012_trial_01.rho
     2       13       0.9727   1256035.9608  -16136.7098     38.66886    38.66886  770061.9786    30.27772      1 chain_02/itr_00013_trial_01.rho
     2       14       0.9705   1085612.8745 -170423.0863     35.94991    35.94991  770061.9786    30.27772      1 chain_02/itr_00014_trial_01.rho
     2       15       0.9683    960459.9536 -125152.9209     33.81427    33.81427  770061.9786    30.27772      1 chain_02/itr_00015_trial_01.rho
     2       16        0.966    768173.7338 -192286.2199     30.24058    30.24058  768173.7338    30.24058      1 chain_02/itr_00016_trial_01.rho
     2       17       0.9638    774657.7365    6484.0027     30.36794    30.36794  768173.7338    30.24058      1 chain_02/itr_00017_trial_01.rho
     2       18       0.9616    686960.1242  -87697.6123     28.59737    28.59737  686960.1242    28.59737      1 chain_02/itr_00018_trial_01.rho
     2       19       0.9594    553761.4778 -133198.6464     25.67567    25.67567  553761.4778    25.67567      1 chain_02/itr_00019_trial_01.rho
     2       20       0.9572    540701.9198  -13059.5579     25.37110    25.37110  540701.9198    25.37110      1 chain_02/itr_00020_trial_01.rho
     2       21        0.955    505360.9782  -35340.9416     24.52795    24.52795  505360.9782    24.52795      1 chain_02/itr_00021_trial_01.rho
     2       22       0.9528    442704.0623  -62656.9159     22.95710    22.95710  442704.0623    22.95710      1 chain_02/itr_00022_trial_01.rho
     2       23       0.9506    443834.4904    1130.4281     22.98640    22.98640  442704.0623    22.95710      1 chain_02/itr_00023_trial_01.rho
     2       24       0.9484    396187.8810  -47646.6095     21.71756    21.71756  396187.8810    21.71756      1 chain_02/itr_00024_trial_01.rho
     2       25       0.9462    379320.7493  -16867.1317     21.25023    21.25023  379320.7493    21.25023      1 chain_02/itr_00025_trial_01.rho
     2       26        0.944    360218.3840  -19102.3652     20.70824    20.70824  360218.3840    20.70824      1 chain_02/itr_00026_trial_01.rho
     2       27       0.9419    363474.5075    3256.1234     20.80163    20.80163  360218.3840    20.70824      1 chain_02/itr_00027_trial_01.rho
     2       28       0.9397    359779.0402   -3695.4673     20.69561    20.69561  359779.0402    20.69561      1 chain_02/itr_00028_trial_01.rho
     2       29       0.9375    320556.0589  -39222.9812     19.53495    19.53495  320556.0589    19.53495      1 chain_02/itr_00029_trial_01.rho
     2       30       0.9354    329408.7382    8852.6793     19.80286    19.80286  320556.0589    19.53495      1 chain_02/itr_00030_trial_01.rho
     2       31       0.9332    289728.3590  -39680.3792     18.57188    18.57188  289728.3590    18.57188      1 chain_02/itr_00031_trial_01.rho
     2       32       0.9311    255158.1301  -34570.2289     17.42870    17.42870  255158.1301    17.42870      1 chain_02/itr_00032_trial_01.rho
     2       33       0.9289    255158.1301       0.0000     17.42870    17.42870  255158.1301    17.42870      0 -
     2       34       0.9268    268432.5729   13274.4429     17.87631    17.87631  255158.1301    17.42870      1 chain_02/itr_00034_trial_01.rho
     2       35       0.9247    319415.9347   50983.3618     19.50018    19.50018  255158.1301    17.42870      1 chain_02/itr_00035_trial_01.rho
     2       36       0.9225    371862.0511   52446.1164     21.04027    21.04027  255158.1301    17.42870      1 chain_02/itr_00036_trial_01.rho
     2       37       0.9204    333477.5159  -38384.5352     19.92478    19.92478  255158.1301    17.42870      1 chain_02/itr_00037_trial_01.rho
     2       38       0.9183    331043.3089   -2434.2070     19.85193    19.85193  255158.1301    17.42870      1 chain_02/itr_00038_trial_01.rho
     2       39       0.9162    282400.3337  -48642.9752     18.33551    18.33551  255158.1301    17.42870      1 chain_02/itr_00039_trial_01.rho
     2       40       0.9141    284759.6861    2359.3524     18.41194    18.41194  255158.1301    17.42870      1 chain_02/itr_00040_trial_01.rho
     2       41        0.912    255773.6719  -28986.0142     17.44971    17.44971  255158.1301    17.42870      1 chain_02/itr_00041_trial_01.rho
     2       42       0.9099    325907.1024   70133.4305     19.69733    19.69733  255158.1301    17.42870      1 chain_02/itr_00042_trial_01.rho
     2       43       0.9078    282506.6040  -43400.4984     18.33896    18.33896  255158.1301    17.42870      1 chain_02/itr_00043_trial_01.rho
     2       44       0.9057    248871.2098  -33635.3941     17.21265    17.21265  248871.2098    17.21265      1 chain_02/itr_00044_trial_01.rho
     2       45       0.9036    256094.4164    7223.2065     17.46065    17.46065  248871.2098    17.21265      1 chain_02/itr_00045_trial_01.rho
     2       46       0.9015    199990.5206  -56103.8957     15.42997    15.42997  199990.5206    15.42997      1 chain_02/itr_00046_trial_01.rho
     2       47       0.8995    178333.4271  -21657.0935     14.57058    14.57058  178333.4271    14.57058      1 chain_02/itr_00047_trial_01.rho
     2       48       0.8974    162252.2030  -16081.2241     13.89811    13.89811  162252.2030    13.89811      1 chain_02/itr_00048_trial_01.rho
     2       49       0.8953    124968.2528  -37283.9502     12.19720    12.19720  124968.2528    12.19720      1 chain_02/itr_00049_trial_01.rho
     2       50       0.8933    130590.4490    5622.1963     12.46855    12.46855  124968.2528    12.19720      1 chain_02/itr_00050_trial_01.rho
     2       51       0.8912    120924.9753   -9665.4737     11.99826    11.99826  120924.9753    11.99826      1 chain_02/itr_00051_trial_01.rho
     2       52       0.8892    147273.6869   26348.7115     13.24107    13.24107  120924.9753    11.99826      1 chain_02/itr_00052_trial_01.rho
     2       53       0.8871    145421.1074   -1852.5795     13.15752    13.15752  120924.9753    11.99826      1 chain_02/itr_00053_trial_01.rho
     2       54       0.8851    174661.3756   29240.2682     14.41979    14.41979  120924.9753    11.99826      1 chain_02/itr_00054_trial_01.rho
     2       55        0.883    174661.3756       0.0000     14.41979    14.41979  120924.9753    11.99826      0 -
     2       56        0.881    162510.5148  -12150.8609     13.90917    13.90917  120924.9753    11.99826      1 chain_02/itr_00056_trial_01.rho
     2       57        0.879    162510.5148       0.0000     13.90917    13.90917  120924.9753    11.99826      0 -
     2       58        0.877    184851.6561   22341.1413     14.83447    14.83447  120924.9753    11.99826      1 chain_02/itr_00058_trial_01.rho
     2       59       0.8749    195059.0288   10207.3727     15.23854    15.23854  120924.9753    11.99826      1 chain_02/itr_00059_trial_01.rho
     2       60       0.8729    155292.0741  -39766.9546     13.59675    13.59675  120924.9753    11.99826      1 chain_02/itr_00060_trial_01.rho
     2       61       0.8709    140903.4909  -14388.5832     12.95153    12.95153  120924.9753    11.99826      1 chain_02/itr_00061_trial_01.rho
     2       62       0.8689    109780.4436  -31123.0473     11.43202    11.43202  109780.4436    11.43202      1 chain_02/itr_00062_trial_01.rho
     2       63       0.8669     98070.7211  -11709.7225     10.80513    10.80513   98070.7211    10.80513      1 chain_02/itr_00063_trial_01.rho
     2       64       0.8649     94965.6731   -3105.0480     10.63270    10.63270   94965.6731    10.63270      1 chain_02/itr_00064_trial_01.rho
     2       65       0.8629     91301.5036   -3664.1696     10.42556    10.42556   91301.5036    10.42556      1 chain_02/itr_00065_trial_01.rho
     2       66        0.861     91301.5036       0.0000     10.42556    10.42556   91301.5036    10.42556      0 -
     2       67        0.859     93703.0830    2401.5795     10.56178    10.56178   91301.5036    10.42556      1 chain_02/itr_00067_trial_01.rho
     2       68        0.857     90160.5817   -3542.5013     10.36021    10.36021   90160.5817    10.36021      1 chain_02/itr_00068_trial_01.rho
     2       69        0.855     90160.5817       0.0000     10.36021    10.36021   90160.5817    10.36021      0 -
     2       70       0.8531     91768.2741    1607.6924     10.45217    10.45217   90160.5817    10.36021      1 chain_02/itr_00070_trial_01.rho
     2       71       0.8511    118050.5216   26282.2474     11.85480    11.85480   90160.5817    10.36021      1 chain_02/itr_00071_trial_01.rho
     2       72       0.8491    112509.0369   -5541.4847     11.57322    11.57322   90160.5817    10.36021      1 chain_02/itr_00072_trial_01.rho
     2       73       0.8472    127437.0506   14928.0138     12.31709    12.31709   90160.5817    10.36021      1 chain_02/itr_00073_trial_01.rho
     2       74       0.8452    140191.9263   12754.8756     12.91879    12.91879   90160.5817    10.36021      1 chain_02/itr_00074_trial_01.rho
     2       75       0.8433    140191.9263       0.0000     12.91879    12.91879   90160.5817    10.36021      0 -
     2       76       0.8413    136914.8047   -3277.1216     12.76690    12.76690   90160.5817    10.36021      1 chain_02/itr_00076_trial_01.rho
     2       77       0.8394    124957.2859  -11957.5188     12.19667    12.19667   90160.5817    10.36021      1 chain_02/itr_00077_trial_01.rho
     2       78       0.8375    123666.9966   -1290.2893     12.13353    12.13353   90160.5817    10.36021      1 chain_02/itr_00078_trial_01.rho
     2       79       0.8356    116991.0899   -6675.9067     11.80149    11.80149   90160.5817    10.36021      1 chain_02/itr_00079_trial_01.rho
     2       80       0.8336    128906.3450   11915.2552     12.38789    12.38789   90160.5817    10.36021      1 chain_02/itr_00080_trial_01.rho
     2       81       0.8317    155887.9772   26981.6321     13.62281    13.62281   90160.5817    10.36021      1 chain_02/itr_00081_trial_01.rho
     2       82       0.8298    174055.9224   18167.9452     14.39477    14.39477   90160.5817    10.36021      1 chain_02/itr_00082_trial_01.rho
     2       83       0.8279    185973.0675   11917.1451     14.87940    14.87940   90160.5817    10.36021      1 chain_02/itr_00083_trial_01.rho
     2       84        0.826    179173.8219   -6799.2456     14.60487    14.60487   90160.5817    10.36021      1 chain_02/itr_00084_trial_01.rho
     2       85       0.8241    167812.5620  -11361.2599     14.13424    14.13424   90160.5817    10.36021      1 chain_02/itr_00085_trial_01.rho
     2       86       0.8222    164624.7894   -3187.7726     13.99935    13.99935   90160.5817    10.36021      1 chain_02/itr_00086_trial_01.rho
     2       87       0.8203    244463.2066   79838.4172     17.05953    17.05953   90160.5817    10.36021      1 chain_02/itr_00087_trial_01.rho
     2       88       0.8184    244414.1482     -49.0583     17.05782    17.05782   90160.5817    10.36021      1 chain_02/itr_00088_trial_01.rho
     2       89       0.8165    253883.2578    9469.1096     17.38511    17.38511   90160.5817    10.36021      1 chain_02/itr_00089_trial_01.rho
     2       90       0.8146    273236.8002   19353.5424     18.03557    18.03557   90160.5817    10.36021      1 chain_02/itr_00090_trial_01.rho
     2       91       0.8128    246837.1752  -26399.6250     17.14216    17.14216   90160.5817    10.36021      1 chain_02/itr_00091_trial_01.rho
     2       92       0.8109    245402.4491   -1434.7261     17.09227    17.09227   90160.5817    10.36021      1 chain_02/itr_00092_trial_01.rho
     2       93        0.809    282513.6107   37111.1616     18.33919    18.33919   90160.5817    10.36021      1 chain_02/itr_00093_trial_01.rho
     2       94       0.8072    317858.7125   35345.1018     19.45259    19.45259   90160.5817    10.36021      1 chain_02/itr_00094_trial_01.rho
     2       95       0.8053    324800.1176    6941.4051     19.66385    19.66385   90160.5817    10.36021      1 chain_02/itr_00095_trial_01.rho
     2       96       0.8035    370107.0985   45306.9809     20.99056    20.99056   90160.5817    10.36021      1 chain_02/itr_00096_trial_01.rho
     2       97       0.8016    395420.7233   25313.6249     21.69652    21.69652   90160.5817    10.36021      1 chain_02/itr_00097_trial_01.rho
     2       98       0.7998    458684.5437   63263.8204     23.36778    23.36778   90160.5817    10.36021      1 chain_02/itr_00098_trial_01.rho
     2       99       0.7979    364331.0644  -94353.4794     20.82612    20.82612   90160.5817    10.36021      1 chain_02/itr_00099_trial_01.rho
     2      100       0.7961    422104.7757   57773.7113     22.41664    22.41664   90160.5817    10.36021      1 chain_02/itr_00100_trial_01.rho
     2      101       0.7943    429259.4593    7154.6836     22.60582    22.60582   90160.5817    10.36021      1 chain_02/itr_00101_trial_01.rho
     2      102       0.7924    515317.8017   86058.3423     24.76840    24.76840   90160.5817    10.36021      1 chain_02/itr_00102_trial_01.rho
     2      103       0.7906    537900.9798   22583.1782     25.30530    25.30530   90160.5817    10.36021      1 chain_02/itr_00103_trial_01.rho
     2      104       0.7888    419723.1658 -118177.8141     22.35331    22.35331   90160.5817    10.36021      1 chain_02/itr_00104_trial_01.rho
     2      105        0.787    434869.0153   15145.8496     22.75305    22.75305   90160.5817    10.36021      1 chain_02/itr_00105_trial_01.rho
     2      106       0.7852    418913.0221  -15955.9932     22.33173    22.33173   90160.5817    10.36021      1 chain_02/itr_00106_trial_01.rho
     2      107       0.7834    460404.8948   41491.8727     23.41156    23.41156   90160.5817    10.36021      1 chain_02/itr_00107_trial_01.rho
     2      108       0.7816    472962.2019   12557.3071     23.72868    23.72868   90160.5817    10.36021      1 chain_02/itr_00108_trial_01.rho
     2      109       0.7798    455995.0350  -16967.1669     23.29917    23.29917   90160.5817    10.36021      1 chain_02/itr_00109_trial_01.rho
     2      110        0.778    387256.2649  -68738.7702     21.47136    21.47136   90160.5817    10.36021      1 chain_02/itr_00110_trial_01.rho
     2      111       0.7762    422497.1502   35240.8853     22.42706    22.42706   90160.5817    10.36021      1 chain_02/itr_00111_trial_01.rho
     2      112       0.7744    479883.4486   57386.2984     23.90167    23.90167   90160.5817    10.36021      1 chain_02/itr_00112_trial_01.rho
     2      113       0.7726    479487.4211    -396.0275     23.89181    23.89181   90160.5817    10.36021      1 chain_02/itr_00113_trial_01.rho
     2      114       0.7708    516068.2571   36580.8359     24.78643    24.78643   90160.5817    10.36021      1 chain_02/itr_00114_trial_01.rho
     2      115       0.7691    653593.6450  137525.3879     27.89422    27.89422   90160.5817    10.36021      1 chain_02/itr_00115_trial_01.rho
     2      116       0.7673    939092.0218  285498.3768     33.43601    33.43601   90160.5817    10.36021      1 chain_02/itr_00116_trial_01.rho
     2      117       0.7655    939092.0218       0.0000     33.43601    33.43601   90160.5817    10.36021      0 -
     2      118       0.7638    988880.7289   49788.7071     34.31092    34.31092   90160.5817    10.36021      1 chain_02/itr_00118_trial_01.rho
     2      119        0.762    851991.8650 -136888.8639     31.84770    31.84770   90160.5817    10.36021      1 chain_02/itr_00119_trial_01.rho
     2      120       0.7603    914080.6820   62088.8170     32.98774    32.98774   90160.5817    10.36021      1 chain_02/itr_00120_trial_01.rho
     2      121       0.7585    793798.3178 -120282.3642     30.74082    30.74082   90160.5817    10.36021      1 chain_02/itr_00121_trial_01.rho
     2      122       0.7568    794588.6239     790.3061     30.75612    30.75612   90160.5817    10.36021      1 chain_02/itr_00122_trial_01.rho
     2      123        0.755    925754.5607  131165.9368     33.19772    33.19772   90160.5817    10.36021      1 chain_02/itr_00123_trial_01.rho
     2      124       0.7533    905839.2039  -19915.3568     32.83870    32.83870   90160.5817    10.36021      1 chain_02/itr_00124_trial_01.rho
     2      125       0.7516   1135131.9153  229292.7114     36.76068    36.76068   90160.5817    10.36021      1 chain_02/itr_00125_trial_01.rho
     2      126       0.7498   1247227.4106  112095.4953     38.53303    38.53303   90160.5817    10.36021      1 chain_02/itr_00126_trial_01.rho
     2      127       0.7481   1008962.6155 -238264.7952     34.65755    34.65755   90160.5817    10.36021      1 chain_02/itr_00127_trial_01.rho
     2      128       0.7464   1008962.6155       0.0000     34.65755    34.65755   90160.5817    10.36021      0 -
     2      129       0.7447    979512.8793  -29449.7361     34.14801    34.14801   90160.5817    10.36021      1 chain_02/itr_00129_trial_01.rho
     2      130       0.7429    813544.8658 -165968.0135     31.12083    31.12083   90160.5817    10.36021      1 chain_02/itr_00130_trial_01.rho
     2      131       0.7412    774023.6216  -39521.2443     30.35551    30.35551   90160.5817    10.36021      1 chain_02/itr_00131_trial_01.rho
     2      132       0.7395    736646.1320  -37377.4895     29.61351    29.61351   90160.5817    10.36021      1 chain_02/itr_00132_trial_01.rho
     2      133       0.7378    736646.1320       0.0000     29.61351    29.61351   90160.5817    10.36021      0 -
     2      134       0.7361    736646.1320       0.0000     29.61351    29.61351   90160.5817    10.36021      0 -
     2      135       0.7344    730776.7507   -5869.3813     29.49529    29.49529   90160.5817    10.36021      1 chain_02/itr_00135_trial_01.rho
     2      136       0.7327    666983.7591  -63792.9916     28.17851    28.17851   90160.5817    10.36021      1 chain_02/itr_00136_trial_01.rho
     2      137       0.7311    882786.1689  215802.4098     32.41814    32.41814   90160.5817    10.36021      1 chain_02/itr_00137_trial_01.rho
     2      138       0.7294    707092.8526 -175693.3163     29.01340    29.01340   90160.5817    10.36021      1 chain_02/itr_00138_trial_01.rho
     2      139       0.7277    820500.9374  113408.0849     31.25359    31.25359   90160.5817    10.36021      1 chain_02/itr_00139_trial_01.rho
     2      140        0.726    788211.4940  -32289.4434     30.63245    30.63245   90160.5817    10.36021      1 chain_02/itr_00140_trial_01.rho
     2      141       0.7244    773115.8986  -15095.5954     30.33770    30.33770   90160.5817    10.36021      1 chain_02/itr_00141_trial_01.rho
     2      142       0.7227    725754.8041  -47361.0945     29.39377    29.39377   90160.5817    10.36021      1 chain_02/itr_00142_trial_01.rho
     2      143        0.721    714717.9622  -11036.8419     29.16941    29.16941   90160.5817    10.36021      1 chain_02/itr_00143_trial_01.rho
     2      144       0.7194    630281.7457  -84436.2164     27.39225    27.39225   90160.5817    10.36021      1 chain_02/itr_00144_trial_01.rho
     2      145       0.7177    693229.0931   62947.3473     28.72756    28.72756   90160.5817    10.36021      1 chain_02/itr_00145_trial_01.rho
     2      146       0.7161    854362.0907  161132.9977     31.89197    31.89197   90160.5817    10.36021      1 chain_02/itr_00146_trial_01.rho
     2      147       0.7144    878867.9567   24505.8660     32.34612    32.34612   90160.5817    10.36021      1 chain_02/itr_00147_trial_01.rho
     2      148       0.7128    715250.5373 -163617.4194     29.18028    29.18028   90160.5817    10.36021      1 chain_02/itr_00148_trial_01.rho
     2      149       0.7111    776947.0735   61696.5362     30.41278    30.41278   90160.5817    10.36021      1 chain_02/itr_00149_trial_01.rho
     2      150       0.7095    967663.1459  190716.0724     33.94083    33.94083   90160.5817    10.36021      1 chain_02/itr_00150_trial_01.rho
     2      151       0.7079    886259.7816  -81403.3643     32.48186    32.48186   90160.5817    10.36021      1 chain_02/itr_00151_trial_01.rho
     2      152       0.7062    897404.8755   11145.0938     32.68546    32.68546   90160.5817    10.36021      1 chain_02/itr_00152_trial_01.rho
     2      153       0.7046    676177.3762 -221227.4993     28.37205    28.37205   90160.5817    10.36021      1 chain_02/itr_00153_trial_01.rho
     2      154        0.703    611041.3886  -65135.9875     26.97091    26.97091   90160.5817    10.36021      1 chain_02/itr_00154_trial_01.rho
     2      155       0.7014    624845.1785   13803.7899     27.27386    27.27386   90160.5817    10.36021      1 chain_02/itr_00155_trial_01.rho
     2      156       0.6998    739179.1490  114333.9705     29.66438    29.66438   90160.5817    10.36021      1 chain_02/itr_00156_trial_01.rho
     2      157       0.6981    677299.7156  -61879.4334     28.39558    28.39558   90160.5817    10.36021      1 chain_02/itr_00157_trial_01.rho
     2      158       0.6965    670159.7632   -7139.9524     28.24552    28.24552   90160.5817    10.36021      1 chain_02/itr_00158_trial_01.rho
     2      159       0.6949    534066.7361 -136093.0271     25.21495    25.21495   90160.5817    10.36021      1 chain_02/itr_00159_trial_01.rho
     2      160       0.6933    480177.8425  -53888.8936     23.90900    23.90900   90160.5817    10.36021      1 chain_02/itr_00160_trial_01.rho
     2      161       0.6917    481716.4800    1538.6376     23.94728    23.94728   90160.5817    10.36021      1 chain_02/itr_00161_trial_01.rho
     2      162       0.6902    402570.1811  -79146.2990     21.89178    21.89178   90160.5817    10.36021      1 chain_02/itr_00162_trial_01.rho
     2      163       0.6886    376126.1960  -26443.9851     21.16056    21.16056   90160.5817    10.36021      1 chain_02/itr_00163_trial_01.rho
     2      164        0.687    353554.1329  -22572.0630     20.51579    20.51579   90160.5817    10.36021      1 chain_02/itr_00164_trial_01.rho
     2      165       0.6854    273103.8199  -80450.3130     18.03118    18.03118   90160.5817    10.36021      1 chain_02/itr_00165_trial_01.rho
     2      166       0.6838    259524.0039  -13579.8160     17.57718    17.57718   90160.5817    10.36021      1 chain_02/itr_00166_trial_01.rho
     2      167       0.6823    245556.8422  -13967.1618     17.09765    17.09765   90160.5817    10.36021      1 chain_02/itr_00167_trial_01.rho
     2      168       0.6807    325954.0935   80397.2514     19.69875    19.69875   90160.5817    10.36021      1 chain_02/itr_00168_trial_01.rho
     2      169       0.6791    325954.0935       0.0000     19.69875    19.69875   90160.5817    10.36021      0 -
     2      170       0.6776    274798.6897  -51155.4038     18.08705    18.08705   90160.5817    10.36021      1 chain_02/itr_00170_trial_01.rho
     2      171        0.676    309064.8481   34266.1584     19.18161    19.18161   90160.5817    10.36021      1 chain_02/itr_00171_trial_01.rho
     2      172       0.6744    349483.1010   40418.2529     20.39734    20.39734   90160.5817    10.36021      1 chain_02/itr_00172_trial_01.rho
     2      173       0.6729    361659.3871   12176.2861     20.74962    20.74962   90160.5817    10.36021      1 chain_02/itr_00173_trial_01.rho
     2      174       0.6713    314410.5872  -47248.7999     19.34679    19.34679   90160.5817    10.36021      1 chain_02/itr_00174_trial_01.rho
     2      175       0.6698    329403.8951   14993.3079     19.80271    19.80271   90160.5817    10.36021      1 chain_02/itr_00175_trial_01.rho
     2      176       0.6683    395006.1920   65602.2969     21.68514    21.68514   90160.5817    10.36021      1 chain_02/itr_00176_trial_01.rho
     2      177       0.6667    385832.4295   -9173.7625     21.43185    21.43185   90160.5817    10.36021      1 chain_02/itr_00177_trial_01.rho
     2      178       0.6652    377788.7843   -8043.6452     21.20728    21.20728   90160.5817    10.36021      1 chain_02/itr_00178_trial_01.rho
     2      179       0.6637    351743.0375  -26045.7468     20.46318    20.46318   90160.5817    10.36021      1 chain_02/itr_00179_trial_01.rho
     2      180       0.6621    359603.2261    7860.1886     20.69056    20.69056   90160.5817    10.36021      1 chain_02/itr_00180_trial_01.rho
     2      181       0.6606    352312.6681   -7290.5579     20.47974    20.47974   90160.5817    10.36021      1 chain_02/itr_00181_trial_01.rho
     2      182       0.6591    329816.3171  -22496.3511     19.81511    19.81511   90160.5817    10.36021      1 chain_02/itr_00182_trial_01.rho
     2      183       0.6576    262895.1468  -66921.1702     17.69097    17.69097   90160.5817    10.36021      1 chain_02/itr_00183_trial_01.rho
     2      184       0.6561    293063.8662   30168.7194     18.67848    18.67848   90160.5817    10.36021      1 chain_02/itr_00184_trial_01.rho
     2      185       0.6545    262138.7219  -30925.1443     17.66550    17.66550   90160.5817    10.36021      1 chain_02/itr_00185_trial_01.rho
     2      186        0.653    249698.8777  -12439.8442     17.24125    17.24125   90160.5817    10.36021      1 chain_02/itr_00186_trial_01.rho
     2      187       0.6515    249698.8777       0.0000     17.24125    17.24125   90160.5817    10.36021      0 -
     2      188         0.65    256346.6446    6647.7669     17.46925    17.46925   90160.5817    10.36021      1 chain_02/itr_00188_trial_01.rho
     2      189       0.6485    283360.3013   27013.6567     18.36665    18.36665   90160.5817    10.36021      1 chain_02/itr_00189_trial_01.rho
     2      190        0.647    235597.6914  -47762.6099     16.74734    16.74734   90160.5817    10.36021      1 chain_02/itr_00190_trial_01.rho
     2      191       0.6456    222635.6623  -12962.0291     16.28012    16.28012   90160.5817    10.36021      1 chain_02/itr_00191_trial_01.rho
     2      192       0.6441    197644.4458  -24991.2165     15.33920    15.33920   90160.5817    10.36021      1 chain_02/itr_00192_trial_01.rho
     2      193       0.6426    203264.8667    5620.4209     15.55577    15.55577   90160.5817    10.36021      1 chain_02/itr_00193_trial_01.rho
     2      194       0.6411    198423.8853   -4840.9814     15.36941    15.36941   90160.5817    10.36021      1 chain_02/itr_00194_trial_01.rho
     2      195       0.6396    225371.5974   26947.7121     16.37985    16.37985   90160.5817    10.36021      1 chain_02/itr_00195_trial_01.rho
     2      196       0.6382    211183.0000  -14188.5975     15.85586    15.85586   90160.5817    10.36021      1 chain_02/itr_00196_trial_01.rho
     2      197       0.6367    199871.1079  -11311.8921     15.42536    15.42536   90160.5817    10.36021      1 chain_02/itr_00197_trial_01.rho
     2      198       0.6352    213026.2937   13155.1858     15.92491    15.92491   90160.5817    10.36021      1 chain_02/itr_00198_trial_01.rho
     2      199       0.6338    216113.3577    3087.0640     16.03988    16.03988   90160.5817    10.36021      1 chain_02/itr_00199_trial_01.rho
     2      200       0.6323    202091.6191  -14021.7386     15.51081    15.51081   90160.5817    10.36021      1 chain_02/itr_00200_trial_01.rho
     2      201       0.6309    186074.8721  -16016.7469     14.88347    14.88347   90160.5817    10.36021      1 chain_02/itr_00201_trial_01.rho
     2      202       0.6294    219106.4197   33031.5476     16.15057    16.15057   90160.5817    10.36021      1 chain_02/itr_00202_trial_01.rho
     2      203        0.628    217317.8438   -1788.5760     16.08452    16.08452   90160.5817    10.36021      1 chain_02/itr_00203_trial_01.rho
     2      204       0.6265    221081.1532    3763.3094     16.22319    16.22319   90160.5817    10.36021      1 chain_02/itr_00204_trial_01.rho
     2      205       0.6251    189928.4411  -31152.7121     15.03680    15.03680   90160.5817    10.36021      1 chain_02/itr_00205_trial_01.rho
     2      206       0.6236    190034.5284     106.0874     15.04100    15.04100   90160.5817    10.36021      1 chain_02/itr_00206_trial_01.rho
     2      207       0.6222    175018.9210  -15015.6074     14.43454    14.43454   90160.5817    10.36021      1 chain_02/itr_00207_trial_01.rho
     2      208       0.6208    197725.7327   22706.8117     15.34235    15.34235   90160.5817    10.36021      1 chain_02/itr_00208_trial_01.rho
     2      209       0.6193    166491.1485  -31234.5842     14.07849    14.07849   90160.5817    10.36021      1 chain_02/itr_00209_trial_01.rho
     2      210       0.6179    165306.4683   -1184.6802     14.02831    14.02831   90160.5817    10.36021      1 chain_02/itr_00210_trial_01.rho
     2      211       0.6165    188763.7734   23457.3051     14.99062    14.99062   90160.5817    10.36021      1 chain_02/itr_00211_trial_01.rho
     2      212       0.6151    254766.4949   66002.7215     17.41532    17.41532   90160.5817    10.36021      1 chain_02/itr_00212_trial_01.rho
     2      213       0.6137    287948.5515   33182.0566     18.51475    18.51475   90160.5817    10.36021      1 chain_02/itr_00213_trial_01.rho
     2      214       0.6123    261374.4625  -26574.0890     17.63973    17.63973   90160.5817    10.36021      1 chain_02/itr_00214_trial_01.rho
     2      215       0.6108    231447.1672  -29927.2953     16.59917    16.59917   90160.5817    10.36021      1 chain_02/itr_00215_trial_01.rho
     2      216       0.6094    206852.7608  -24594.4064     15.69246    15.69246   90160.5817    10.36021      1 chain_02/itr_00216_trial_01.rho
     2      217        0.608    202303.7307   -4549.0300     15.51895    15.51895   90160.5817    10.36021      1 chain_02/itr_00217_trial_01.rho
     2      218       0.6066    186452.6071  -15851.1236     14.89857    14.89857   90160.5817    10.36021      1 chain_02/itr_00218_trial_01.rho
     2      219       0.6052    205746.8871   19294.2800     15.65046    15.65046   90160.5817    10.36021      1 chain_02/itr_00219_trial_01.rho
     2      220       0.6038    185096.6589  -20650.2281     14.84430    14.84430   90160.5817    10.36021      1 chain_02/itr_00220_trial_01.rho
     2      221       0.6025    169682.0225  -15414.6364     14.21276    14.21276   90160.5817    10.36021      1 chain_02/itr_00221_trial_01.rho
     2      222       0.6011    190864.5881   21182.5656     15.07381    15.07381   90160.5817    10.36021      1 chain_02/itr_00222_trial_01.rho
     2      223       0.5997    193288.7050    2424.1169     15.16923    15.16923   90160.5817    10.36021      1 chain_02/itr_00223_trial_01.rho
     2      224       0.5983    210850.3080   17561.6030     15.84337    15.84337   90160.5817    10.36021      1 chain_02/itr_00224_trial_01.rho
     2      225       0.5969    250461.3912   39611.0831     17.26755    17.26755   90160.5817    10.36021      1 chain_02/itr_00225_trial_01.rho
     2      226       0.5956    250461.3912       0.0000     17.26755    17.26755   90160.5817    10.36021      0 -
     2      227       0.5942    231395.7424  -19065.6488     16.59732    16.59732   90160.5817    10.36021      1 chain_02/itr_00227_trial_01.rho
     2      228       0.5928    236272.2970    4876.5546     16.77130    16.77130   90160.5817    10.36021      1 chain_02/itr_00228_trial_01.rho
     2      229       0.5915    208159.5517  -28112.7453     15.74195    15.74195   90160.5817    10.36021      1 chain_02/itr_00229_trial_01.rho
     2      230       0.5901    208159.5517       0.0000     15.74195    15.74195   90160.5817    10.36021      0 -
     2      231       0.5887    191138.3709  -17021.1807     15.08462    15.08462   90160.5817    10.36021      1 chain_02/itr_00231_trial_01.rho
     2      232       0.5874    160039.2280  -31099.1429     13.80300    13.80300   90160.5817    10.36021      1 chain_02/itr_00232_trial_01.rho
     2      233        0.586    173397.6642   13358.4362     14.36753    14.36753   90160.5817    10.36021      1 chain_02/itr_00233_trial_01.rho
     2      234       0.5847    154972.9216  -18424.7426     13.58277    13.58277   90160.5817    10.36021      1 chain_02/itr_00234_trial_01.rho
     2      235       0.5833    146065.3629   -8907.5587     13.18663    13.18663   90160.5817    10.36021      1 chain_02/itr_00235_trial_01.rho
     2      236        0.582    130723.9476  -15341.4153     12.47492    12.47492   90160.5817    10.36021      1 chain_02/itr_00236_trial_01.rho
     2      237       0.5807    122089.1242   -8634.8234     12.05588    12.05588   90160.5817    10.36021      1 chain_02/itr_00237_trial_01.rho
     2      238       0.5793    117259.1713   -4829.9529     11.81500    11.81500   90160.5817    10.36021      1 chain_02/itr_00238_trial_01.rho
     2      239        0.578    119361.5288    2102.3575     11.92045    11.92045   90160.5817    10.36021      1 chain_02/itr_00239_trial_01.rho
     2      240       0.5767    118014.2286   -1347.3002     11.85298    11.85298   90160.5817    10.36021      1 chain_02/itr_00240_trial_01.rho
     2      241       0.5753    128624.9937   10610.7650     12.37437    12.37437   90160.5817    10.36021      1 chain_02/itr_00241_trial_01.rho
     2      242        0.574    131183.1934    2558.1997     12.49682    12.49682   90160.5817    10.36021      1 chain_02/itr_00242_trial_01.rho
     2      243       0.5727    162248.1151   31064.9217     13.89793    13.89793   90160.5817    10.36021      1 chain_02/itr_00243_trial_01.rho
     2      244       0.5714    163231.5488     983.4337     13.93999    13.93999   90160.5817    10.36021      1 chain_02/itr_00244_trial_01.rho
     2      245       0.5701    156291.9658   -6939.5830     13.64045    13.64045   90160.5817    10.36021      1 chain_02/itr_00245_trial_01.rho
     2      246       0.5687    142846.2400  -13445.7259     13.04052    13.04052   90160.5817    10.36021      1 chain_02/itr_00246_trial_01.rho
     2      247       0.5674    154019.3714   11173.1314     13.54092    13.54092   90160.5817    10.36021      1 chain_02/itr_00247_trial_01.rho
     2      248       0.5661    147076.5880   -6942.7834     13.23220    13.23220   90160.5817    10.36021      1 chain_02/itr_00248_trial_01.rho
     2      249       0.5648    149608.9185    2532.3306     13.34563    13.34563   90160.5817    10.36021      1 chain_02/itr_00249_trial_01.rho
     2      250       0.5635    140388.7641   -9220.1544     12.92786    12.92786   90160.5817    10.36021      1 chain_02/itr_00250_trial_01.rho
     2      251       0.5622    140388.7641       0.0000     12.92786    12.92786   90160.5817    10.36021      0 -
     2      252       0.5609    143799.4497    3410.6855     13.08395    13.08395   90160.5817    10.36021      1 chain_02/itr_00252_trial_01.rho
     2      253       0.5596    148089.2624    4289.8128     13.27768    13.27768   90160.5817    10.36021      1 chain_02/itr_00253_trial_01.rho
     2      254       0.5584    140153.3026   -7935.9598     12.91701    12.91701   90160.5817    10.36021      1 chain_02/itr_00254_trial_01.rho
     2      255       0.5571    140153.3026       0.0000     12.91701    12.91701   90160.5817    10.36021      0 -
     2      256       0.5558    126224.2252  -13929.0774     12.25834    12.25834   90160.5817    10.36021      1 chain_02/itr_00256_trial_01.rho
     2      257       0.5545    141446.2061   15221.9809     12.97645    12.97645   90160.5817    10.36021      1 chain_02/itr_00257_trial_01.rho
     2      258       0.5532    152392.5283   10946.3222     13.46921    13.46921   90160.5817    10.36021      1 chain_02/itr_00258_trial_01.rho
     2      259        0.552    163583.3186   11190.7904     13.95500    13.95500   90160.5817    10.36021      1 chain_02/itr_00259_trial_01.rho
     2      260       0.5507    162166.4412   -1416.8774     13.89443    13.89443   90160.5817    10.36021      1 chain_02/itr_00260_trial_01.rho
     2      261       0.5494    151769.8475  -10396.5937     13.44167    13.44167   90160.5817    10.36021      1 chain_02/itr_00261_trial_01.rho
     2      262       0.5482    166217.5243   14447.6768     14.06691    14.06691   90160.5817    10.36021      1 chain_02/itr_00262_trial_01.rho
     2      263       0.5469    163886.9110   -2330.6133     13.96794    13.96794   90160.5817    10.36021      1 chain_02/itr_00263_trial_01.rho
     2      264       0.5456    171932.2158    8045.3048     14.30668    14.30668   90160.5817    10.36021      1 chain_02/itr_00264_trial_01.rho
     2      265       0.5444    166516.4290   -5415.7868     14.07955    14.07955   90160.5817    10.36021      1 chain_02/itr_00265_trial_01.rho
     2      266       0.5431    180226.2445   13709.8155     14.64770    14.64770   90160.5817    10.36021      1 chain_02/itr_00266_trial_01.rho
     2      267       0.5419    183946.8730    3720.6285     14.79812    14.79812   90160.5817    10.36021      1 chain_02/itr_00267_trial_01.rho
     2      268       0.5406    184771.2285     824.3555     14.83124    14.83124   90160.5817    10.36021      1 chain_02/itr_00268_trial_01.rho
     2      269       0.5394    189110.4935    4339.2650     15.00438    15.00438   90160.5817    10.36021      1 chain_02/itr_00269_trial_01.rho
     2      270       0.5382    172655.8343  -16454.6592     14.33676    14.33676   90160.5817    10.36021      1 chain_02/itr_00270_trial_01.rho
     2      271       0.5369    166209.4116   -6446.4227     14.06657    14.06657   90160.5817    10.36021      1 chain_02/itr_00271_trial_01.rho
     2      272       0.5357    168382.0533    2172.6417     14.15821    14.15821   90160.5817    10.36021      1 chain_02/itr_00272_trial_01.rho
     2      273       0.5345    199002.6601   30620.6068     15.39181    15.39181   90160.5817    10.36021      1 chain_02/itr_00273_trial_01.rho
     2      274       0.5332    209776.0211   10773.3609     15.80295    15.80295   90160.5817    10.36021      1 chain_02/itr_00274_trial_01.rho
     2      275        0.532    214630.0509    4854.0298     15.98474    15.98474   90160.5817    10.36021      1 chain_02/itr_00275_trial_01.rho
     2      276       0.5308    194521.4720  -20108.5789     15.21753    15.21753   90160.5817    10.36021      1 chain_02/itr_00276_trial_01.rho
     2      277       0.5296    183380.1177  -11141.3543     14.77531    14.77531   90160.5817    10.36021      1 chain_02/itr_00277_trial_01.rho
     2      278       0.5283    183380.1177       0.0000     14.77531    14.77531   90160.5817    10.36021      0 -
     2      279       0.5271    182555.5087    -824.6090     14.74205    14.74205   90160.5817    10.36021      1 chain_02/itr_00279_trial_01.rho
     2      280       0.5259    197752.6073   15197.0986     15.34340    15.34340   90160.5817    10.36021      1 chain_02/itr_00280_trial_01.rho
     2      281       0.5247    191640.6584   -6111.9489     15.10442    15.10442   90160.5817    10.36021      1 chain_02/itr_00281_trial_01.rho
     2      282       0.5235    160508.1618  -31132.4965     13.82321    13.82321   90160.5817    10.36021      1 chain_02/itr_00282_trial_01.rho
     2      283       0.5223    150626.4249   -9881.7369     13.39094    13.39094   90160.5817    10.36021      1 chain_02/itr_00283_trial_01.rho
     2      284       0.5211    152006.7314    1380.3065     13.45215    13.45215   90160.5817    10.36021      1 chain_02/itr_00284_trial_01.rho
     2      285       0.5199    151157.5622    -849.1691     13.41452    13.41452   90160.5817    10.36021      1 chain_02/itr_00285_trial_01.rho
     2      286       0.5187    151157.5622       0.0000     13.41452    13.41452   90160.5817    10.36021      0 -
     2      287       0.5175    147779.6634   -3377.8988     13.26379    13.26379   90160.5817    10.36021      1 chain_02/itr_00287_trial_01.rho
     2      288       0.5163    147779.6634       0.0000     13.26379    13.26379   90160.5817    10.36021      0 -
     2      289       0.5151    136600.7323  -11178.9311     12.75225    12.75225   90160.5817    10.36021      1 chain_02/itr_00289_trial_01.rho
     2      290       0.5139    136600.7323       0.0000     12.75225    12.75225   90160.5817    10.36021      0 -
     2      291       0.5127    162547.9480   25947.2157     13.91077    13.91077   90160.5817    10.36021      1 chain_02/itr_00291_trial_01.rho
     2      292       0.5116    146199.5778  -16348.3703     13.19269    13.19269   90160.5817    10.36021      1 chain_02/itr_00292_trial_01.rho
     2      293       0.5104    141034.4458   -5165.1320     12.95755    12.95755   90160.5817    10.36021      1 chain_02/itr_00293_trial_01.rho
     2      294       0.5092    139923.6297   -1110.8161     12.90642    12.90642   90160.5817    10.36021      1 chain_02/itr_00294_trial_01.rho
     2      295        0.508    121221.2887  -18702.3411     12.01295    12.01295   90160.5817    10.36021      1 chain_02/itr_00295_trial_01.rho
     2      296       0.5069    128945.3896    7724.1009     12.38977    12.38977   90160.5817    10.36021      1 chain_02/itr_00296_trial_01.rho
     2      297       0.5057    133257.8129    4312.4233     12.59525    12.59525   90160.5817    10.36021      1 chain_02/itr_00297_trial_01.rho
     2      298       0.5045    119391.5778  -13866.2352     11.92195    11.92195   90160.5817    10.36021      1 chain_02/itr_00298_trial_01.rho
     2      299       0.5034    118507.7380    -883.8398     11.87774    11.87774   90160.5817    10.36021      1 chain_02/itr_00299_trial_01.rho
     2      300       0.5022     91497.7546  -27009.9834     10.43676    10.43676   90160.5817    10.36021      1 chain_02/itr_00300_trial_01.rho
     2      301       0.5011     87625.8182   -3871.9364     10.21354    10.21354   87625.8182    10.21354      1 chain_02/itr_00301_trial_01.rho
     2      302       0.4999     87475.1428    -150.6755     10.20476    10.20476   87475.1428    10.20476      1 chain_02/itr_00302_trial_01.rho
     2      303       0.4988     94498.4516    7023.3089     10.60651    10.60651   87475.1428    10.20476      1 chain_02/itr_00303_trial_01.rho
     2      304       0.4976     89444.3903   -5054.0613     10.31898    10.31898   87475.1428    10.20476      1 chain_02/itr_00304_trial_01.rho
     2      305       0.4965     86946.3954   -2497.9949     10.17387    10.17387   86946.3954    10.17387      1 chain_02/itr_00305_trial_01.rho
     2      306       0.4953     90733.2568    3786.8614     10.39306    10.39306   86946.3954    10.17387      1 chain_02/itr_00306_trial_01.rho
     2      307       0.4942     81137.2949   -9595.9619      9.82812     9.82812   81137.2949     9.82812      1 chain_02/itr_00307_trial_01.rho
     2      308       0.4931     99166.4088   18029.1139     10.86532    10.86532   81137.2949     9.82812      1 chain_02/itr_00308_trial_01.rho
     2      309       0.4919     99166.4088       0.0000     10.86532    10.86532   81137.2949     9.82812      0 -
     2      310       0.4908    118563.1873   19396.7785     11.88052    11.88052   81137.2949     9.82812      1 chain_02/itr_00310_trial_01.rho
     2      311       0.4897    121948.1499    3384.9626     12.04892    12.04892   81137.2949     9.82812      1 chain_02/itr_00311_trial_01.rho
     2      312       0.4885    109254.9493  -12693.2006     11.40462    11.40462   81137.2949     9.82812      1 chain_02/itr_00312_trial_01.rho
     2      313       0.4874     99857.0313   -9397.9180     10.90309    10.90309   81137.2949     9.82812      1 chain_02/itr_00313_trial_01.rho
     2      314       0.4863    106806.0936    6949.0623     11.27609    11.27609   81137.2949     9.82812      1 chain_02/itr_00314_trial_01.rho
     2      315       0.4852    110718.6970    3912.6034     11.48077    11.48077   81137.2949     9.82812      1 chain_02/itr_00315_trial_01.rho
     2      316       0.4841    105248.6568   -5470.0402     11.19357    11.19357   81137.2949     9.82812      1 chain_02/itr_00316_trial_01.rho
     2      317       0.4829    129925.9690   24677.3122     12.43679    12.43679   81137.2949     9.82812      1 chain_02/itr_00317_trial_01.rho
     2      318       0.4818    130001.3320      75.3630     12.44040    12.44040   81137.2949     9.82812      1 chain_02/itr_00318_trial_01.rho
     2      319       0.4807    123081.0121   -6920.3200     12.10475    12.10475   81137.2949     9.82812      1 chain_02/itr_00319_trial_01.rho
     2      320       0.4796    125515.6794    2434.6673     12.22389    12.22389   81137.2949     9.82812      1 chain_02/itr_00320_trial_01.rho
     2      321       0.4785    123930.6932   -1584.9862     12.14646    12.14646   81137.2949     9.82812      1 chain_02/itr_00321_trial_01.rho
     2      322       0.4774    130233.0273    6302.3341     12.45148    12.45148   81137.2949     9.82812      1 chain_02/itr_00322_trial_01.rho
     2      323       0.4763    180790.8686   50557.8413     14.67062    14.67062   81137.2949     9.82812      1 chain_02/itr_00323_trial_01.rho
     2      324       0.4752    189761.5756    8970.7071     15.03019    15.03019   81137.2949     9.82812      1 chain_02/itr_00324_trial_01.rho
     2      325       0.4741    180957.2620   -8804.3137     14.67737    14.67737   81137.2949     9.82812      1 chain_02/itr_00325_trial_01.rho
     2      326        0.473    180957.2620       0.0000     14.67737    14.67737   81137.2949     9.82812      0 -
     2      327       0.4719    167675.7615  -13281.5005     14.12848    14.12848   81137.2949     9.82812      1 chain_02/itr_00327_trial_01.rho
     2      328       0.4709    159594.5905   -8081.1710     13.78382    13.78382   81137.2949     9.82812      1 chain_02/itr_00328_trial_01.rho
     2      329       0.4698    174760.6211   15166.0306     14.42388    14.42388   81137.2949     9.82812      1 chain_02/itr_00329_trial_01.rho
     2      330       0.4687    143337.5653  -31423.0558     13.06292    13.06292   81137.2949     9.82812      1 chain_02/itr_00330_trial_01.rho
     2      331       0.4676    147573.8375    4236.2722     13.25455    13.25455   81137.2949     9.82812      1 chain_02/itr_00331_trial_01.rho
     2      332       0.4665    141713.9235   -5859.9140     12.98873    12.98873   81137.2949     9.82812      1 chain_02/itr_00332_trial_01.rho
     2      333       0.4655    135713.3854   -6000.5381     12.71077    12.71077   81137.2949     9.82812      1 chain_02/itr_00333_trial_01.rho
     2      334       0.4644    153031.8775   17318.4921     13.49744    13.49744   81137.2949     9.82812      1 chain_02/itr_00334_trial_01.rho
     2      335       0.4633    154982.7585    1950.8811     13.58320    13.58320   81137.2949     9.82812      1 chain_02/itr_00335_trial_01.rho
     2      336       0.4623    154982.7585       0.0000     13.58320    13.58320   81137.2949     9.82812      0 -
     2      337       0.4612    151929.6163   -3053.1423     13.44874    13.44874   81137.2949     9.82812      1 chain_02/itr_00337_trial_01.rho
     2      338       0.4601    142312.5035   -9617.1128     13.01613    13.01613   81137.2949     9.82812      1 chain_02/itr_00338_trial_01.rho
     2      339       0.4591    129597.8927  -12714.6108     12.42108    12.42108   81137.2949     9.82812      1 chain_02/itr_00339_trial_01.rho
     2      340        0.458    123612.9209   -5984.9718     12.13088    12.13088   81137.2949     9.82812      1 chain_02/itr_00340_trial_01.rho
     2      341        0.457    123612.9209       0.0000     12.13088    12.13088   81137.2949     9.82812      0 -
     2      342       0.4559    125591.3749    1978.4540     12.22757    12.22757   81137.2949     9.82812      1 chain_02/itr_00342_trial_01.rho
     2      343       0.4549    125591.3749       0.0000     12.22757    12.22757   81137.2949     9.82812      0 -
     2      344       0.4538    127005.9681    1414.5932     12.29624    12.29624   81137.2949     9.82812      1 chain_02/itr_00344_trial_01.rho
     2      345       0.4528    119273.4083   -7732.5598     11.91605    11.91605   81137.2949     9.82812      1 chain_02/itr_00345_trial_01.rho
     2      346       0.4517    129966.1969   10692.7887     12.43872    12.43872   81137.2949     9.82812      1 chain_02/itr_00346_trial_01.rho
     2      347       0.4507    131243.9336    1277.7367     12.49971    12.49971   81137.2949     9.82812      1 chain_02/itr_00347_trial_01.rho
     2      348       0.4497    124794.3300   -6449.6036     12.18871    12.18871   81137.2949     9.82812      1 chain_02/itr_00348_trial_01.rho
     2      349       0.4486    118986.7758   -5807.5542     11.90172    11.90172   81137.2949     9.82812      1 chain_02/itr_00349_trial_01.rho
     2      350       0.4476    140218.2335   21231.4576     12.92000    12.92000   81137.2949     9.82812      1 chain_02/itr_00350_trial_01.rho
     2      351       0.4466    131599.9989   -8618.2346     12.51666    12.51666   81137.2949     9.82812      1 chain_02/itr_00351_trial_01.rho
     2      352       0.4455    120661.6963  -10938.3025     11.98519    11.98519   81137.2949     9.82812      1 chain_02/itr_00352_trial_01.rho
     2      353       0.4445    115011.4083   -5650.2880     11.70121    11.70121   81137.2949     9.82812      1 chain_02/itr_00353_trial_01.rho
     2      354       0.4435    127061.6506   12050.2423     12.29894    12.29894   81137.2949     9.82812      1 chain_02/itr_00354_trial_01.rho
     2      355       0.4425    121499.6665   -5561.9841     12.02674    12.02674   81137.2949     9.82812      1 chain_02/itr_00355_trial_01.rho
     2      356       0.4415    121430.9546     -68.7119     12.02334    12.02334   81137.2949     9.82812      1 chain_02/itr_00356_trial_01.rho
     2      357       0.4404    129515.3974    8084.4428     12.41713    12.41713   81137.2949     9.82812      1 chain_02/itr_00357_trial_01.rho
     2      358       0.4394    120695.7874   -8819.6099     11.98689    11.98689   81137.2949     9.82812      1 chain_02/itr_00358_trial_01.rho
     2      359       0.4384    123061.4092    2365.6217     12.10379    12.10379   81137.2949     9.82812      1 chain_02/itr_00359_trial_01.rho
     2      360       0.4374    111381.3117  -11680.0975     11.51507    11.51507   81137.2949     9.82812      1 chain_02/itr_00360_trial_01.rho
     2      361       0.4364    109392.2525   -1989.0591     11.41179    11.41179   81137.2949     9.82812      1 chain_02/itr_00361_trial_01.rho
     2      362       0.4354    102602.4263   -6789.8262     11.05196    11.05196   81137.2949     9.82812      1 chain_02/itr_00362_trial_01.rho
     2      363       0.4344    100162.6756   -2439.7508     10.91977    10.91977   81137.2949     9.82812      1 chain_02/itr_00363_trial_01.rho
     2      364       0.4334    103399.3342    3236.6586     11.09479    11.09479   81137.2949     9.82812      1 chain_02/itr_00364_trial_01.rho
     2      365       0.4324    109409.9211    6010.5869     11.41271    11.41271   81137.2949     9.82812      1 chain_02/itr_00365_trial_01.rho
     2      366       0.4314    111130.8353    1720.9143     11.50211    11.50211   81137.2949     9.82812      1 chain_02/itr_00366_trial_01.rho
     2      367       0.4304    114987.6995    3856.8642     11.70001    11.70001   81137.2949     9.82812      1 chain_02/itr_00367_trial_01.rho
     2      368       0.4294    102620.6496  -12367.0499     11.05294    11.05294   81137.2949     9.82812      1 chain_02/itr_00368_trial_01.rho
     2      369       0.4284    102020.6604    -599.9892     11.02058    11.02058   81137.2949     9.82812      1 chain_02/itr_00369_trial_01.rho
     2      370       0.4274    106607.1100    4586.4496     11.26558    11.26558   81137.2949     9.82812      1 chain_02/itr_00370_trial_01.rho
     2      371       0.4265     97351.8446   -9255.2654     10.76546    10.76546   81137.2949     9.82812      1 chain_02/itr_00371_trial_01.rho
     2      372       0.4255     97505.4795     153.6349     10.77395    10.77395   81137.2949     9.82812      1 chain_02/itr_00372_trial_01.rho
     2      373       0.4245     97605.9120     100.4325     10.77950    10.77950   81137.2949     9.82812      1 chain_02/itr_00373_trial_01.rho
     2      374       0.4235     88690.4197   -8915.4923     10.27540    10.27540   81137.2949     9.82812      1 chain_02/itr_00374_trial_01.rho
     2      375       0.4225     88690.4197       0.0000     10.27540    10.27540   81137.2949     9.82812      0 -
     2      376       0.4216     88040.8907    -649.5290     10.23770    10.23770   81137.2949     9.82812      1 chain_02/itr_00376_trial_01.rho
     2      377       0.4206     88040.8907       0.0000     10.23770    10.23770   81137.2949     9.82812      0 -
     2      378       0.4196     83136.2354   -4904.6552      9.94845     9.94845   81137.2949     9.82812      1 chain_02/itr_00378_trial_01.rho
     2      379       0.4187     83653.0094     516.7740      9.97932     9.97932   81137.2949     9.82812      1 chain_02/itr_00379_trial_01.rho
     2      380       0.4177     83418.2213    -234.7881      9.96531     9.96531   81137.2949     9.82812      1 chain_02/itr_00380_trial_01.rho
     2      381       0.4167     80780.5469   -2637.6745      9.80649     9.80649   80780.5469     9.80649      1 chain_02/itr_00381_trial_01.rho
     2      382       0.4158     79454.4488   -1326.0981      9.72567     9.72567   79454.4488     9.72567      1 chain_02/itr_00382_trial_01.rho
     2      383       0.4148     85517.4211    6062.9723     10.08992    10.08992   79454.4488     9.72567      1 chain_02/itr_00383_trial_01.rho
     2      384       0.4139     91582.3927    6064.9716     10.44158    10.44158   79454.4488     9.72567      1 chain_02/itr_00384_trial_01.rho
     2      385       0.4129     98188.5320    6606.1393     10.81162    10.81162   79454.4488     9.72567      1 chain_02/itr_00385_trial_01.rho
     2      386        0.412     93019.6395   -5168.8925     10.52320    10.52320   79454.4488     9.72567      1 chain_02/itr_00386_trial_01.rho
     2      387        0.411     94878.9269    1859.2874     10.62785    10.62785   79454.4488     9.72567      1 chain_02/itr_00387_trial_01.rho
     2      388       0.4101    103547.1584    8668.2315     11.10272    11.10272   79454.4488     9.72567      1 chain_02/itr_00388_trial_01.rho
     2      389       0.4091    112837.1980    9290.0396     11.59008    11.59008   79454.4488     9.72567      1 chain_02/itr_00389_trial_01.rho
     2      390       0.4082    112837.1980       0.0000     11.59008    11.59008   79454.4488     9.72567      0 -
     2      391       0.4073    109419.9183   -3417.2797     11.41323    11.41323   79454.4488     9.72567      1 chain_02/itr_00391_trial_01.rho
     2      392       0.4063    110084.8262     664.9079     11.44785    11.44785   79454.4488     9.72567      1 chain_02/itr_00392_trial_01.rho
     2      393       0.4054    106436.3068   -3648.5194     11.25655    11.25655   79454.4488     9.72567      1 chain_02/itr_00393_trial_01.rho
     2      394       0.4045    126111.1350   19674.8282     12.25285    12.25285   79454.4488     9.72567      1 chain_02/itr_00394_trial_01.rho
     2      395       0.4035    130190.9108    4079.7758     12.44947    12.44947   79454.4488     9.72567      1 chain_02/itr_00395_trial_01.rho
     2      396       0.4026    129228.6104    -962.3004     12.40337    12.40337   79454.4488     9.72567      1 chain_02/itr_00396_trial_01.rho
     2      397       0.4017    137974.6312    8746.0208     12.81622    12.81622   79454.4488     9.72567      1 chain_02/itr_00397_trial_01.rho
     2      398       0.4007    143538.6827    5564.0514     13.07208    13.07208   79454.4488     9.72567      1 chain_02/itr_00398_trial_01.rho
     2      399       0.3998    137510.2550   -6028.4277     12.79463    12.79463   79454.4488     9.72567      1 chain_02/itr_00399_trial_01.rho
     2      400       0.3989    154022.5287   16512.2737     13.54105    13.54105   79454.4488     9.72567      1 chain_02/itr_00400_trial_01.rho
     2      401        0.398    154022.5287       0.0000     13.54105    13.54105   79454.4488     9.72567      0 -
     2      402       0.3971    179272.8143   25250.2856     14.60890    14.60890   79454.4488     9.72567      1 chain_02/itr_00402_trial_01.rho
     2      403       0.3962    162298.4860  -16974.3283     13.90009    13.90009   79454.4488     9.72567      1 chain_02/itr_00403_trial_01.rho
     2      404       0.3952    162298.4860       0.0000     13.90009    13.90009   79454.4488     9.72567      0 -
     2      405       0.3943    143162.5895  -19135.8965     13.05495    13.05495   79454.4488     9.72567      1 chain_02/itr_00405_trial_01.rho
     2      406       0.3934    147785.1506    4622.5612     13.26404    13.26404   79454.4488     9.72567      1 chain_02/itr_00406_trial_01.rho
     2      407       0.3925    164455.3460   16670.1953     13.99215    13.99215   79454.4488     9.72567      1 chain_02/itr_00407_trial_01.rho
     2      408       0.3916    148466.5208  -15988.8252     13.29458    13.29458   79454.4488     9.72567      1 chain_02/itr_00408_trial_01.rho
     2      409       0.3907    130696.7699  -17769.7509     12.47363    12.47363   79454.4488     9.72567      1 chain_02/itr_00409_trial_01.rho
     2      410       0.3898    134950.1873    4253.4174     12.67497    12.67497   79454.4488     9.72567      1 chain_02/itr_00410_trial_01.rho
     2      411       0.3889    138054.9232    3104.7359     12.81995    12.81995   79454.4488     9.72567      1 chain_02/itr_00411_trial_01.rho
     2      412        0.388    138054.9232       0.0000     12.81995    12.81995   79454.4488     9.72567      0 -
     2      413       0.3871    156379.1664   18324.2432     13.64425    13.64425   79454.4488     9.72567      1 chain_02/itr_00413_trial_01.rho
     2      414       0.3862    183535.6955   27156.5291     14.78157    14.78157   79454.4488     9.72567      1 chain_02/itr_00414_trial_01.rho
     2      415       0.3854    204850.3267   21314.6312     15.61632    15.61632   79454.4488     9.72567      1 chain_02/itr_00415_trial_01.rho
     2      416       0.3845    209638.4537    4788.1270     15.79777    15.79777   79454.4488     9.72567      1 chain_02/itr_00416_trial_01.rho
     2      417       0.3836    215347.2229    5708.7692     16.01143    16.01143   79454.4488     9.72567      1 chain_02/itr_00417_trial_01.rho
     2      418       0.3827    262684.7866   47337.5637     17.68389    17.68389   79454.4488     9.72567      1 chain_02/itr_00418_trial_01.rho
     2      419       0.3818    237136.7915  -25547.9951     16.80196    16.80196   79454.4488     9.72567      1 chain_02/itr_00419_trial_01.rho
     2      420       0.3809    267182.1924   30045.4008     17.83463    17.83463   79454.4488     9.72567      1 chain_02/itr_00420_trial_01.rho
     2      421       0.3801    304663.8607   37481.6684     19.04455    19.04455   79454.4488     9.72567      1 chain_02/itr_00421_trial_01.rho
     2      422       0.3792    285279.5435  -19384.3172     18.42874    18.42874   79454.4488     9.72567      1 chain_02/itr_00422_trial_01.rho
     2      423       0.3783    312835.0780   27555.5345     19.29826    19.29826   79454.4488     9.72567      1 chain_02/itr_00423_trial_01.rho
     2      424       0.3774    291892.4436  -20942.6344     18.64111    18.64111   79454.4488     9.72567      1 chain_02/itr_00424_trial_01.rho
     2      425       0.3766    309026.4060   17133.9624     19.18042    19.18042   79454.4488     9.72567      1 chain_02/itr_00425_trial_01.rho
     2      426       0.3757    302577.5711   -6448.8349     18.97924    18.97924   79454.4488     9.72567      1 chain_02/itr_00426_trial_01.rho
     2      427       0.3749    330614.3989   28036.8279     19.83907    19.83907   79454.4488     9.72567      1 chain_02/itr_00427_trial_01.rho
     2      428        0.374    308480.6493  -22133.7496     19.16348    19.16348   79454.4488     9.72567      1 chain_02/itr_00428_trial_01.rho
     2      429       0.3731    347125.3972   38644.7479     20.32842    20.32842   79454.4488     9.72567      1 chain_02/itr_00429_trial_01.rho
     2      430       0.3723    347125.3972       0.0000     20.32842    20.32842   79454.4488     9.72567      0 -
     2      431       0.3714    322644.6945  -24480.7027     19.59849    19.59849   79454.4488     9.72567      1 chain_02/itr_00431_trial_01.rho
     2      432       0.3706    313816.0533   -8828.6412     19.32849    19.32849   79454.4488     9.72567      1 chain_02/itr_00432_trial_01.rho
     2      433       0.3697    298692.4066  -15123.6467     18.85699    18.85699   79454.4488     9.72567      1 chain_02/itr_00433_trial_01.rho
     2      434       0.3689    260699.1278  -37993.2787     17.61693    17.61693   79454.4488     9.72567      1 chain_02/itr_00434_trial_01.rho
     2      435        0.368    247745.3126  -12953.8152     17.17367    17.17367   79454.4488     9.72567      1 chain_02/itr_00435_trial_01.rho
     2      436       0.3672    215776.6111  -31968.7015     16.02738    16.02738   79454.4488     9.72567      1 chain_02/itr_00436_trial_01.rho
     2      437       0.3663    211860.5379   -3916.0732     15.88128    15.88128   79454.4488     9.72567      1 chain_02/itr_00437_trial_01.rho
     2      438       0.3655    211860.5379       0.0000     15.88128    15.88128   79454.4488     9.72567      0 -
     2      439       0.3646    218560.1917    6699.6539     16.13043    16.13043   79454.4488     9.72567      1 chain_02/itr_00439_trial_01.rho
     2      440       0.3638    198054.0116  -20506.1802     15.35508    15.35508   79454.4488     9.72567      1 chain_02/itr_00440_trial_01.rho
     2      441        0.363    197485.7720    -568.2395     15.33304    15.33304   79454.4488     9.72567      1 chain_02/itr_00441_trial_01.rho
     2      442       0.3621    185805.2885  -11680.4835     14.87269    14.87269   79454.4488     9.72567      1 chain_02/itr_00442_trial_01.rho
     2      443       0.3613    202607.6160   16802.3275     15.53060    15.53060   79454.4488     9.72567      1 chain_02/itr_00443_trial_01.rho
     2      444       0.3605    204135.1741    1527.5581     15.58904    15.58904   79454.4488     9.72567      1 chain_02/itr_00444_trial_01.rho
     2      445       0.3596    200130.9943   -4004.1798     15.43539    15.43539   79454.4488     9.72567      1 chain_02/itr_00445_trial_01.rho
     2      446       0.3588    195179.7444   -4951.2499     15.24326    15.24326   79454.4488     9.72567      1 chain_02/itr_00446_trial_01.rho
     2      447        0.358    185542.2710   -9637.4734     14.86216    14.86216   79454.4488     9.72567      1 chain_02/itr_00447_trial_01.rho
     2      448       0.3572    202165.3615   16623.0905     15.51364    15.51364   79454.4488     9.72567      1 chain_02/itr_00448_trial_01.rho
     2      449       0.3563    195733.2704   -6432.0911     15.26485    15.26485   79454.4488     9.72567      1 chain_02/itr_00449_trial_01.rho
     2      450       0.3555    193375.4284   -2357.8420     15.17263    15.17263   79454.4488     9.72567      1 chain_02/itr_00450_trial_01.rho
     2      451       0.3547    185609.6949   -7765.7335     14.86486    14.86486   79454.4488     9.72567      1 chain_02/itr_00451_trial_01.rho
     2      452       0.3539    173235.5705  -12374.1245     14.36081    14.36081   79454.4488     9.72567      1 chain_02/itr_00452_trial_01.rho
     2      453       0.3531    166152.0723   -7083.4982     14.06414    14.06414   79454.4488     9.72567      1 chain_02/itr_00453_trial_01.rho
     2      454       0.3522    133626.8415  -32525.2308     12.61268    12.61268   79454.4488     9.72567      1 chain_02/itr_00454_trial_01.rho
     2      455       0.3514    109873.1727  -23753.6688     11.43684    11.43684   79454.4488     9.72567      1 chain_02/itr_00455_trial_01.rho
     2      456       0.3506     97348.2192  -12524.9535     10.76526    10.76526   79454.4488     9.72567      1 chain_02/itr_00456_trial_01.rho
     2      457       0.3498     97512.3689     164.1498     10.77433    10.77433   79454.4488     9.72567      1 chain_02/itr_00457_trial_01.rho
     2      458        0.349    111477.9597   13965.5908     11.52006    11.52006   79454.4488     9.72567      1 chain_02/itr_00458_trial_01.rho
     2      459       0.3482     99556.6628  -11921.2969     10.88668    10.88668   79454.4488     9.72567      1 chain_02/itr_00459_trial_01.rho
     2      460       0.3474    102002.2129    2445.5501     11.01958    11.01958   79454.4488     9.72567      1 chain_02/itr_00460_trial_01.rho
     2      461       0.3466     87062.5509  -14939.6620     10.18066    10.18066   79454.4488     9.72567      1 chain_02/itr_00461_trial_01.rho
     2      462       0.3458     88177.3581    1114.8072     10.24564    10.24564   79454.4488     9.72567      1 chain_02/itr_00462_trial_01.rho
     2      463        0.345     83352.5648   -4824.7933      9.96139     9.96139   79454.4488     9.72567      1 chain_02/itr_00463_trial_01.rho
     2      464       0.3442     88881.1809    5528.6160     10.28644    10.28644   79454.4488     9.72567      1 chain_02/itr_00464_trial_01.rho
     2      465       0.3434     89984.9300    1103.7491     10.35012    10.35012   79454.4488     9.72567      1 chain_02/itr_00465_trial_01.rho
     2      466       0.3426     88419.4182   -1565.5118     10.25969    10.25969   79454.4488     9.72567      1 chain_02/itr_00466_trial_01.rho
     2      467       0.3419     78573.9329   -9845.4853      9.67163     9.67163   78573.9329     9.67163      1 chain_02/itr_00467_trial_01.rho
     2      468       0.3411     65700.5582  -12873.3748      8.84392     8.84392   65700.5582     8.84392      1 chain_02/itr_00468_trial_01.rho
     2      469       0.3403     65962.9246     262.3664      8.86156     8.86156   65700.5582     8.84392      1 chain_02/itr_00469_trial_01.rho
     2      470       0.3395     58940.1858   -7022.7388      8.37657     8.37657   58940.1858     8.37657      1 chain_02/itr_00470_trial_01.rho
     2      471       0.3387     63418.3317    4478.1459      8.68896     8.68896   58940.1858     8.37657      1 chain_02/itr_00471_trial_01.rho
     2      472       0.3379     58464.9425   -4953.3892      8.34273     8.34273   58464.9425     8.34273      1 chain_02/itr_00472_trial_01.rho
     2      473       0.3372     62482.7982    4017.8557      8.62463     8.62463   58464.9425     8.34273      1 chain_02/itr_00473_trial_01.rho
     2      474       0.3364     62321.0150    -161.7831      8.61346     8.61346   58464.9425     8.34273      1 chain_02/itr_00474_trial_01.rho
     2      475       0.3356     67028.5370    4707.5219      8.93285     8.93285   58464.9425     8.34273      1 chain_02/itr_00475_trial_01.rho
     2      476       0.3348     75882.2581    8853.7212      9.50453     9.50453   58464.9425     8.34273      1 chain_02/itr_00476_trial_01.rho
     2      477       0.3341     77876.0252    1993.7671      9.62858     9.62858   58464.9425     8.34273      1 chain_02/itr_00477_trial_01.rho
     2      478       0.3333     74293.5738   -3582.4514      9.40451     9.40451   58464.9425     8.34273      1 chain_02/itr_00478_trial_01.rho
     2      479       0.3325     76611.1028    2317.5290      9.55006     9.55006   58464.9425     8.34273      1 chain_02/itr_00479_trial_01.rho
     2      480       0.3318     83011.3192    6400.2164      9.94098     9.94098   58464.9425     8.34273      1 chain_02/itr_00480_trial_01.rho
     2      481        0.331     79303.8676   -3707.4517      9.71645     9.71645   58464.9425     8.34273      1 chain_02/itr_00481_trial_01.rho
     2      482       0.3302     81196.6658    1892.7983      9.83172     9.83172   58464.9425     8.34273      1 chain_02/itr_00482_trial_01.rho
     2      483       0.3295     93392.2462   12195.5804     10.54425    10.54425   58464.9425     8.34273      1 chain_02/itr_00483_trial_01.rho
     2      484       0.3287     83158.0625  -10234.1837      9.94976     9.94976   58464.9425     8.34273      1 chain_02/itr_00484_trial_01.rho
     2      485        0.328     80035.1248   -3122.9377      9.76114     9.76114   58464.9425     8.34273      1 chain_02/itr_00485_trial_01.rho
     2      486       0.3272     79694.0200    -341.1048      9.74032     9.74032   58464.9425     8.34273      1 chain_02/itr_00486_trial_01.rho
     2      487       0.3265     79694.0200       0.0000      9.74032     9.74032   58464.9425     8.34273      0 -
     2      488       0.3257     80035.3995     341.3795      9.76116     9.76116   58464.9425     8.34273      1 chain_02/itr_00488_trial_01.rho
     2      489        0.325     77757.0719   -2278.3276      9.62122     9.62122   58464.9425     8.34273      1 chain_02/itr_00489_trial_01.rho
     2      490       0.3242     76882.8783    -874.1936      9.56699     9.56699   58464.9425     8.34273      1 chain_02/itr_00490_trial_01.rho
     2      491       0.3235     70871.7889   -6011.0894      9.18538     9.18538   58464.9425     8.34273      1 chain_02/itr_00491_trial_01.rho
     2      492       0.3227     72487.9312    1616.1423      9.28952     9.28952   58464.9425     8.34273      1 chain_02/itr_00492_trial_01.rho
     2      493        0.322     72299.4640    -188.4672      9.27743     9.27743   58464.9425     8.34273      1 chain_02/itr_00493_trial_01.rho
     2      494       0.3212     71725.0290    -574.4351      9.24051     9.24051   58464.9425     8.34273      1 chain_02/itr_00494_trial_01.rho
     2      495       0.3205     73270.8186    1545.7896      9.33955     9.33955   58464.9425     8.34273      1 chain_02/itr_00495_trial_01.rho
     2      496       0.3198     73270.8186       0.0000      9.33955     9.33955   58464.9425     8.34273      0 -
     2      497        0.319     71839.4459   -1431.3727      9.24787     9.24787   58464.9425     8.34273      1 chain_02/itr_00497_trial_01.rho
     2      498       0.3183     69414.8104   -2424.6355      9.09047     9.09047   58464.9425     8.34273      1 chain_02/itr_00498_trial_01.rho
     2      499       0.3176     73396.3286    3981.5181      9.34754     9.34754   58464.9425     8.34273      1 chain_02/itr_00499_trial_01.rho
     2      500       0.3168     73396.3286       0.0000      9.34754     9.34754   58464.9425     8.34273      0 -
     2      501       0.3161     79240.3696    5844.0411      9.71256     9.71256   58464.9425     8.34273      1 chain_02/itr_00501_trial_01.rho
     2      502       0.3154     79015.5985    -224.7711      9.69877     9.69877   58464.9425     8.34273      1 chain_02/itr_00502_trial_01.rho
     2      503       0.3147     72137.8039   -6877.7946      9.26706     9.26706   58464.9425     8.34273      1 chain_02/itr_00503_trial_01.rho
     2      504       0.3139     70792.4810   -1345.3229      9.18024     9.18024   58464.9425     8.34273      1 chain_02/itr_00504_trial_01.rho
     2      505       0.3132     72963.1904    2170.7094      9.31992     9.31992   58464.9425     8.34273      1 chain_02/itr_00505_trial_01.rho
     2      506       0.3125     72963.1904       0.0000      9.31992     9.31992   58464.9425     8.34273      0 -
     2      507       0.3118     74563.8767    1600.6863      9.42160     9.42160   58464.9425     8.34273      1 chain_02/itr_00507_trial_01.rho
     2      508       0.3111     68616.2278   -5947.6489      9.03803     9.03803   58464.9425     8.34273      1 chain_02/itr_00508_trial_01.rho
     2      509       0.3103     66736.4379   -1879.7899      8.91337     8.91337   58464.9425     8.34273      1 chain_02/itr_00509_trial_01.rho
     2      510       0.3096     66215.8139    -520.6239      8.87853     8.87853   58464.9425     8.34273      1 chain_02/itr_00510_trial_01.rho
     2      511       0.3089     71874.8554    5659.0415      9.25015     9.25015   58464.9425     8.34273      1 chain_02/itr_00511_trial_01.rho
     2      512       0.3082     71874.8554       0.0000      9.25015     9.25015   58464.9425     8.34273      0 -
     2      513       0.3075     79240.0346    7365.1792      9.71254     9.71254   58464.9425     8.34273      1 chain_02/itr_00513_trial_01.rho
     2      514       0.3068     81861.3150    2621.2803      9.87188     9.87188   58464.9425     8.34273      1 chain_02/itr_00514_trial_01.rho
     2      515       0.3061     80242.5183   -1618.7966      9.77378     9.77378   58464.9425     8.34273      1 chain_02/itr_00515_trial_01.rho
     2      516       0.3054     74591.4397   -5651.0786      9.42334     9.42334   58464.9425     8.34273      1 chain_02/itr_00516_trial_01.rho
     2      517       0.3047     76501.2388    1909.7991      9.54321     9.54321   58464.9425     8.34273      1 chain_02/itr_00517_trial_01.rho
     2      518        0.304     75715.0467    -786.1920      9.49405     9.49405   58464.9425     8.34273      1 chain_02/itr_00518_trial_01.rho
     2      519       0.3033     70341.0779   -5373.9688      9.15092     9.15092   58464.9425     8.34273      1 chain_02/itr_00519_trial_01.rho
     2      520       0.3026     69029.2708   -1311.8072      9.06519     9.06519   58464.9425     8.34273      1 chain_02/itr_00520_trial_01.rho
     2      521       0.3019     70530.4183    1501.1475      9.16323     9.16323   58464.9425     8.34273      1 chain_02/itr_00521_trial_01.rho
     2      522       0.3012     62523.1134   -8007.3049      8.62741     8.62741   58464.9425     8.34273      1 chain_02/itr_00522_trial_01.rho
     2      523       0.3005     62399.9571    -123.1563      8.61891     8.61891   58464.9425     8.34273      1 chain_02/itr_00523_trial_01.rho
     2      524       0.2998     64437.0953    2037.1382      8.75847     8.75847   58464.9425     8.34273      1 chain_02/itr_00524_trial_01.rho
     2      525       0.2991     66230.0214    1792.9261      8.87949     8.87949   58464.9425     8.34273      1 chain_02/itr_00525_trial_01.rho
     2      526       0.2984     73605.6030    7375.5816      9.36086     9.36086   58464.9425     8.34273      1 chain_02/itr_00526_trial_01.rho
     2      527       0.2977     72193.0996   -1412.5034      9.27061     9.27061   58464.9425     8.34273      1 chain_02/itr_00527_trial_01.rho
     2      528        0.297     70931.2956   -1261.8040      9.18923     9.18923   58464.9425     8.34273      1 chain_02/itr_00528_trial_01.rho
     2      529       0.2964     74143.1055    3211.8099      9.39498     9.39498   58464.9425     8.34273      1 chain_02/itr_00529_trial_01.rho
     2      530       0.2957     68012.3049   -6130.8006      8.99817     8.99817   58464.9425     8.34273      1 chain_02/itr_00530_trial_01.rho
     2      531        0.295     68939.7070     927.4021      9.05931     9.05931   58464.9425     8.34273      1 chain_02/itr_00531_trial_01.rho
     2      532       0.2943     71281.4046    2341.6976      9.21188     9.21188   58464.9425     8.34273      1 chain_02/itr_00532_trial_01.rho
     2      533       0.2936     62443.9778   -8837.4268      8.62195     8.62195   58464.9425     8.34273      1 chain_02/itr_00533_trial_01.rho
     2      534        0.293     61498.1899    -945.7879      8.55641     8.55641   58464.9425     8.34273      1 chain_02/itr_00534_trial_01.rho
     2      535       0.2923     63142.2441    1644.0541      8.67003     8.67003   58464.9425     8.34273      1 chain_02/itr_00535_trial_01.rho
     2      536       0.2916     68001.9920    4859.7479      8.99749     8.99749   58464.9425     8.34273      1 chain_02/itr_00536_trial_01.rho
     2      537        0.291     66195.7248   -1806.2671      8.87719     8.87719   58464.9425     8.34273      1 chain_02/itr_00537_trial_01.rho
     2      538       0.2903     64751.5519   -1444.1729      8.77982     8.77982   58464.9425     8.34273      1 chain_02/itr_00538_trial_01.rho
     2      539       0.2896     66904.8538    2153.3019      8.92461     8.92461   58464.9425     8.34273      1 chain_02/itr_00539_trial_01.rho
     2      540       0.2889     64738.3839   -2166.4699      8.77892     8.77892   58464.9425     8.34273      1 chain_02/itr_00540_trial_01.rho
     2      541       0.2883     59629.7809   -5108.6030      8.42543     8.42543   58464.9425     8.34273      1 chain_02/itr_00541_trial_01.rho
     2      542       0.2876     55983.1846   -3646.5964      8.16374     8.16374   55983.1846     8.16374      1 chain_02/itr_00542_trial_01.rho
     2      543        0.287     55983.1846       0.0000      8.16374     8.16374   55983.1846     8.16374      0 -
     2      544       0.2863     52821.2717   -3161.9128      7.92985     7.92985   52821.2717     7.92985      1 chain_02/itr_00544_trial_01.rho
     2      545       0.2856     52218.5776    -602.6941      7.88448     7.88448   52218.5776     7.88448      1 chain_02/itr_00545_trial_01.rho
     2      546        0.285     51052.2899   -1166.2877      7.79593     7.79593   51052.2899     7.79593      1 chain_02/itr_00546_trial_01.rho
     2      547       0.2843     49988.3389   -1063.9510      7.71427     7.71427   49988.3389     7.71427      1 chain_02/itr_00547_trial_01.rho
     2      548       0.2837     51722.7162    1734.3773      7.84695     7.84695   49988.3389     7.71427      1 chain_02/itr_00548_trial_01.rho
     2      549        0.283     51438.8178    -283.8985      7.82539     7.82539   49988.3389     7.71427      1 chain_02/itr_00549_trial_01.rho
     2      550       0.2824     52851.6704    1412.8527      7.93213     7.93213   49988.3389     7.71427      1 chain_02/itr_00550_trial_01.rho
     2      551       0.2817     51278.2955   -1573.3750      7.81317     7.81317   49988.3389     7.71427      1 chain_02/itr_00551_trial_01.rho
     2      552       0.2811     50161.5075   -1116.7880      7.72762     7.72762   49988.3389     7.71427      1 chain_02/itr_00552_trial_01.rho
     2      553       0.2804     50972.7038     811.1963      7.78985     7.78985   49988.3389     7.71427      1 chain_02/itr_00553_trial_01.rho
     2      554       0.2798     50751.9265    -220.7773      7.77296     7.77296   49988.3389     7.71427      1 chain_02/itr_00554_trial_01.rho
     2      555       0.2791     49592.9692   -1158.9572      7.68370     7.68370   49592.9692     7.68370      1 chain_02/itr_00555_trial_01.rho
     2      556       0.2785     50236.7578     643.7886      7.73341     7.73341   49592.9692     7.68370      1 chain_02/itr_00556_trial_01.rho
     2      557       0.2779     50236.7578       0.0000      7.73341     7.73341   49592.9692     7.68370      0 -
     2      558       0.2772     52239.1882    2002.4304      7.88603     7.88603   49592.9692     7.68370      1 chain_02/itr_00558_trial_01.rho
     2      559       0.2766     51405.4658    -833.7223      7.82285     7.82285   49592.9692     7.68370      1 chain_02/itr_00559_trial_01.rho
     2      560       0.2759     52209.3895     803.9237      7.88378     7.88378   49592.9692     7.68370      1 chain_02/itr_00560_trial_01.rho
     2      561       0.2753     49754.8575   -2454.5320      7.69623     7.69623   49592.9692     7.68370      1 chain_02/itr_00561_trial_01.rho
     2      562       0.2747     48091.6198   -1663.2377      7.56650     7.56650   48091.6198     7.56650      1 chain_02/itr_00562_trial_01.rho
     2      563        0.274     47104.5409    -987.0789      7.48845     7.48845   47104.5409     7.48845      1 chain_02/itr_00563_trial_01.rho
     2      564       0.2734     48122.8369    1018.2960      7.56896     7.56896   47104.5409     7.48845      1 chain_02/itr_00564_trial_01.rho
     2      565       0.2728     46554.3937   -1568.4432      7.44459     7.44459   46554.3937     7.44459      1 chain_02/itr_00565_trial_01.rho
     2      566       0.2722     46530.8810     -23.5127      7.44271     7.44271   46530.8810     7.44271      1 chain_02/itr_00566_trial_01.rho
     2      567       0.2715     47870.2742    1339.3932      7.54907     7.54907   46530.8810     7.44271      1 chain_02/itr_00567_trial_01.rho
     2      568       0.2709     51906.1071    4035.8329      7.86085     7.86085   46530.8810     7.44271      1 chain_02/itr_00568_trial_01.rho
     2      569       0.2703     54827.2314    2921.1243      8.07902     8.07902   46530.8810     7.44271      1 chain_02/itr_00569_trial_01.rho
     2      570       0.2697     53634.3929   -1192.8385      7.99065     7.99065   46530.8810     7.44271      1 chain_02/itr_00570_trial_01.rho
     2      571        0.269     52751.4826    -882.9103      7.92461     7.92461   46530.8810     7.44271      1 chain_02/itr_00571_trial_01.rho
     2      572       0.2684     53629.3098     877.8272      7.99027     7.99027   46530.8810     7.44271      1 chain_02/itr_00572_trial_01.rho
     2      573       0.2678     53160.2881    -469.0217      7.95525     7.95525   46530.8810     7.44271      1 chain_02/itr_00573_trial_01.rho
     2      574       0.2672     53160.2881       0.0000      7.95525     7.95525   46530.8810     7.44271      0 -
     2      575       0.2666     52973.1876    -187.1005      7.94124     7.94124   46530.8810     7.44271      1 chain_02/itr_00575_trial_01.rho
     2      576        0.266     54444.9506    1471.7630      8.05080     8.05080   46530.8810     7.44271      1 chain_02/itr_00576_trial_01.rho
     2      577       0.2653     55328.7859     883.8353      8.11589     8.11589   46530.8810     7.44271      1 chain_02/itr_00577_trial_01.rho
     2      578       0.2647     57446.7898    2118.0039      8.26977     8.26977   46530.8810     7.44271      1 chain_02/itr_00578_trial_01.rho
     2      579       0.2641     57489.0161      42.2263      8.27281     8.27281   46530.8810     7.44271      1 chain_02/itr_00579_trial_01.rho
     2      580       0.2635     55833.9830   -1655.0331      8.15285     8.15285   46530.8810     7.44271      1 chain_02/itr_00580_trial_01.rho
     2      581       0.2629     55343.0833    -490.8997      8.11693     8.11693   46530.8810     7.44271      1 chain_02/itr_00581_trial_01.rho
     2      582       0.2623     55351.6587       8.5753      8.11756     8.11756   46530.8810     7.44271      1 chain_02/itr_00582_trial_01.rho
     2      583       0.2617     58390.3958    3038.7371      8.33741     8.33741   46530.8810     7.44271      1 chain_02/itr_00583_trial_01.rho
     2      584       0.2611     57537.7780    -852.6178      8.27631     8.27631   46530.8810     7.44271      1 chain_02/itr_00584_trial_01.rho
     2      585       0.2605     63359.3825    5821.6045      8.68492     8.68492   46530.8810     7.44271      1 chain_02/itr_00585_trial_01.rho
     2      586       0.2599     60852.7168   -2506.6656      8.51139     8.51139   46530.8810     7.44271      1 chain_02/itr_00586_trial_01.rho
     2      587       0.2593     61212.0937     359.3769      8.53648     8.53648   46530.8810     7.44271      1 chain_02/itr_00587_trial_01.rho
     2      588       0.2587     59821.5768   -1390.5169      8.43897     8.43897   46530.8810     7.44271      1 chain_02/itr_00588_trial_01.rho
     2      589       0.2581     59821.5768       0.0000      8.43897     8.43897   46530.8810     7.44271      0 -
     2      590       0.2575     59821.5768       0.0000      8.43897     8.43897   46530.8810     7.44271      0 -
     2      591       0.2569     60570.6093     749.0325      8.49164     8.49164   46530.8810     7.44271      1 chain_02/itr_00591_trial_01.rho
     2      592       0.2563     68293.9482    7723.3388      9.01678     9.01678   46530.8810     7.44271      1 chain_02/itr_00592_trial_01.rho
     2      593       0.2557     64947.2363   -3346.7118      8.79307     8.79307   46530.8810     7.44271      1 chain_02/itr_00593_trial_01.rho
     2      594       0.2552     64947.2363       0.0000      8.79307     8.79307   46530.8810     7.44271      0 -
     2      595       0.2546     64947.2363       0.0000      8.79307     8.79307   46530.8810     7.44271      0 -
     2      596        0.254     62493.7408   -2453.4956      8.62539     8.62539   46530.8810     7.44271      1 chain_02/itr_00596_trial_01.rho
     2      597       0.2534     61710.2908    -783.4499      8.57115     8.57115   46530.8810     7.44271      1 chain_02/itr_00597_trial_01.rho
     2      598       0.2528     63874.5175    2164.2267      8.72015     8.72015   46530.8810     7.44271      1 chain_02/itr_00598_trial_01.rho
     2      599       0.2522     71061.5426    7187.0251      9.19767     9.19767   46530.8810     7.44271      1 chain_02/itr_00599_trial_01.rho
     2      600       0.2517     71965.4951     903.9525      9.25598     9.25598   46530.8810     7.44271      1 chain_02/itr_00600_trial_01.rho
     2      601       0.2511     70956.2584   -1009.2367      9.19085     9.19085   46530.8810     7.44271      1 chain_02/itr_00601_trial_01.rho
     2      602       0.2505     69236.5489   -1719.7095      9.07879     9.07879   46530.8810     7.44271      1 chain_02/itr_00602_trial_01.rho
     2      603       0.2499     69419.3934     182.8445      9.09077     9.09077   46530.8810     7.44271      1 chain_02/itr_00603_trial_01.rho
     2      604       0.2493     73651.4946    4232.1012      9.36378     9.36378   46530.8810     7.44271      1 chain_02/itr_00604_trial_01.rho
     2      605       0.2488     79527.2778    5875.7832      9.73012     9.73012   46530.8810     7.44271      1 chain_02/itr_00605_trial_01.rho
     2      606       0.2482     79527.2778       0.0000      9.73012     9.73012   46530.8810     7.44271      0 -
     2      607       0.2476     75547.7925   -3979.4853      9.48356     9.48356   46530.8810     7.44271      1 chain_02/itr_00607_trial_01.rho
     2      608       0.2471     76897.5023    1349.7098      9.56790     9.56790   46530.8810     7.44271      1 chain_02/itr_00608_trial_01.rho
     2      609       0.2465     82965.9845    6068.4822      9.93826     9.93826   46530.8810     7.44271      1 chain_02/itr_00609_trial_01.rho
     2      610       0.2459     76655.4461   -6310.5384      9.55283     9.55283   46530.8810     7.44271      1 chain_02/itr_00610_trial_01.rho
     2      611       0.2454     72879.1007   -3776.3454      9.31455     9.31455   46530.8810     7.44271      1 chain_02/itr_00611_trial_01.rho
     2      612       0.2448     71564.7218   -1314.3789      9.23017     9.23017   46530.8810     7.44271      1 chain_02/itr_00612_trial_01.rho
     2      613       0.2442     76522.9415    4958.2197      9.54457     9.54457   46530.8810     7.44271      1 chain_02/itr_00613_trial_01.rho
     2      614       0.2437     76232.3847    -290.5568      9.52643     9.52643   46530.8810     7.44271      1 chain_02/itr_00614_trial_01.rho
     2      615       0.2431     75449.0830    -783.3017      9.47736     9.47736   46530.8810     7.44271      1 chain_02/itr_00615_trial_01.rho
     2      616       0.2425     75700.7097     251.6267      9.49315     9.49315   46530.8810     7.44271      1 chain_02/itr_00616_trial_01.rho
     2      617        0.242     78842.8615    3142.1518      9.68817     9.68817   46530.8810     7.44271      1 chain_02/itr_00617_trial_01.rho
     2      618       0.2414     75230.6845   -3612.1770      9.46363     9.46363   46530.8810     7.44271      1 chain_02/itr_00618_trial_01.rho
     2      619       0.2409     73775.2132   -1455.4713      9.37164     9.37164   46530.8810     7.44271      1 chain_02/itr_00619_trial_01.rho
     2      620       0.2403     71753.4628   -2021.7503      9.24234     9.24234   46530.8810     7.44271      1 chain_02/itr_00620_trial_01.rho
     2      621       0.2398     70351.1870   -1402.2758      9.15158     9.15158   46530.8810     7.44271      1 chain_02/itr_00621_trial_01.rho
     2      622       0.2392     64806.5524   -5544.6347      8.78354     8.78354   46530.8810     7.44271      1 chain_02/itr_00622_trial_01.rho
     2      623       0.2387     64678.7123    -127.8400      8.77488     8.77488   46530.8810     7.44271      1 chain_02/itr_00623_trial_01.rho
     2      624       0.2381     60859.0373   -3819.6750      8.51183     8.51183   46530.8810     7.44271      1 chain_02/itr_00624_trial_01.rho
     2      625       0.2376     65038.7254    4179.6881      8.79926     8.79926   46530.8810     7.44271      1 chain_02/itr_00625_trial_01.rho
     2      626        0.237     66955.7792    1917.0538      8.92800     8.92800   46530.8810     7.44271      1 chain_02/itr_00626_trial_01.rho
     2      627       0.2365     65229.1356   -1726.6436      8.81214     8.81214   46530.8810     7.44271      1 chain_02/itr_00627_trial_01.rho
     2      628       0.2359     60893.5533   -4335.5824      8.51424     8.51424   46530.8810     7.44271      1 chain_02/itr_00628_trial_01.rho
     2      629       0.2354     58560.5976   -2332.9557      8.34955     8.34955   46530.8810     7.44271      1 chain_02/itr_00629_trial_01.rho
     2      630       0.2348     59509.6350     949.0375      8.41694     8.41694   46530.8810     7.44271      1 chain_02/itr_00630_trial_01.rho
     2      631       0.2343     57621.5396   -1888.0955      8.28233     8.28233   46530.8810     7.44271      1 chain_02/itr_00631_trial_01.rho
     2      632       0.2338     57724.0533     102.5137      8.28970     8.28970   46530.8810     7.44271      1 chain_02/itr_00632_trial_01.rho
     2      633       0.2332     55304.5887   -2419.4646      8.11411     8.11411   46530.8810     7.44271      1 chain_02/itr_00633_trial_01.rho
     2      634       0.2327     53897.7723   -1406.8164      8.01024     8.01024   46530.8810     7.44271      1 chain_02/itr_00634_trial_01.rho
     2      635       0.2322     51716.1062   -2181.6660      7.84645     7.84645   46530.8810     7.44271      1 chain_02/itr_00635_trial_01.rho
     2      636       0.2316     51716.1062       0.0000      7.84645     7.84645   46530.8810     7.44271      0 -
     2      637       0.2311     51957.5262     241.4200      7.86474     7.86474   46530.8810     7.44271      1 chain_02/itr_00637_trial_01.rho
     2      638       0.2306     53438.6380    1481.1118      7.97605     7.97605   46530.8810     7.44271      1 chain_02/itr_00638_trial_01.rho
     2      639         0.23     56974.6880    3536.0500      8.23572     8.23572   46530.8810     7.44271      1 chain_02/itr_00639_trial_01.rho
     2      640       0.2295     55935.7129   -1038.9751      8.16028     8.16028   46530.8810     7.44271      1 chain_02/itr_00640_trial_01.rho
     2      641        0.229     55935.7129       0.0000      8.16028     8.16028   46530.8810     7.44271      0 -
     2      642       0.2284     53588.5801   -2347.1328      7.98724     7.98724   46530.8810     7.44271      1 chain_02/itr_00642_trial_01.rho
     2      643       0.2279     53588.5801       0.0000      7.98724     7.98724   46530.8810     7.44271      0 -
     2      644       0.2274     50439.9183   -3148.6618      7.74903     7.74903   46530.8810     7.44271      1 chain_02/itr_00644_trial_01.rho
     2      645       0.2269     49510.8025    -929.1158      7.67733     7.67733   46530.8810     7.44271      1 chain_02/itr_00645_trial_01.rho
     2      646       0.2264     48709.4830    -801.3195      7.61495     7.61495   46530.8810     7.44271      1 chain_02/itr_00646_trial_01.rho
     2      647       0.2258     50768.4718    2058.9888      7.77423     7.77423   46530.8810     7.44271      1 chain_02/itr_00647_trial_01.rho
     2      648       0.2253     49263.0317   -1505.4400      7.65810     7.65810   46530.8810     7.44271      1 chain_02/itr_00648_trial_01.rho
     2      649       0.2248     47693.2313   -1569.8004      7.53509     7.53509   46530.8810     7.44271      1 chain_02/itr_00649_trial_01.rho
     2      650       0.2243     46950.0630    -743.1683      7.47616     7.47616   46530.8810     7.44271      1 chain_02/itr_00650_trial_01.rho
     2      651       0.2238     49163.1716    2213.1086      7.65033     7.65033   46530.8810     7.44271      1 chain_02/itr_00651_trial_01.rho
     2      652       0.2232     49416.8680     253.6964      7.67005     7.67005   46530.8810     7.44271      1 chain_02/itr_00652_trial_01.rho
     2      653       0.2227     53475.0743    4058.2064      7.97877     7.97877   46530.8810     7.44271      1 chain_02/itr_00653_trial_01.rho
     2      654       0.2222     57520.9376    4045.8632      8.27510     8.27510   46530.8810     7.44271      1 chain_02/itr_00654_trial_01.rho
     2      655       0.2217     57782.3586     261.4211      8.29388     8.29388   46530.8810     7.44271      1 chain_02/itr_00655_trial_01.rho
     2      656       0.2212     61113.9819    3331.6232      8.52964     8.52964   46530.8810     7.44271      1 chain_02/itr_00656_trial_01.rho
     2      657       0.2207     56152.6956   -4961.2863      8.17609     8.17609   46530.8810     7.44271      1 chain_02/itr_00657_trial_01.rho
     2      658       0.2202     61123.0128    4970.3172      8.53027     8.53027   46530.8810     7.44271      1 chain_02/itr_00658_trial_01.rho
     2      659       0.2197     67309.4635    6186.4507      8.95155     8.95155   46530.8810     7.44271      1 chain_02/itr_00659_trial_01.rho
     2      660       0.2192     67614.5343     305.0708      8.97182     8.97182   46530.8810     7.44271      1 chain_02/itr_00660_trial_01.rho
     2      661       0.2187     67614.5343       0.0000      8.97182     8.97182   46530.8810     7.44271      0 -
     2      662       0.2182     76539.7100    8925.1758      9.54561     9.54561   46530.8810     7.44271      1 chain_02/itr_00662_trial_01.rho
     2      663       0.2177     70102.5588   -6437.1513      9.13539     9.13539   46530.8810     7.44271      1 chain_02/itr_00663_trial_01.rho
     2      664       0.2172     73894.8120    3792.2532      9.37923     9.37923   46530.8810     7.44271      1 chain_02/itr_00664_trial_01.rho
     2      665       0.2167     79726.9090    5832.0970      9.74233     9.74233   46530.8810     7.44271      1 chain_02/itr_00665_trial_01.rho
     2      666       0.2162     79726.9090       0.0000      9.74233     9.74233   46530.8810     7.44271      0 -
     2      667       0.2157     69142.3853  -10584.5238      9.07262     9.07262   46530.8810     7.44271      1 chain_02/itr_00667_trial_01.rho
     2      668       0.2152     72826.0508    3683.6655      9.31116     9.31116   46530.8810     7.44271      1 chain_02/itr_00668_trial_01.rho
     2      669       0.2147     72826.0508       0.0000      9.31116     9.31116   46530.8810     7.44271      0 -
     2      670       0.2142     72498.4706    -327.5803      9.29019     9.29019   46530.8810     7.44271      1 chain_02/itr_00670_trial_01.rho
     2      671       0.2137     78970.8459    6472.3754      9.69603     9.69603   46530.8810     7.44271      1 chain_02/itr_00671_trial_01.rho
     2      672       0.2132     77504.3655   -1466.4804      9.60558     9.60558   46530.8810     7.44271      1 chain_02/itr_00672_trial_01.rho
     2      673       0.2127     73385.3455   -4119.0200      9.34684     9.34684   46530.8810     7.44271      1 chain_02/itr_00673_trial_01.rho
     2      674       0.2122     64850.8609   -8534.4846      8.78655     8.78655   46530.8810     7.44271      1 chain_02/itr_00674_trial_01.rho
     2      675       0.2117     64238.9289    -611.9320      8.74499     8.74499   46530.8810     7.44271      1 chain_02/itr_00675_trial_01.rho
     2      676       0.2112     55888.6828   -8350.2461      8.15685     8.15685   46530.8810     7.44271      1 chain_02/itr_00676_trial_01.rho
     2      677       0.2108     54602.9305   -1285.7523      8.06247     8.06247   46530.8810     7.44271      1 chain_02/itr_00677_trial_01.rho
     2      678       0.2103     55575.2946     972.3640      8.13395     8.13395   46530.8810     7.44271      1 chain_02/itr_00678_trial_01.rho
     2      679       0.2098     55575.2946       0.0000      8.13395     8.13395   46530.8810     7.44271      0 -
     2      680       0.2093     54514.9024   -1060.3922      8.05597     8.05597   46530.8810     7.44271      1 chain_02/itr_00680_trial_01.rho
     2      681       0.2088     60554.6720    6039.7696      8.49052     8.49052   46530.8810     7.44271      1 chain_02/itr_00681_trial_01.rho
     2      682       0.2083     55452.4556   -5102.2164      8.12495     8.12495   46530.8810     7.44271      1 chain_02/itr_00682_trial_01.rho
     2      683       0.2079     58680.2353    3227.7798      8.35808     8.35808   46530.8810     7.44271      1 chain_02/itr_00683_trial_01.rho
     2      684       0.2074     55087.9396   -3592.2958      8.09820     8.09820   46530.8810     7.44271      1 chain_02/itr_00684_trial_01.rho
     2      685       0.2069     54954.5128    -133.4268      8.08839     8.08839   46530.8810     7.44271      1 chain_02/itr_00685_trial_01.rho
     2      686       0.2064     54947.7552      -6.7575      8.08789     8.08789   46530.8810     7.44271      1 chain_02/itr_00686_trial_01.rho
     2      687        0.206     57393.3873    2445.6321      8.26592     8.26592   46530.8810     7.44271      1 chain_02/itr_00687_trial_01.rho
     2      688       0.2055     64444.3593    7050.9720      8.75897     8.75897   46530.8810     7.44271      1 chain_02/itr_00688_trial_01.rho
     2      689        0.205     66934.3228    2489.9635      8.92657     8.92657   46530.8810     7.44271      1 chain_02/itr_00689_trial_01.rho
     2      690       0.2045     66934.3228       0.0000      8.92657     8.92657   46530.8810     7.44271      0 -
     2      691       0.2041     66955.4861      21.1633      8.92798     8.92798   46530.8810     7.44271      1 chain_02/itr_00691_trial_01.rho
     2      692       0.2036     69152.5957    2197.1096      9.07329     9.07329   46530.8810     7.44271      1 chain_02/itr_00692_trial_01.rho
     2      693       0.2031     61730.1099   -7422.4857      8.57253     8.57253   46530.8810     7.44271      1 chain_02/itr_00693_trial_01.rho
     2      694       0.2027     72356.4756   10626.3657      9.28109     9.28109   46530.8810     7.44271      1 chain_02/itr_00694_trial_01.rho
     2      695       0.2022     73006.1136     649.6380      9.32266     9.32266   46530.8810     7.44271      1 chain_02/itr_00695_trial_01.rho
     2      696       0.2017     75192.9239    2186.8103      9.46126     9.46126   46530.8810     7.44271      1 chain_02/itr_00696_trial_01.rho
     2      697       0.2013     72935.5923   -2257.3316      9.31816     9.31816   46530.8810     7.44271      1 chain_02/itr_00697_trial_01.rho
     2      698       0.2008     64090.6477   -8844.9446      8.73489     8.73489   46530.8810     7.44271      1 chain_02/itr_00698_trial_01.rho
     2      699       0.2003     60591.0637   -3499.5840      8.49307     8.49307   46530.8810     7.44271      1 chain_02/itr_00699_trial_01.rho
     2      700       0.1999     60017.8731    -573.1906      8.45280     8.45280   46530.8810     7.44271      1 chain_02/itr_00700_trial_01.rho
     2      701       0.1994     60017.8731       0.0000      8.45280     8.45280   46530.8810     7.44271      0 -
     2      702        0.199     62106.9005    2089.0275      8.59865     8.59865   46530.8810     7.44271      1 chain_02/itr_00702_trial_01.rho
     2      703       0.1985     61152.2326    -954.6680      8.53231     8.53231   46530.8810     7.44271      1 chain_02/itr_00703_trial_01.rho
     2      704        0.198     61152.2326       0.0000      8.53231     8.53231   46530.8810     7.44271      0 -
     2      705       0.1976     61152.2326       0.0000      8.53231     8.53231   46530.8810     7.44271      0 -
     2      706       0.1971     58841.6130   -2310.6196      8.36956     8.36956   46530.8810     7.44271      1 chain_02/itr_00706_trial_01.rho
     2      707       0.1967     59789.6744     948.0614      8.43672     8.43672   46530.8810     7.44271      1 chain_02/itr_00707_trial_01.rho
     2      708       0.1962     64082.6352    4292.9608      8.73435     8.73435   46530.8810     7.44271      1 chain_02/itr_00708_trial_01.rho
     2      709       0.1958     64527.1061     444.4708      8.76459     8.76459   46530.8810     7.44271      1 chain_02/itr_00709_trial_01.rho
     2      710       0.1953     66129.6686    1602.5625      8.87276     8.87276   46530.8810     7.44271      1 chain_02/itr_00710_trial_01.rho
     2      711       0.1949     69016.7457    2887.0772      9.06437     9.06437   46530.8810     7.44271      1 chain_02/itr_00711_trial_01.rho
     2      712       0.1944     70448.9763    1432.2306      9.15794     9.15794   46530.8810     7.44271      1 chain_02/itr_00712_trial_01.rho
     2      713        0.194     61227.6404   -9221.3359      8.53757     8.53757   46530.8810     7.44271      1 chain_02/itr_00713_trial_01.rho
     2      714       0.1935     60876.6692    -350.9712      8.51306     8.51306   46530.8810     7.44271      1 chain_02/itr_00714_trial_01.rho
     2      715       0.1931     60876.6692       0.0000      8.51306     8.51306   46530.8810     7.44271      0 -
     2      716       0.1926     59009.6713   -1866.9979      8.38150     8.38150   46530.8810     7.44271      1 chain_02/itr_00716_trial_01.rho
     2      717       0.1922     64056.7330    5047.0617      8.73258     8.73258   46530.8810     7.44271      1 chain_02/itr_00717_trial_01.rho
     2      718       0.1918     64056.7330       0.0000      8.73258     8.73258   46530.8810     7.44271      0 -
     2      719       0.1913     70656.8770    6600.1439      9.17144     9.17144   46530.8810     7.44271      1 chain_02/itr_00719_trial_01.rho
     2      720       0.1909     70656.8770       0.0000      9.17144     9.17144   46530.8810     7.44271      0 -
     2      721       0.1904     73036.2762    2379.3992      9.32459     9.32459   46530.8810     7.44271      1 chain_02/itr_00721_trial_01.rho
     2      722         0.19     82130.1514    9093.8753      9.88807     9.88807   46530.8810     7.44271      1 chain_02/itr_00722_trial_01.rho
     2      723       0.1896     75755.8567   -6374.2947      9.49661     9.49661   46530.8810     7.44271      1 chain_02/itr_00723_trial_01.rho
     2      724       0.1891     73209.3667   -2546.4900      9.33563     9.33563   46530.8810     7.44271      1 chain_02/itr_00724_trial_01.rho
     2      725       0.1887     72021.2813   -1188.0854      9.25957     9.25957   46530.8810     7.44271      1 chain_02/itr_00725_trial_01.rho
     2      726       0.1883     69668.1007   -2353.1807      9.10704     9.10704   46530.8810     7.44271      1 chain_02/itr_00726_trial_01.rho
     2      727       0.1878     71624.4962    1956.3956      9.23403     9.23403   46530.8810     7.44271      1 chain_02/itr_00727_trial_01.rho
     2      728       0.1874     73980.0273    2355.5310      9.38464     9.38464   46530.8810     7.44271      1 chain_02/itr_00728_trial_01.rho
     2      729        0.187     81801.0944    7821.0671      9.86824     9.86824   46530.8810     7.44271      1 chain_02/itr_00729_trial_01.rho
     2      730       0.1865     82419.1657     618.0713      9.90546     9.90546   46530.8810     7.44271      1 chain_02/itr_00730_trial_01.rho
     2      731       0.1861     82419.1657       0.0000      9.90546     9.90546   46530.8810     7.44271      0 -
     2      732       0.1857     91654.7199    9235.5542     10.44571    10.44571   46530.8810     7.44271      1 chain_02/itr_00732_trial_01.rho
     2      733       0.1852     95771.6422    4116.9223     10.67773    10.67773   46530.8810     7.44271      1 chain_02/itr_00733_trial_01.rho
     2      734       0.1848     96757.5508     985.9086     10.73255    10.73255   46530.8810     7.44271      1 chain_02/itr_00734_trial_01.rho
     2      735       0.1844     95819.5511    -937.9997     10.68040    10.68040   46530.8810     7.44271      1 chain_02/itr_00735_trial_01.rho
     2      736        0.184     95819.5511       0.0000     10.68040    10.68040   46530.8810     7.44271      0 -
     2      737       0.1836     94613.5549   -1205.9962     10.61297    10.61297   46530.8810     7.44271      1 chain_02/itr_00737_trial_01.rho
     2      738       0.1831     78463.6285  -16149.9264      9.66484     9.66484   46530.8810     7.44271      1 chain_02/itr_00738_trial_01.rho
     2      739       0.1827     84418.0326    5954.4041     10.02485    10.02485   46530.8810     7.44271      1 chain_02/itr_00739_trial_01.rho
     2      740       0.1823     92204.3905    7786.3579     10.47698    10.47698   46530.8810     7.44271      1 chain_02/itr_00740_trial_01.rho
     2      741       0.1819     92204.3905       0.0000     10.47698    10.47698   46530.8810     7.44271      0 -
     2      742       0.1814     93235.5161    1031.1256     10.53540    10.53540   46530.8810     7.44271      1 chain_02/itr_00742_trial_01.rho
     2      743        0.181     77625.0495  -15610.4666      9.61305     9.61305   46530.8810     7.44271      1 chain_02/itr_00743_trial_01.rho
     2      744       0.1806     73915.0709   -3709.9786      9.38052     9.38052   46530.8810     7.44271      1 chain_02/itr_00744_trial_01.rho
     2      745       0.1802     66483.2993   -7431.7716      8.89645     8.89645   46530.8810     7.44271      1 chain_02/itr_00745_trial_01.rho
     2      746       0.1798     66483.2993       0.0000      8.89645     8.89645   46530.8810     7.44271      0 -
     2      747       0.1794     70521.1519    4037.8526      9.16263     9.16263   46530.8810     7.44271      1 chain_02/itr_00747_trial_01.rho
     2      748        0.179     67523.8131   -2997.3388      8.96580     8.96580   46530.8810     7.44271      1 chain_02/itr_00748_trial_01.rho
     2      749       0.1785     65606.2073   -1917.6058      8.83757     8.83757   46530.8810     7.44271      1 chain_02/itr_00749_trial_01.rho
     2      750       0.1781     65488.6290    -117.5783      8.82965     8.82965   46530.8810     7.44271      1 chain_02/itr_00750_trial_01.rho
     2      751       0.1777     64295.2706   -1193.3584      8.74883     8.74883   46530.8810     7.44271      1 chain_02/itr_00751_trial_01.rho
     2      752       0.1773     64383.6727      88.4021      8.75484     8.75484   46530.8810     7.44271      1 chain_02/itr_00752_trial_01.rho
     2      753       0.1769     68985.0408    4601.3681      9.06229     9.06229   46530.8810     7.44271      1 chain_02/itr_00753_trial_01.rho
     2      754       0.1765     66567.0254   -2418.0154      8.90205     8.90205   46530.8810     7.44271      1 chain_02/itr_00754_trial_01.rho
     2      755       0.1761     72499.0933    5932.0680      9.29023     9.29023   46530.8810     7.44271      1 chain_02/itr_00755_trial_01.rho
     2      756       0.1757     72872.0796     372.9863      9.31410     9.31410   46530.8810     7.44271      1 chain_02/itr_00756_trial_01.rho
     2      757       0.1753     78931.8545    6059.7748      9.69363     9.69363   46530.8810     7.44271      1 chain_02/itr_00757_trial_01.rho
     2      758       0.1749     96577.7758   17645.9214     10.72257    10.72257   46530.8810     7.44271      1 chain_02/itr_00758_trial_01.rho
     2      759       0.1745     97320.2626     742.4867     10.76371    10.76371   46530.8810     7.44271      1 chain_02/itr_00759_trial_01.rho
     2      760       0.1741     99914.5897    2594.3272     10.90623    10.90623   46530.8810     7.44271      1 chain_02/itr_00760_trial_01.rho
     2      761       0.1737     94710.4060   -5204.1837     10.61840    10.61840   46530.8810     7.44271      1 chain_02/itr_00761_trial_01.rho
     2      762       0.1733     93689.7727   -1020.6333     10.56103    10.56103   46530.8810     7.44271      1 chain_02/itr_00762_trial_01.rho
     2      763       0.1729     83791.5833   -9898.1894      9.98759     9.98759   46530.8810     7.44271      1 chain_02/itr_00763_trial_01.rho
     2      764       0.1725     89546.6057    5755.0224     10.32488    10.32488   46530.8810     7.44271      1 chain_02/itr_00764_trial_01.rho
     2      765       0.1721     89546.6057       0.0000     10.32488    10.32488   46530.8810     7.44271      0 -
     2      766       0.1717     97798.4195    8251.8138     10.79012    10.79012   46530.8810     7.44271      1 chain_02/itr_00766_trial_01.rho
     2      767       0.1713    100318.2978    2519.8783     10.92825    10.92825   46530.8810     7.44271      1 chain_02/itr_00767_trial_01.rho
     2      768       0.1709    100318.2978       0.0000     10.92825    10.92825   46530.8810     7.44271      0 -
     2      769       0.1705     93643.4888   -6674.8090     10.55843    10.55843   46530.8810     7.44271      1 chain_02/itr_00769_trial_01.rho
     2      770       0.1701     93723.1592      79.6704     10.56292    10.56292   46530.8810     7.44271      1 chain_02/itr_00770_trial_01.rho
     2      771       0.1697     91152.7559   -2570.4033     10.41706    10.41706   46530.8810     7.44271      1 chain_02/itr_00771_trial_01.rho
     2      772       0.1693     88722.7406   -2430.0153     10.27727    10.27727   46530.8810     7.44271      1 chain_02/itr_00772_trial_01.rho
     2      773       0.1689     89521.1105     798.3699     10.32341    10.32341   46530.8810     7.44271      1 chain_02/itr_00773_trial_01.rho
     2      774       0.1686     88368.4188   -1152.6917     10.25673    10.25673   46530.8810     7.44271      1 chain_02/itr_00774_trial_01.rho
     2      775       0.1682     88368.4188       0.0000     10.25673    10.25673   46530.8810     7.44271      0 -
     2      776       0.1678     97973.8611    9605.4423     10.79979    10.79979   46530.8810     7.44271      1 chain_02/itr_00776_trial_01.rho
     2      777       0.1674     98850.9699     877.1088     10.84803    10.84803   46530.8810     7.44271      1 chain_02/itr_00777_trial_01.rho
     2      778        0.167     98880.0565      29.0866     10.84962    10.84962   46530.8810     7.44271      1 chain_02/itr_00778_trial_01.rho
     2      779       0.1666    100394.1627    1514.1061     10.93238    10.93238   46530.8810     7.44271      1 chain_02/itr_00779_trial_01.rho
     2      780       0.1662    104728.3816    4334.2190     11.16587    11.16587   46530.8810     7.44271      1 chain_02/itr_00780_trial_01.rho
     2      781       0.1659     94629.8786  -10098.5030     10.61389    10.61389   46530.8810     7.44271      1 chain_02/itr_00781_trial_01.rho
     2      782       0.1655     94969.3888     339.5102     10.63291    10.63291   46530.8810     7.44271      1 chain_02/itr_00782_trial_01.rho
     2      783       0.1651     94969.3888       0.0000     10.63291    10.63291   46530.8810     7.44271      0 -
     2      784       0.1647     96591.7595    1622.3708     10.72335    10.72335   46530.8810     7.44271      1 chain_02/itr_00784_trial_01.rho
     2      785       0.1643     84651.1307  -11940.6289     10.03868    10.03868   46530.8810     7.44271      1 chain_02/itr_00785_trial_01.rho
     2      786        0.164     80119.6158   -4531.5149      9.76629     9.76629   46530.8810     7.44271      1 chain_02/itr_00786_trial_01.rho
     2      787       0.1636     68793.1020  -11326.5138      9.04967     9.04967   46530.8810     7.44271      1 chain_02/itr_00787_trial_01.rho
     2      788       0.1632     70663.2369    1870.1349      9.17185     9.17185   46530.8810     7.44271      1 chain_02/itr_00788_trial_01.rho
     2      789       0.1628     72772.2438    2109.0069      9.30772     9.30772   46530.8810     7.44271      1 chain_02/itr_00789_trial_01.rho
     2      790       0.1625     72616.8131    -155.4307      9.29777     9.29777   46530.8810     7.44271      1 chain_02/itr_00790_trial_01.rho
     2      791       0.1621     75331.2519    2714.4389      9.46996     9.46996   46530.8810     7.44271      1 chain_02/itr_00791_trial_01.rho
     2      792       0.1617     82127.6307    6796.3787      9.88792     9.88792   46530.8810     7.44271      1 chain_02/itr_00792_trial_01.rho
     2      793       0.1613     84039.6225    1911.9919     10.00236    10.00236   46530.8810     7.44271      1 chain_02/itr_00793_trial_01.rho
     2      794        0.161     91562.7222    7523.0997     10.44046    10.44046   46530.8810     7.44271      1 chain_02/itr_00794_trial_01.rho
     2      795       0.1606     91562.7222       0.0000     10.44046    10.44046   46530.8810     7.44271      0 -
     2      796       0.1602     83658.3937   -7904.3286      9.97965     9.97965   46530.8810     7.44271      1 chain_02/itr_00796_trial_01.rho
     2      797       0.1599     90520.2759    6861.8822     10.38086    10.38086   46530.8810     7.44271      1 chain_02/itr_00797_trial_01.rho
     2      798       0.1595     90780.3249     260.0491     10.39576    10.39576   46530.8810     7.44271      1 chain_02/itr_00798_trial_01.rho
     2      799       0.1591     92279.6043    1499.2794     10.48125    10.48125   46530.8810     7.44271      1 chain_02/itr_00799_trial_01.rho
     2      800       0.1588    101008.8256    8729.2213     10.96579    10.96579   46530.8810     7.44271      1 chain_02/itr_00800_trial_01.rho
     2      801       0.1584     85943.5080  -15065.3176     10.11502    10.11502   46530.8810     7.44271      1 chain_02/itr_00801_trial_01.rho
     2      802        0.158     83518.7705   -2424.7376      9.97131     9.97131   46530.8810     7.44271      1 chain_02/itr_00802_trial_01.rho
     2      803       0.1577     80143.0711   -3375.6994      9.76772     9.76772   46530.8810     7.44271      1 chain_02/itr_00803_trial_01.rho
     2      804       0.1573     71457.4262   -8685.6449      9.22325     9.22325   46530.8810     7.44271      1 chain_02/itr_00804_trial_01.rho
     2      805       0.1569     71457.4262       0.0000      9.22325     9.22325   46530.8810     7.44271      0 -
     2      806       0.1566     72799.4955    1342.0693      9.30946     9.30946   46530.8810     7.44271      1 chain_02/itr_00806_trial_01.rho
     2      807       0.1562     70013.5795   -2785.9160      9.12959     9.12959   46530.8810     7.44271      1 chain_02/itr_00807_trial_01.rho
     2      808       0.1559     69506.8137    -506.7657      9.09649     9.09649   46530.8810     7.44271      1 chain_02/itr_00808_trial_01.rho
     2      809       0.1555     69858.0516     351.2379      9.11945     9.11945   46530.8810     7.44271      1 chain_02/itr_00809_trial_01.rho
     2      810       0.1551     71324.5897    1466.5381      9.21467     9.21467   46530.8810     7.44271      1 chain_02/itr_00810_trial_01.rho
     2      811       0.1548     74667.1043    3342.5146      9.42812     9.42812   46530.8810     7.44271      1 chain_02/itr_00811_trial_01.rho
     2      812       0.1544     70372.8732   -4294.2311      9.15299     9.15299   46530.8810     7.44271      1 chain_02/itr_00812_trial_01.rho
     2      813       0.1541     71126.4901     753.6169      9.20187     9.20187   46530.8810     7.44271      1 chain_02/itr_00813_trial_01.rho
     2      814       0.1537     70067.0991   -1059.3910      9.13308     9.13308   46530.8810     7.44271      1 chain_02/itr_00814_trial_01.rho
     2      815       0.1534     70012.6191     -54.4800      9.12953     9.12953   46530.8810     7.44271      1 chain_02/itr_00815_trial_01.rho
     2      816        0.153     69572.9229    -439.6961      9.10082     9.10082   46530.8810     7.44271      1 chain_02/itr_00816_trial_01.rho
     2      817       0.1527     68122.6307   -1450.2923      9.00546     9.00546   46530.8810     7.44271      1 chain_02/itr_00817_trial_01.rho
     2      818       0.1523     64374.2689   -3748.3617      8.75420     8.75420   46530.8810     7.44271      1 chain_02/itr_00818_trial_01.rho
     2      819        0.152     67090.5525    2716.2836      8.93699     8.93699   46530.8810     7.44271      1 chain_02/itr_00819_trial_01.rho
     2      820       0.1516     67090.5525       0.0000      8.93699     8.93699   46530.8810     7.44271      0 -
     2      821       0.1513     66910.3891    -180.1634      8.92498     8.92498   46530.8810     7.44271      1 chain_02/itr_00821_trial_01.rho
     2      822       0.1509     68817.9294    1907.5403      9.05130     9.05130   46530.8810     7.44271      1 chain_02/itr_00822_trial_01.rho
     2      823       0.1506     62772.6695   -6045.2599      8.64461     8.64461   46530.8810     7.44271      1 chain_02/itr_00823_trial_01.rho
     2      824       0.1502     66143.7660    3371.0965      8.87370     8.87370   46530.8810     7.44271      1 chain_02/itr_00824_trial_01.rho
     2      825       0.1499     65653.2650    -490.5010      8.84074     8.84074   46530.8810     7.44271      1 chain_02/itr_00825_trial_01.rho
     2      826       0.1495     66231.9793     578.7142      8.87962     8.87962   46530.8810     7.44271      1 chain_02/itr_00826_trial_01.rho
     2      827       0.1492     59215.6148   -7016.3645      8.39612     8.39612   46530.8810     7.44271      1 chain_02/itr_00827_trial_01.rho
     2      828       0.1488     59821.3488     605.7341      8.43895     8.43895   46530.8810     7.44271      1 chain_02/itr_00828_trial_01.rho
     2      829       0.1485     65375.3595    5554.0106      8.82201     8.82201   46530.8810     7.44271      1 chain_02/itr_00829_trial_01.rho
     2      830       0.1482     61150.1303   -4225.2291      8.53216     8.53216   46530.8810     7.44271      1 chain_02/itr_00830_trial_01.rho
     2      831       0.1478     60144.2983   -1005.8321      8.46170     8.46170   46530.8810     7.44271      1 chain_02/itr_00831_trial_01.rho
     2      832       0.1475     60144.2983       0.0000      8.46170     8.46170   46530.8810     7.44271      0 -
     2      833       0.1471     57064.0520   -3080.2463      8.24217     8.24217   46530.8810     7.44271      1 chain_02/itr_00833_trial_01.rho
     2      834       0.1468     57064.0520       0.0000      8.24217     8.24217   46530.8810     7.44271      0 -
     2      835       0.1465     57064.0520       0.0000      8.24217     8.24217   46530.8810     7.44271      0 -
     2      836       0.1461     58110.3758    1046.3237      8.31739     8.31739   46530.8810     7.44271      1 chain_02/itr_00836_trial_01.rho
     2      837       0.1458     56615.2734   -1495.1024      8.20970     8.20970   46530.8810     7.44271      1 chain_02/itr_00837_trial_01.rho
     2      838       0.1455     51749.4404   -4865.8329      7.84898     7.84898   46530.8810     7.44271      1 chain_02/itr_00838_trial_01.rho
     2      839       0.1451     51484.7896    -264.6508      7.82888     7.82888   46530.8810     7.44271      1 chain_02/itr_00839_trial_01.rho
     2      840       0.1448     49727.5075   -1757.2821      7.69412     7.69412   46530.8810     7.44271      1 chain_02/itr_00840_trial_01.rho
     2      841       0.1445     55346.0396    5618.5321      8.11715     8.11715   46530.8810     7.44271      1 chain_02/itr_00841_trial_01.rho
     2      842       0.1441     51705.2168   -3640.8228      7.84562     7.84562   46530.8810     7.44271      1 chain_02/itr_00842_trial_01.rho
     2      843       0.1438     51802.4063      97.1895      7.85300     7.85300   46530.8810     7.44271      1 chain_02/itr_00843_trial_01.rho
     2      844       0.1435     56185.2976    4382.8913      8.17846     8.17846   46530.8810     7.44271      1 chain_02/itr_00844_trial_01.rho
     2      845       0.1431     56867.1513     681.8537      8.22794     8.22794   46530.8810     7.44271      1 chain_02/itr_00845_trial_01.rho
     2      846       0.1428     58634.2131    1767.0618      8.35480     8.35480   46530.8810     7.44271      1 chain_02/itr_00846_trial_01.rho
     2      847       0.1425     54076.8535   -4557.3596      8.02354     8.02354   46530.8810     7.44271      1 chain_02/itr_00847_trial_01.rho
     2      848       0.1421     51516.7474   -2560.1061      7.83131     7.83131   46530.8810     7.44271      1 chain_02/itr_00848_trial_01.rho
     2      849       0.1418     51766.8441     250.0966      7.85030     7.85030   46530.8810     7.44271      1 chain_02/itr_00849_trial_01.rho
     2      850       0.1415     52324.2097     557.3657      7.89245     7.89245   46530.8810     7.44271      1 chain_02/itr_00850_trial_01.rho
     2      851       0.1412     52324.2097       0.0000      7.89245     7.89245   46530.8810     7.44271      0 -
     2      852       0.1408     53472.7075    1148.4978      7.97860     7.97860   46530.8810     7.44271      1 chain_02/itr_00852_trial_01.rho
     2      853       0.1405     58020.0039    4547.2964      8.31092     8.31092   46530.8810     7.44271      1 chain_02/itr_00853_trial_01.rho
     2      854       0.1402     62142.8118    4122.8079      8.60114     8.60114   46530.8810     7.44271      1 chain_02/itr_00854_trial_01.rho
     2      855       0.1399     65741.3853    3598.5735      8.84667     8.84667   46530.8810     7.44271      1 chain_02/itr_00855_trial_01.rho
     2      856       0.1395     64273.2444   -1468.1409      8.74733     8.74733   46530.8810     7.44271      1 chain_02/itr_00856_trial_01.rho
     2      857       0.1392     63555.1332    -718.1112      8.69833     8.69833   46530.8810     7.44271      1 chain_02/itr_00857_trial_01.rho
     2      858       0.1389     61580.9717   -1974.1615      8.56217     8.56217   46530.8810     7.44271      1 chain_02/itr_00858_trial_01.rho
     2      859       0.1386     59428.2971   -2152.6746      8.41118     8.41118   46530.8810     7.44271      1 chain_02/itr_00859_trial_01.rho
     2      860       0.1383     59728.7589     300.4618      8.43242     8.43242   46530.8810     7.44271      1 chain_02/itr_00860_trial_01.rho
     2      861       0.1379     62257.6041    2528.8453      8.60908     8.60908   46530.8810     7.44271      1 chain_02/itr_00861_trial_01.rho
     2      862       0.1376     60242.8165   -2014.7877      8.46863     8.46863   46530.8810     7.44271      1 chain_02/itr_00862_trial_01.rho
     2      863       0.1373     59220.9658   -1021.8507      8.39650     8.39650   46530.8810     7.44271      1 chain_02/itr_00863_trial_01.rho
     2      864        0.137     60085.8978     864.9320      8.45759     8.45759   46530.8810     7.44271      1 chain_02/itr_00864_trial_01.rho
     2      865       0.1367     60916.1386     830.2408      8.51582     8.51582   46530.8810     7.44271      1 chain_02/itr_00865_trial_01.rho
     2      866       0.1364     60168.9027    -747.2359      8.46343     8.46343   46530.8810     7.44271      1 chain_02/itr_00866_trial_01.rho
     2      867       0.1361     59900.8770    -268.0257      8.44456     8.44456   46530.8810     7.44271      1 chain_02/itr_00867_trial_01.rho
     2      868       0.1357     68531.2306    8630.3536      9.03243     9.03243   46530.8810     7.44271      1 chain_02/itr_00868_trial_01.rho
     2      869       0.1354     70710.7773    2179.5467      9.17494     9.17494   46530.8810     7.44271      1 chain_02/itr_00869_trial_01.rho
     2      870       0.1351     74440.6854    3729.9081      9.41381     9.41381   46530.8810     7.44271      1 chain_02/itr_00870_trial_01.rho
     2      871       0.1348     70420.6466   -4020.0388      9.15610     9.15610   46530.8810     7.44271      1 chain_02/itr_00871_trial_01.rho
     2      872       0.1345     68238.5156   -2182.1310      9.01312     9.01312   46530.8810     7.44271      1 chain_02/itr_00872_trial_01.rho
     2      873       0.1342     68691.6211     453.1055      9.04299     9.04299   46530.8810     7.44271      1 chain_02/itr_00873_trial_01.rho
     2      874       0.1339     63994.1008   -4697.5203      8.72831     8.72831   46530.8810     7.44271      1 chain_02/itr_00874_trial_01.rho
     2      875       0.1336     61387.1379   -2606.9628      8.54868     8.54868   46530.8810     7.44271      1 chain_02/itr_00875_trial_01.rho
     2      876       0.1333     61387.1379       0.0000      8.54868     8.54868   46530.8810     7.44271      0 -
     2      877        0.133     65773.7304    4386.5925      8.84885     8.84885   46530.8810     7.44271      1 chain_02/itr_00877_trial_01.rho
     2      878       0.1327     62424.1600   -3349.5704      8.62058     8.62058   46530.8810     7.44271      1 chain_02/itr_00878_trial_01.rho
     2      879       0.1323     63227.1097     802.9498      8.67585     8.67585   46530.8810     7.44271      1 chain_02/itr_00879_trial_01.rho
     2      880        0.132     62419.4890    -807.6208      8.62026     8.62026   46530.8810     7.44271      1 chain_02/itr_00880_trial_01.rho
     2      881       0.1317     61714.8665    -704.6225      8.57147     8.57147   46530.8810     7.44271      1 chain_02/itr_00881_trial_01.rho
     2      882       0.1314     64542.1802    2827.3137      8.76561     8.76561   46530.8810     7.44271      1 chain_02/itr_00882_trial_01.rho
     2      883       0.1311     62327.3361   -2214.8441      8.61390     8.61390   46530.8810     7.44271      1 chain_02/itr_00883_trial_01.rho
     2      884       0.1308     62254.6724     -72.6637      8.60887     8.60887   46530.8810     7.44271      1 chain_02/itr_00884_trial_01.rho
     2      885       0.1305     62254.6724       0.0000      8.60887     8.60887   46530.8810     7.44271      0 -
     2      886       0.1302     61157.3226   -1097.3498      8.53266     8.53266   46530.8810     7.44271      1 chain_02/itr_00886_trial_01.rho
     2      887       0.1299     58836.4377   -2320.8849      8.36919     8.36919   46530.8810     7.44271      1 chain_02/itr_00887_trial_01.rho
     2      888       0.1296     57726.4038   -1110.0338      8.28987     8.28987   46530.8810     7.44271      1 chain_02/itr_00888_trial_01.rho
     2      889       0.1293     57726.4038       0.0000      8.28987     8.28987   46530.8810     7.44271      0 -
     2      890        0.129     59412.0998    1685.6960      8.41004     8.41004   46530.8810     7.44271      1 chain_02/itr_00890_trial_01.rho
     2      891       0.1287     60407.7009     995.6011      8.48021     8.48021   46530.8810     7.44271      1 chain_02/itr_00891_trial_01.rho
     2      892       0.1284     57915.2610   -2492.4399      8.30342     8.30342   46530.8810     7.44271      1 chain_02/itr_00892_trial_01.rho
     2      893       0.1281     57915.2610       0.0000      8.30342     8.30342   46530.8810     7.44271      0 -
     2      894       0.1279     59877.7235    1962.4624      8.44293     8.44293   46530.8810     7.44271      1 chain_02/itr_00894_trial_01.rho
     2      895       0.1276     61376.5802    1498.8567      8.54794     8.54794   46530.8810     7.44271      1 chain_02/itr_00895_trial_01.rho
     2      896       0.1273     61376.5802       0.0000      8.54794     8.54794   46530.8810     7.44271      0 -
     2      897        0.127     61293.1840     -83.3961      8.54214     8.54214   46530.8810     7.44271      1 chain_02/itr_00897_trial_01.rho
     2      898       0.1267     61293.1840       0.0000      8.54214     8.54214   46530.8810     7.44271      0 -
     2      899       0.1264     61293.1840       0.0000      8.54214     8.54214   46530.8810     7.44271      0 -
     2      900       0.1261     58411.5595   -2881.6246      8.33892     8.33892   46530.8810     7.44271      1 chain_02/itr_00900_trial_01.rho
     2      901       0.1258     56922.4510   -1489.1085      8.23194     8.23194   46530.8810     7.44271      1 chain_02/itr_00901_trial_01.rho
     2      902       0.1255     55846.0798   -1076.3712      8.15374     8.15374   46530.8810     7.44271      1 chain_02/itr_00902_trial_01.rho
     2      903       0.1252     58375.8976    2529.8178      8.33637     8.33637   46530.8810     7.44271      1 chain_02/itr_00903_trial_01.rho
     2      904       0.1249     57204.9849   -1170.9127      8.25234     8.25234   46530.8810     7.44271      1 chain_02/itr_00904_trial_01.rho
     2      905       0.1247     59811.8494    2606.8645      8.43828     8.43828   46530.8810     7.44271      1 chain_02/itr_00905_trial_01.rho
     2      906       0.1244     64141.8942    4330.0448      8.73839     8.73839   46530.8810     7.44271      1 chain_02/itr_00906_trial_01.rho
     2      907       0.1241     58693.6390   -5448.2552      8.35903     8.35903   46530.8810     7.44271      1 chain_02/itr_00907_trial_01.rho
     2      908       0.1238     62287.4796    3593.8405      8.61114     8.61114   46530.8810     7.44271      1 chain_02/itr_00908_trial_01.rho
     2      909       0.1235     60256.4985   -2030.9810      8.46959     8.46959   46530.8810     7.44271      1 chain_02/itr_00909_trial_01.rho
     2      910       0.1232     58412.1594   -1844.3392      8.33896     8.33896   46530.8810     7.44271      1 chain_02/itr_00910_trial_01.rho
     2      911       0.1229     54429.9858   -3982.1736      8.04970     8.04970   46530.8810     7.44271      1 chain_02/itr_00911_trial_01.rho
     2      912       0.1227     53383.5184   -1046.4674      7.97194     7.97194   46530.8810     7.44271      1 chain_02/itr_00912_trial_01.rho
     2      913       0.1224     53588.5193     205.0009      7.98723     7.98723   46530.8810     7.44271      1 chain_02/itr_00913_trial_01.rho
     2      914       0.1221     54298.5578     710.0385      8.03997     8.03997   46530.8810     7.44271      1 chain_02/itr_00914_trial_01.rho
     2      915       0.1218     54298.5578       0.0000      8.03997     8.03997   46530.8810     7.44271      0 -
     2      916       0.1215     51423.8637   -2874.6942      7.82425     7.82425   46530.8810     7.44271      1 chain_02/itr_00916_trial_01.rho
     2      917       0.1213     51423.8637       0.0000      7.82425     7.82425   46530.8810     7.44271      0 -
     2      918        0.121     50577.4619    -846.4018      7.75959     7.75959   46530.8810     7.44271      1 chain_02/itr_00918_trial_01.rho
     2      919       0.1207     50549.8626     -27.5992      7.75747     7.75747   46530.8810     7.44271      1 chain_02/itr_00919_trial_01.rho
     2      920       0.1204     50130.6513    -419.2113      7.72524     7.72524   46530.8810     7.44271      1 chain_02/itr_00920_trial_01.rho
     2      921       0.1201     48575.0399   -1555.6114      7.60443     7.60443   46530.8810     7.44271      1 chain_02/itr_00921_trial_01.rho
     2      922       0.1199     44941.4197   -3633.6202      7.31448     7.31448   44941.4197     7.31448      1 chain_02/itr_00922_trial_01.rho
     2      923       0.1196     45222.4693     281.0495      7.33732     7.33732   44941.4197     7.31448      1 chain_02/itr_00923_trial_01.rho
     2      924       0.1193     47670.2015    2447.7322      7.53328     7.53328   44941.4197     7.31448      1 chain_02/itr_00924_trial_01.rho
     2      925        0.119     45056.0262   -2614.1753      7.32381     7.32381   44941.4197     7.31448      1 chain_02/itr_00925_trial_01.rho
     2      926       0.1188     44762.2716    -293.7546      7.29989     7.29989   44762.2716     7.29989      1 chain_02/itr_00926_trial_01.rho
     2      927       0.1185     45820.7733    1058.5018      7.38570     7.38570   44762.2716     7.29989      1 chain_02/itr_00927_trial_01.rho
     2      928       0.1182     46060.1615     239.3881      7.40497     7.40497   44762.2716     7.29989      1 chain_02/itr_00928_trial_01.rho
     2      929       0.1179     45396.4466    -663.7149      7.35142     7.35142   44762.2716     7.29989      1 chain_02/itr_00929_trial_01.rho
     2      930       0.1177     44735.2053    -661.2413      7.29768     7.29768   44735.2053     7.29768      1 chain_02/itr_00930_trial_01.rho
     2      931       0.1174     46317.7339    1582.5286      7.42564     7.42564   44735.2053     7.29768      1 chain_02/itr_00931_trial_01.rho
     2      932       0.1171     44583.7971   -1733.9368      7.28532     7.28532   44583.7971     7.28532      1 chain_02/itr_00932_trial_01.rho
     2      933       0.1169     43425.3922   -1158.4049      7.19006     7.19006   43425.3922     7.19006      1 chain_02/itr_00933_trial_01.rho
     2      934       0.1166     42302.4637   -1122.9285      7.09648     7.09648   42302.4637     7.09648      1 chain_02/itr_00934_trial_01.rho
     2      935       0.1163     42247.7259     -54.7378      7.09189     7.09189   42247.7259     7.09189      1 chain_02/itr_00935_trial_01.rho
     2      936       0.1161     42206.9536     -40.7722      7.08847     7.08847   42206.9536     7.08847      1 chain_02/itr_00936_trial_01.rho
     2      937       0.1158     45763.6488    3556.6952      7.38109     7.38109   42206.9536     7.08847      1 chain_02/itr_00937_trial_01.rho
     2      938       0.1155     45763.6488       0.0000      7.38109     7.38109   42206.9536     7.08847      0 -
     2      939       0.1153     48299.9188    2536.2700      7.58287     7.58287   42206.9536     7.08847      1 chain_02/itr_00939_trial_01.rho
     2      940        0.115     45969.6697   -2330.2491      7.39769     7.39769   42206.9536     7.08847      1 chain_02/itr_00940_trial_01.rho
     2      941       0.1147     47923.2787    1953.6090      7.55325     7.55325   42206.9536     7.08847      1 chain_02/itr_00941_trial_01.rho
     2      942       0.1145     46820.4565   -1102.8222      7.46583     7.46583   42206.9536     7.08847      1 chain_02/itr_00942_trial_01.rho
     2      943       0.1142     47509.3679     688.9114      7.52056     7.52056   42206.9536     7.08847      1 chain_02/itr_00943_trial_01.rho
     2      944       0.1139     46823.0922    -686.2757      7.46604     7.46604   42206.9536     7.08847      1 chain_02/itr_00944_trial_01.rho
     2      945       0.1137     49145.6653    2322.5732      7.64897     7.64897   42206.9536     7.08847      1 chain_02/itr_00945_trial_01.rho
     2      946       0.1134     48375.6260    -770.0394      7.58881     7.58881   42206.9536     7.08847      1 chain_02/itr_00946_trial_01.rho
     2      947       0.1132     48080.1297    -295.4962      7.56560     7.56560   42206.9536     7.08847      1 chain_02/itr_00947_trial_01.rho
     2      948       0.1129     45923.1410   -2156.9887      7.39394     7.39394   42206.9536     7.08847      1 chain_02/itr_00948_trial_01.rho
     2      949       0.1126     46720.0903     796.9492      7.45783     7.45783   42206.9536     7.08847      1 chain_02/itr_00949_trial_01.rho
     2      950       0.1124     47307.2674     587.1772      7.50454     7.50454   42206.9536     7.08847      1 chain_02/itr_00950_trial_01.rho
     2      951       0.1121     45956.0142   -1351.2532      7.39659     7.39659   42206.9536     7.08847      1 chain_02/itr_00951_trial_01.rho
     2      952       0.1119     45993.3333      37.3191      7.39959     7.39959   42206.9536     7.08847      1 chain_02/itr_00952_trial_01.rho
     2      953       0.1116     46624.5708     631.2375      7.45020     7.45020   42206.9536     7.08847      1 chain_02/itr_00953_trial_01.rho
     2      954       0.1113     46345.5905    -278.9803      7.42787     7.42787   42206.9536     7.08847      1 chain_02/itr_00954_trial_01.rho
     2      955       0.1111     49048.6432    2703.0526      7.64142     7.64142   42206.9536     7.08847      1 chain_02/itr_00955_trial_01.rho
     2      956       0.1108     51786.7954    2738.1523      7.85181     7.85181   42206.9536     7.08847      1 chain_02/itr_00956_trial_01.rho
     2      957       0.1106     51786.7954       0.0000      7.85181     7.85181   42206.9536     7.08847      0 -
     2      958       0.1103     50358.0164   -1428.7790      7.74274     7.74274   42206.9536     7.08847      1 chain_02/itr_00958_trial_01.rho
     2      959       0.1101     50281.1780     -76.8384      7.73683     7.73683   42206.9536     7.08847      1 chain_02/itr_00959_trial_01.rho
     2      960       0.1098     48153.0459   -2128.1321      7.57133     7.57133   42206.9536     7.08847      1 chain_02/itr_00960_trial_01.rho
     2      961       0.1096     48055.1630     -97.8829      7.56363     7.56363   42206.9536     7.08847      1 chain_02/itr_00961_trial_01.rho
     2      962       0.1093     50452.1295    2396.9665      7.74997     7.74997   42206.9536     7.08847      1 chain_02/itr_00962_trial_01.rho
     2      963       0.1091     49616.2865    -835.8430      7.68551     7.68551   42206.9536     7.08847      1 chain_02/itr_00963_trial_01.rho
     2      964       0.1088     49075.9942    -540.2923      7.64355     7.64355   42206.9536     7.08847      1 chain_02/itr_00964_trial_01.rho
     2      965       0.1086     49075.9942       0.0000      7.64355     7.64355   42206.9536     7.08847      0 -
     2      966       0.1083     48237.8875    -838.1068      7.57800     7.57800   42206.9536     7.08847      1 chain_02/itr_00966_trial_01.rho
     2      967       0.1081     47751.0988    -486.7887      7.53966     7.53966   42206.9536     7.08847      1 chain_02/itr_00967_trial_01.rho
     2      968       0.1078     47751.0988       0.0000      7.53966     7.53966   42206.9536     7.08847      0 -
     2      969       0.1076     46982.1094    -768.9894      7.47871     7.47871   42206.9536     7.08847      1 chain_02/itr_00969_trial_01.rho
     2      970       0.1073     46982.1094       0.0000      7.47871     7.47871   42206.9536     7.08847      0 -
     2      971       0.1071     47812.7208     830.6115      7.54453     7.54453   42206.9536     7.08847      1 chain_02/itr_00971_trial_01.rho
     2      972       0.1068     47500.1403    -312.5805      7.51983     7.51983   42206.9536     7.08847      1 chain_02/itr_00972_trial_01.rho
     2      973       0.1066     48209.5064     709.3661      7.57577     7.57577   42206.9536     7.08847      1 chain_02/itr_00973_trial_01.rho
     2      974       0.1063     45194.0468   -3015.4596      7.33501     7.33501   42206.9536     7.08847      1 chain_02/itr_00974_trial_01.rho
     2      975       0.1061     43667.5815   -1526.4653      7.21008     7.21008   42206.9536     7.08847      1 chain_02/itr_00975_trial_01.rho
     2      976       0.1058     44216.7834     549.2019      7.25528     7.25528   42206.9536     7.08847      1 chain_02/itr_00976_trial_01.rho
     2      977       0.1056     44509.0677     292.2842      7.27922     7.27922   42206.9536     7.08847      1 chain_02/itr_00977_trial_01.rho
     2      978       0.1054     44396.8558    -112.2119      7.27003     7.27003   42206.9536     7.08847      1 chain_02/itr_00978_trial_01.rho
     2      979       0.1051     44911.9033     515.0475      7.31208     7.31208   42206.9536     7.08847      1 chain_02/itr_00979_trial_01.rho
     2      980       0.1049     46797.8076    1885.9042      7.46403     7.46403   42206.9536     7.08847      1 chain_02/itr_00980_trial_01.rho
     2      981       0.1046     46797.8076       0.0000      7.46403     7.46403   42206.9536     7.08847      0 -
     2      982       0.1044     46871.5063      73.6988      7.46990     7.46990   42206.9536     7.08847      1 chain_02/itr_00982_trial_01.rho
     2      983       0.1042     48996.0065    2124.5002      7.63731     7.63731   42206.9536     7.08847      1 chain_02/itr_00983_trial_01.rho
     2      984       0.1039     47416.5495   -1579.4570      7.51321     7.51321   42206.9536     7.08847      1 chain_02/itr_00984_trial_01.rho
     2      985       0.1037     47416.5495       0.0000      7.51321     7.51321   42206.9536     7.08847      0 -
     2      986       0.1034     47224.4139    -192.1356      7.49797     7.49797   42206.9536     7.08847      1 chain_02/itr_00986_trial_01.rho
     2      987       0.1032     47326.1385     101.7246      7.50604     7.50604   42206.9536     7.08847      1 chain_02/itr_00987_trial_01.rho
     2      988        0.103     46759.6246    -566.5138      7.46098     7.46098   42206.9536     7.08847      1 chain_02/itr_00988_trial_01.rho
     2      989       0.1027     46759.6246       0.0000      7.46098     7.46098   42206.9536     7.08847      0 -
     2      990       0.1025     48509.1208    1749.4961      7.59927     7.59927   42206.9536     7.08847      1 chain_02/itr_00990_trial_01.rho
     2      991       0.1023     48509.1208       0.0000      7.59927     7.59927   42206.9536     7.08847      0 -
     2      992        0.102     50514.6011    2005.4803      7.75477     7.75477   42206.9536     7.08847      1 chain_02/itr_00992_trial_01.rho
     2      993       0.1018     50514.6011       0.0000      7.75477     7.75477   42206.9536     7.08847      0 -
     2      994       0.1015     50514.6011       0.0000      7.75477     7.75477   42206.9536     7.08847      0 -
     2      995       0.1013     49290.7418   -1223.8593      7.66025     7.66025   42206.9536     7.08847      1 chain_02/itr_00995_trial_01.rho
     2      996       0.1011     47818.9234   -1471.8184      7.54502     7.54502   42206.9536     7.08847      1 chain_02/itr_00996_trial_01.rho
     2      997       0.1008     48508.6797     689.7563      7.59924     7.59924   42206.9536     7.08847      1 chain_02/itr_00997_trial_01.rho
     2      998       0.1006     48607.3796      98.6999      7.60697     7.60697   42206.9536     7.08847      1 chain_02/itr_00998_trial_01.rho
     2      999       0.1004     48878.4837     271.1041      7.62815     7.62815   42206.9536     7.08847      1 chain_02/itr_00999_trial_01.rho
     2     1000       0.1002     48590.6685    -287.8152      7.60566     7.60566   42206.9536     7.08847      1 chain_02/itr_01000_trial_01.rho
     2     1001      0.09992     49605.5193    1014.8508      7.68467     7.68467   42206.9536     7.08847      1 chain_02/itr_01001_trial_01.rho
     2     1002      0.09969     51016.8265    1411.3072      7.79322     7.79322   42206.9536     7.08847      1 chain_02/itr_01002_trial_01.rho
     2     1003      0.09946     49669.5875   -1347.2390      7.68963     7.68963   42206.9536     7.08847      1 chain_02/itr_01003_trial_01.rho
     2     1004      0.09924     51198.8384    1529.2509      7.80711     7.80711   42206.9536     7.08847      1 chain_02/itr_01004_trial_01.rho
     2     1005      0.09901     53298.6109    2099.7725      7.96560     7.96560   42206.9536     7.08847      1 chain_02/itr_01005_trial_01.rho
     2     1006      0.09878     53661.6499     363.0390      7.99268     7.99268   42206.9536     7.08847      1 chain_02/itr_01006_trial_01.rho
     2     1007      0.09855     52961.5706    -700.0792      7.94037     7.94037   42206.9536     7.08847      1 chain_02/itr_01007_trial_01.rho
     2     1008      0.09833     52905.2399     -56.3307      7.93615     7.93615   42206.9536     7.08847      1 chain_02/itr_01008_trial_01.rho
     2     1009       0.0981     53143.4255     238.1856      7.95399     7.95399   42206.9536     7.08847      1 chain_02/itr_01009_trial_01.rho
     2     1010      0.09787     53939.3418     795.9163      8.01333     8.01333   42206.9536     7.08847      1 chain_02/itr_01010_trial_01.rho
     2     1011      0.09765     51997.1322   -1942.2096      7.86774     7.86774   42206.9536     7.08847      1 chain_02/itr_01011_trial_01.rho
     2     1012      0.09742     55099.2309    3102.0987      8.09903     8.09903   42206.9536     7.08847      1 chain_02/itr_01012_trial_01.rho
     2     1013       0.0972     55420.3783     321.1474      8.12260     8.12260   42206.9536     7.08847      1 chain_02/itr_01013_trial_01.rho
     2     1014      0.09698     57915.0340    2494.6557      8.30340     8.30340   42206.9536     7.08847      1 chain_02/itr_01014_trial_01.rho
     2     1015      0.09675     57325.5652    -589.4688      8.26104     8.26104   42206.9536     7.08847      1 chain_02/itr_01015_trial_01.rho
     2     1016      0.09653     56232.9111   -1092.6541      8.18193     8.18193   42206.9536     7.08847      1 chain_02/itr_01016_trial_01.rho
     2     1017      0.09631     56884.9727     652.0616      8.22923     8.22923   42206.9536     7.08847      1 chain_02/itr_01017_trial_01.rho
     2     1018      0.09609     53953.5866   -2931.3861      8.01439     8.01439   42206.9536     7.08847      1 chain_02/itr_01018_trial_01.rho
     2     1019      0.09587     55404.9409    1451.3543      8.12147     8.12147   42206.9536     7.08847      1 chain_02/itr_01019_trial_01.rho
     2     1020      0.09564     53767.4478   -1637.4930      8.00055     8.00055   42206.9536     7.08847      1 chain_02/itr_01020_trial_01.rho
     2     1021      0.09542     53622.5030    -144.9449      7.98976     7.98976   42206.9536     7.08847      1 chain_02/itr_01021_trial_01.rho
     2     1022       0.0952     57198.9484    3576.4454      8.25191     8.25191   42206.9536     7.08847      1 chain_02/itr_01022_trial_01.rho
     2     1023      0.09499     57198.9484       0.0000      8.25191     8.25191   42206.9536     7.08847      0 -
     2     1024      0.09477     55531.9584   -1666.9900      8.13077     8.13077   42206.9536     7.08847      1 chain_02/itr_01024_trial_01.rho
     2     1025      0.09455     54518.8237   -1013.1347      8.05626     8.05626   42206.9536     7.08847      1 chain_02/itr_01025_trial_01.rho
     2     1026      0.09433     56305.7760    1786.9523      8.18723     8.18723   42206.9536     7.08847      1 chain_02/itr_01026_trial_01.rho
     2     1027      0.09411     55282.0060   -1023.7700      8.11245     8.11245   42206.9536     7.08847      1 chain_02/itr_01027_trial_01.rho
     2     1028       0.0939     53472.7990   -1809.2070      7.97860     7.97860   42206.9536     7.08847      1 chain_02/itr_01028_trial_01.rho
     2     1029      0.09368     55628.4250    2155.6260      8.13783     8.13783   42206.9536     7.08847      1 chain_02/itr_01029_trial_01.rho
     2     1030      0.09347     53312.3158   -2316.1092      7.96662     7.96662   42206.9536     7.08847      1 chain_02/itr_01030_trial_01.rho
     2     1031      0.09325     49811.8586   -3500.4572      7.70064     7.70064   42206.9536     7.08847      1 chain_02/itr_01031_trial_01.rho
     2     1032      0.09304     51258.8240    1446.9654      7.81168     7.81168   42206.9536     7.08847      1 chain_02/itr_01032_trial_01.rho
     2     1033      0.09282     50042.2193   -1216.6046      7.71842     7.71842   42206.9536     7.08847      1 chain_02/itr_01033_trial_01.rho
     2     1034      0.09261     50042.2193       0.0000      7.71842     7.71842   42206.9536     7.08847      0 -
     2     1035       0.0924     45875.1867   -4167.0326      7.39008     7.39008   42206.9536     7.08847      1 chain_02/itr_01035_trial_01.rho
     2     1036      0.09218     46312.1367     436.9499      7.42519     7.42519   42206.9536     7.08847      1 chain_02/itr_01036_trial_01.rho
     2     1037      0.09197     47024.8839     712.7472      7.48211     7.48211   42206.9536     7.08847      1 chain_02/itr_01037_trial_01.rho
     2     1038      0.09176     48023.8906     999.0067      7.56117     7.56117   42206.9536     7.08847      1 chain_02/itr_01038_trial_01.rho
     2     1039      0.09155     47066.4088    -957.4818      7.48542     7.48542   42206.9536     7.08847      1 chain_02/itr_01039_trial_01.rho
     2     1040      0.09134     51125.8209    4059.4121      7.80154     7.80154   42206.9536     7.08847      1 chain_02/itr_01040_trial_01.rho
     2     1041      0.09113     50577.4543    -548.3666      7.75959     7.75959   42206.9536     7.08847      1 chain_02/itr_01041_trial_01.rho
     2     1042      0.09092     51098.7710     521.3168      7.79948     7.79948   42206.9536     7.08847      1 chain_02/itr_01042_trial_01.rho
     2     1043      0.09071     47734.9907   -3363.7803      7.53839     7.53839   42206.9536     7.08847      1 chain_02/itr_01043_trial_01.rho
     2     1044       0.0905     49244.0943    1509.1035      7.65663     7.65663   42206.9536     7.08847      1 chain_02/itr_01044_trial_01.rho
     2     1045      0.09029     50241.2393     997.1451      7.73376     7.73376   42206.9536     7.08847      1 chain_02/itr_01045_trial_01.rho
     2     1046      0.09008     50241.2393       0.0000      7.73376     7.73376   42206.9536     7.08847      0 -
     2     1047      0.08988     49803.9296    -437.3098      7.70003     7.70003   42206.9536     7.08847      1 chain_02/itr_01047_trial_01.rho
     2     1048      0.08967     49803.9296       0.0000      7.70003     7.70003   42206.9536     7.08847      0 -
     2     1049      0.08946     45693.8544   -4110.0752      7.37546     7.37546   42206.9536     7.08847      1 chain_02/itr_01049_trial_01.rho
     2     1050      0.08926     46272.6448     578.7904      7.42203     7.42203   42206.9536     7.08847      1 chain_02/itr_01050_trial_01.rho
     2     1051      0.08905     42237.1066   -4035.5381      7.09100     7.09100   42206.9536     7.08847      1 chain_02/itr_01051_trial_01.rho
     2     1052      0.08885     43063.2825     826.1759      7.16001     7.16001   42206.9536     7.08847      1 chain_02/itr_01052_trial_01.rho
     2     1053      0.08864     43063.2825       0.0000      7.16001     7.16001   42206.9536     7.08847      0 -
     2     1054      0.08844     45735.1470    2671.8645      7.37879     7.37879   42206.9536     7.08847      1 chain_02/itr_01054_trial_01.rho
     2     1055      0.08824     48414.1848    2679.0378      7.59183     7.59183   42206.9536     7.08847      1 chain_02/itr_01055_trial_01.rho
     2     1056      0.08803     44802.9593   -3611.2255      7.30321     7.30321   42206.9536     7.08847      1 chain_02/itr_01056_trial_01.rho
     2     1057      0.08783     44802.9593       0.0000      7.30321     7.30321   42206.9536     7.08847      0 -
     2     1058      0.08763     44802.9593       0.0000      7.30321     7.30321   42206.9536     7.08847      0 -
     2     1059      0.08743     44795.7463      -7.2130      7.30262     7.30262   42206.9536     7.08847      1 chain_02/itr_01059_trial_01.rho
     2     1060      0.08723     44795.7463       0.0000      7.30262     7.30262   42206.9536     7.08847      0 -
     2     1061      0.08703     43724.0996   -1071.6468      7.21474     7.21474   42206.9536     7.08847      1 chain_02/itr_01061_trial_01.rho
     2     1062      0.08683     43741.2822      17.1826      7.21616     7.21616   42206.9536     7.08847      1 chain_02/itr_01062_trial_01.rho
     2     1063      0.08663     43741.2822       0.0000      7.21616     7.21616   42206.9536     7.08847      0 -
     2     1064      0.08643     43741.2822       0.0000      7.21616     7.21616   42206.9536     7.08847      0 -
     2     1065      0.08623     43741.2822       0.0000      7.21616     7.21616   42206.9536     7.08847      0 -
     2     1066      0.08603     42505.3842   -1235.8980      7.11348     7.11348   42206.9536     7.08847      1 chain_02/itr_01066_trial_01.rho
     2     1067      0.08583     42505.3842       0.0000      7.11348     7.11348   42206.9536     7.08847      0 -
     2     1068      0.08563     43437.1344     931.7503      7.19103     7.19103   42206.9536     7.08847      1 chain_02/itr_01068_trial_01.rho
     2     1069      0.08544     44582.9901    1145.8556      7.28526     7.28526   42206.9536     7.08847      1 chain_02/itr_01069_trial_01.rho
     2     1070      0.08524     44576.3607      -6.6294      7.28472     7.28472   42206.9536     7.08847      1 chain_02/itr_01070_trial_01.rho
     2     1071      0.08504     46325.0049    1748.6442      7.42622     7.42622   42206.9536     7.08847      1 chain_02/itr_01071_trial_01.rho
     2     1072      0.08485     46325.0049       0.0000      7.42622     7.42622   42206.9536     7.08847      0 -
     2     1073      0.08465     46325.0049       0.0000      7.42622     7.42622   42206.9536     7.08847      0 -
     2     1074      0.08446     46325.0049       0.0000      7.42622     7.42622   42206.9536     7.08847      0 -
     2     1075      0.08426     46325.0049       0.0000      7.42622     7.42622   42206.9536     7.08847      0 -
     2     1076      0.08407     44475.1329   -1849.8720      7.27644     7.27644   42206.9536     7.08847      1 chain_02/itr_01076_trial_01.rho
     2     1077      0.08388     42076.4031   -2398.7298      7.07750     7.07750   42076.4031     7.07750      1 chain_02/itr_01077_trial_01.rho
     2     1078      0.08368     42764.3772     687.9741      7.13512     7.13512   42076.4031     7.07750      1 chain_02/itr_01078_trial_01.rho
     2     1079      0.08349     44293.9403    1529.5631      7.26160     7.26160   42076.4031     7.07750      1 chain_02/itr_01079_trial_01.rho
     2     1080       0.0833     42335.6008   -1958.3395      7.09926     7.09926   42076.4031     7.07750      1 chain_02/itr_01080_trial_01.rho
     2     1081      0.08311     43049.6229     714.0221      7.15888     7.15888   42076.4031     7.07750      1 chain_02/itr_01081_trial_01.rho
     2     1082      0.08292     43932.3454     882.7225      7.23190     7.23190   42076.4031     7.07750      1 chain_02/itr_01082_trial_01.rho
     2     1083      0.08273     45955.2863    2022.9409      7.39653     7.39653   42076.4031     7.07750      1 chain_02/itr_01083_trial_01.rho
     2     1084      0.08254     48134.4368    2179.1504      7.56987     7.56987   42076.4031     7.07750      1 chain_02/itr_01084_trial_01.rho
     2     1085      0.08235     48134.4368       0.0000      7.56987     7.56987   42076.4031     7.07750      0 -
     2     1086      0.08216     48134.4368       0.0000      7.56987     7.56987   42076.4031     7.07750      0 -
     2     1087      0.08197     52293.6537    4159.2170      7.89014     7.89014   42076.4031     7.07750      1 chain_02/itr_01087_trial_01.rho
     2     1088      0.08178     51171.5251   -1122.1286      7.80503     7.80503   42076.4031     7.07750      1 chain_02/itr_01088_trial_01.rho
     2     1089      0.08159     51635.2264     463.7013      7.84031     7.84031   42076.4031     7.07750      1 chain_02/itr_01089_trial_01.rho
     2     1090       0.0814     51635.2264       0.0000      7.84031     7.84031   42076.4031     7.07750      0 -
     2     1091      0.08122     47665.3609   -3969.8656      7.53289     7.53289   42076.4031     7.07750      1 chain_02/itr_01091_trial_01.rho
     2     1092      0.08103     50660.7394    2995.3786      7.76598     7.76598   42076.4031     7.07750      1 chain_02/itr_01092_trial_01.rho
     2     1093      0.08084     51230.3546     569.6152      7.80951     7.80951   42076.4031     7.07750      1 chain_02/itr_01093_trial_01.rho
     2     1094      0.08066     51331.5229     101.1683      7.81722     7.81722   42076.4031     7.07750      1 chain_02/itr_01094_trial_01.rho
     2     1095      0.08047     50393.6708    -937.8520      7.74548     7.74548   42076.4031     7.07750      1 chain_02/itr_01095_trial_01.rho
     2     1096      0.08029     50975.5789     581.9081      7.79007     7.79007   42076.4031     7.07750      1 chain_02/itr_01096_trial_01.rho
     2     1097       0.0801     51619.4088     643.8298      7.83911     7.83911   42076.4031     7.07750      1 chain_02/itr_01097_trial_01.rho
     2     1098      0.07992     47779.9122   -3839.4965      7.54194     7.54194   42076.4031     7.07750      1 chain_02/itr_01098_trial_01.rho
     2     1099      0.07973     46305.6769   -1474.2353      7.42468     7.42468   42076.4031     7.07750      1 chain_02/itr_01099_trial_01.rho
     2     1100      0.07955     46019.0407    -286.6361      7.40166     7.40166   42076.4031     7.07750      1 chain_02/itr_01100_trial_01.rho
     2     1101      0.07937     44855.6053   -1163.4355      7.30750     7.30750   42076.4031     7.07750      1 chain_02/itr_01101_trial_01.rho
     2     1102      0.07918     44855.6053       0.0000      7.30750     7.30750   42076.4031     7.07750      0 -
     2     1103        0.079     43084.7131   -1770.8921      7.16180     7.16180   42076.4031     7.07750      1 chain_02/itr_01103_trial_01.rho
     2     1104      0.07882     43405.8831     321.1700      7.18844     7.18844   42076.4031     7.07750      1 chain_02/itr_01104_trial_01.rho
     2     1105      0.07864     43405.8831       0.0000      7.18844     7.18844   42076.4031     7.07750      0 -
     2     1106      0.07846     43405.8831       0.0000      7.18844     7.18844   42076.4031     7.07750      0 -
     2     1107      0.07828     43454.6866      48.8035      7.19248     7.19248   42076.4031     7.07750      1 chain_02/itr_01107_trial_01.rho
     2     1108       0.0781     41016.1963   -2438.4903      6.98776     6.98776   41016.1963     6.98776      1 chain_02/itr_01108_trial_01.rho
     2     1109      0.07792     39459.1656   -1557.0307      6.85385     6.85385   39459.1656     6.85385      1 chain_02/itr_01109_trial_01.rho
     2     1110      0.07774     38316.1157   -1143.0499      6.75385     6.75385   38316.1157     6.75385      1 chain_02/itr_01110_trial_01.rho
     2     1111      0.07756     38404.6311      88.5155      6.76164     6.76164   38316.1157     6.75385      1 chain_02/itr_01111_trial_01.rho
     2     1112      0.07738     38087.4216    -317.2095      6.73366     6.73366   38087.4216     6.73366      1 chain_02/itr_01112_trial_01.rho
     2     1113       0.0772     39271.7745    1184.3529      6.83755     6.83755   38087.4216     6.73366      1 chain_02/itr_01113_trial_01.rho
     2     1114      0.07702     39217.5494     -54.2251      6.83283     6.83283   38087.4216     6.73366      1 chain_02/itr_01114_trial_01.rho
     2     1115      0.07685     38983.7983    -233.7511      6.81244     6.81244   38087.4216     6.73366      1 chain_02/itr_01115_trial_01.rho
     2     1116      0.07667     38888.2174     -95.5808      6.80408     6.80408   38087.4216     6.73366      1 chain_02/itr_01116_trial_01.rho
     2     1117      0.07649     38701.0579    -187.1595      6.78769     6.78769   38087.4216     6.73366      1 chain_02/itr_01117_trial_01.rho
     2     1118      0.07632     39253.1528     552.0948      6.83593     6.83593   38087.4216     6.73366      1 chain_02/itr_01118_trial_01.rho
     2     1119      0.07614     37661.1515   -1592.0012      6.69587     6.69587   37661.1515     6.69587      1 chain_02/itr_01119_trial_01.rho
     2     1120      0.07597     37624.6172     -36.5343      6.69262     6.69262   37624.6172     6.69262      1 chain_02/itr_01120_trial_01.rho
     2     1121      0.07579     37624.6172       0.0000      6.69262     6.69262   37624.6172     6.69262      0 -
     2     1122      0.07562     37649.6080      24.9907      6.69485     6.69485   37624.6172     6.69262      1 chain_02/itr_01122_trial_01.rho
     2     1123      0.07544     37271.6378    -377.9702      6.66116     6.66116   37271.6378     6.66116      1 chain_02/itr_01123_trial_01.rho
     2     1124      0.07527     37271.6378       0.0000      6.66116     6.66116   37271.6378     6.66116      0 -
     2     1125       0.0751     39536.2251    2264.5872      6.86053     6.86053   37271.6378     6.66116      1 chain_02/itr_01125_trial_01.rho
     2     1126      0.07492     39536.2251       0.0000      6.86053     6.86053   37271.6378     6.66116      0 -
     2     1127      0.07475     40245.4047     709.1797      6.92179     6.92179   37271.6378     6.66116      1 chain_02/itr_01127_trial_01.rho
     2     1128      0.07458     39466.0358    -779.3689      6.85444     6.85444   37271.6378     6.66116      1 chain_02/itr_01128_trial_01.rho
     2     1129      0.07441     39466.0358       0.0000      6.85444     6.85444   37271.6378     6.66116      0 -
     2     1130      0.07424     40529.4192    1063.3834      6.94617     6.94617   37271.6378     6.66116      1 chain_02/itr_01130_trial_01.rho
     2     1131      0.07407     41068.3500     538.9308      6.99220     6.99220   37271.6378     6.66116      1 chain_02/itr_01131_trial_01.rho
     2     1132       0.0739     41507.5621     439.2121      7.02949     7.02949   37271.6378     6.66116      1 chain_02/itr_01132_trial_01.rho
     2     1133      0.07373     42571.0852    1063.5231      7.11898     7.11898   37271.6378     6.66116      1 chain_02/itr_01133_trial_01.rho
     2     1134      0.07356     43227.6096     656.5244      7.17366     7.17366   37271.6378     6.66116      1 chain_02/itr_01134_trial_01.rho
     2     1135      0.07339     43227.6096       0.0000      7.17366     7.17366   37271.6378     6.66116      0 -
     2     1136      0.07322     41155.4245   -2072.1851      6.99961     6.99961   37271.6378     6.66116      1 chain_02/itr_01136_trial_01.rho
     2     1137      0.07305     40020.2095   -1135.2150      6.90240     6.90240   37271.6378     6.66116      1 chain_02/itr_01137_trial_01.rho
     2     1138      0.07288     41219.1596    1198.9501      7.00503     7.00503   37271.6378     6.66116      1 chain_02/itr_01138_trial_01.rho
     2     1139      0.07271     38776.6210   -2442.5386      6.79431     6.79431   37271.6378     6.66116      1 chain_02/itr_01139_trial_01.rho
     2     1140      0.07255     38776.6210       0.0000      6.79431     6.79431   37271.6378     6.66116      0 -
     2     1141      0.07238     38499.8885    -276.7325      6.77002     6.77002   37271.6378     6.66116      1 chain_02/itr_01141_trial_01.rho
     2     1142      0.07221     38499.8885       0.0000      6.77002     6.77002   37271.6378     6.66116      0 -
     2     1143      0.07205     38899.5901     399.7016      6.80507     6.80507   37271.6378     6.66116      1 chain_02/itr_01143_trial_01.rho
     2     1144      0.07188     38484.7286    -414.8615      6.76869     6.76869   37271.6378     6.66116      1 chain_02/itr_01144_trial_01.rho
     2     1145      0.07172     38484.7286       0.0000      6.76869     6.76869   37271.6378     6.66116      0 -
     2     1146      0.07155     38101.6157    -383.1129      6.73491     6.73491   37271.6378     6.66116      1 chain_02/itr_01146_trial_01.rho
     2     1147      0.07139     38399.6626     298.0469      6.76120     6.76120   37271.6378     6.66116      1 chain_02/itr_01147_trial_01.rho
     2     1148      0.07122     38517.1459     117.4833      6.77154     6.77154   37271.6378     6.66116      1 chain_02/itr_01148_trial_01.rho
     2     1149      0.07106     40582.7058    2065.5598      6.95074     6.95074   37271.6378     6.66116      1 chain_02/itr_01149_trial_01.rho
     2     1150       0.0709     40582.7058       0.0000      6.95074     6.95074   37271.6378     6.66116      0 -
     2     1151      0.07073     39017.4833   -1565.2225      6.81538     6.81538   37271.6378     6.66116      1 chain_02/itr_01151_trial_01.rho
     2     1152      0.07057     39472.7177     455.2344      6.85502     6.85502   37271.6378     6.66116      1 chain_02/itr_01152_trial_01.rho
     2     1153      0.07041     39471.9241      -0.7937      6.85495     6.85495   37271.6378     6.66116      1 chain_02/itr_01153_trial_01.rho
     2     1154      0.07025     39345.9986    -125.9255      6.84401     6.84401   37271.6378     6.66116      1 chain_02/itr_01154_trial_01.rho
     2     1155      0.07008     42894.1021    3548.1035      7.14594     7.14594   37271.6378     6.66116      1 chain_02/itr_01155_trial_01.rho
     2     1156      0.06992     41294.6948   -1599.4073      7.01144     7.01144   37271.6378     6.66116      1 chain_02/itr_01156_trial_01.rho
     2     1157      0.06976     41274.4191     -20.2757      7.00972     7.00972   37271.6378     6.66116      1 chain_02/itr_01157_trial_01.rho
     2     1158       0.0696     41274.4191       0.0000      7.00972     7.00972   37271.6378     6.66116      0 -
     2     1159      0.06944     41423.7292     149.3100      7.02239     7.02239   37271.6378     6.66116      1 chain_02/itr_01159_trial_01.rho
     2     1160      0.06928     41423.7292       0.0000      7.02239     7.02239   37271.6378     6.66116      0 -
     2     1161      0.06912     41423.7292       0.0000      7.02239     7.02239   37271.6378     6.66116      0 -
     2     1162      0.06896     42991.1054    1567.3762      7.15401     7.15401   37271.6378     6.66116      1 chain_02/itr_01162_trial_01.rho
     2     1163       0.0688     43167.0946     175.9892      7.16864     7.16864   37271.6378     6.66116      1 chain_02/itr_01163_trial_01.rho
     2     1164      0.06865     42685.1692    -481.9254      7.12851     7.12851   37271.6378     6.66116      1 chain_02/itr_01164_trial_01.rho
     2     1165      0.06849     42684.0267      -1.1425      7.12842     7.12842   37271.6378     6.66116      1 chain_02/itr_01165_trial_01.rho
     2     1166      0.06833     45386.7359    2702.7093      7.35063     7.35063   37271.6378     6.66116      1 chain_02/itr_01166_trial_01.rho
     2     1167      0.06817     45386.7359       0.0000      7.35063     7.35063   37271.6378     6.66116      0 -
     2     1168      0.06802     45739.6502     352.9143      7.37916     7.37916   37271.6378     6.66116      1 chain_02/itr_01168_trial_01.rho
     2     1169      0.06786     45739.6502       0.0000      7.37916     7.37916   37271.6378     6.66116      0 -
     2     1170       0.0677     46214.4035     474.7533      7.41735     7.41735   37271.6378     6.66116      1 chain_02/itr_01170_trial_01.rho
     2     1171      0.06755     44782.4599   -1431.9437      7.30154     7.30154   37271.6378     6.66116      1 chain_02/itr_01171_trial_01.rho
     2     1172      0.06739     42511.8842   -2270.5757      7.11403     7.11403   37271.6378     6.66116      1 chain_02/itr_01172_trial_01.rho
     2     1173      0.06724     42511.8842       0.0000      7.11403     7.11403   37271.6378     6.66116      0 -
     2     1174      0.06708     40025.6061   -2486.2781      6.90286     6.90286   37271.6378     6.66116      1 chain_02/itr_01174_trial_01.rho
     2     1175      0.06693     39659.0414    -366.5646      6.87118     6.87118   37271.6378     6.66116      1 chain_02/itr_01175_trial_01.rho
     2     1176      0.06677     40090.3715     431.3300      6.90845     6.90845   37271.6378     6.66116      1 chain_02/itr_01176_trial_01.rho
     2     1177      0.06662     38180.5530   -1909.8185      6.74189     6.74189   37271.6378     6.66116      1 chain_02/itr_01177_trial_01.rho
     2     1178      0.06647     38695.3059     514.7530      6.78718     6.78718   37271.6378     6.66116      1 chain_02/itr_01178_trial_01.rho
     2     1179      0.06631     36435.4998   -2259.8062      6.58602     6.58602   36435.4998     6.58602      1 chain_02/itr_01179_trial_01.rho
     2     1180      0.06616     36225.4839    -210.0158      6.56701     6.56701   36225.4839     6.56701      1 chain_02/itr_01180_trial_01.rho
     2     1181      0.06601     33923.2472   -2302.2367      6.35491     6.35491   33923.2472     6.35491      1 chain_02/itr_01181_trial_01.rho
     2     1182      0.06586     34171.5987     248.3515      6.37812     6.37812   33923.2472     6.35491      1 chain_02/itr_01182_trial_01.rho
     2     1183      0.06571     34530.1987     358.6000      6.41150     6.41150   33923.2472     6.35491      1 chain_02/itr_01183_trial_01.rho
     2     1184      0.06555     34530.1987       0.0000      6.41150     6.41150   33923.2472     6.35491      0 -
     2     1185       0.0654     33913.2873    -616.9114      6.35397     6.35397   33913.2873     6.35397      1 chain_02/itr_01185_trial_01.rho
     2     1186      0.06525     33495.4118    -417.8755      6.31470     6.31470   33495.4118     6.31470      1 chain_02/itr_01186_trial_01.rho
     2     1187       0.0651     33480.3168     -15.0951      6.31328     6.31328   33480.3168     6.31328      1 chain_02/itr_01187_trial_01.rho
     2     1188      0.06495     33946.1729     465.8561      6.35705     6.35705   33480.3168     6.31328      1 chain_02/itr_01188_trial_01.rho
     2     1189       0.0648     33946.1729       0.0000      6.35705     6.35705   33480.3168     6.31328      0 -
     2     1190      0.06466     33483.8011    -462.3718      6.31361     6.31361   33480.3168     6.31328      1 chain_02/itr_01190_trial_01.rho
     2     1191      0.06451     33322.5894    -161.2118      6.29839     6.29839   33322.5894     6.29839      1 chain_02/itr_01191_trial_01.rho
     2     1192      0.06436     31896.2964   -1426.2929      6.16212     6.16212   31896.2964     6.16212      1 chain_02/itr_01192_trial_01.rho
     2     1193      0.06421     32232.2693     335.9729      6.19449     6.19449   31896.2964     6.16212      1 chain_02/itr_01193_trial_01.rho
     2     1194      0.06406     32607.4431     375.1738      6.23044     6.23044   31896.2964     6.16212      1 chain_02/itr_01194_trial_01.rho
     2     1195      0.06391     31404.0233   -1203.4197      6.11439     6.11439   31404.0233     6.11439      1 chain_02/itr_01195_trial_01.rho
     2     1196      0.06377     31431.2927      27.2693      6.11704     6.11704   31404.0233     6.11439      1 chain_02/itr_01196_trial_01.rho
     2     1197      0.06362     30738.7534    -692.5392      6.04928     6.04928   30738.7534     6.04928      1 chain_02/itr_01197_trial_01.rho
     2     1198      0.06347     30616.9602    -121.7932      6.03728     6.03728   30616.9602     6.03728      1 chain_02/itr_01198_trial_01.rho
     2     1199      0.06333     30616.9602       0.0000      6.03728     6.03728   30616.9602     6.03728      0 -
     2     1200      0.06318     29981.7668    -635.1934      5.97433     5.97433   29981.7668     5.97433      1 chain_02/itr_01200_trial_01.rho
     2     1201      0.06304     30329.5819     347.8151      6.00888     6.00888   29981.7668     5.97433      1 chain_02/itr_01201_trial_01.rho
     2     1202      0.06289     30107.3694    -222.2125      5.98683     5.98683   29981.7668     5.97433      1 chain_02/itr_01202_trial_01.rho
     2     1203      0.06275     29560.8598    -546.5096      5.93224     5.93224   29560.8598     5.93224      1 chain_02/itr_01203_trial_01.rho
     2     1204       0.0626     29501.3137     -59.5461      5.92626     5.92626   29501.3137     5.92626      1 chain_02/itr_01204_trial_01.rho
     2     1205      0.06246     29263.0553    -238.2585      5.90229     5.90229   29263.0553     5.90229      1 chain_02/itr_01205_trial_01.rho
     2     1206      0.06232     27993.8633   -1269.1919      5.77287     5.77287   27993.8633     5.77287      1 chain_02/itr_01206_trial_01.rho
     2     1207      0.06217     29314.4777    1320.6144      5.90747     5.90747   27993.8633     5.77287      1 chain_02/itr_01207_trial_01.rho
     2     1208      0.06203     29314.4777       0.0000      5.90747     5.90747   27993.8633     5.77287      0 -
     2     1209      0.06189     29676.4690     361.9913      5.94383     5.94383   27993.8633     5.77287      1 chain_02/itr_01209_trial_01.rho
     2     1210      0.06174     30776.8286    1100.3595      6.05302     6.05302   27993.8633     5.77287      1 chain_02/itr_01210_trial_01.rho
     2     1211       0.0616     31497.8671     721.0385      6.12352     6.12352   27993.8633     5.77287      1 chain_02/itr_01211_trial_01.rho
     2     1212      0.06146     31114.2375    -383.6296      6.08611     6.08611   27993.8633     5.77287      1 chain_02/itr_01212_trial_01.rho
     2     1213      0.06132     31114.2375       0.0000      6.08611     6.08611   27993.8633     5.77287      0 -
     2     1214      0.06118     30797.3161    -316.9213      6.05504     6.05504   27993.8633     5.77287      1 chain_02/itr_01214_trial_01.rho
     2     1215      0.06104     32348.8716    1551.5555      6.20569     6.20569   27993.8633     5.77287      1 chain_02/itr_01215_trial_01.rho
     2     1216       0.0609     32449.6601     100.7885      6.21535     6.21535   27993.8633     5.77287      1 chain_02/itr_01216_trial_01.rho
     2     1217      0.06076     32449.6601       0.0000      6.21535     6.21535   27993.8633     5.77287      0 -
     2     1218      0.06062     32449.6601       0.0000      6.21535     6.21535   27993.8633     5.77287      0 -
     2     1219      0.06048     33021.6933     572.0332      6.26989     6.26989   27993.8633     5.77287      1 chain_02/itr_01219_trial_01.rho
     2     1220      0.06034     32107.3567    -914.3366      6.18248     6.18248   27993.8633     5.77287      1 chain_02/itr_01220_trial_01.rho
     2     1221       0.0602     31295.4613    -811.8953      6.10381     6.10381   27993.8633     5.77287      1 chain_02/itr_01221_trial_01.rho
     2     1222      0.06006     31495.5874     200.1260      6.12330     6.12330   27993.8633     5.77287      1 chain_02/itr_01222_trial_01.rho
     2     1223      0.05992     31827.5263     331.9390      6.15548     6.15548   27993.8633     5.77287      1 chain_02/itr_01223_trial_01.rho
     2     1224      0.05978     32691.8637     864.3374      6.23850     6.23850   27993.8633     5.77287      1 chain_02/itr_01224_trial_01.rho
     2     1225      0.05965     35079.4196    2387.5559      6.46229     6.46229   27993.8633     5.77287      1 chain_02/itr_01225_trial_01.rho
     2     1226      0.05951     36612.3774    1532.9578      6.60198     6.60198   27993.8633     5.77287      1 chain_02/itr_01226_trial_01.rho
     2     1227      0.05937     36614.2679       1.8905      6.60215     6.60215   27993.8633     5.77287      1 chain_02/itr_01227_trial_01.rho
     2     1228      0.05924     35877.2853    -736.9826      6.53537     6.53537   27993.8633     5.77287      1 chain_02/itr_01228_trial_01.rho
     2     1229       0.0591     33772.0336   -2105.2517      6.34073     6.34073   27993.8633     5.77287      1 chain_02/itr_01229_trial_01.rho
     2     1230      0.05896     35644.0250    1871.9915      6.51409     6.51409   27993.8633     5.77287      1 chain_02/itr_01230_trial_01.rho
     2     1231      0.05883     35644.0250       0.0000      6.51409     6.51409   27993.8633     5.77287      0 -
     2     1232      0.05869     35644.0250       0.0000      6.51409     6.51409   27993.8633     5.77287      0 -
     2     1233      0.05856     36628.7304     984.7054      6.60346     6.60346   27993.8633     5.77287      1 chain_02/itr_01233_trial_01.rho
     2     1234      0.05842     36628.7304       0.0000      6.60346     6.60346   27993.8633     5.77287      0 -
     2     1235      0.05829     36074.5942    -554.1363      6.55332     6.55332   27993.8633     5.77287      1 chain_02/itr_01235_trial_01.rho
     2     1236      0.05816     34808.6888   -1265.9053      6.43731     6.43731   27993.8633     5.77287      1 chain_02/itr_01236_trial_01.rho
     2     1237      0.05802     33670.0687   -1138.6201      6.33115     6.33115   27993.8633     5.77287      1 chain_02/itr_01237_trial_01.rho
     2     1238      0.05789     33670.0687       0.0000      6.33115     6.33115   27993.8633     5.77287      0 -
     2     1239      0.05775     34387.4351     717.3663      6.39824     6.39824   27993.8633     5.77287      1 chain_02/itr_01239_trial_01.rho
     2     1240      0.05762     34654.3780     266.9429      6.42302     6.42302   27993.8633     5.77287      1 chain_02/itr_01240_trial_01.rho
     2     1241      0.05749     34654.3780       0.0000      6.42302     6.42302   27993.8633     5.77287      0 -
     2     1242      0.05736     34654.3780       0.0000      6.42302     6.42302   27993.8633     5.77287      0 -
     2     1243      0.05723     35812.5002    1158.1222      6.52947     6.52947   27993.8633     5.77287      1 chain_02/itr_01243_trial_01.rho
     2     1244      0.05709     35572.1370    -240.3632      6.50752     6.50752   27993.8633     5.77287      1 chain_02/itr_01244_trial_01.rho
     2     1245      0.05696     34536.2131   -1035.9239      6.41206     6.41206   27993.8633     5.77287      1 chain_02/itr_01245_trial_01.rho
     2     1246      0.05683     34536.2131       0.0000      6.41206     6.41206   27993.8633     5.77287      0 -
     2     1247       0.0567     32308.1037   -2228.1094      6.20178     6.20178   27993.8633     5.77287      1 chain_02/itr_01247_trial_01.rho
     2     1248      0.05657     32308.1037       0.0000      6.20178     6.20178   27993.8633     5.77287      0 -
     2     1249      0.05644     31221.0654   -1087.0383      6.09655     6.09655   27993.8633     5.77287      1 chain_02/itr_01249_trial_01.rho
     2     1250      0.05631     30118.5517   -1102.5137      5.98794     5.98794   27993.8633     5.77287      1 chain_02/itr_01250_trial_01.rho
     2     1251      0.05618     31012.6012     894.0495      6.07616     6.07616   27993.8633     5.77287      1 chain_02/itr_01251_trial_01.rho
     2     1252      0.05605     31012.6012       0.0000      6.07616     6.07616   27993.8633     5.77287      0 -
     2     1253      0.05592     31629.5913     616.9902      6.13631     6.13631   27993.8633     5.77287      1 chain_02/itr_01253_trial_01.rho
     2     1254      0.05579     31725.1346      95.5433      6.14557     6.14557   27993.8633     5.77287      1 chain_02/itr_01254_trial_01.rho
     2     1255      0.05566     31778.9821      53.8475      6.15078     6.15078   27993.8633     5.77287      1 chain_02/itr_01255_trial_01.rho
     2     1256      0.05554     32290.3292     511.3472      6.20007     6.20007   27993.8633     5.77287      1 chain_02/itr_01256_trial_01.rho
     2     1257      0.05541     32290.3292       0.0000      6.20007     6.20007   27993.8633     5.77287      0 -
     2     1258      0.05528     33485.2396    1194.9103      6.31375     6.31375   27993.8633     5.77287      1 chain_02/itr_01258_trial_01.rho
     2     1259      0.05515     33127.7531    -357.4864      6.27995     6.27995   27993.8633     5.77287      1 chain_02/itr_01259_trial_01.rho
     2     1260      0.05503     33600.8926     473.1395      6.32464     6.32464   27993.8633     5.77287      1 chain_02/itr_01260_trial_01.rho
     2     1261       0.0549     35250.0672    1649.1746      6.47799     6.47799   27993.8633     5.77287      1 chain_02/itr_01261_trial_01.rho
     2     1262      0.05477     35432.2834     182.2163      6.49471     6.49471   27993.8633     5.77287      1 chain_02/itr_01262_trial_01.rho
     2     1263      0.05465     34266.8713   -1165.4121      6.38701     6.38701   27993.8633     5.77287      1 chain_02/itr_01263_trial_01.rho
     2     1264      0.05452     34273.8420       6.9708      6.38766     6.38766   27993.8633     5.77287      1 chain_02/itr_01264_trial_01.rho
     2     1265       0.0544     35285.9163    1012.0742      6.48128     6.48128   27993.8633     5.77287      1 chain_02/itr_01265_trial_01.rho
     2     1266      0.05427     35285.9163       0.0000      6.48128     6.48128   27993.8633     5.77287      0 -
     2     1267      0.05415     36199.3941     913.4778      6.56464     6.56464   27993.8633     5.77287      1 chain_02/itr_01267_trial_01.rho
     2     1268      0.05402     37116.6653     917.2712      6.64729     6.64729   27993.8633     5.77287      1 chain_02/itr_01268_trial_01.rho
     2     1269       0.0539     38449.7280    1333.0628      6.76561     6.76561   27993.8633     5.77287      1 chain_02/itr_01269_trial_01.rho
     2     1270      0.05377     37986.3327    -463.3954      6.72472     6.72472   27993.8633     5.77287      1 chain_02/itr_01270_trial_01.rho
     2     1271      0.05365     38746.4239     760.0913      6.79166     6.79166   27993.8633     5.77287      1 chain_02/itr_01271_trial_01.rho
     2     1272      0.05353     38746.4239       0.0000      6.79166     6.79166   27993.8633     5.77287      0 -
     2     1273       0.0534     39493.9234     747.4994      6.85686     6.85686   27993.8633     5.77287      1 chain_02/itr_01273_trial_01.rho
     2     1274      0.05328     39493.9234       0.0000      6.85686     6.85686   27993.8633     5.77287      0 -
     2     1275      0.05316     38426.3554   -1067.5680      6.76355     6.76355   27993.8633     5.77287      1 chain_02/itr_01275_trial_01.rho
     2     1276      0.05304     38426.3554       0.0000      6.76355     6.76355   27993.8633     5.77287      0 -
     2     1277      0.05291     37577.5854    -848.7699      6.68844     6.68844   27993.8633     5.77287      1 chain_02/itr_01277_trial_01.rho
     2     1278      0.05279     38407.0651     829.4797      6.76186     6.76186   27993.8633     5.77287      1 chain_02/itr_01278_trial_01.rho
     2     1279      0.05267     38407.0651       0.0000      6.76186     6.76186   27993.8633     5.77287      0 -
     2     1280      0.05255     37956.7876    -450.2775      6.72210     6.72210   27993.8633     5.77287      1 chain_02/itr_01280_trial_01.rho
     2     1281      0.05243     39750.9551    1794.1675      6.87914     6.87914   27993.8633     5.77287      1 chain_02/itr_01281_trial_01.rho
     2     1282      0.05231     39750.9551       0.0000      6.87914     6.87914   27993.8633     5.77287      0 -
     2     1283      0.05219     39750.9551       0.0000      6.87914     6.87914   27993.8633     5.77287      0 -
     2     1284      0.05207     39750.9551       0.0000      6.87914     6.87914   27993.8633     5.77287      0 -
     2     1285      0.05195     38840.6369    -910.3182      6.79992     6.79992   27993.8633     5.77287      1 chain_02/itr_01285_trial_01.rho
     2     1286      0.05183     38840.6369       0.0000      6.79992     6.79992   27993.8633     5.77287      0 -
     2     1287      0.05171     38722.8131    -117.8238      6.78959     6.78959   27993.8633     5.77287      1 chain_02/itr_01287_trial_01.rho
     2     1288      0.05159     37688.2878   -1034.5253      6.69828     6.69828   27993.8633     5.77287      1 chain_02/itr_01288_trial_01.rho
     2     1289      0.05147     38117.4983     429.2105      6.73632     6.73632   27993.8633     5.77287      1 chain_02/itr_01289_trial_01.rho
     2     1290      0.05135     37722.0661    -395.4322      6.70129     6.70129   27993.8633     5.77287      1 chain_02/itr_01290_trial_01.rho
     2     1291      0.05124     37722.0661       0.0000      6.70129     6.70129   27993.8633     5.77287      0 -
     2     1292      0.05112     37117.1975    -604.8685      6.64734     6.64734   27993.8633     5.77287      1 chain_02/itr_01292_trial_01.rho
     2     1293        0.051     37823.1619     705.9644      6.71026     6.71026   27993.8633     5.77287      1 chain_02/itr_01293_trial_01.rho
     2     1294      0.05088     37823.1619       0.0000      6.71026     6.71026   27993.8633     5.77287      0 -
     2     1295      0.05077     38136.5721     313.4102      6.73800     6.73800   27993.8633     5.77287      1 chain_02/itr_01295_trial_01.rho
     2     1296      0.05065     36904.0290   -1232.5431      6.62823     6.62823   27993.8633     5.77287      1 chain_02/itr_01296_trial_01.rho
     2     1297      0.05053     37193.7829     289.7539      6.65420     6.65420   27993.8633     5.77287      1 chain_02/itr_01297_trial_01.rho
     2     1298      0.05042     37231.9829      38.1999      6.65761     6.65761   27993.8633     5.77287      1 chain_02/itr_01298_trial_01.rho
     2     1299       0.0503     36017.3833   -1214.5995      6.54812     6.54812   27993.8633     5.77287      1 chain_02/itr_01299_trial_01.rho
     2     1300      0.05018     34861.2406   -1156.1427      6.44216     6.44216   27993.8633     5.77287      1 chain_02/itr_01300_trial_01.rho
     2     1301      0.05007     35592.6966     731.4560      6.50940     6.50940   27993.8633     5.77287      1 chain_02/itr_01301_trial_01.rho
     2     1302      0.04995     35592.6966       0.0000      6.50940     6.50940   27993.8633     5.77287      0 -
     2     1303      0.04984     35592.6966       0.0000      6.50940     6.50940   27993.8633     5.77287      0 -
     2     1304      0.04972     35592.6966       0.0000      6.50940     6.50940   27993.8633     5.77287      0 -
     2     1305      0.04961     35592.6966       0.0000      6.50940     6.50940   27993.8633     5.77287      0 -
     2     1306       0.0495     37590.5744    1997.8778      6.68960     6.68960   27993.8633     5.77287      1 chain_02/itr_01306_trial_01.rho
     2     1307      0.04938     37590.5744       0.0000      6.68960     6.68960   27993.8633     5.77287      0 -
     2     1308      0.04927     37590.5744       0.0000      6.68960     6.68960   27993.8633     5.77287      0 -
     2     1309      0.04915     38564.1507     973.5763      6.77567     6.77567   27993.8633     5.77287      1 chain_02/itr_01309_trial_01.rho
     2     1310      0.04904     38226.3843    -337.7664      6.74593     6.74593   27993.8633     5.77287      1 chain_02/itr_01310_trial_01.rho
     2     1311      0.04893     36207.2596   -2019.1247      6.56535     6.56535   27993.8633     5.77287      1 chain_02/itr_01311_trial_01.rho
     2     1312      0.04882     35146.5449   -1060.7147      6.46847     6.46847   27993.8633     5.77287      1 chain_02/itr_01312_trial_01.rho
     2     1313       0.0487     35146.5449       0.0000      6.46847     6.46847   27993.8633     5.77287      0 -
     2     1314      0.04859     35784.8675     638.3227      6.52695     6.52695   27993.8633     5.77287      1 chain_02/itr_01314_trial_01.rho
     2     1315      0.04848     35630.3542    -154.5134      6.51284     6.51284   27993.8633     5.77287      1 chain_02/itr_01315_trial_01.rho
     2     1316      0.04837     35630.3542       0.0000      6.51284     6.51284   27993.8633     5.77287      0 -
     2     1317      0.04826     35630.3542       0.0000      6.51284     6.51284   27993.8633     5.77287      0 -
     2     1318      0.04815     35630.3542       0.0000      6.51284     6.51284   27993.8633     5.77287      0 -
     2     1319      0.04804     35630.3542       0.0000      6.51284     6.51284   27993.8633     5.77287      0 -
     2     1320      0.04792     34854.1118    -776.2423      6.44151     6.44151   27993.8633     5.77287      1 chain_02/itr_01320_trial_01.rho
     2     1321      0.04781     34854.1118       0.0000      6.44151     6.44151   27993.8633     5.77287      0 -
     2     1322       0.0477     32328.1610   -2525.9509      6.20370     6.20370   27993.8633     5.77287      1 chain_02/itr_01322_trial_01.rho
     2     1323      0.04759     33301.6843     973.5234      6.29642     6.29642   27993.8633     5.77287      1 chain_02/itr_01323_trial_01.rho
     2     1324      0.04749     33301.6843       0.0000      6.29642     6.29642   27993.8633     5.77287      0 -
     2     1325      0.04738     33301.6843       0.0000      6.29642     6.29642   27993.8633     5.77287      0 -
     2     1326      0.04727     32514.6966    -786.9878      6.22157     6.22157   27993.8633     5.77287      1 chain_02/itr_01326_trial_01.rho
     2     1327      0.04716     34257.0470    1742.3504      6.38609     6.38609   27993.8633     5.77287      1 chain_02/itr_01327_trial_01.rho
     2     1328      0.04705     34899.7375     642.6905      6.44572     6.44572   27993.8633     5.77287      1 chain_02/itr_01328_trial_01.rho
     2     1329      0.04694     34876.8817     -22.8558      6.44361     6.44361   27993.8633     5.77287      1 chain_02/itr_01329_trial_01.rho
     2     1330      0.04683     35476.3366     599.4549      6.49875     6.49875   27993.8633     5.77287      1 chain_02/itr_01330_trial_01.rho
     2     1331      0.04673     35524.5667      48.2301      6.50316     6.50316   27993.8633     5.77287      1 chain_02/itr_01331_trial_01.rho
     2     1332      0.04662     35524.5667       0.0000      6.50316     6.50316   27993.8633     5.77287      0 -
     2     1333      0.04651     36670.9158    1146.3491      6.60726     6.60726   27993.8633     5.77287      1 chain_02/itr_01333_trial_01.rho
     2     1334       0.0464     36174.4024    -496.5134      6.56237     6.56237   27993.8633     5.77287      1 chain_02/itr_01334_trial_01.rho
     2     1335       0.0463     36082.6075     -91.7948      6.55404     6.55404   27993.8633     5.77287      1 chain_02/itr_01335_trial_01.rho
     2     1336      0.04619     36082.6075       0.0000      6.55404     6.55404   27993.8633     5.77287      0 -
     2     1337      0.04608     35653.7555    -428.8520      6.51498     6.51498   27993.8633     5.77287      1 chain_02/itr_01337_trial_01.rho
     2     1338      0.04598     35653.7555       0.0000      6.51498     6.51498   27993.8633     5.77287      0 -
     2     1339      0.04587     35710.1178      56.3622      6.52013     6.52013   27993.8633     5.77287      1 chain_02/itr_01339_trial_01.rho
     2     1340      0.04577     35207.8080    -502.3097      6.47411     6.47411   27993.8633     5.77287      1 chain_02/itr_01340_trial_01.rho
     2     1341      0.04566     34598.8827    -608.9253      6.41788     6.41788   27993.8633     5.77287      1 chain_02/itr_01341_trial_01.rho
     2     1342      0.04556     34616.9470      18.0642      6.41955     6.41955   27993.8633     5.77287      1 chain_02/itr_01342_trial_01.rho
     2     1343      0.04545     34715.7538      98.8068      6.42871     6.42871   27993.8633     5.77287      1 chain_02/itr_01343_trial_01.rho
     2     1344      0.04535     35830.7475    1114.9937      6.53113     6.53113   27993.8633     5.77287      1 chain_02/itr_01344_trial_01.rho
     2     1345      0.04524     36195.1676     364.4200      6.56426     6.56426   27993.8633     5.77287      1 chain_02/itr_01345_trial_01.rho
     2     1346      0.04514     34271.1044   -1924.0631      6.38740     6.38740   27993.8633     5.77287      1 chain_02/itr_01346_trial_01.rho
     2     1347      0.04504     35967.8900    1696.7855      6.54362     6.54362   27993.8633     5.77287      1 chain_02/itr_01347_trial_01.rho
     2     1348      0.04493     35967.8900       0.0000      6.54362     6.54362   27993.8633     5.77287      0 -
     2     1349      0.04483     35967.8900       0.0000      6.54362     6.54362   27993.8633     5.77287      0 -
     2     1350      0.04472     37260.6971    1292.8071      6.66018     6.66018   27993.8633     5.77287      1 chain_02/itr_01350_trial_01.rho
     2     1351      0.04462     37260.6971       0.0000      6.66018     6.66018   27993.8633     5.77287      0 -
     2     1352      0.04452     36677.4754    -583.2217      6.60785     6.60785   27993.8633     5.77287      1 chain_02/itr_01352_trial_01.rho
     2     1353      0.04442     37699.5595    1022.0842      6.69929     6.69929   27993.8633     5.77287      1 chain_02/itr_01353_trial_01.rho
     2     1354      0.04431     36260.2724   -1439.2872      6.57016     6.57016   27993.8633     5.77287      1 chain_02/itr_01354_trial_01.rho
     2     1355      0.04421     36347.8465      87.5742      6.57809     6.57809   27993.8633     5.77287      1 chain_02/itr_01355_trial_01.rho
     2     1356      0.04411     35463.4157    -884.4308      6.49757     6.49757   27993.8633     5.77287      1 chain_02/itr_01356_trial_01.rho
     2     1357      0.04401     35486.9597      23.5440      6.49972     6.49972   27993.8633     5.77287      1 chain_02/itr_01357_trial_01.rho
     2     1358      0.04391     35359.8658    -127.0939      6.48807     6.48807   27993.8633     5.77287      1 chain_02/itr_01358_trial_01.rho
     2     1359      0.04381     35280.5587     -79.3071      6.48079     6.48079   27993.8633     5.77287      1 chain_02/itr_01359_trial_01.rho
     2     1360      0.04371     34504.2775    -776.2812      6.40910     6.40910   27993.8633     5.77287      1 chain_02/itr_01360_trial_01.rho
     2     1361      0.04361     34534.8660      30.5884      6.41194     6.41194   27993.8633     5.77287      1 chain_02/itr_01361_trial_01.rho
     2     1362      0.04351     35173.8185     638.9525      6.47098     6.47098   27993.8633     5.77287      1 chain_02/itr_01362_trial_01.rho
     2     1363      0.04341     35978.1521     804.3336      6.54455     6.54455   27993.8633     5.77287      1 chain_02/itr_01363_trial_01.rho
     2     1364      0.04331     36932.4840     954.3319      6.63078     6.63078   27993.8633     5.77287      1 chain_02/itr_01364_trial_01.rho
     2     1365      0.04321     37169.5942     237.1102      6.65203     6.65203   27993.8633     5.77287      1 chain_02/itr_01365_trial_01.rho
     2     1366      0.04311     35107.6254   -2061.9688      6.46489     6.46489   27993.8633     5.77287      1 chain_02/itr_01366_trial_01.rho
     2     1367      0.04301     34927.3017    -180.3237      6.44826     6.44826   27993.8633     5.77287      1 chain_02/itr_01367_trial_01.rho
     2     1368      0.04291     35604.3900     677.0883      6.51047     6.51047   27993.8633     5.77287      1 chain_02/itr_01368_trial_01.rho
     2     1369      0.04281     35604.3900       0.0000      6.51047     6.51047   27993.8633     5.77287      0 -
     2     1370      0.04271     36301.0932     696.7032      6.57386     6.57386   27993.8633     5.77287      1 chain_02/itr_01370_trial_01.rho
     2     1371      0.04261     34815.0783   -1486.0149      6.43790     6.43790   27993.8633     5.77287      1 chain_02/itr_01371_trial_01.rho
     2     1372      0.04252     34678.9032    -136.1752      6.42529     6.42529   27993.8633     5.77287      1 chain_02/itr_01372_trial_01.rho
     2     1373      0.04242     34823.1000     144.1968      6.43864     6.43864   27993.8633     5.77287      1 chain_02/itr_01373_trial_01.rho
     2     1374      0.04232     34879.3332      56.2332      6.44384     6.44384   27993.8633     5.77287      1 chain_02/itr_01374_trial_01.rho
     2     1375      0.04222     34879.3332       0.0000      6.44384     6.44384   27993.8633     5.77287      0 -
     2     1376      0.04213     34843.4109     -35.9223      6.44052     6.44052   27993.8633     5.77287      1 chain_02/itr_01376_trial_01.rho
     2     1377      0.04203     34843.4109       0.0000      6.44052     6.44052   27993.8633     5.77287      0 -
     2     1378      0.04193     34615.2394    -228.1715      6.41939     6.41939   27993.8633     5.77287      1 chain_02/itr_01378_trial_01.rho
     2     1379      0.04184     34931.2899     316.0505      6.44863     6.44863   27993.8633     5.77287      1 chain_02/itr_01379_trial_01.rho
     2     1380      0.04174     35100.5017     169.2117      6.46423     6.46423   27993.8633     5.77287      1 chain_02/itr_01380_trial_01.rho
     2     1381      0.04164     33626.8375   -1473.6642      6.32708     6.32708   27993.8633     5.77287      1 chain_02/itr_01381_trial_01.rho
     2     1382      0.04155     33626.8375       0.0000      6.32708     6.32708   27993.8633     5.77287      0 -
     2     1383      0.04145     33223.2160    -403.6215      6.28899     6.28899   27993.8633     5.77287      1 chain_02/itr_01383_trial_01.rho
     2     1384      0.04136     32623.6848    -599.5312      6.23199     6.23199   27993.8633     5.77287      1 chain_02/itr_01384_trial_01.rho
     2     1385      0.04126     33211.2504     587.5657      6.28786     6.28786   27993.8633     5.77287      1 chain_02/itr_01385_trial_01.rho
     2     1386      0.04117     34079.7803     868.5299      6.36955     6.36955   27993.8633     5.77287      1 chain_02/itr_01386_trial_01.rho
     2     1387      0.04107     34678.8199     599.0396      6.42529     6.42529   27993.8633     5.77287      1 chain_02/itr_01387_trial_01.rho
     2     1388      0.04098     34678.8199       0.0000      6.42529     6.42529   27993.8633     5.77287      0 -
     2     1389      0.04088     34794.5324     115.7125      6.43600     6.43600   27993.8633     5.77287      1 chain_02/itr_01389_trial_01.rho
     2     1390      0.04079     34982.1536     187.6212      6.45333     6.45333   27993.8633     5.77287      1 chain_02/itr_01390_trial_01.rho
     2     1391      0.04069     34137.9554    -844.1982      6.37498     6.37498   27993.8633     5.77287      1 chain_02/itr_01391_trial_01.rho
     2     1392       0.0406     34137.9554       0.0000      6.37498     6.37498   27993.8633     5.77287      0 -
     2     1393      0.04051     34137.9554       0.0000      6.37498     6.37498   27993.8633     5.77287      0 -
     2     1394      0.04041     34734.7461     596.7907      6.43047     6.43047   27993.8633     5.77287      1 chain_02/itr_01394_trial_01.rho
     2     1395      0.04032     34734.7461       0.0000      6.43047     6.43047   27993.8633     5.77287      0 -
     2     1396      0.04023     35333.6033     598.8573      6.48566     6.48566   27993.8633     5.77287      1 chain_02/itr_01396_trial_01.rho
     2     1397      0.04014     35333.6033       0.0000      6.48566     6.48566   27993.8633     5.77287      0 -
     2     1398      0.04004     34734.0714    -599.5320      6.43040     6.43040   27993.8633     5.77287      1 chain_02/itr_01398_trial_01.rho
     2     1399      0.03995     34734.0714       0.0000      6.43040     6.43040   27993.8633     5.77287      0 -
     2     1400      0.03986     33730.7627   -1003.3087      6.33685     6.33685   27993.8633     5.77287      1 chain_02/itr_01400_trial_01.rho
     2     1401      0.03977     35407.0256    1676.2629      6.49240     6.49240   27993.8633     5.77287      1 chain_02/itr_01401_trial_01.rho
     2     1402      0.03968     35248.4627    -158.5629      6.47784     6.47784   27993.8633     5.77287      1 chain_02/itr_01402_trial_01.rho
     2     1403      0.03959     34809.8553    -438.6074      6.43741     6.43741   27993.8633     5.77287      1 chain_02/itr_01403_trial_01.rho
     2     1404      0.03949     35930.8287    1120.9734      6.54024     6.54024   27993.8633     5.77287      1 chain_02/itr_01404_trial_01.rho
     2     1405       0.0394     35765.9230    -164.9056      6.52522     6.52522   27993.8633     5.77287      1 chain_02/itr_01405_trial_01.rho
     2     1406      0.03931     35765.9230       0.0000      6.52522     6.52522   27993.8633     5.77287      0 -
     2     1407      0.03922     35765.9230       0.0000      6.52522     6.52522   27993.8633     5.77287      0 -
     2     1408      0.03913     35765.9230       0.0000      6.52522     6.52522   27993.8633     5.77287      0 -
     2     1409      0.03904     34138.3216   -1627.6014      6.37502     6.37502   27993.8633     5.77287      1 chain_02/itr_01409_trial_01.rho
     2     1410      0.03895     33880.8021    -257.5195      6.35093     6.35093   27993.8633     5.77287      1 chain_02/itr_01410_trial_01.rho
     2     1411      0.03886     35447.0400    1566.2379      6.49606     6.49606   27993.8633     5.77287      1 chain_02/itr_01411_trial_01.rho
     2     1412      0.03877     35447.0400       0.0000      6.49606     6.49606   27993.8633     5.77287      0 -
     2     1413      0.03868     34160.2823   -1286.7576      6.37707     6.37707   27993.8633     5.77287      1 chain_02/itr_01413_trial_01.rho
     2     1414      0.03859     34160.2823       0.0000      6.37707     6.37707   27993.8633     5.77287      0 -
     2     1415      0.03851     33568.5737    -591.7087      6.32160     6.32160   27993.8633     5.77287      1 chain_02/itr_01415_trial_01.rho
     2     1416      0.03842     33733.0524     164.4787      6.33707     6.33707   27993.8633     5.77287      1 chain_02/itr_01416_trial_01.rho
     2     1417      0.03833     33733.0524       0.0000      6.33707     6.33707   27993.8633     5.77287      0 -
     2     1418      0.03824     33733.0524       0.0000      6.33707     6.33707   27993.8633     5.77287      0 -
     2     1419      0.03815     33762.3552      29.3028      6.33982     6.33982   27993.8633     5.77287      1 chain_02/itr_01419_trial_01.rho
     2     1420      0.03807     32168.0063   -1594.3489      6.18832     6.18832   27993.8633     5.77287      1 chain_02/itr_01420_trial_01.rho
     2     1421      0.03798     32015.6483    -152.3580      6.17364     6.17364   27993.8633     5.77287      1 chain_02/itr_01421_trial_01.rho
     2     1422      0.03789     32239.2269     223.5786      6.19516     6.19516   27993.8633     5.77287      1 chain_02/itr_01422_trial_01.rho
     2     1423       0.0378     32509.4226     270.1956      6.22107     6.22107   27993.8633     5.77287      1 chain_02/itr_01423_trial_01.rho
     2     1424      0.03772     32509.4226       0.0000      6.22107     6.22107   27993.8633     5.77287      0 -
     2     1425      0.03763     32791.2269     281.8044      6.24797     6.24797   27993.8633     5.77287      1 chain_02/itr_01425_trial_01.rho
     2     1426      0.03754     32914.4381     123.2112      6.25970     6.25970   27993.8633     5.77287      1 chain_02/itr_01426_trial_01.rho
     2     1427      0.03746     33477.9439     563.5058      6.31306     6.31306   27993.8633     5.77287      1 chain_02/itr_01427_trial_01.rho
     2     1428      0.03737     32975.9254    -502.0185      6.26554     6.26554   27993.8633     5.77287      1 chain_02/itr_01428_trial_01.rho
     2     1429      0.03728     33018.6242      42.6988      6.26960     6.26960   27993.8633     5.77287      1 chain_02/itr_01429_trial_01.rho
     2     1430       0.0372     33216.7646     198.1404      6.28838     6.28838   27993.8633     5.77287      1 chain_02/itr_01430_trial_01.rho
     2     1431      0.03711     33216.7646       0.0000      6.28838     6.28838   27993.8633     5.77287      0 -
     2     1432      0.03703     32489.3416    -727.4231      6.21915     6.21915   27993.8633     5.77287      1 chain_02/itr_01432_trial_01.rho
     2     1433      0.03694     32489.3416       0.0000      6.21915     6.21915   27993.8633     5.77287      0 -
     2     1434      0.03686     34017.0455    1527.7039      6.36368     6.36368   27993.8633     5.77287      1 chain_02/itr_01434_trial_01.rho
     2     1435      0.03677     32906.4681   -1110.5774      6.25894     6.25894   27993.8633     5.77287      1 chain_02/itr_01435_trial_01.rho
     2     1436      0.03669     33463.3407     556.8726      6.31168     6.31168   27993.8633     5.77287      1 chain_02/itr_01436_trial_01.rho
     2     1437       0.0366     33401.7845     -61.5561      6.30587     6.30587   27993.8633     5.77287      1 chain_02/itr_01437_trial_01.rho
     2     1438      0.03652     34597.4498    1195.6653      6.41774     6.41774   27993.8633     5.77287      1 chain_02/itr_01438_trial_01.rho
     2     1439      0.03644     34479.1218    -118.3281      6.40676     6.40676   27993.8633     5.77287      1 chain_02/itr_01439_trial_01.rho
     2     1440      0.03635     35754.2404    1275.1186      6.52415     6.52415   27993.8633     5.77287      1 chain_02/itr_01440_trial_01.rho
     2     1441      0.03627     35754.2404       0.0000      6.52415     6.52415   27993.8633     5.77287      0 -
     2     1442      0.03618     36053.9501     299.7097      6.55144     6.55144   27993.8633     5.77287      1 chain_02/itr_01442_trial_01.rho
     2     1443       0.0361     37315.0123    1261.0622      6.66503     6.66503   27993.8633     5.77287      1 chain_02/itr_01443_trial_01.rho
     2     1444      0.03602     37315.0123       0.0000      6.66503     6.66503   27993.8633     5.77287      0 -
     2     1445      0.03594     37395.7557      80.7434      6.67224     6.67224   27993.8633     5.77287      1 chain_02/itr_01445_trial_01.rho
     2     1446      0.03585     37395.7557       0.0000      6.67224     6.67224   27993.8633     5.77287      0 -
     2     1447      0.03577     36970.4604    -425.2953      6.63419     6.63419   27993.8633     5.77287      1 chain_02/itr_01447_trial_01.rho
     2     1448      0.03569     36970.4604       0.0000      6.63419     6.63419   27993.8633     5.77287      0 -
     2     1449      0.03561     36970.4604       0.0000      6.63419     6.63419   27993.8633     5.77287      0 -
     2     1450      0.03552     38193.0125    1222.5521      6.74299     6.74299   27993.8633     5.77287      1 chain_02/itr_01450_trial_01.rho
     2     1451      0.03544     38193.0125       0.0000      6.74299     6.74299   27993.8633     5.77287      0 -
     2     1452      0.03536     38611.8415     418.8290      6.77986     6.77986   27993.8633     5.77287      1 chain_02/itr_01452_trial_01.rho
     2     1453      0.03528     38953.5279     341.6864      6.80979     6.80979   27993.8633     5.77287      1 chain_02/itr_01453_trial_01.rho
     2     1454       0.0352     38953.5279       0.0000      6.80979     6.80979   27993.8633     5.77287      0 -
     2     1455      0.03512     39232.4687     278.9409      6.83413     6.83413   27993.8633     5.77287      1 chain_02/itr_01455_trial_01.rho
     2     1456      0.03504     39559.3950     326.9263      6.86254     6.86254   27993.8633     5.77287      1 chain_02/itr_01456_trial_01.rho
     2     1457      0.03496     39728.5709     169.1759      6.87720     6.87720   27993.8633     5.77287      1 chain_02/itr_01457_trial_01.rho
     2     1458      0.03487     40156.7539     428.1830      6.91416     6.91416   27993.8633     5.77287      1 chain_02/itr_01458_trial_01.rho
     2     1459      0.03479     40156.7539       0.0000      6.91416     6.91416   27993.8633     5.77287      0 -
     2     1460      0.03471     39689.5284    -467.2255      6.87382     6.87382   27993.8633     5.77287      1 chain_02/itr_01460_trial_01.rho
     2     1461      0.03463     39689.5284       0.0000      6.87382     6.87382   27993.8633     5.77287      0 -
     2     1462      0.03456     39689.5284       0.0000      6.87382     6.87382   27993.8633     5.77287      0 -
     2     1463      0.03448     40033.9807     344.4523      6.90359     6.90359   27993.8633     5.77287      1 chain_02/itr_01463_trial_01.rho
     2     1464       0.0344     40683.1149     649.1342      6.95933     6.95933   27993.8633     5.77287      1 chain_02/itr_01464_trial_01.rho
     2     1465      0.03432     40352.1978    -330.9170      6.93097     6.93097   27993.8633     5.77287      1 chain_02/itr_01465_trial_01.rho
     2     1466      0.03424     40352.1978       0.0000      6.93097     6.93097   27993.8633     5.77287      0 -
     2     1467      0.03416     38998.6722   -1353.5257      6.81374     6.81374   27993.8633     5.77287      1 chain_02/itr_01467_trial_01.rho
     2     1468      0.03408     39068.5666      69.8944      6.81984     6.81984   27993.8633     5.77287      1 chain_02/itr_01468_trial_01.rho
     2     1469        0.034     39068.5666       0.0000      6.81984     6.81984   27993.8633     5.77287      0 -
     2     1470      0.03392     38644.8726    -423.6940      6.78276     6.78276   27993.8633     5.77287      1 chain_02/itr_01470_trial_01.rho
     2     1471      0.03385     38098.4468    -546.4258      6.73463     6.73463   27993.8633     5.77287      1 chain_02/itr_01471_trial_01.rho
     2     1472      0.03377     38539.8221     441.3754      6.77353     6.77353   27993.8633     5.77287      1 chain_02/itr_01472_trial_01.rho
     2     1473      0.03369     39638.8653    1099.0431      6.86943     6.86943   27993.8633     5.77287      1 chain_02/itr_01473_trial_01.rho
     2     1474      0.03361     39638.8653       0.0000      6.86943     6.86943   27993.8633     5.77287      0 -
     2     1475      0.03354     41378.7119    1739.8466      7.01857     7.01857   27993.8633     5.77287      1 chain_02/itr_01475_trial_01.rho
     2     1476      0.03346     41537.2010     158.4892      7.03200     7.03200   27993.8633     5.77287      1 chain_02/itr_01476_trial_01.rho
     2     1477      0.03338     43925.9732    2388.7722      7.23138     7.23138   27993.8633     5.77287      1 chain_02/itr_01477_trial_01.rho
     2     1478       0.0333     43925.9732       0.0000      7.23138     7.23138   27993.8633     5.77287      0 -
     2     1479      0.03323     44188.6428     262.6696      7.25297     7.25297   27993.8633     5.77287      1 chain_02/itr_01479_trial_01.rho
     2     1480      0.03315     43077.5214   -1111.1214      7.16120     7.16120   27993.8633     5.77287      1 chain_02/itr_01480_trial_01.rho
     2     1481      0.03308     44545.4201    1467.8987      7.28219     7.28219   27993.8633     5.77287      1 chain_02/itr_01481_trial_01.rho
     2     1482        0.033     43577.2134    -968.2067      7.20261     7.20261   27993.8633     5.77287      1 chain_02/itr_01482_trial_01.rho
     2     1483      0.03292     44478.6561     901.4427      7.27673     7.27673   27993.8633     5.77287      1 chain_02/itr_01483_trial_01.rho
     2     1484      0.03285     43614.5633    -864.0928      7.20570     7.20570   27993.8633     5.77287      1 chain_02/itr_01484_trial_01.rho
     2     1485      0.03277     43614.5633       0.0000      7.20570     7.20570   27993.8633     5.77287      0 -
     2     1486       0.0327     43847.3492     232.7859      7.22490     7.22490   27993.8633     5.77287      1 chain_02/itr_01486_trial_01.rho
     2     1487      0.03262     42682.5004   -1164.8489      7.12829     7.12829   27993.8633     5.77287      1 chain_02/itr_01487_trial_01.rho
     2     1488      0.03255     42378.4409    -304.0595      7.10285     7.10285   27993.8633     5.77287      1 chain_02/itr_01488_trial_01.rho
     2     1489      0.03247     42482.3027     103.8618      7.11155     7.11155   27993.8633     5.77287      1 chain_02/itr_01489_trial_01.rho
     2     1490       0.0324     41577.8290    -904.4737      7.03544     7.03544   27993.8633     5.77287      1 chain_02/itr_01490_trial_01.rho
     2     1491      0.03232     41079.3780    -498.4510      6.99314     6.99314   27993.8633     5.77287      1 chain_02/itr_01491_trial_01.rho
     2     1492      0.03225     37458.3567   -3621.0213      6.67782     6.67782   27993.8633     5.77287      1 chain_02/itr_01492_trial_01.rho
     2     1493      0.03217     37045.8580    -412.4987      6.64095     6.64095   27993.8633     5.77287      1 chain_02/itr_01493_trial_01.rho
     2     1494       0.0321     36837.4867    -208.3713      6.62225     6.62225   27993.8633     5.77287      1 chain_02/itr_01494_trial_01.rho
     2     1495      0.03203     36397.2860    -440.2007      6.58256     6.58256   27993.8633     5.77287      1 chain_02/itr_01495_trial_01.rho
     2     1496      0.03195     36397.2860       0.0000      6.58256     6.58256   27993.8633     5.77287      0 -
     2     1497      0.03188     36720.2368     322.9508      6.61170     6.61170   27993.8633     5.77287      1 chain_02/itr_01497_trial_01.rho
     2     1498      0.03181     37445.3681     725.1313      6.67666     6.67666   27993.8633     5.77287      1 chain_02/itr_01498_trial_01.rho
     2     1499      0.03173     37678.9594     233.5912      6.69746     6.69746   27993.8633     5.77287      1 chain_02/itr_01499_trial_01.rho
     2     1500      0.03166     37863.9571     184.9977      6.71388     6.71388   27993.8633     5.77287      1 chain_02/itr_01500_trial_01.rho
     2     1501      0.03159     37071.6334    -792.3237      6.64326     6.64326   27993.8633     5.77287      1 chain_02/itr_01501_trial_01.rho
     2     1502      0.03151     36060.3406   -1011.2928      6.55202     6.55202   27993.8633     5.77287      1 chain_02/itr_01502_trial_01.rho
     2     1503      0.03144     35429.9397    -630.4009      6.49450     6.49450   27993.8633     5.77287      1 chain_02/itr_01503_trial_01.rho
     2     1504      0.03137     35429.9397       0.0000      6.49450     6.49450   27993.8633     5.77287      0 -
     2     1505       0.0313     34766.6675    -663.2722      6.43342     6.43342   27993.8633     5.77287      1 chain_02/itr_01505_trial_01.rho
     2     1506      0.03122     33277.2415   -1489.4260      6.29411     6.29411   27993.8633     5.77287      1 chain_02/itr_01506_trial_01.rho
     2     1507      0.03115     32315.2148    -962.0267      6.20246     6.20246   27993.8633     5.77287      1 chain_02/itr_01507_trial_01.rho
     2     1508      0.03108     31954.4186    -360.7962      6.16774     6.16774   27993.8633     5.77287      1 chain_02/itr_01508_trial_01.rho
     2     1509      0.03101     31376.7759    -577.6427      6.11173     6.11173   27993.8633     5.77287      1 chain_02/itr_01509_trial_01.rho
     2     1510      0.03094     31367.7507      -9.0253      6.11086     6.11086   27993.8633     5.77287      1 chain_02/itr_01510_trial_01.rho
     2     1511      0.03087     31367.7507       0.0000      6.11086     6.11086   27993.8633     5.77287      0 -
     2     1512       0.0308     31367.7507       0.0000      6.11086     6.11086   27993.8633     5.77287      0 -
     2     1513      0.03073     30830.5552    -537.1955      6.05830     6.05830   27993.8633     5.77287      1 chain_02/itr_01513_trial_01.rho
     2     1514      0.03065     30830.5552       0.0000      6.05830     6.05830   27993.8633     5.77287      0 -
     2     1515      0.03058     30589.9429    -240.6123      6.03462     6.03462   27993.8633     5.77287      1 chain_02/itr_01515_trial_01.rho
     2     1516      0.03051     30415.2361    -174.7067      6.01736     6.01736   27993.8633     5.77287      1 chain_02/itr_01516_trial_01.rho
     2     1517      0.03044     30624.4083     209.1722      6.03802     6.03802   27993.8633     5.77287      1 chain_02/itr_01517_trial_01.rho
     2     1518      0.03037     30363.9808    -260.4276      6.01229     6.01229   27993.8633     5.77287      1 chain_02/itr_01518_trial_01.rho
     2     1519       0.0303     30703.5937     339.6130      6.04582     6.04582   27993.8633     5.77287      1 chain_02/itr_01519_trial_01.rho
     2     1520      0.03023     30703.5937       0.0000      6.04582     6.04582   27993.8633     5.77287      0 -
     2     1521      0.03016     30327.1484    -376.4454      6.00864     6.00864   27993.8633     5.77287      1 chain_02/itr_01521_trial_01.rho
     2     1522      0.03009     30662.6681     335.5197      6.04179     6.04179   27993.8633     5.77287      1 chain_02/itr_01522_trial_01.rho
     2     1523      0.03003     30662.6681       0.0000      6.04179     6.04179   27993.8633     5.77287      0 -
     2     1524      0.02996     31298.7689     636.1008      6.10413     6.10413   27993.8633     5.77287      1 chain_02/itr_01524_trial_01.rho
     2     1525      0.02989     31298.7689       0.0000      6.10413     6.10413   27993.8633     5.77287      0 -
     2     1526      0.02982     31160.5767    -138.1922      6.09064     6.09064   27993.8633     5.77287      1 chain_02/itr_01526_trial_01.rho
     2     1527      0.02975     31339.4095     178.8328      6.10809     6.10809   27993.8633     5.77287      1 chain_02/itr_01527_trial_01.rho
     2     1528      0.02968     31489.6998     150.2903      6.12272     6.12272   27993.8633     5.77287      1 chain_02/itr_01528_trial_01.rho
     2     1529      0.02961     31070.3670    -419.3328      6.08182     6.08182   27993.8633     5.77287      1 chain_02/itr_01529_trial_01.rho
     2     1530      0.02955     31177.3606     106.9936      6.09228     6.09228   27993.8633     5.77287      1 chain_02/itr_01530_trial_01.rho
     2     1531      0.02948     30397.0064    -780.3541      6.01556     6.01556   27993.8633     5.77287      1 chain_02/itr_01531_trial_01.rho
     2     1532      0.02941     30222.8919    -174.1146      5.99830     5.99830   27993.8633     5.77287      1 chain_02/itr_01532_trial_01.rho
     2     1533      0.02934     30265.1912      42.2993      6.00250     6.00250   27993.8633     5.77287      1 chain_02/itr_01533_trial_01.rho
     2     1534      0.02927     30265.1912       0.0000      6.00250     6.00250   27993.8633     5.77287      0 -
     2     1535      0.02921     30265.1912       0.0000      6.00250     6.00250   27993.8633     5.77287      0 -
     2     1536      0.02914     30271.5973       6.4061      6.00313     6.00313   27993.8633     5.77287      1 chain_02/itr_01536_trial_01.rho
     2     1537      0.02907     30271.5973       0.0000      6.00313     6.00313   27993.8633     5.77287      0 -
     2     1538      0.02901     30271.5973       0.0000      6.00313     6.00313   27993.8633     5.77287      0 -
     2     1539      0.02894     30161.7442    -109.8531      5.99223     5.99223   27993.8633     5.77287      1 chain_02/itr_01539_trial_01.rho
     2     1540      0.02887     29642.3000    -519.4442      5.94041     5.94041   27993.8633     5.77287      1 chain_02/itr_01540_trial_01.rho
     2     1541      0.02881     29158.7321    -483.5679      5.89175     5.89175   27993.8633     5.77287      1 chain_02/itr_01541_trial_01.rho
     2     1542      0.02874     29255.0800      96.3480      5.90148     5.90148   27993.8633     5.77287      1 chain_02/itr_01542_trial_01.rho
     2     1543      0.02867     29280.6850      25.6049      5.90406     5.90406   27993.8633     5.77287      1 chain_02/itr_01543_trial_01.rho
     2     1544      0.02861     29369.8566      89.1716      5.91305     5.91305   27993.8633     5.77287      1 chain_02/itr_01544_trial_01.rho
     2     1545      0.02854     29820.7814     450.9248      5.95827     5.95827   27993.8633     5.77287      1 chain_02/itr_01545_trial_01.rho
     2     1546      0.02848     29820.7814       0.0000      5.95827     5.95827   27993.8633     5.77287      0 -
     2     1547      0.02841     29754.8404     -65.9410      5.95167     5.95167   27993.8633     5.77287      1 chain_02/itr_01547_trial_01.rho
     2     1548      0.02835     29416.2481    -338.5923      5.91771     5.91771   27993.8633     5.77287      1 chain_02/itr_01548_trial_01.rho
     2     1549      0.02828     29416.2481       0.0000      5.91771     5.91771   27993.8633     5.77287      0 -
     2     1550      0.02822     28852.2583    -563.9898      5.86071     5.86071   27993.8633     5.77287      1 chain_02/itr_01550_trial_01.rho
     2     1551      0.02815     29047.1706     194.9123      5.88047     5.88047   27993.8633     5.77287      1 chain_02/itr_01551_trial_01.rho
     2     1552      0.02809     28622.8801    -424.2904      5.83737     5.83737   27993.8633     5.77287      1 chain_02/itr_01552_trial_01.rho
     2     1553      0.02802     28622.8801       0.0000      5.83737     5.83737   27993.8633     5.77287      0 -
     2     1554      0.02796     28098.4907    -524.3894      5.78365     5.78365   27993.8633     5.77287      1 chain_02/itr_01554_trial_01.rho
     2     1555      0.02789     28268.7752     170.2845      5.80115     5.80115   27993.8633     5.77287      1 chain_02/itr_01555_trial_01.rho
     2     1556      0.02783     27689.2549    -579.5203      5.74138     5.74138   27689.2549     5.74138      1 chain_02/itr_01556_trial_01.rho
     2     1557      0.02776     27689.2549       0.0000      5.74138     5.74138   27689.2549     5.74138      0 -
     2     1558       0.0277     27146.7344    -542.5205      5.68485     5.68485   27146.7344     5.68485      1 chain_02/itr_01558_trial_01.rho
     2     1559      0.02764     27483.8802     337.1458      5.72004     5.72004   27146.7344     5.68485      1 chain_02/itr_01559_trial_01.rho
     2     1560      0.02757     27089.1083    -394.7719      5.67881     5.67881   27089.1083     5.67881      1 chain_02/itr_01560_trial_01.rho
     2     1561      0.02751     28320.6691    1231.5608      5.80647     5.80647   27089.1083     5.67881      1 chain_02/itr_01561_trial_01.rho
     2     1562      0.02745     27323.7922    -996.8769      5.70336     5.70336   27089.1083     5.67881      1 chain_02/itr_01562_trial_01.rho
     2     1563      0.02738     27323.7922       0.0000      5.70336     5.70336   27089.1083     5.67881      0 -
     2     1564      0.02732     27323.7922       0.0000      5.70336     5.70336   27089.1083     5.67881      0 -
     2     1565      0.02726     27323.7922       0.0000      5.70336     5.70336   27089.1083     5.67881      0 -
     2     1566      0.02719     28326.1492    1002.3570      5.80703     5.80703   27089.1083     5.67881      1 chain_02/itr_01566_trial_01.rho
     2     1567      0.02713     27751.8348    -574.3144      5.74786     5.74786   27089.1083     5.67881      1 chain_02/itr_01567_trial_01.rho
     2     1568      0.02707     27751.8348       0.0000      5.74786     5.74786   27089.1083     5.67881      0 -
     2     1569      0.02701     26821.0038    -930.8310      5.65064     5.65064   26821.0038     5.65064      1 chain_02/itr_01569_trial_01.rho
     2     1570      0.02694     26258.0633    -562.9405      5.59103     5.59103   26258.0633     5.59103      1 chain_02/itr_01570_trial_01.rho
     2     1571      0.02688     26548.1884     290.1252      5.62183     5.62183   26258.0633     5.59103      1 chain_02/itr_01571_trial_01.rho
     2     1572      0.02682     26159.7843    -388.4042      5.58056     5.58056   26159.7843     5.58056      1 chain_02/itr_01572_trial_01.rho
     2     1573      0.02676     26159.7843       0.0000      5.58056     5.58056   26159.7843     5.58056      0 -
     2     1574       0.0267     26159.7843       0.0000      5.58056     5.58056   26159.7843     5.58056      0 -
     2     1575      0.02664     26373.9252     214.1410      5.60335     5.60335   26159.7843     5.58056      1 chain_02/itr_01575_trial_01.rho
     2     1576      0.02658     27253.0902     879.1650      5.69598     5.69598   26159.7843     5.58056      1 chain_02/itr_01576_trial_01.rho
     2     1577      0.02651     27253.0902       0.0000      5.69598     5.69598   26159.7843     5.58056      0 -
     2     1578      0.02645     27426.6794     173.5892      5.71409     5.71409   26159.7843     5.58056      1 chain_02/itr_01578_trial_01.rho
     2     1579      0.02639     27426.6794       0.0000      5.71409     5.71409   26159.7843     5.58056      0 -
     2     1580      0.02633     27021.9056    -404.7738      5.67177     5.67177   26159.7843     5.58056      1 chain_02/itr_01580_trial_01.rho
     2     1581      0.02627     26937.1834     -84.7222      5.66287     5.66287   26159.7843     5.58056      1 chain_02/itr_01581_trial_01.rho
     2     1582      0.02621     26545.8626    -391.3207      5.62158     5.62158   26159.7843     5.58056      1 chain_02/itr_01582_trial_01.rho
     2     1583      0.02615     26702.4491     156.5865      5.63814     5.63814   26159.7843     5.58056      1 chain_02/itr_01583_trial_01.rho
     2     1584      0.02609     26581.2490    -121.2002      5.62533     5.62533   26159.7843     5.58056      1 chain_02/itr_01584_trial_01.rho
     2     1585      0.02603     26595.4237      14.1747      5.62683     5.62683   26159.7843     5.58056      1 chain_02/itr_01585_trial_01.rho
     2     1586      0.02597     26595.4237       0.0000      5.62683     5.62683   26159.7843     5.58056      0 -
     2     1587      0.02591     26743.7587     148.3350      5.64250     5.64250   26159.7843     5.58056      1 chain_02/itr_01587_trial_01.rho
     2     1588      0.02585     26320.3948    -423.3638      5.59766     5.59766   26159.7843     5.58056      1 chain_02/itr_01588_trial_01.rho
     2     1589      0.02579     26413.6954      93.3006      5.60757     5.60757   26159.7843     5.58056      1 chain_02/itr_01589_trial_01.rho
     2     1590      0.02573     26688.8303     275.1349      5.63670     5.63670   26159.7843     5.58056      1 chain_02/itr_01590_trial_01.rho
     2     1591      0.02567     27104.7549     415.9246      5.68045     5.68045   26159.7843     5.58056      1 chain_02/itr_01591_trial_01.rho
     2     1592      0.02561     27184.5033      79.7484      5.68881     5.68881   26159.7843     5.58056      1 chain_02/itr_01592_trial_01.rho
     2     1593      0.02555     27184.5033       0.0000      5.68881     5.68881   26159.7843     5.58056      0 -
     2     1594       0.0255     27184.5033       0.0000      5.68881     5.68881   26159.7843     5.58056      0 -
     2     1595      0.02544     27184.5033       0.0000      5.68881     5.68881   26159.7843     5.58056      0 -
     2     1596      0.02538     27184.5033       0.0000      5.68881     5.68881   26159.7843     5.58056      0 -
     2     1597      0.02532     27184.5033       0.0000      5.68881     5.68881   26159.7843     5.58056      0 -
     2     1598      0.02526     27184.5033       0.0000      5.68881     5.68881   26159.7843     5.58056      0 -
     2     1599       0.0252     27184.5033       0.0000      5.68881     5.68881   26159.7843     5.58056      0 -
     2     1600      0.02515     27184.5033       0.0000      5.68881     5.68881   26159.7843     5.58056      0 -
     2     1601      0.02509     27034.4726    -150.0307      5.67309     5.67309   26159.7843     5.58056      1 chain_02/itr_01601_trial_01.rho
     2     1602      0.02503     26875.1144    -159.3582      5.65634     5.65634   26159.7843     5.58056      1 chain_02/itr_01602_trial_01.rho
     2     1603      0.02497     27464.0313     588.9169      5.71798     5.71798   26159.7843     5.58056      1 chain_02/itr_01603_trial_01.rho
     2     1604      0.02492     26684.1314    -779.8999      5.63621     5.63621   26159.7843     5.58056      1 chain_02/itr_01604_trial_01.rho
     2     1605      0.02486     26756.9442      72.8128      5.64389     5.64389   26159.7843     5.58056      1 chain_02/itr_01605_trial_01.rho
     2     1606       0.0248     26392.6828    -364.2614      5.60534     5.60534   26159.7843     5.58056      1 chain_02/itr_01606_trial_01.rho
     2     1607      0.02474     26392.6828       0.0000      5.60534     5.60534   26159.7843     5.58056      0 -
     2     1608      0.02469     26222.8454    -169.8374      5.58728     5.58728   26159.7843     5.58056      1 chain_02/itr_01608_trial_01.rho
     2     1609      0.02463     26222.8454       0.0000      5.58728     5.58728   26159.7843     5.58056      0 -
     2     1610      0.02457     25911.4815    -311.3639      5.55401     5.55401   25911.4815     5.55401      1 chain_02/itr_01610_trial_01.rho
     2     1611      0.02452     26076.5060     165.0244      5.57167     5.57167   25911.4815     5.55401      1 chain_02/itr_01611_trial_01.rho
     2     1612      0.02446     25589.5979    -486.9081      5.51940     5.51940   25589.5979     5.51940      1 chain_02/itr_01612_trial_01.rho
     2     1613       0.0244     25321.1724    -268.4254      5.49038     5.49038   25321.1724     5.49038      1 chain_02/itr_01613_trial_01.rho
     2     1614      0.02435     25310.8957     -10.2767      5.48926     5.48926   25310.8957     5.48926      1 chain_02/itr_01614_trial_01.rho
     2     1615      0.02429     24185.6070   -1125.2887      5.36585     5.36585   24185.6070     5.36585      1 chain_02/itr_01615_trial_01.rho
     2     1616      0.02424     25190.5917    1004.9847      5.47620     5.47620   24185.6070     5.36585      1 chain_02/itr_01616_trial_01.rho
     2     1617      0.02418     24677.6024    -512.9892      5.42016     5.42016   24185.6070     5.36585      1 chain_02/itr_01617_trial_01.rho
     2     1618      0.02412     24677.6024       0.0000      5.42016     5.42016   24185.6070     5.36585      0 -
     2     1619      0.02407     24677.6024       0.0000      5.42016     5.42016   24185.6070     5.36585      0 -
     2     1620      0.02401     24677.6024       0.0000      5.42016     5.42016   24185.6070     5.36585      0 -
     2     1621      0.02396     24464.8871    -212.7153      5.39675     5.39675   24185.6070     5.36585      1 chain_02/itr_01621_trial_01.rho
     2     1622       0.0239     23827.9292    -636.9579      5.32603     5.32603   23827.9292     5.32603      1 chain_02/itr_01622_trial_01.rho
     2     1623      0.02385     23827.9292       0.0000      5.32603     5.32603   23827.9292     5.32603      0 -
     2     1624      0.02379     24502.8018     674.8726      5.40093     5.40093   23827.9292     5.32603      1 chain_02/itr_01624_trial_01.rho
     2     1625      0.02374     24502.8018       0.0000      5.40093     5.40093   23827.9292     5.32603      0 -
     2     1626      0.02368     24828.6705     325.8687      5.43672     5.43672   23827.9292     5.32603      1 chain_02/itr_01626_trial_01.rho
     2     1627      0.02363     24828.6705       0.0000      5.43672     5.43672   23827.9292     5.32603      0 -
     2     1628      0.02358     25250.6873     422.0168      5.48273     5.48273   23827.9292     5.32603      1 chain_02/itr_01628_trial_01.rho
     2     1629      0.02352     25250.6873       0.0000      5.48273     5.48273   23827.9292     5.32603      0 -
     2     1630      0.02347     25250.6873       0.0000      5.48273     5.48273   23827.9292     5.32603      0 -
     2     1631      0.02341     25250.6873       0.0000      5.48273     5.48273   23827.9292     5.32603      0 -
     2     1632      0.02336     24573.5050    -677.1823      5.40871     5.40871   23827.9292     5.32603      1 chain_02/itr_01632_trial_01.rho
     2     1633      0.02331     24771.7260     198.2211      5.43048     5.43048   23827.9292     5.32603      1 chain_02/itr_01633_trial_01.rho
     2     1634      0.02325     24433.6039    -338.1221      5.39329     5.39329   23827.9292     5.32603      1 chain_02/itr_01634_trial_01.rho
     2     1635       0.0232     24433.6039       0.0000      5.39329     5.39329   23827.9292     5.32603      0 -
     2     1636      0.02314     24615.0290     181.4251      5.41328     5.41328   23827.9292     5.32603      1 chain_02/itr_01636_trial_01.rho
     2     1637      0.02309     24774.5636     159.5346      5.43079     5.43079   23827.9292     5.32603      1 chain_02/itr_01637_trial_01.rho
     2     1638      0.02304     24774.5636       0.0000      5.43079     5.43079   23827.9292     5.32603      0 -
     2     1639      0.02299     25750.5281     975.9645      5.53673     5.53673   23827.9292     5.32603      1 chain_02/itr_01639_trial_01.rho
     2     1640      0.02293     25750.5281       0.0000      5.53673     5.53673   23827.9292     5.32603      0 -
     2     1641      0.02288     25750.5281       0.0000      5.53673     5.53673   23827.9292     5.32603      0 -
     2     1642      0.02283     25750.5281       0.0000      5.53673     5.53673   23827.9292     5.32603      0 -
     2     1643      0.02277     24986.9625    -763.5656      5.45402     5.45402   23827.9292     5.32603      1 chain_02/itr_01643_trial_01.rho
     2     1644      0.02272     25303.8614     316.8989      5.48850     5.48850   23827.9292     5.32603      1 chain_02/itr_01644_trial_01.rho
     2     1645      0.02267     24624.2672    -679.5942      5.41430     5.41430   23827.9292     5.32603      1 chain_02/itr_01645_trial_01.rho
     2     1646      0.02262     24624.2672       0.0000      5.41430     5.41430   23827.9292     5.32603      0 -
     2     1647      0.02257     24624.2672       0.0000      5.41430     5.41430   23827.9292     5.32603      0 -
     2     1648      0.02251     24440.9846    -183.2826      5.39411     5.39411   23827.9292     5.32603      1 chain_02/itr_01648_trial_01.rho
     2     1649      0.02246     24440.9846       0.0000      5.39411     5.39411   23827.9292     5.32603      0 -
     2     1650      0.02241     24440.9846       0.0000      5.39411     5.39411   23827.9292     5.32603      0 -
     2     1651      0.02236     24440.9846       0.0000      5.39411     5.39411   23827.9292     5.32603      0 -
     2     1652      0.02231     24440.9846       0.0000      5.39411     5.39411   23827.9292     5.32603      0 -
     2     1653      0.02226     24440.9846       0.0000      5.39411     5.39411   23827.9292     5.32603      0 -
     2     1654       0.0222     24358.3351     -82.6495      5.38498     5.38498   23827.9292     5.32603      1 chain_02/itr_01654_trial_01.rho
     2     1655      0.02215     24131.9760    -226.3590      5.35990     5.35990   23827.9292     5.32603      1 chain_02/itr_01655_trial_01.rho
     2     1656       0.0221     24216.8932      84.9172      5.36932     5.36932   23827.9292     5.32603      1 chain_02/itr_01656_trial_01.rho
     2     1657      0.02205     24434.6761     217.7829      5.39341     5.39341   23827.9292     5.32603      1 chain_02/itr_01657_trial_01.rho
     2     1658        0.022     24637.4587     202.7826      5.41575     5.41575   23827.9292     5.32603      1 chain_02/itr_01658_trial_01.rho
     2     1659      0.02195     24502.2308    -135.2279      5.40086     5.40086   23827.9292     5.32603      1 chain_02/itr_01659_trial_01.rho
     2     1660       0.0219     24502.2308       0.0000      5.40086     5.40086   23827.9292     5.32603      0 -
     2     1661      0.02185     24502.2308       0.0000      5.40086     5.40086   23827.9292     5.32603      0 -
     2     1662       0.0218     24773.1534     270.9226      5.43064     5.43064   23827.9292     5.32603      1 chain_02/itr_01662_trial_01.rho
     2     1663      0.02175     24587.4646    -185.6888      5.41025     5.41025   23827.9292     5.32603      1 chain_02/itr_01663_trial_01.rho
     2     1664       0.0217     24762.3431     174.8785      5.42945     5.42945   23827.9292     5.32603      1 chain_02/itr_01664_trial_01.rho
     2     1665      0.02165     24405.2861    -357.0569      5.39017     5.39017   23827.9292     5.32603      1 chain_02/itr_01665_trial_01.rho
     2     1666       0.0216     24405.2861       0.0000      5.39017     5.39017   23827.9292     5.32603      0 -
     2     1667      0.02155     24814.2079     408.9218      5.43514     5.43514   23827.9292     5.32603      1 chain_02/itr_01667_trial_01.rho
     2     1668       0.0215     24814.2079       0.0000      5.43514     5.43514   23827.9292     5.32603      0 -
     2     1669      0.02145     24814.2079       0.0000      5.43514     5.43514   23827.9292     5.32603      0 -
     2     1670       0.0214     24814.2079       0.0000      5.43514     5.43514   23827.9292     5.32603      0 -
     2     1671      0.02135     24155.0217    -659.1862      5.36246     5.36246   23827.9292     5.32603      1 chain_02/itr_01671_trial_01.rho
     2     1672       0.0213     25651.9035    1496.8818      5.52612     5.52612   23827.9292     5.32603      1 chain_02/itr_01672_trial_01.rho
     2     1673      0.02125     25542.9826    -108.9210      5.51437     5.51437   23827.9292     5.32603      1 chain_02/itr_01673_trial_01.rho
     2     1674      0.02121     25087.9058    -455.0767      5.46503     5.46503   23827.9292     5.32603      1 chain_02/itr_01674_trial_01.rho
     2     1675      0.02116     25356.3693     268.4635      5.49419     5.49419   23827.9292     5.32603      1 chain_02/itr_01675_trial_01.rho
     2     1676      0.02111     24953.5934    -402.7759      5.45038     5.45038   23827.9292     5.32603      1 chain_02/itr_01676_trial_01.rho
     2     1677      0.02106     25139.2787     185.6853      5.47062     5.47062   23827.9292     5.32603      1 chain_02/itr_01677_trial_01.rho
     2     1678      0.02101     24251.6556    -887.6231      5.37318     5.37318   23827.9292     5.32603      1 chain_02/itr_01678_trial_01.rho
     2     1679      0.02096     23584.4076    -667.2480      5.29874     5.29874   23584.4076     5.29874      1 chain_02/itr_01679_trial_01.rho
     2     1680      0.02091     23584.4076       0.0000      5.29874     5.29874   23584.4076     5.29874      0 -
     2     1681      0.02087     23433.8770    -150.5306      5.28181     5.28181   23433.8770     5.28181      1 chain_02/itr_01681_trial_01.rho
     2     1682      0.02082     23433.8770       0.0000      5.28181     5.28181   23433.8770     5.28181      0 -
     2     1683      0.02077     23433.8770       0.0000      5.28181     5.28181   23433.8770     5.28181      0 -
     2     1684      0.02072     23580.8276     146.9506      5.29834     5.29834   23433.8770     5.28181      1 chain_02/itr_01684_trial_01.rho
     2     1685      0.02067     23151.9126    -428.9150      5.24993     5.24993   23151.9126     5.24993      1 chain_02/itr_01685_trial_01.rho
     2     1686      0.02063     23151.9126       0.0000      5.24993     5.24993   23151.9126     5.24993      0 -
     2     1687      0.02058     22961.9842    -189.9284      5.22835     5.22835   22961.9842     5.22835      1 chain_02/itr_01687_trial_01.rho
     2     1688      0.02053     23490.9416     528.9574      5.28823     5.28823   22961.9842     5.22835      1 chain_02/itr_01688_trial_01.rho
     2     1689      0.02049     23532.2722      41.3306      5.29288     5.29288   22961.9842     5.22835      1 chain_02/itr_01689_trial_01.rho
     2     1690      0.02044     23839.0117     306.7395      5.32727     5.32727   22961.9842     5.22835      1 chain_02/itr_01690_trial_01.rho
     2     1691      0.02039     23400.8410    -438.1708      5.27808     5.27808   22961.9842     5.22835      1 chain_02/itr_01691_trial_01.rho
     2     1692      0.02034     23343.8066     -57.0343      5.27165     5.27165   22961.9842     5.22835      1 chain_02/itr_01692_trial_01.rho
     2     1693       0.0203     23343.8066       0.0000      5.27165     5.27165   22961.9842     5.22835      0 -
     2     1694      0.02025     22869.7146    -474.0920      5.21784     5.21784   22869.7146     5.21784      1 chain_02/itr_01694_trial_01.rho
     2     1695       0.0202     22869.7146       0.0000      5.21784     5.21784   22869.7146     5.21784      0 -
     2     1696      0.02016     22869.7146       0.0000      5.21784     5.21784   22869.7146     5.21784      0 -
     2     1697      0.02011     22834.4568     -35.2578      5.21382     5.21382   22834.4568     5.21382      1 chain_02/itr_01697_trial_01.rho
     2     1698      0.02006     22834.4568       0.0000      5.21382     5.21382   22834.4568     5.21382      0 -
     2     1699      0.02002     22834.4568       0.0000      5.21382     5.21382   22834.4568     5.21382      0 -
     2     1700      0.01997     23260.4187     425.9619      5.26222     5.26222   22834.4568     5.21382      1 chain_02/itr_01700_trial_01.rho
     2     1701      0.01993     23260.4187       0.0000      5.26222     5.26222   22834.4568     5.21382      0 -
     2     1702      0.01988     22970.3830    -290.0357      5.22931     5.22931   22834.4568     5.21382      1 chain_02/itr_01702_trial_01.rho
     2     1703      0.01984     23149.5587     179.1757      5.24967     5.24967   22834.4568     5.21382      1 chain_02/itr_01703_trial_01.rho
     2     1704      0.01979     23149.5587       0.0000      5.24967     5.24967   22834.4568     5.21382      0 -
     2     1705      0.01974     23149.5587       0.0000      5.24967     5.24967   22834.4568     5.21382      0 -
     2     1706       0.0197     23288.2738     138.7151      5.26537     5.26537   22834.4568     5.21382      1 chain_02/itr_01706_trial_01.rho
     2     1707      0.01965     23224.9524     -63.3214      5.25821     5.25821   22834.4568     5.21382      1 chain_02/itr_01707_trial_01.rho
     2     1708      0.01961     24186.0894     961.1370      5.36591     5.36591   22834.4568     5.21382      1 chain_02/itr_01708_trial_01.rho
     2     1709      0.01956     24016.1348    -169.9546      5.34702     5.34702   22834.4568     5.21382      1 chain_02/itr_01709_trial_01.rho
     2     1710      0.01952     24016.1348       0.0000      5.34702     5.34702   22834.4568     5.21382      0 -
     2     1711      0.01947     24278.1203     261.9854      5.37611     5.37611   22834.4568     5.21382      1 chain_02/itr_01711_trial_01.rho
     2     1712      0.01943     24278.1203       0.0000      5.37611     5.37611   22834.4568     5.21382      0 -
     2     1713      0.01938     24184.6983     -93.4220      5.36575     5.36575   22834.4568     5.21382      1 chain_02/itr_01713_trial_01.rho
     2     1714      0.01934     23795.1102    -389.5880      5.32236     5.32236   22834.4568     5.21382      1 chain_02/itr_01714_trial_01.rho
     2     1715      0.01929     23835.5099      40.3997      5.32688     5.32688   22834.4568     5.21382      1 chain_02/itr_01715_trial_01.rho
     2     1716      0.01925     23766.6134     -68.8966      5.31917     5.31917   22834.4568     5.21382      1 chain_02/itr_01716_trial_01.rho
     2     1717      0.01921     23766.6134       0.0000      5.31917     5.31917   22834.4568     5.21382      0 -
     2     1718      0.01916     24131.7811     365.1677      5.35988     5.35988   22834.4568     5.21382      1 chain_02/itr_01718_trial_01.rho
     2     1719      0.01912     23221.6687    -910.1124      5.25784     5.25784   22834.4568     5.21382      1 chain_02/itr_01719_trial_01.rho
     2     1720      0.01907     22196.6984   -1024.9702      5.14049     5.14049   22196.6984     5.14049      1 chain_02/itr_01720_trial_01.rho
     2     1721      0.01903     22340.6286     143.9302      5.15713     5.15713   22196.6984     5.14049      1 chain_02/itr_01721_trial_01.rho
     2     1722      0.01899     22340.6286       0.0000      5.15713     5.15713   22196.6984     5.14049      0 -
     2     1723      0.01894     22469.2642     128.6355      5.17196     5.17196   22196.6984     5.14049      1 chain_02/itr_01723_trial_01.rho
     2     1724       0.0189     22469.2642       0.0000      5.17196     5.17196   22196.6984     5.14049      0 -
     2     1725      0.01885     22469.2642       0.0000      5.17196     5.17196   22196.6984     5.14049      0 -
     2     1726      0.01881     21480.4323    -988.8319      5.05687     5.05687   21480.4323     5.05687      1 chain_02/itr_01726_trial_01.rho
     2     1727      0.01877     21480.4323       0.0000      5.05687     5.05687   21480.4323     5.05687      0 -
     2     1728      0.01873     21809.7588     329.3266      5.09549     5.09549   21480.4323     5.05687      1 chain_02/itr_01728_trial_01.rho
     2     1729      0.01868     21809.7588       0.0000      5.09549     5.09549   21480.4323     5.05687      0 -
     2     1730      0.01864     21392.3205    -417.4383      5.04649     5.04649   21392.3205     5.04649      1 chain_02/itr_01730_trial_01.rho
     2     1731       0.0186     20823.3422    -568.9783      4.97892     4.97892   20823.3422     4.97892      1 chain_02/itr_01731_trial_01.rho
     2     1732      0.01855     20866.0689      42.7266      4.98403     4.98403   20823.3422     4.97892      1 chain_02/itr_01732_trial_01.rho
     2     1733      0.01851     21001.4576     135.3888      5.00017     5.00017   20823.3422     4.97892      1 chain_02/itr_01733_trial_01.rho
     2     1734      0.01847     21238.5158     237.0582      5.02831     5.02831   20823.3422     4.97892      1 chain_02/itr_01734_trial_01.rho
     2     1735      0.01843     21238.5158       0.0000      5.02831     5.02831   20823.3422     4.97892      0 -
     2     1736      0.01838     21238.5158       0.0000      5.02831     5.02831   20823.3422     4.97892      0 -
     2     1737      0.01834     21238.5158       0.0000      5.02831     5.02831   20823.3422     4.97892      0 -
     2     1738       0.0183     21117.8981    -120.6177      5.01402     5.01402   20823.3422     4.97892      1 chain_02/itr_01738_trial_01.rho
     2     1739      0.01826     21117.8981       0.0000      5.01402     5.01402   20823.3422     4.97892      0 -
     2     1740      0.01821     21380.6065     262.7084      5.04511     5.04511   20823.3422     4.97892      1 chain_02/itr_01740_trial_01.rho
     2     1741      0.01817     21380.6065       0.0000      5.04511     5.04511   20823.3422     4.97892      0 -
     2     1742      0.01813     21163.6309    -216.9756      5.01944     5.01944   20823.3422     4.97892      1 chain_02/itr_01742_trial_01.rho
     2     1743      0.01809     21315.2307     151.5998      5.03739     5.03739   20823.3422     4.97892      1 chain_02/itr_01743_trial_01.rho
     2     1744      0.01805     21315.2307       0.0000      5.03739     5.03739   20823.3422     4.97892      0 -
     2     1745      0.01801     21315.2307       0.0000      5.03739     5.03739   20823.3422     4.97892      0 -
     2     1746      0.01796     21335.4971      20.2664      5.03978     5.03978   20823.3422     4.97892      1 chain_02/itr_01746_trial_01.rho
     2     1747      0.01792     21226.9492    -108.5479      5.02695     5.02695   20823.3422     4.97892      1 chain_02/itr_01747_trial_01.rho
     2     1748      0.01788     21210.8309     -16.1183      5.02504     5.02504   20823.3422     4.97892      1 chain_02/itr_01748_trial_01.rho
     2     1749      0.01784     21210.8309       0.0000      5.02504     5.02504   20823.3422     4.97892      0 -
     2     1750       0.0178     20954.5816    -256.2493      4.99459     4.99459   20823.3422     4.97892      1 chain_02/itr_01750_trial_01.rho
     2     1751      0.01776     20792.7987    -161.7829      4.97527     4.97527   20792.7987     4.97527      1 chain_02/itr_01751_trial_01.rho
     2     1752      0.01772     20714.2611     -78.5376      4.96587     4.96587   20714.2611     4.96587      1 chain_02/itr_01752_trial_01.rho
     2     1753      0.01768     20714.2611       0.0000      4.96587     4.96587   20714.2611     4.96587      0 -
     2     1754      0.01764     21087.8146     373.5535      5.01044     5.01044   20714.2611     4.96587      1 chain_02/itr_01754_trial_01.rho
     2     1755       0.0176     20760.0390    -327.7756      4.97135     4.97135   20714.2611     4.96587      1 chain_02/itr_01755_trial_01.rho
     2     1756      0.01756     20754.7390      -5.3000      4.97072     4.97072   20714.2611     4.96587      1 chain_02/itr_01756_trial_01.rho
     2     1757      0.01752     20754.7390       0.0000      4.97072     4.97072   20714.2611     4.96587      0 -
     2     1758      0.01747     21041.5890     286.8501      5.00495     5.00495   20714.2611     4.96587      1 chain_02/itr_01758_trial_01.rho
     2     1759      0.01743     21041.5890       0.0000      5.00495     5.00495   20714.2611     4.96587      0 -
     2     1760      0.01739     20690.0525    -351.5365      4.96296     4.96296   20690.0525     4.96296      1 chain_02/itr_01760_trial_01.rho
     2     1761      0.01735     20690.0525       0.0000      4.96296     4.96296   20690.0525     4.96296      0 -
     2     1762      0.01731     20420.9276    -269.1249      4.93058     4.93058   20420.9276     4.93058      1 chain_02/itr_01762_trial_01.rho
     2     1763      0.01727     20789.3550     368.4275      4.97486     4.97486   20420.9276     4.93058      1 chain_02/itr_01763_trial_01.rho
     2     1764      0.01724     20608.1115    -181.2436      4.95313     4.95313   20420.9276     4.93058      1 chain_02/itr_01764_trial_01.rho
     2     1765       0.0172     20591.3638     -16.7476      4.95111     4.95111   20420.9276     4.93058      1 chain_02/itr_01765_trial_01.rho
     2     1766      0.01716     20407.3127    -184.0511      4.92894     4.92894   20407.3127     4.92894      1 chain_02/itr_01766_trial_01.rho
     2     1767      0.01712     20732.6744     325.3617      4.96807     4.96807   20407.3127     4.92894      1 chain_02/itr_01767_trial_01.rho
     2     1768      0.01708     20732.6744       0.0000      4.96807     4.96807   20407.3127     4.92894      0 -
     2     1769      0.01704     20590.7078    -141.9666      4.95103     4.95103   20407.3127     4.92894      1 chain_02/itr_01769_trial_01.rho
     2     1770        0.017     20590.7078       0.0000      4.95103     4.95103   20407.3127     4.92894      0 -
     2     1771      0.01696     20616.3986      25.6908      4.95412     4.95412   20407.3127     4.92894      1 chain_02/itr_01771_trial_01.rho
     2     1772      0.01692     20616.3986       0.0000      4.95412     4.95412   20407.3127     4.92894      0 -
     2     1773      0.01688     20616.3986       0.0000      4.95412     4.95412   20407.3127     4.92894      0 -
     2     1774      0.01684     20616.3986       0.0000      4.95412     4.95412   20407.3127     4.92894      0 -
     2     1775       0.0168     20616.3986       0.0000      4.95412     4.95412   20407.3127     4.92894      0 -
     2     1776      0.01677     20616.3986       0.0000      4.95412     4.95412   20407.3127     4.92894      0 -
     2     1777      0.01673     20364.8487    -251.5499      4.92381     4.92381   20364.8487     4.92381      1 chain_02/itr_01777_trial_01.rho
     2     1778      0.01669     20520.2535     155.4048      4.94256     4.94256   20364.8487     4.92381      1 chain_02/itr_01778_trial_01.rho
     2     1779      0.01665     20520.2535       0.0000      4.94256     4.94256   20364.8487     4.92381      0 -
     2     1780      0.01661     20362.7979    -157.4556      4.92356     4.92356   20362.7979     4.92356      1 chain_02/itr_01780_trial_01.rho
     2     1781      0.01657     19998.4600    -364.3379      4.87931     4.87931   19998.4600     4.87931      1 chain_02/itr_01781_trial_01.rho
     2     1782      0.01654     19601.5624    -396.8976      4.83065     4.83065   19601.5624     4.83065      1 chain_02/itr_01782_trial_01.rho
     2     1783       0.0165     19475.6842    -125.8782      4.81512     4.81512   19475.6842     4.81512      1 chain_02/itr_01783_trial_01.rho
     2     1784      0.01646     19635.2375     159.5533      4.83480     4.83480   19475.6842     4.81512      1 chain_02/itr_01784_trial_01.rho
     2     1785      0.01642     19635.2375       0.0000      4.83480     4.83480   19475.6842     4.81512      0 -
     2     1786      0.01638     19635.2375       0.0000      4.83480     4.83480   19475.6842     4.81512      0 -
     2     1787      0.01635     19635.2375       0.0000      4.83480     4.83480   19475.6842     4.81512      0 -
     2     1788      0.01631     20202.2404     567.0028      4.90411     4.90411   19475.6842     4.81512      1 chain_02/itr_01788_trial_01.rho
     2     1789      0.01627     20202.2404       0.0000      4.90411     4.90411   19475.6842     4.81512      0 -
     2     1790      0.01623     20202.2404       0.0000      4.90411     4.90411   19475.6842     4.81512      0 -
     2     1791       0.0162     20202.2404       0.0000      4.90411     4.90411   19475.6842     4.81512      0 -
     2     1792      0.01616     20202.2404       0.0000      4.90411     4.90411   19475.6842     4.81512      0 -
     2     1793      0.01612     20202.2404       0.0000      4.90411     4.90411   19475.6842     4.81512      0 -
     2     1794      0.01608     20066.8403    -135.4001      4.88765     4.88765   19475.6842     4.81512      1 chain_02/itr_01794_trial_01.rho
     2     1795      0.01605     19849.8827    -216.9576      4.86115     4.86115   19475.6842     4.81512      1 chain_02/itr_01795_trial_01.rho
     2     1796      0.01601     19849.8827       0.0000      4.86115     4.86115   19475.6842     4.81512      0 -
     2     1797      0.01597     19849.8827       0.0000      4.86115     4.86115   19475.6842     4.81512      0 -
     2     1798      0.01594     19985.0438     135.1611      4.87768     4.87768   19475.6842     4.81512      1 chain_02/itr_01798_trial_01.rho
     2     1799       0.0159     19985.0438       0.0000      4.87768     4.87768   19475.6842     4.81512      0 -
     2     1800      0.01586     19985.0438       0.0000      4.87768     4.87768   19475.6842     4.81512      0 -
     2     1801      0.01583     20250.8100     265.7662      4.91000     4.91000   19475.6842     4.81512      1 chain_02/itr_01801_trial_01.rho
     2     1802      0.01579     20250.8100       0.0000      4.91000     4.91000   19475.6842     4.81512      0 -
     2     1803      0.01575     20250.8100       0.0000      4.91000     4.91000   19475.6842     4.81512      0 -
     2     1804      0.01572     20250.8100       0.0000      4.91000     4.91000   19475.6842     4.81512      0 -
     2     1805      0.01568     20250.8100       0.0000      4.91000     4.91000   19475.6842     4.81512      0 -
     2     1806      0.01565     20250.8100       0.0000      4.91000     4.91000   19475.6842     4.81512      0 -
     2     1807      0.01561     20176.4124     -74.3976      4.90097     4.90097   19475.6842     4.81512      1 chain_02/itr_01807_trial_01.rho
     2     1808      0.01557     20176.4124       0.0000      4.90097     4.90097   19475.6842     4.81512      0 -
     2     1809      0.01554     20176.4124       0.0000      4.90097     4.90097   19475.6842     4.81512      0 -
     2     1810       0.0155     20176.4124       0.0000      4.90097     4.90097   19475.6842     4.81512      0 -
     2     1811      0.01547     20176.4124       0.0000      4.90097     4.90097   19475.6842     4.81512      0 -
     2     1812      0.01543     20275.2271      98.8147      4.91296     4.91296   19475.6842     4.81512      1 chain_02/itr_01812_trial_01.rho
     2     1813       0.0154     20275.2271       0.0000      4.91296     4.91296   19475.6842     4.81512      0 -
     2     1814      0.01536     20275.2271       0.0000      4.91296     4.91296   19475.6842     4.81512      0 -
     2     1815      0.01532     20275.2271       0.0000      4.91296     4.91296   19475.6842     4.81512      0 -
     2     1816      0.01529     20714.3188     439.0917      4.96587     4.96587   19475.6842     4.81512      1 chain_02/itr_01816_trial_01.rho
     2     1817      0.01525     20714.3188       0.0000      4.96587     4.96587   19475.6842     4.81512      0 -
     2     1818      0.01522     21307.8202     593.5014      5.03651     5.03651   19475.6842     4.81512      1 chain_02/itr_01818_trial_01.rho
     2     1819      0.01518     21007.7489    -300.0713      5.00092     5.00092   19475.6842     4.81512      1 chain_02/itr_01819_trial_01.rho
     2     1820      0.01515     21007.7489       0.0000      5.00092     5.00092   19475.6842     4.81512      0 -
     2     1821      0.01511     20833.7215    -174.0274      4.98017     4.98017   19475.6842     4.81512      1 chain_02/itr_01821_trial_01.rho
     2     1822      0.01508     20760.7878     -72.9336      4.97144     4.97144   19475.6842     4.81512      1 chain_02/itr_01822_trial_01.rho
     2     1823      0.01505     21009.4390     248.6511      5.00112     5.00112   19475.6842     4.81512      1 chain_02/itr_01823_trial_01.rho
     2     1824      0.01501     21066.0111      56.5721      5.00785     5.00785   19475.6842     4.81512      1 chain_02/itr_01824_trial_01.rho
     2     1825      0.01498     21220.7187     154.7076      5.02621     5.02621   19475.6842     4.81512      1 chain_02/itr_01825_trial_01.rho
     2     1826      0.01494     21078.1655    -142.5532      5.00930     5.00930   19475.6842     4.81512      1 chain_02/itr_01826_trial_01.rho
     2     1827      0.01491     21078.1655       0.0000      5.00930     5.00930   19475.6842     4.81512      0 -
     2     1828      0.01487     20592.4679    -485.6976      4.95125     4.95125   19475.6842     4.81512      1 chain_02/itr_01828_trial_01.rho
     2     1829      0.01484     20592.4679       0.0000      4.95125     4.95125   19475.6842     4.81512      0 -
     2     1830       0.0148     20292.9854    -299.4826      4.91511     4.91511   19475.6842     4.81512      1 chain_02/itr_01830_trial_01.rho
     2     1831      0.01477     20236.7266     -56.2587      4.90829     4.90829   19475.6842     4.81512      1 chain_02/itr_01831_trial_01.rho
     2     1832      0.01474     20217.0608     -19.6659      4.90591     4.90591   19475.6842     4.81512      1 chain_02/itr_01832_trial_01.rho
     2     1833       0.0147     20217.0608       0.0000      4.90591     4.90591   19475.6842     4.81512      0 -
     2     1834      0.01467     20041.0610    -175.9998      4.88451     4.88451   19475.6842     4.81512      1 chain_02/itr_01834_trial_01.rho
     2     1835      0.01463     20271.0803     230.0193      4.91246     4.91246   19475.6842     4.81512      1 chain_02/itr_01835_trial_01.rho
     2     1836       0.0146     20271.0803       0.0000      4.91246     4.91246   19475.6842     4.81512      0 -
     2     1837      0.01457     20271.0803       0.0000      4.91246     4.91246   19475.6842     4.81512      0 -
     2     1838      0.01453     20102.0528    -169.0274      4.89193     4.89193   19475.6842     4.81512      1 chain_02/itr_01838_trial_01.rho
     2     1839       0.0145     19619.6842    -482.3686      4.83288     4.83288   19475.6842     4.81512      1 chain_02/itr_01839_trial_01.rho
     2     1840      0.01447     19619.6842       0.0000      4.83288     4.83288   19475.6842     4.81512      0 -
     2     1841      0.01443     19619.6842       0.0000      4.83288     4.83288   19475.6842     4.81512      0 -
     2     1842       0.0144     20064.7148     445.0306      4.88739     4.88739   19475.6842     4.81512      1 chain_02/itr_01842_trial_01.rho
     2     1843      0.01437     20512.8227     448.1079      4.94166     4.94166   19475.6842     4.81512      1 chain_02/itr_01843_trial_01.rho
     2     1844      0.01433     20590.4512      77.6285      4.95100     4.95100   19475.6842     4.81512      1 chain_02/itr_01844_trial_01.rho
     2     1845       0.0143     20590.4512       0.0000      4.95100     4.95100   19475.6842     4.81512      0 -
     2     1846      0.01427     20525.5745     -64.8766      4.94320     4.94320   19475.6842     4.81512      1 chain_02/itr_01846_trial_01.rho
     2     1847      0.01424     20570.1312      44.5566      4.94856     4.94856   19475.6842     4.81512      1 chain_02/itr_01847_trial_01.rho
     2     1848       0.0142     20064.8079    -505.3233      4.88740     4.88740   19475.6842     4.81512      1 chain_02/itr_01848_trial_01.rho
     2     1849      0.01417     20064.8079       0.0000      4.88740     4.88740   19475.6842     4.81512      0 -
     2     1850      0.01414     20064.8079       0.0000      4.88740     4.88740   19475.6842     4.81512      0 -
     2     1851      0.01411     19965.3828     -99.4251      4.87528     4.87528   19475.6842     4.81512      1 chain_02/itr_01851_trial_01.rho
     2     1852      0.01407     19965.3828       0.0000      4.87528     4.87528   19475.6842     4.81512      0 -
     2     1853      0.01404     19965.3828       0.0000      4.87528     4.87528   19475.6842     4.81512      0 -
     2     1854      0.01401     19965.3828       0.0000      4.87528     4.87528   19475.6842     4.81512      0 -
     2     1855      0.01398     19927.9052     -37.4776      4.87070     4.87070   19475.6842     4.81512      1 chain_02/itr_01855_trial_01.rho
     2     1856      0.01394     20003.9531      76.0480      4.87998     4.87998   19475.6842     4.81512      1 chain_02/itr_01856_trial_01.rho
     2     1857      0.01391     20003.9531       0.0000      4.87998     4.87998   19475.6842     4.81512      0 -
     2     1858      0.01388     20380.8578     376.9047      4.92574     4.92574   19475.6842     4.81512      1 chain_02/itr_01858_trial_01.rho
     2     1859      0.01385     20084.3457    -296.5122      4.88978     4.88978   19475.6842     4.81512      1 chain_02/itr_01859_trial_01.rho
     2     1860      0.01382     20590.8089     506.4632      4.95105     4.95105   19475.6842     4.81512      1 chain_02/itr_01860_trial_01.rho
     2     1861      0.01378     20590.8089       0.0000      4.95105     4.95105   19475.6842     4.81512      0 -
     2     1862      0.01375     20590.8089       0.0000      4.95105     4.95105   19475.6842     4.81512      0 -
     2     1863      0.01372     20560.0146     -30.7943      4.94734     4.94734   19475.6842     4.81512      1 chain_02/itr_01863_trial_01.rho
     2     1864      0.01369     20110.4839    -449.5307      4.89296     4.89296   19475.6842     4.81512      1 chain_02/itr_01864_trial_01.rho
     2     1865      0.01366     20110.4839       0.0000      4.89296     4.89296   19475.6842     4.81512      0 -
     2     1866      0.01363     19751.3754    -359.1085      4.84908     4.84908   19475.6842     4.81512      1 chain_02/itr_01866_trial_01.rho
     2     1867      0.01359     19699.6817     -51.6937      4.84273     4.84273   19475.6842     4.81512      1 chain_02/itr_01867_trial_01.rho
     2     1868      0.01356     19542.9775    -156.7042      4.82343     4.82343   19475.6842     4.81512      1 chain_02/itr_01868_trial_01.rho
     2     1869      0.01353     19860.1137     317.1363      4.86241     4.86241   19475.6842     4.81512      1 chain_02/itr_01869_trial_01.rho
     2     1870       0.0135     19283.9593    -576.1545      4.79136     4.79136   19283.9593     4.79136      1 chain_02/itr_01870_trial_01.rho
     2     1871      0.01347     19283.9593       0.0000      4.79136     4.79136   19283.9593     4.79136      0 -
     2     1872      0.01344     19283.9593       0.0000      4.79136     4.79136   19283.9593     4.79136      0 -
     2     1873      0.01341     19283.9593       0.0000      4.79136     4.79136   19283.9593     4.79136      0 -
     2     1874      0.01338     18915.5590    -368.4003      4.74537     4.74537   18915.5590     4.74537      1 chain_02/itr_01874_trial_01.rho
     2     1875      0.01335     18915.5590       0.0000      4.74537     4.74537   18915.5590     4.74537      0 -
     2     1876      0.01332     19761.9672     846.4082      4.85038     4.85038   18915.5590     4.74537      1 chain_02/itr_01876_trial_01.rho
     2     1877      0.01329     19761.9672       0.0000      4.85038     4.85038   18915.5590     4.74537      0 -
     2     1878      0.01325     19761.9672       0.0000      4.85038     4.85038   18915.5590     4.74537      0 -
     2     1879      0.01322     19418.1643    -343.8029      4.80800     4.80800   18915.5590     4.74537      1 chain_02/itr_01879_trial_01.rho
     2     1880      0.01319     19418.1643       0.0000      4.80800     4.80800   18915.5590     4.74537      0 -
     2     1881      0.01316     19418.1643       0.0000      4.80800     4.80800   18915.5590     4.74537      0 -
     2     1882      0.01313     19031.1149    -387.0494      4.75984     4.75984   18915.5590     4.74537      1 chain_02/itr_01882_trial_01.rho
     2     1883       0.0131     18762.1138    -269.0011      4.72608     4.72608   18762.1138     4.72608      1 chain_02/itr_01883_trial_01.rho
     2     1884      0.01307     18762.1138       0.0000      4.72608     4.72608   18762.1138     4.72608      0 -
     2     1885      0.01304     18531.8056    -230.3082      4.69699     4.69699   18531.8056     4.69699      1 chain_02/itr_01885_trial_01.rho
     2     1886      0.01301     18126.4093    -405.3964      4.64533     4.64533   18126.4093     4.64533      1 chain_02/itr_01886_trial_01.rho
     2     1887      0.01298     18118.8201      -7.5891      4.64435     4.64435   18118.8201     4.64435      1 chain_02/itr_01887_trial_01.rho
     2     1888      0.01295     18116.1543      -2.6658      4.64401     4.64401   18116.1543     4.64401      1 chain_02/itr_01888_trial_01.rho
     2     1889      0.01292     18380.0092     263.8549      4.67771     4.67771   18116.1543     4.64401      1 chain_02/itr_01889_trial_01.rho
     2     1890      0.01289     18380.0092       0.0000      4.67771     4.67771   18116.1543     4.64401      0 -
     2     1891      0.01286     18505.4091     125.3998      4.69364     4.69364   18116.1543     4.64401      1 chain_02/itr_01891_trial_01.rho
     2     1892      0.01283     18505.4091       0.0000      4.69364     4.69364   18116.1543     4.64401      0 -
     2     1893       0.0128     18505.4091       0.0000      4.69364     4.69364   18116.1543     4.64401      0 -
     2     1894      0.01278     18698.2036     192.7945      4.71803     4.71803   18116.1543     4.64401      1 chain_02/itr_01894_trial_01.rho
     2     1895      0.01275     18698.2036       0.0000      4.71803     4.71803   18116.1543     4.64401      0 -
     2     1896      0.01272     18698.2036       0.0000      4.71803     4.71803   18116.1543     4.64401      0 -
     2     1897      0.01269     18698.2036       0.0000      4.71803     4.71803   18116.1543     4.64401      0 -
     2     1898      0.01266     19131.1048     432.9012      4.77233     4.77233   18116.1543     4.64401      1 chain_02/itr_01898_trial_01.rho
     2     1899      0.01263     18955.1463    -175.9585      4.75033     4.75033   18116.1543     4.64401      1 chain_02/itr_01899_trial_01.rho
     2     1900       0.0126     18955.1463       0.0000      4.75033     4.75033   18116.1543     4.64401      0 -
     2     1901      0.01257     18955.1463       0.0000      4.75033     4.75033   18116.1543     4.64401      0 -
     2     1902      0.01254     18955.1463       0.0000      4.75033     4.75033   18116.1543     4.64401      0 -
     2     1903      0.01251     18955.1463       0.0000      4.75033     4.75033   18116.1543     4.64401      0 -
     2     1904      0.01248     18955.1463       0.0000      4.75033     4.75033   18116.1543     4.64401      0 -
     2     1905      0.01246     19233.4198     278.2736      4.78507     4.78507   18116.1543     4.64401      1 chain_02/itr_01905_trial_01.rho
     2     1906      0.01243     19233.4198       0.0000      4.78507     4.78507   18116.1543     4.64401      0 -
     2     1907       0.0124     19368.2140     134.7942      4.80181     4.80181   18116.1543     4.64401      1 chain_02/itr_01907_trial_01.rho
     2     1908      0.01237     19368.2140       0.0000      4.80181     4.80181   18116.1543     4.64401      0 -
     2     1909      0.01234     19138.5895    -229.6245      4.77326     4.77326   18116.1543     4.64401      1 chain_02/itr_01909_trial_01.rho
     2     1910      0.01231     19138.5895       0.0000      4.77326     4.77326   18116.1543     4.64401      0 -
     2     1911      0.01228     19648.6555     510.0660      4.83645     4.83645   18116.1543     4.64401      1 chain_02/itr_01911_trial_01.rho
     2     1912      0.01226     20013.3709     364.7154      4.88113     4.88113   18116.1543     4.64401      1 chain_02/itr_01912_trial_01.rho
     2     1913      0.01223     20013.3709       0.0000      4.88113     4.88113   18116.1543     4.64401      0 -
     2     1914       0.0122     20013.3709       0.0000      4.88113     4.88113   18116.1543     4.64401      0 -
     2     1915      0.01217     19885.4699    -127.9010      4.86551     4.86551   18116.1543     4.64401      1 chain_02/itr_01915_trial_01.rho
     2     1916      0.01214     20112.5030     227.0331      4.89321     4.89321   18116.1543     4.64401      1 chain_02/itr_01916_trial_01.rho
     2     1917      0.01212     20112.5030       0.0000      4.89321     4.89321   18116.1543     4.64401      0 -
     2     1918      0.01209     20294.9778     182.4748      4.91535     4.91535   18116.1543     4.64401      1 chain_02/itr_01918_trial_01.rho
     2     1919      0.01206     20294.9778       0.0000      4.91535     4.91535   18116.1543     4.64401      0 -
     2     1920      0.01203     20040.0188    -254.9589      4.88438     4.88438   18116.1543     4.64401      1 chain_02/itr_01920_trial_01.rho
     2     1921        0.012     20040.0188       0.0000      4.88438     4.88438   18116.1543     4.64401      0 -
     2     1922      0.01198     19241.5484    -798.4704      4.78608     4.78608   18116.1543     4.64401      1 chain_02/itr_01922_trial_01.rho
     2     1923      0.01195     19277.2502      35.7017      4.79052     4.79052   18116.1543     4.64401      1 chain_02/itr_01923_trial_01.rho
     2     1924      0.01192     19277.2502       0.0000      4.79052     4.79052   18116.1543     4.64401      0 -
     2     1925      0.01189     18998.5979    -278.6522      4.75577     4.75577   18116.1543     4.64401      1 chain_02/itr_01925_trial_01.rho
     2     1926      0.01187     19136.0702     137.4722      4.77295     4.77295   18116.1543     4.64401      1 chain_02/itr_01926_trial_01.rho
     2     1927      0.01184     19136.0702       0.0000      4.77295     4.77295   18116.1543     4.64401      0 -
     2     1928      0.01181     19136.0702       0.0000      4.77295     4.77295   18116.1543     4.64401      0 -
     2     1929      0.01179     19136.0702       0.0000      4.77295     4.77295   18116.1543     4.64401      0 -
     2     1930      0.01176     18825.5512    -310.5189      4.73406     4.73406   18116.1543     4.64401      1 chain_02/itr_01930_trial_01.rho
     2     1931      0.01173     18825.5512       0.0000      4.73406     4.73406   18116.1543     4.64401      0 -
     2     1932       0.0117     18825.5512       0.0000      4.73406     4.73406   18116.1543     4.64401      0 -
     2     1933      0.01168     18682.8902    -142.6610      4.71609     4.71609   18116.1543     4.64401      1 chain_02/itr_01933_trial_01.rho
     2     1934      0.01165     18718.8191      35.9289      4.72063     4.72063   18116.1543     4.64401      1 chain_02/itr_01934_trial_01.rho
     2     1935      0.01162     18659.2497     -59.5695      4.71311     4.71311   18116.1543     4.64401      1 chain_02/itr_01935_trial_01.rho
     2     1936       0.0116     18659.2497       0.0000      4.71311     4.71311   18116.1543     4.64401      0 -
     2     1937      0.01157     19277.8568     618.6072      4.79060     4.79060   18116.1543     4.64401      1 chain_02/itr_01937_trial_01.rho
     2     1938      0.01154     19240.4052     -37.4516      4.78594     4.78594   18116.1543     4.64401      1 chain_02/itr_01938_trial_01.rho
     2     1939      0.01152     19240.4052       0.0000      4.78594     4.78594   18116.1543     4.64401      0 -
     2     1940      0.01149     19240.4052       0.0000      4.78594     4.78594   18116.1543     4.64401      0 -
     2     1941      0.01146     19240.4052       0.0000      4.78594     4.78594   18116.1543     4.64401      0 -
     2     1942      0.01144     19240.4052       0.0000      4.78594     4.78594   18116.1543     4.64401      0 -
     2     1943      0.01141     19240.4052       0.0000      4.78594     4.78594   18116.1543     4.64401      0 -
     2     1944      0.01139     19431.6156     191.2104      4.80966     4.80966   18116.1543     4.64401      1 chain_02/itr_01944_trial_01.rho
     2     1945      0.01136     19431.6156       0.0000      4.80966     4.80966   18116.1543     4.64401      0 -
     2     1946      0.01133     19431.6156       0.0000      4.80966     4.80966   18116.1543     4.64401      0 -
     2     1947      0.01131     19620.8174     189.2018      4.83302     4.83302   18116.1543     4.64401      1 chain_02/itr_01947_trial_01.rho
     2     1948      0.01128     19370.8494    -249.9680      4.80214     4.80214   18116.1543     4.64401      1 chain_02/itr_01948_trial_01.rho
     2     1949      0.01126     19370.8494       0.0000      4.80214     4.80214   18116.1543     4.64401      0 -
     2     1950      0.01123     18802.9066    -567.9428      4.73122     4.73122   18116.1543     4.64401      1 chain_02/itr_01950_trial_01.rho
     2     1951       0.0112     18242.4419    -560.4647      4.66017     4.66017   18116.1543     4.64401      1 chain_02/itr_01951_trial_01.rho
     2     1952      0.01118     18297.3467      54.9048      4.66718     4.66718   18116.1543     4.64401      1 chain_02/itr_01952_trial_01.rho
     2     1953      0.01115     18297.3467       0.0000      4.66718     4.66718   18116.1543     4.64401      0 -
     2     1954      0.01113     18476.4742     179.1275      4.68997     4.68997   18116.1543     4.64401      1 chain_02/itr_01954_trial_01.rho
     2     1955       0.0111     18476.4742       0.0000      4.68997     4.68997   18116.1543     4.64401      0 -
     2     1956      0.01108     18315.6365    -160.8377      4.66951     4.66951   18116.1543     4.64401      1 chain_02/itr_01956_trial_01.rho
     2     1957      0.01105     18315.6365       0.0000      4.66951     4.66951   18116.1543     4.64401      0 -
     2     1958      0.01102     18092.8019    -222.8346      4.64102     4.64102   18092.8019     4.64102      1 chain_02/itr_01958_trial_01.rho
     2     1959        0.011     17933.4364    -159.3655      4.62053     4.62053   17933.4364     4.62053      1 chain_02/itr_01959_trial_01.rho
     2     1960      0.01097     17933.4364       0.0000      4.62053     4.62053   17933.4364     4.62053      0 -
     2     1961      0.01095     18138.3644     204.9280      4.64686     4.64686   17933.4364     4.62053      1 chain_02/itr_01961_trial_01.rho
     2     1962      0.01092     18138.3644       0.0000      4.64686     4.64686   17933.4364     4.62053      0 -
     2     1963       0.0109     18201.6485      63.2841      4.65496     4.65496   17933.4364     4.62053      1 chain_02/itr_01963_trial_01.rho
     2     1964      0.01087     17806.5710    -395.0775      4.60416     4.60416   17806.5710     4.60416      1 chain_02/itr_01964_trial_01.rho
     2     1965      0.01085     17719.2441     -87.3268      4.59286     4.59286   17719.2441     4.59286      1 chain_02/itr_01965_trial_01.rho
     2     1966      0.01082     17719.2441       0.0000      4.59286     4.59286   17719.2441     4.59286      0 -
     2     1967       0.0108     17719.2441       0.0000      4.59286     4.59286   17719.2441     4.59286      0 -
     2     1968      0.01077     17719.2441       0.0000      4.59286     4.59286   17719.2441     4.59286      0 -
     2     1969      0.01075     17719.2441       0.0000      4.59286     4.59286   17719.2441     4.59286      0 -
     2     1970      0.01072     18163.8648     444.6206      4.65012     4.65012   17719.2441     4.59286      1 chain_02/itr_01970_trial_01.rho
     2     1971       0.0107     18047.9790    -115.8858      4.63527     4.63527   17719.2441     4.59286      1 chain_02/itr_01971_trial_01.rho
     2     1972      0.01067     18047.9790       0.0000      4.63527     4.63527   17719.2441     4.59286      0 -
     2     1973      0.01065     18047.9790       0.0000      4.63527     4.63527   17719.2441     4.59286      0 -
     2     1974      0.01063     17630.9275    -417.0515      4.58140     4.58140   17630.9275     4.58140      1 chain_02/itr_01974_trial_01.rho
     2     1975       0.0106     17630.9275       0.0000      4.58140     4.58140   17630.9275     4.58140      0 -
     2     1976      0.01058     17630.9275       0.0000      4.58140     4.58140   17630.9275     4.58140      0 -
     2     1977      0.01055     17630.9275       0.0000      4.58140     4.58140   17630.9275     4.58140      0 -
     2     1978      0.01053     17804.9539     174.0264      4.60395     4.60395   17630.9275     4.58140      1 chain_02/itr_01978_trial_01.rho
     2     1979       0.0105     17804.9539       0.0000      4.60395     4.60395   17630.9275     4.58140      0 -
     2     1980      0.01048     17718.2763     -86.6776      4.59273     4.59273   17630.9275     4.58140      1 chain_02/itr_01980_trial_01.rho
     2     1981      0.01046     17613.1889    -105.0874      4.57909     4.57909   17613.1889     4.57909      1 chain_02/itr_01981_trial_01.rho
     2     1982      0.01043     17765.6356     152.4467      4.59887     4.59887   17613.1889     4.57909      1 chain_02/itr_01982_trial_01.rho
     2     1983      0.01041     17765.6356       0.0000      4.59887     4.59887   17613.1889     4.57909      0 -
     2     1984      0.01038     17765.6356       0.0000      4.59887     4.59887   17613.1889     4.57909      0 -
     2     1985      0.01036     17765.6356       0.0000      4.59887     4.59887   17613.1889     4.57909      0 -
     2     1986      0.01034     17765.6356       0.0000      4.59887     4.59887   17613.1889     4.57909      0 -
     2     1987      0.01031     17335.2135    -430.4221      4.54281     4.54281   17335.2135     4.54281      1 chain_02/itr_01987_trial_01.rho
     2     1988      0.01029     17335.2135       0.0000      4.54281     4.54281   17335.2135     4.54281      0 -
     2     1989      0.01026     16997.8000    -337.4135      4.49839     4.49839   16997.8000     4.49839      1 chain_02/itr_01989_trial_01.rho
     2     1990      0.01024     16499.3696    -498.4304      4.43194     4.43194   16499.3696     4.43194      1 chain_02/itr_01990_trial_01.rho
     2     1991      0.01022     16499.3696       0.0000      4.43194     4.43194   16499.3696     4.43194      0 -
     2     1992      0.01019     16499.3696       0.0000      4.43194     4.43194   16499.3696     4.43194      0 -
     2     1993      0.01017     16499.3696       0.0000      4.43194     4.43194   16499.3696     4.43194      0 -
     2     1994      0.01015     16410.2944     -89.0752      4.41996     4.41996   16410.2944     4.41996      1 chain_02/itr_01994_trial_01.rho
     2     1995      0.01012     16410.2944       0.0000      4.41996     4.41996   16410.2944     4.41996      0 -
     2     1996       0.0101     16410.2944       0.0000      4.41996     4.41996   16410.2944     4.41996      0 -
     2     1997      0.01008     16410.2944       0.0000      4.41996     4.41996   16410.2944     4.41996      0 -
     2     1998      0.01005     16206.5811    -203.7134      4.39244     4.39244   16206.5811     4.39244      1 chain_02/itr_01998_trial_01.rho
     2     1999      0.01003     16206.5811       0.0000      4.39244     4.39244   16206.5811     4.39244      0 -
     2     2000      0.01001     16381.1944     174.6134      4.41604     4.41604   16206.5811     4.39244      1 chain_02/itr_02000_trial_01.rho
     2     2001     0.009985     16381.1944       0.0000      4.41604     4.41604   16206.5811     4.39244      0 -
     2     2002     0.009962     16290.2804     -90.9140      4.40377     4.40377   16206.5811     4.39244      1 chain_02/itr_02002_trial_01.rho
     2     2003     0.009939     16173.9684    -116.3120      4.38802     4.38802   16173.9684     4.38802      1 chain_02/itr_02003_trial_01.rho
     2     2004     0.009916     16245.3083      71.3399      4.39769     4.39769   16173.9684     4.38802      1 chain_02/itr_02004_trial_01.rho
     2     2005     0.009893     16245.3083       0.0000      4.39769     4.39769   16173.9684     4.38802      0 -
     2     2006      0.00987     16245.3083       0.0000      4.39769     4.39769   16173.9684     4.38802      0 -
     2     2007     0.009848     16245.3083       0.0000      4.39769     4.39769   16173.9684     4.38802      0 -
     2     2008     0.009825     16245.3083       0.0000      4.39769     4.39769   16173.9684     4.38802      0 -
     2     2009     0.009802     16245.3083       0.0000      4.39769     4.39769   16173.9684     4.38802      0 -
     2     2010      0.00978     16245.3083       0.0000      4.39769     4.39769   16173.9684     4.38802      0 -
     2     2011     0.009757     16612.6816     367.3733      4.44713     4.44713   16173.9684     4.38802      1 chain_02/itr_02011_trial_01.rho
     2     2012     0.009735     16612.6816       0.0000      4.44713     4.44713   16173.9684     4.38802      0 -
     2     2013     0.009712     16612.6816       0.0000      4.44713     4.44713   16173.9684     4.38802      0 -
     2     2014      0.00969     16612.6816       0.0000      4.44713     4.44713   16173.9684     4.38802      0 -
     2     2015     0.009668     16526.0530     -86.6286      4.43552     4.43552   16173.9684     4.38802      1 chain_02/itr_02015_trial_01.rho
     2     2016     0.009646     16529.1955       3.1424      4.43595     4.43595   16173.9684     4.38802      1 chain_02/itr_02016_trial_01.rho
     2     2017     0.009623     16529.1955       0.0000      4.43595     4.43595   16173.9684     4.38802      0 -
     2     2018     0.009601     16817.2256     288.0302      4.47443     4.47443   16173.9684     4.38802      1 chain_02/itr_02018_trial_01.rho
     2     2019     0.009579     16817.2256       0.0000      4.47443     4.47443   16173.9684     4.38802      0 -
     2     2020     0.009557     16817.2256       0.0000      4.47443     4.47443   16173.9684     4.38802      0 -
     2     2021     0.009535     16817.2256       0.0000      4.47443     4.47443   16173.9684     4.38802      0 -
     2     2022     0.009513     16817.2256       0.0000      4.47443     4.47443   16173.9684     4.38802      0 -
     2     2023     0.009491     16908.2170      90.9914      4.48652     4.48652   16173.9684     4.38802      1 chain_02/itr_02023_trial_01.rho
     2     2024     0.009469     16908.2170       0.0000      4.48652     4.48652   16173.9684     4.38802      0 -
     2     2025     0.009448     16908.2170       0.0000      4.48652     4.48652   16173.9684     4.38802      0 -
     2     2026     0.009426     16908.2170       0.0000      4.48652     4.48652   16173.9684     4.38802      0 -
     2     2027     0.009404     16908.2170       0.0000      4.48652     4.48652   16173.9684     4.38802      0 -
     2     2028     0.009383     16985.4155      77.1984      4.49675     4.49675   16173.9684     4.38802      1 chain_02/itr_02028_trial_01.rho
     2     2029     0.009361     16974.9451     -10.4703      4.49536     4.49536   16173.9684     4.38802      1 chain_02/itr_02029_trial_01.rho
     2     2030     0.009339     16974.9583       0.0132      4.49536     4.49536   16173.9684     4.38802      1 chain_02/itr_02030_trial_01.rho
     2     2031     0.009318     16974.9583       0.0000      4.49536     4.49536   16173.9684     4.38802      0 -
     2     2032     0.009297     16974.9583       0.0000      4.49536     4.49536   16173.9684     4.38802      0 -
     2     2033     0.009275     17066.6465      91.6882      4.50749     4.50749   16173.9684     4.38802      1 chain_02/itr_02033_trial_01.rho
     2     2034     0.009254     17066.6465       0.0000      4.50749     4.50749   16173.9684     4.38802      0 -
     2     2035     0.009233     16931.6307    -135.0158      4.48962     4.48962   16173.9684     4.38802      1 chain_02/itr_02035_trial_01.rho
     2     2036     0.009211     16931.6307       0.0000      4.48962     4.48962   16173.9684     4.38802      0 -
     2     2037      0.00919     16931.6307       0.0000      4.48962     4.48962   16173.9684     4.38802      0 -
     2     2038     0.009169     16592.7147    -338.9159      4.44446     4.44446   16173.9684     4.38802      1 chain_02/itr_02038_trial_01.rho
     2     2039     0.009148     16592.7147       0.0000      4.44446     4.44446   16173.9684     4.38802      0 -
     2     2040     0.009127     16455.3236    -137.3912      4.42602     4.42602   16173.9684     4.38802      1 chain_02/itr_02040_trial_01.rho
     2     2041     0.009106     16608.4632     153.1396      4.44657     4.44657   16173.9684     4.38802      1 chain_02/itr_02041_trial_01.rho
     2     2042     0.009085     16608.4632       0.0000      4.44657     4.44657   16173.9684     4.38802      0 -
     2     2043     0.009064     16608.4632       0.0000      4.44657     4.44657   16173.9684     4.38802      0 -
     2     2044     0.009043     16608.4632       0.0000      4.44657     4.44657   16173.9684     4.38802      0 -
     2     2045     0.009022     16608.4632       0.0000      4.44657     4.44657   16173.9684     4.38802      0 -
     2     2046     0.009002     16608.4632       0.0000      4.44657     4.44657   16173.9684     4.38802      0 -
     2     2047     0.008981     16998.9122     390.4490      4.49853     4.49853   16173.9684     4.38802      1 chain_02/itr_02047_trial_01.rho
     2     2048      0.00896     16998.9122       0.0000      4.49853     4.49853   16173.9684     4.38802      0 -
     2     2049      0.00894     16998.9122       0.0000      4.49853     4.49853   16173.9684     4.38802      0 -
     2     2050     0.008919     16968.1691     -30.7431      4.49446     4.49446   16173.9684     4.38802      1 chain_02/itr_02050_trial_01.rho
     2     2051     0.008898     16852.5369    -115.6323      4.47912     4.47912   16173.9684     4.38802      1 chain_02/itr_02051_trial_01.rho
     2     2052     0.008878     16852.5369       0.0000      4.47912     4.47912   16173.9684     4.38802      0 -
     2     2053     0.008858     17395.7928     543.2560      4.55074     4.55074   16173.9684     4.38802      1 chain_02/itr_02053_trial_01.rho
     2     2054     0.008837     17395.7928       0.0000      4.55074     4.55074   16173.9684     4.38802      0 -
     2     2055     0.008817     17395.7928       0.0000      4.55074     4.55074   16173.9684     4.38802      0 -
     2     2056     0.008797     17395.7928       0.0000      4.55074     4.55074   16173.9684     4.38802      0 -
     2     2057     0.008776     17021.9830    -373.8099      4.50158     4.50158   16173.9684     4.38802      1 chain_02/itr_02057_trial_01.rho
     2     2058     0.008756     17021.9830       0.0000      4.50158     4.50158   16173.9684     4.38802      0 -
     2     2059     0.008736     17021.9830       0.0000      4.50158     4.50158   16173.9684     4.38802      0 -
     2     2060     0.008716     17013.0790      -8.9040      4.50041     4.50041   16173.9684     4.38802      1 chain_02/itr_02060_trial_01.rho
     2     2061     0.008696     17013.0790       0.0000      4.50041     4.50041   16173.9684     4.38802      0 -
     2     2062     0.008676     17013.0790       0.0000      4.50041     4.50041   16173.9684     4.38802      0 -
     2     2063     0.008656     17013.0790       0.0000      4.50041     4.50041   16173.9684     4.38802      0 -
     2     2064     0.008636     17013.0790       0.0000      4.50041     4.50041   16173.9684     4.38802      0 -
     2     2065     0.008616     17013.0790       0.0000      4.50041     4.50041   16173.9684     4.38802      0 -
     2     2066     0.008596     17013.0790       0.0000      4.50041     4.50041   16173.9684     4.38802      0 -
     2     2067     0.008577     17013.0790       0.0000      4.50041     4.50041   16173.9684     4.38802      0 -
     2     2068     0.008557     17013.0790       0.0000      4.50041     4.50041   16173.9684     4.38802      0 -
     2     2069     0.008537     17013.0790       0.0000      4.50041     4.50041   16173.9684     4.38802      0 -
     2     2070     0.008517     17013.0790       0.0000      4.50041     4.50041   16173.9684     4.38802      0 -
     2     2071     0.008498     16710.3249    -302.7541      4.46018     4.46018   16173.9684     4.38802      1 chain_02/itr_02071_trial_01.rho
     2     2072     0.008478     16710.3249       0.0000      4.46018     4.46018   16173.9684     4.38802      0 -
     2     2073     0.008459     16626.1798     -84.1451      4.44894     4.44894   16173.9684     4.38802      1 chain_02/itr_02073_trial_01.rho
     2     2074     0.008439     16626.1798       0.0000      4.44894     4.44894   16173.9684     4.38802      0 -
     2     2075      0.00842     16626.1798       0.0000      4.44894     4.44894   16173.9684     4.38802      0 -
     2     2076     0.008401     16626.1798       0.0000      4.44894     4.44894   16173.9684     4.38802      0 -
     2     2077     0.008381     16626.1798       0.0000      4.44894     4.44894   16173.9684     4.38802      0 -
     2     2078     0.008362     16378.7767    -247.4031      4.41572     4.41572   16173.9684     4.38802      1 chain_02/itr_02078_trial_01.rho
     2     2079     0.008343     16036.8140    -341.9627      4.36938     4.36938   16036.8140     4.36938      1 chain_02/itr_02079_trial_01.rho
     2     2080     0.008324     15479.6448    -557.1692      4.29280     4.29280   15479.6448     4.29280      1 chain_02/itr_02080_trial_01.rho
     2     2081     0.008304     15005.3129    -474.3319      4.22652     4.22652   15005.3129     4.22652      1 chain_02/itr_02081_trial_01.rho
     2     2082     0.008285     15005.3129       0.0000      4.22652     4.22652   15005.3129     4.22652      0 -
     2     2083     0.008266     15005.3129       0.0000      4.22652     4.22652   15005.3129     4.22652      0 -
     2     2084     0.008247     15005.3129       0.0000      4.22652     4.22652   15005.3129     4.22652      0 -
     2     2085     0.008228     14954.7908     -50.5221      4.21940     4.21940   14954.7908     4.21940      1 chain_02/itr_02085_trial_01.rho
     2     2086     0.008209     14954.7908       0.0000      4.21940     4.21940   14954.7908     4.21940      0 -
     2     2087      0.00819     14954.7908       0.0000      4.21940     4.21940   14954.7908     4.21940      0 -
     2     2088     0.008172     14801.0933    -153.6975      4.19766     4.19766   14801.0933     4.19766      1 chain_02/itr_02088_trial_01.rho
     2     2089     0.008153     14801.0933       0.0000      4.19766     4.19766   14801.0933     4.19766      0 -
     2     2090     0.008134     14801.0933       0.0000      4.19766     4.19766   14801.0933     4.19766      0 -
     2     2091     0.008115     14801.0933       0.0000      4.19766     4.19766   14801.0933     4.19766      0 -
     2     2092     0.008097     14801.0933       0.0000      4.19766     4.19766   14801.0933     4.19766      0 -
     2     2093     0.008078     14801.0933       0.0000      4.19766     4.19766   14801.0933     4.19766      0 -
     2     2094     0.008059     14822.9920      21.8987      4.20076     4.20076   14801.0933     4.19766      1 chain_02/itr_02094_trial_01.rho
     2     2095     0.008041     14822.9920       0.0000      4.20076     4.20076   14801.0933     4.19766      0 -
     2     2096     0.008022     14822.9920       0.0000      4.20076     4.20076   14801.0933     4.19766      0 -
     2     2097     0.008004     14682.6749    -140.3170      4.18083     4.18083   14682.6749     4.18083      1 chain_02/itr_02097_trial_01.rho
     2     2098     0.007985     14682.6749       0.0000      4.18083     4.18083   14682.6749     4.18083      0 -
     2     2099     0.007967     14694.0243      11.3493      4.18245     4.18245   14682.6749     4.18083      1 chain_02/itr_02099_trial_01.rho
     2     2100     0.007949     14635.5881     -58.4362      4.17412     4.17412   14635.5881     4.17412      1 chain_02/itr_02100_trial_01.rho
     2     2101      0.00793     14635.5881       0.0000      4.17412     4.17412   14635.5881     4.17412      0 -
     2     2102     0.007912     14635.5881       0.0000      4.17412     4.17412   14635.5881     4.17412      0 -
     2     2103     0.007894     14635.5881       0.0000      4.17412     4.17412   14635.5881     4.17412      0 -
     2     2104     0.007876     14372.8381    -262.7500      4.13649     4.13649   14372.8381     4.13649      1 chain_02/itr_02104_trial_01.rho
     2     2105     0.007858     14289.8685     -82.9696      4.12453     4.12453   14289.8685     4.12453      1 chain_02/itr_02105_trial_01.rho
     2     2106      0.00784     14289.8685       0.0000      4.12453     4.12453   14289.8685     4.12453      0 -
     2     2107     0.007822     14574.9214     285.0530      4.16546     4.16546   14289.8685     4.12453      1 chain_02/itr_02107_trial_01.rho
     2     2108     0.007804     14574.9214       0.0000      4.16546     4.16546   14289.8685     4.12453      0 -
     2     2109     0.007786     14574.9214       0.0000      4.16546     4.16546   14289.8685     4.12453      0 -
     2     2110     0.007768     14574.9214       0.0000      4.16546     4.16546   14289.8685     4.12453      0 -
     2     2111      0.00775     14599.0329      24.1114      4.16891     4.16891   14289.8685     4.12453      1 chain_02/itr_02111_trial_01.rho
     2     2112     0.007732     14599.0329       0.0000      4.16891     4.16891   14289.8685     4.12453      0 -
     2     2113     0.007714     13902.6876    -696.3453      4.06827     4.06827   13902.6876     4.06827      1 chain_02/itr_02113_trial_01.rho
     2     2114     0.007697     13902.6876       0.0000      4.06827     4.06827   13902.6876     4.06827      0 -
     2     2115     0.007679     13775.5226    -127.1650      4.04962     4.04962   13775.5226     4.04962      1 chain_02/itr_02115_trial_01.rho
     2     2116     0.007661     13775.5226       0.0000      4.04962     4.04962   13775.5226     4.04962      0 -
     2     2117     0.007644     13775.5226       0.0000      4.04962     4.04962   13775.5226     4.04962      0 -
     2     2118     0.007626     13775.5226       0.0000      4.04962     4.04962   13775.5226     4.04962      0 -
     2     2119     0.007608     13667.0305    -108.4921      4.03364     4.03364   13667.0305     4.03364      1 chain_02/itr_02119_trial_01.rho
     2     2120     0.007591     13667.0305       0.0000      4.03364     4.03364   13667.0305     4.03364      0 -
     2     2121     0.007573     13667.0305       0.0000      4.03364     4.03364   13667.0305     4.03364      0 -
     2     2122     0.007556     13640.2691     -26.7614      4.02969     4.02969   13640.2691     4.02969      1 chain_02/itr_02122_trial_01.rho
     2     2123     0.007539     13640.2691       0.0000      4.02969     4.02969   13640.2691     4.02969      0 -
     2     2124     0.007521     13987.3804     347.1113      4.08064     4.08064   13640.2691     4.02969      1 chain_02/itr_02124_trial_01.rho
     2     2125     0.007504     13987.3804       0.0000      4.08064     4.08064   13640.2691     4.02969      0 -
     2     2126     0.007487     13914.3066     -73.0738      4.06997     4.06997   13640.2691     4.02969      1 chain_02/itr_02126_trial_01.rho
     2     2127     0.007469     13706.0171    -208.2895      4.03939     4.03939   13640.2691     4.02969      1 chain_02/itr_02127_trial_01.rho
     2     2128     0.007452     13706.0171       0.0000      4.03939     4.03939   13640.2691     4.02969      0 -
     2     2129     0.007435     13706.0171       0.0000      4.03939     4.03939   13640.2691     4.02969      0 -
     2     2130     0.007418     13706.0171       0.0000      4.03939     4.03939   13640.2691     4.02969      0 -
     2     2131     0.007401     13706.0171       0.0000      4.03939     4.03939   13640.2691     4.02969      0 -
     2     2132     0.007384     13706.0171       0.0000      4.03939     4.03939   13640.2691     4.02969      0 -
     2     2133     0.007367     13706.0171       0.0000      4.03939     4.03939   13640.2691     4.02969      0 -
     2     2134      0.00735     13706.0171       0.0000      4.03939     4.03939   13640.2691     4.02969      0 -
     2     2135     0.007333     13706.0171       0.0000      4.03939     4.03939   13640.2691     4.02969      0 -
     2     2136     0.007316     13764.4735      58.4564      4.04800     4.04800   13640.2691     4.02969      1 chain_02/itr_02136_trial_01.rho
     2     2137     0.007299     13764.4735       0.0000      4.04800     4.04800   13640.2691     4.02969      0 -
     2     2138     0.007283     13764.4735       0.0000      4.04800     4.04800   13640.2691     4.02969      0 -
     2     2139     0.007266     13764.4735       0.0000      4.04800     4.04800   13640.2691     4.02969      0 -
     2     2140     0.007249     13817.9908      53.5173      4.05586     4.05586   13640.2691     4.02969      1 chain_02/itr_02140_trial_01.rho
     2     2141     0.007232     13954.8178     136.8269      4.07589     4.07589   13640.2691     4.02969      1 chain_02/itr_02141_trial_01.rho
     2     2142     0.007216     13954.8178       0.0000      4.07589     4.07589   13640.2691     4.02969      0 -
     2     2143     0.007199     13954.8178       0.0000      4.07589     4.07589   13640.2691     4.02969      0 -
     2     2144     0.007183     13954.8178       0.0000      4.07589     4.07589   13640.2691     4.02969      0 -
     2     2145     0.007166     14039.3781      84.5604      4.08822     4.08822   13640.2691     4.02969      1 chain_02/itr_02145_trial_01.rho
     2     2146      0.00715     14039.3781       0.0000      4.08822     4.08822   13640.2691     4.02969      0 -
     2     2147     0.007133     14045.9048       6.5267      4.08917     4.08917   13640.2691     4.02969      1 chain_02/itr_02147_trial_01.rho
     2     2148     0.007117     13771.8294    -274.0754      4.04908     4.04908   13640.2691     4.02969      1 chain_02/itr_02148_trial_01.rho
     2     2149       0.0071     13686.4665     -85.3629      4.03651     4.03651   13640.2691     4.02969      1 chain_02/itr_02149_trial_01.rho
     2     2150     0.007084     13778.1072      91.6407      4.05000     4.05000   13640.2691     4.02969      1 chain_02/itr_02150_trial_01.rho
     2     2151     0.007068     13796.2835      18.1763      4.05267     4.05267   13640.2691     4.02969      1 chain_02/itr_02151_trial_01.rho
     2     2152     0.007052     13796.2835       0.0000      4.05267     4.05267   13640.2691     4.02969      0 -
     2     2153     0.007035     13422.3521    -373.9314      3.99737     3.99737   13422.3521     3.99737      1 chain_02/itr_02153_trial_01.rho
     2     2154     0.007019     13422.3521       0.0000      3.99737     3.99737   13422.3521     3.99737      0 -
     2     2155     0.007003     13422.3521       0.0000      3.99737     3.99737   13422.3521     3.99737      0 -
     2     2156     0.006987     13422.3521       0.0000      3.99737     3.99737   13422.3521     3.99737      0 -
     2     2157     0.006971     13472.4640      50.1119      4.00483     4.00483   13422.3521     3.99737      1 chain_02/itr_02157_trial_01.rho
     2     2158     0.006955     13472.4640       0.0000      4.00483     4.00483   13422.3521     3.99737      0 -
     2     2159     0.006939     13472.4640       0.0000      4.00483     4.00483   13422.3521     3.99737      0 -
     2     2160     0.006923     13472.4640       0.0000      4.00483     4.00483   13422.3521     3.99737      0 -
     2     2161     0.006907     13472.4640       0.0000      4.00483     4.00483   13422.3521     3.99737      0 -
     2     2162     0.006891     13407.6369     -64.8271      3.99518     3.99518   13407.6369     3.99518      1 chain_02/itr_02162_trial_01.rho
     2     2163     0.006875     13407.6369       0.0000      3.99518     3.99518   13407.6369     3.99518      0 -
     2     2164     0.006859     13407.6369       0.0000      3.99518     3.99518   13407.6369     3.99518      0 -
     2     2165     0.006844     13407.6369       0.0000      3.99518     3.99518   13407.6369     3.99518      0 -
     2     2166     0.006828     13407.6369       0.0000      3.99518     3.99518   13407.6369     3.99518      0 -
     2     2167     0.006812     13407.6369       0.0000      3.99518     3.99518   13407.6369     3.99518      0 -
     2     2168     0.006796     13407.6369       0.0000      3.99518     3.99518   13407.6369     3.99518      0 -
     2     2169     0.006781     13407.6369       0.0000      3.99518     3.99518   13407.6369     3.99518      0 -
     2     2170     0.006765     13407.6369       0.0000      3.99518     3.99518   13407.6369     3.99518      0 -
     2     2171      0.00675     13407.6369       0.0000      3.99518     3.99518   13407.6369     3.99518      0 -
     2     2172     0.006734     13407.6369       0.0000      3.99518     3.99518   13407.6369     3.99518      0 -
     2     2173     0.006719     13407.6369       0.0000      3.99518     3.99518   13407.6369     3.99518      0 -
     2     2174     0.006703     13407.6369       0.0000      3.99518     3.99518   13407.6369     3.99518      0 -
     2     2175     0.006688     13407.6369       0.0000      3.99518     3.99518   13407.6369     3.99518      0 -
     2     2176     0.006672     13407.6369       0.0000      3.99518     3.99518   13407.6369     3.99518      0 -
     2     2177     0.006657     13275.8885    -131.7484      3.97550     3.97550   13275.8885     3.97550      1 chain_02/itr_02177_trial_01.rho
     2     2178     0.006642     13083.4689    -192.4197      3.94659     3.94659   13083.4689     3.94659      1 chain_02/itr_02178_trial_01.rho
     2     2179     0.006626     13083.4689       0.0000      3.94659     3.94659   13083.4689     3.94659      0 -
     2     2180     0.006611     13083.4689       0.0000      3.94659     3.94659   13083.4689     3.94659      0 -
     2     2181     0.006596     13083.4689       0.0000      3.94659     3.94659   13083.4689     3.94659      0 -
     2     2182     0.006581     13083.4689       0.0000      3.94659     3.94659   13083.4689     3.94659      0 -
     2     2183     0.006566     13083.4689       0.0000      3.94659     3.94659   13083.4689     3.94659      0 -
     2     2184      0.00655     13083.4689       0.0000      3.94659     3.94659   13083.4689     3.94659      0 -
     2     2185     0.006535     13083.4689       0.0000      3.94659     3.94659   13083.4689     3.94659      0 -
     2     2186      0.00652     13083.4689       0.0000      3.94659     3.94659   13083.4689     3.94659      0 -
     2     2187     0.006505     13083.4689       0.0000      3.94659     3.94659   13083.4689     3.94659      0 -
     2     2188      0.00649     12953.9951    -129.4738      3.92701     3.92701   12953.9951     3.92701      1 chain_02/itr_02188_trial_01.rho
     2     2189     0.006475     12953.9951       0.0000      3.92701     3.92701   12953.9951     3.92701      0 -
     2     2190     0.006461     12953.9951       0.0000      3.92701     3.92701   12953.9951     3.92701      0 -
     2     2191     0.006446     12954.3614       0.3664      3.92707     3.92707   12953.9951     3.92701      1 chain_02/itr_02191_trial_01.rho
     2     2192     0.006431     12954.3614       0.0000      3.92707     3.92707   12953.9951     3.92701      0 -
     2     2193     0.006416     12827.9733    -126.3881      3.90786     3.90786   12827.9733     3.90786      1 chain_02/itr_02193_trial_01.rho
     2     2194     0.006401     12827.9733       0.0000      3.90786     3.90786   12827.9733     3.90786      0 -
     2     2195     0.006387     12827.9733       0.0000      3.90786     3.90786   12827.9733     3.90786      0 -
     2     2196     0.006372     12827.9733       0.0000      3.90786     3.90786   12827.9733     3.90786      0 -
     2     2197     0.006357     12827.9733       0.0000      3.90786     3.90786   12827.9733     3.90786      0 -
     2     2198     0.006343     12827.9733       0.0000      3.90786     3.90786   12827.9733     3.90786      0 -
     2     2199     0.006328     12827.9733       0.0000      3.90786     3.90786   12827.9733     3.90786      0 -
     2     2200     0.006313     12827.9733       0.0000      3.90786     3.90786   12827.9733     3.90786      0 -
     2     2201     0.006299     12827.9733       0.0000      3.90786     3.90786   12827.9733     3.90786      0 -
     2     2202     0.006284     12827.9733       0.0000      3.90786     3.90786   12827.9733     3.90786      0 -
     2     2203      0.00627     12827.9733       0.0000      3.90786     3.90786   12827.9733     3.90786      0 -
     2     2204     0.006256     12827.9733       0.0000      3.90786     3.90786   12827.9733     3.90786      0 -
     2     2205     0.006241     12812.1734     -15.7999      3.90546     3.90546   12812.1734     3.90546      1 chain_02/itr_02205_trial_01.rho
     2     2206     0.006227     12812.1734       0.0000      3.90546     3.90546   12812.1734     3.90546      0 -
     2     2207     0.006212     12812.1734       0.0000      3.90546     3.90546   12812.1734     3.90546      0 -
     2     2208     0.006198     12812.1734       0.0000      3.90546     3.90546   12812.1734     3.90546      0 -
     2     2209     0.006184     12812.1734       0.0000      3.90546     3.90546   12812.1734     3.90546      0 -
     2     2210      0.00617     12831.5631      19.3897      3.90841     3.90841   12812.1734     3.90546      1 chain_02/itr_02210_trial_01.rho
     2     2211     0.006155     12831.5631       0.0000      3.90841     3.90841   12812.1734     3.90546      0 -
     2     2212     0.006141     12757.2944     -74.2687      3.89708     3.89708   12757.2944     3.89708      1 chain_02/itr_02212_trial_01.rho
     2     2213     0.006127     12757.2944       0.0000      3.89708     3.89708   12757.2944     3.89708      0 -
     2     2214     0.006113     12757.2944       0.0000      3.89708     3.89708   12757.2944     3.89708      0 -
     2     2215     0.006099     12757.2944       0.0000      3.89708     3.89708   12757.2944     3.89708      0 -
     2     2216     0.006085     12757.2944       0.0000      3.89708     3.89708   12757.2944     3.89708      0 -
     2     2217     0.006071     12757.2944       0.0000      3.89708     3.89708   12757.2944     3.89708      0 -
     2     2218     0.006057     12792.9602      35.6658      3.90253     3.90253   12757.2944     3.89708      1 chain_02/itr_02218_trial_01.rho
     2     2219     0.006043     12799.1879       6.2278      3.90348     3.90348   12757.2944     3.89708      1 chain_02/itr_02219_trial_01.rho
     2     2220     0.006029     12799.1879       0.0000      3.90348     3.90348   12757.2944     3.89708      0 -
     2     2221     0.006015     12799.1879       0.0000      3.90348     3.90348   12757.2944     3.89708      0 -
     2     2222     0.006001     12799.1879       0.0000      3.90348     3.90348   12757.2944     3.89708      0 -
     2     2223     0.005988     12799.1879       0.0000      3.90348     3.90348   12757.2944     3.89708      0 -
     2     2224     0.005974     12977.7874     178.5995      3.93062     3.93062   12757.2944     3.89708      1 chain_02/itr_02224_trial_01.rho
     2     2225      0.00596     12977.7874       0.0000      3.93062     3.93062   12757.2944     3.89708      0 -
     2     2226     0.005946     12719.9498    -257.8376      3.89137     3.89137   12719.9498     3.89137      1 chain_02/itr_02226_trial_01.rho
     2     2227     0.005933     12719.9498       0.0000      3.89137     3.89137   12719.9498     3.89137      0 -
     2     2228     0.005919     12719.9498       0.0000      3.89137     3.89137   12719.9498     3.89137      0 -
     2     2229     0.005906     12719.9498       0.0000      3.89137     3.89137   12719.9498     3.89137      0 -
     2     2230     0.005892     12719.9498       0.0000      3.89137     3.89137   12719.9498     3.89137      0 -
     2     2231     0.005878     12719.9498       0.0000      3.89137     3.89137   12719.9498     3.89137      0 -
     2     2232     0.005865     12719.9498       0.0000      3.89137     3.89137   12719.9498     3.89137      0 -
     2     2233     0.005851     12719.9498       0.0000      3.89137     3.89137   12719.9498     3.89137      0 -
     2     2234     0.005838     12719.9498       0.0000      3.89137     3.89137   12719.9498     3.89137      0 -
     2     2235     0.005824     12719.9498       0.0000      3.89137     3.89137   12719.9498     3.89137      0 -
     2     2236     0.005811     12719.9498       0.0000      3.89137     3.89137   12719.9498     3.89137      0 -
     2     2237     0.005798     12758.4263      38.4765      3.89726     3.89726   12719.9498     3.89137      1 chain_02/itr_02237_trial_01.rho
     2     2238     0.005784     12758.4263       0.0000      3.89726     3.89726   12719.9498     3.89137      0 -
     2     2239     0.005771     12758.4263       0.0000      3.89726     3.89726   12719.9498     3.89137      0 -
     2     2240     0.005758     12758.4263       0.0000      3.89726     3.89726   12719.9498     3.89137      0 -
     2     2241     0.005745     12743.8135     -14.6128      3.89502     3.89502   12719.9498     3.89137      1 chain_02/itr_02241_trial_01.rho
     2     2242     0.005731     12743.8135       0.0000      3.89502     3.89502   12719.9498     3.89137      0 -
     2     2243     0.005718     12743.8135       0.0000      3.89502     3.89502   12719.9498     3.89137      0 -
     2     2244     0.005705     12745.5142       1.7007      3.89528     3.89528   12719.9498     3.89137      1 chain_02/itr_02244_trial_01.rho
     2     2245     0.005692     12745.5142       0.0000      3.89528     3.89528   12719.9498     3.89137      0 -
     2     2246     0.005679     12745.5142       0.0000      3.89528     3.89528   12719.9498     3.89137      0 -
     2     2247     0.005666     12745.5142       0.0000      3.89528     3.89528   12719.9498     3.89137      0 -
     2     2248     0.005653     12745.5142       0.0000      3.89528     3.89528   12719.9498     3.89137      0 -
     2     2249      0.00564     12788.4228      42.9086      3.90183     3.90183   12719.9498     3.89137      1 chain_02/itr_02249_trial_01.rho
     2     2250     0.005627     12788.4228       0.0000      3.90183     3.90183   12719.9498     3.89137      0 -
     2     2251     0.005614     12788.4228       0.0000      3.90183     3.90183   12719.9498     3.89137      0 -
     2     2252     0.005601     12788.4228       0.0000      3.90183     3.90183   12719.9498     3.89137      0 -
     2     2253     0.005588     12932.4018     143.9790      3.92374     3.92374   12719.9498     3.89137      1 chain_02/itr_02253_trial_01.rho
     2     2254     0.005575     12932.4018       0.0000      3.92374     3.92374   12719.9498     3.89137      0 -
     2     2255     0.005562     12932.4018       0.0000      3.92374     3.92374   12719.9498     3.89137      0 -
     2     2256     0.005549     12932.4018       0.0000      3.92374     3.92374   12719.9498     3.89137      0 -
     2     2257     0.005537     12932.4018       0.0000      3.92374     3.92374   12719.9498     3.89137      0 -
     2     2258     0.005524     12932.4018       0.0000      3.92374     3.92374   12719.9498     3.89137      0 -
     2     2259     0.005511     12840.8984     -91.5034      3.90983     3.90983   12719.9498     3.89137      1 chain_02/itr_02259_trial_01.rho
     2     2260     0.005499     12730.4071    -110.4913      3.89297     3.89297   12719.9498     3.89137      1 chain_02/itr_02260_trial_01.rho
     2     2261     0.005486     12730.4071       0.0000      3.89297     3.89297   12719.9498     3.89137      0 -
     2     2262     0.005473     12730.4071       0.0000      3.89297     3.89297   12719.9498     3.89137      0 -
     2     2263     0.005461     12744.9585      14.5514      3.89520     3.89520   12719.9498     3.89137      1 chain_02/itr_02263_trial_01.rho
     2     2264     0.005448     12744.9585       0.0000      3.89520     3.89520   12719.9498     3.89137      0 -
     2     2265     0.005436     12744.9585       0.0000      3.89520     3.89520   12719.9498     3.89137      0 -
     2     2266     0.005423     12744.9585       0.0000      3.89520     3.89520   12719.9498     3.89137      0 -
     2     2267     0.005411     12744.9585       0.0000      3.89520     3.89520   12719.9498     3.89137      0 -
     2     2268     0.005398     12744.9585       0.0000      3.89520     3.89520   12719.9498     3.89137      0 -
     2     2269     0.005386     12633.7067    -111.2519      3.87816     3.87816   12633.7067     3.87816      1 chain_02/itr_02269_trial_01.rho
     2     2270     0.005373     12633.7067       0.0000      3.87816     3.87816   12633.7067     3.87816      0 -
     2     2271     0.005361     12633.7067       0.0000      3.87816     3.87816   12633.7067     3.87816      0 -
     2     2272     0.005349     12633.7067       0.0000      3.87816     3.87816   12633.7067     3.87816      0 -
     2     2273     0.005336     12633.7067       0.0000      3.87816     3.87816   12633.7067     3.87816      0 -
     2     2274     0.005324     12633.7067       0.0000      3.87816     3.87816   12633.7067     3.87816      0 -
     2     2275     0.005312     12633.7067       0.0000      3.87816     3.87816   12633.7067     3.87816      0 -
     2     2276       0.0053     12633.7067       0.0000      3.87816     3.87816   12633.7067     3.87816      0 -
     2     2277     0.005287     12633.7067       0.0000      3.87816     3.87816   12633.7067     3.87816      0 -
     2     2278     0.005275     12628.1633      -5.5433      3.87731     3.87731   12628.1633     3.87731      1 chain_02/itr_02278_trial_01.rho
     2     2279     0.005263     12628.1633       0.0000      3.87731     3.87731   12628.1633     3.87731      0 -
     2     2280     0.005251     12628.1633       0.0000      3.87731     3.87731   12628.1633     3.87731      0 -
     2     2281     0.005239     12628.1633       0.0000      3.87731     3.87731   12628.1633     3.87731      0 -
     2     2282     0.005227     12628.1633       0.0000      3.87731     3.87731   12628.1633     3.87731      0 -
     2     2283     0.005215     12628.1633       0.0000      3.87731     3.87731   12628.1633     3.87731      0 -
     2     2284     0.005203     12628.1633       0.0000      3.87731     3.87731   12628.1633     3.87731      0 -
     2     2285     0.005191     12554.0211     -74.1423      3.86591     3.86591   12554.0211     3.86591      1 chain_02/itr_02285_trial_01.rho
     2     2286     0.005179     12554.0211       0.0000      3.86591     3.86591   12554.0211     3.86591      0 -
     2     2287     0.005167     12554.0211       0.0000      3.86591     3.86591   12554.0211     3.86591      0 -
     2     2288     0.005155     12602.0486      48.0275      3.87330     3.87330   12554.0211     3.86591      1 chain_02/itr_02288_trial_01.rho
     2     2289     0.005143     12602.0486       0.0000      3.87330     3.87330   12554.0211     3.86591      0 -
     2     2290     0.005131     12602.0486       0.0000      3.87330     3.87330   12554.0211     3.86591      0 -
     2     2291      0.00512     12602.0486       0.0000      3.87330     3.87330   12554.0211     3.86591      0 -
     2     2292     0.005108     12602.0486       0.0000      3.87330     3.87330   12554.0211     3.86591      0 -
     2     2293     0.005096     12602.0486       0.0000      3.87330     3.87330   12554.0211     3.86591      0 -
     2     2294     0.005084     12602.0486       0.0000      3.87330     3.87330   12554.0211     3.86591      0 -
     2     2295     0.005073     12657.9806      55.9320      3.88188     3.88188   12554.0211     3.86591      1 chain_02/itr_02295_trial_01.rho
     2     2296     0.005061     12657.9806       0.0000      3.88188     3.88188   12554.0211     3.86591      0 -
     2     2297     0.005049     12634.7155     -23.2651      3.87832     3.87832   12554.0211     3.86591      1 chain_02/itr_02297_trial_01.rho
     2     2298     0.005038     12634.7155       0.0000      3.87832     3.87832   12554.0211     3.86591      0 -
     2     2299     0.005026     12634.7155       0.0000      3.87832     3.87832   12554.0211     3.86591      0 -
     2     2300     0.005015     12634.7155       0.0000      3.87832     3.87832   12554.0211     3.86591      0 -
     2     2301     0.005003     12634.7155       0.0000      3.87832     3.87832   12554.0211     3.86591      0 -
     2     2302     0.004992     12588.6732     -46.0423      3.87124     3.87124   12554.0211     3.86591      1 chain_02/itr_02302_trial_01.rho
     2     2303      0.00498     12588.6732       0.0000      3.87124     3.87124   12554.0211     3.86591      0 -
     2     2304     0.004969     12588.6732       0.0000      3.87124     3.87124   12554.0211     3.86591      0 -
     2     2305     0.004957     12588.6732       0.0000      3.87124     3.87124   12554.0211     3.86591      0 -
     2     2306     0.004946     12588.6732       0.0000      3.87124     3.87124   12554.0211     3.86591      0 -
     2     2307     0.004934     12588.6732       0.0000      3.87124     3.87124   12554.0211     3.86591      0 -
     2     2308     0.004923     12588.6732       0.0000      3.87124     3.87124   12554.0211     3.86591      0 -
     2     2309     0.004912     12588.6732       0.0000      3.87124     3.87124   12554.0211     3.86591      0 -
     2     2310       0.0049     12588.6732       0.0000      3.87124     3.87124   12554.0211     3.86591      0 -
     2     2311     0.004889     12588.6732       0.0000      3.87124     3.87124   12554.0211     3.86591      0 -
     2     2312     0.004878     12588.6732       0.0000      3.87124     3.87124   12554.0211     3.86591      0 -
     2     2313     0.004867     12588.6732       0.0000      3.87124     3.87124   12554.0211     3.86591      0 -
     2     2314     0.004855     12588.6732       0.0000      3.87124     3.87124   12554.0211     3.86591      0 -
     2     2315     0.004844     12588.6732       0.0000      3.87124     3.87124   12554.0211     3.86591      0 -
     2     2316     0.004833     12446.2676    -142.4056      3.84928     3.84928   12446.2676     3.84928      1 chain_02/itr_02316_trial_01.rho
     2     2317     0.004822     12446.2676       0.0000      3.84928     3.84928   12446.2676     3.84928      0 -
     2     2318     0.004811     12446.2676       0.0000      3.84928     3.84928   12446.2676     3.84928      0 -
     2     2319       0.0048     12446.2676       0.0000      3.84928     3.84928   12446.2676     3.84928      0 -
     2     2320     0.004789     12446.2676       0.0000      3.84928     3.84928   12446.2676     3.84928      0 -
     2     2321     0.004778     12446.2676       0.0000      3.84928     3.84928   12446.2676     3.84928      0 -
     2     2322     0.004767     12446.2676       0.0000      3.84928     3.84928   12446.2676     3.84928      0 -
     2     2323     0.004756     12446.2676       0.0000      3.84928     3.84928   12446.2676     3.84928      0 -
     2     2324     0.004745     12446.2676       0.0000      3.84928     3.84928   12446.2676     3.84928      0 -
     2     2325     0.004734     12446.2676       0.0000      3.84928     3.84928   12446.2676     3.84928      0 -
     2     2326     0.004723     12446.2676       0.0000      3.84928     3.84928   12446.2676     3.84928      0 -
     2     2327     0.004712     12446.2676       0.0000      3.84928     3.84928   12446.2676     3.84928      0 -
     2     2328     0.004701     12446.2676       0.0000      3.84928     3.84928   12446.2676     3.84928      0 -
     2     2329     0.004691     12446.2676       0.0000      3.84928     3.84928   12446.2676     3.84928      0 -
     2     2330      0.00468     12446.2676       0.0000      3.84928     3.84928   12446.2676     3.84928      0 -
     2     2331     0.004669     12446.2676       0.0000      3.84928     3.84928   12446.2676     3.84928      0 -
     2     2332     0.004658     12446.2676       0.0000      3.84928     3.84928   12446.2676     3.84928      0 -
     2     2333     0.004648     12445.5122      -0.7554      3.84917     3.84917   12445.5122     3.84917      1 chain_02/itr_02333_trial_01.rho
     2     2334     0.004637     12445.5122       0.0000      3.84917     3.84917   12445.5122     3.84917      0 -
     2     2335     0.004626     12445.5122       0.0000      3.84917     3.84917   12445.5122     3.84917      0 -
     2     2336     0.004616     12445.5122       0.0000      3.84917     3.84917   12445.5122     3.84917      0 -
     2     2337     0.004605     12445.5122       0.0000      3.84917     3.84917   12445.5122     3.84917      0 -
     2     2338     0.004594     12445.5122       0.0000      3.84917     3.84917   12445.5122     3.84917      0 -
     2     2339     0.004584     12445.5122       0.0000      3.84917     3.84917   12445.5122     3.84917      0 -
     2     2340     0.004573     12445.5122       0.0000      3.84917     3.84917   12445.5122     3.84917      0 -
     2     2341     0.004563     12445.5122       0.0000      3.84917     3.84917   12445.5122     3.84917      0 -
     2     2342     0.004552     12445.5122       0.0000      3.84917     3.84917   12445.5122     3.84917      0 -
     2     2343     0.004542     12410.2583     -35.2539      3.84371     3.84371   12410.2583     3.84371      1 chain_02/itr_02343_trial_01.rho
     2     2344     0.004531     12410.2583       0.0000      3.84371     3.84371   12410.2583     3.84371      0 -
     2     2345     0.004521     12433.7051      23.4468      3.84734     3.84734   12410.2583     3.84371      1 chain_02/itr_02345_trial_01.rho
     2     2346      0.00451     12396.4935     -37.2117      3.84158     3.84158   12396.4935     3.84158      1 chain_02/itr_02346_trial_01.rho
     2     2347       0.0045     12396.4935       0.0000      3.84158     3.84158   12396.4935     3.84158      0 -
     2     2348      0.00449     12226.4664    -170.0271      3.81514     3.81514   12226.4664     3.81514      1 chain_02/itr_02348_trial_01.rho
     2     2349     0.004479     12226.4664       0.0000      3.81514     3.81514   12226.4664     3.81514      0 -
     2     2350     0.004469     12226.4664       0.0000      3.81514     3.81514   12226.4664     3.81514      0 -
     2     2351     0.004459     12226.4664       0.0000      3.81514     3.81514   12226.4664     3.81514      0 -
     2     2352     0.004449     12279.8977      53.4313      3.82347     3.82347   12226.4664     3.81514      1 chain_02/itr_02352_trial_01.rho
     2     2353     0.004438     12279.8977       0.0000      3.82347     3.82347   12226.4664     3.81514      0 -
     2     2354     0.004428     12279.8977       0.0000      3.82347     3.82347   12226.4664     3.81514      0 -
     2     2355     0.004418     12279.8977       0.0000      3.82347     3.82347   12226.4664     3.81514      0 -
     2     2356     0.004408     12279.8977       0.0000      3.82347     3.82347   12226.4664     3.81514      0 -
     2     2357     0.004398     12279.8977       0.0000      3.82347     3.82347   12226.4664     3.81514      0 -
     2     2358     0.004387     12279.8977       0.0000      3.82347     3.82347   12226.4664     3.81514      0 -
     2     2359     0.004377     12279.8977       0.0000      3.82347     3.82347   12226.4664     3.81514      0 -
     2     2360     0.004367     12084.5481    -195.3496      3.79294     3.79294   12084.5481     3.79294      1 chain_02/itr_02360_trial_01.rho
     2     2361     0.004357     12140.6035      56.0554      3.80172     3.80172   12084.5481     3.79294      1 chain_02/itr_02361_trial_01.rho
     2     2362     0.004347     12140.6035       0.0000      3.80172     3.80172   12084.5481     3.79294      0 -
     2     2363     0.004337     12140.6035       0.0000      3.80172     3.80172   12084.5481     3.79294      0 -
     2     2364     0.004327     12140.6035       0.0000      3.80172     3.80172   12084.5481     3.79294      0 -
     2     2365     0.004317     12140.6035       0.0000      3.80172     3.80172   12084.5481     3.79294      0 -
     2     2366     0.004307     12140.6035       0.0000      3.80172     3.80172   12084.5481     3.79294      0 -
     2     2367     0.004297     12140.6035       0.0000      3.80172     3.80172   12084.5481     3.79294      0 -
     2     2368     0.004288     12140.6035       0.0000      3.80172     3.80172   12084.5481     3.79294      0 -
     2     2369     0.004278     12140.6035       0.0000      3.80172     3.80172   12084.5481     3.79294      0 -
     2     2370     0.004268     12140.6035       0.0000      3.80172     3.80172   12084.5481     3.79294      0 -
     2     2371     0.004258     12072.9383     -67.6652      3.79111     3.79111   12072.9383     3.79111      1 chain_02/itr_02371_trial_01.rho
     2     2372     0.004248     12072.9383       0.0000      3.79111     3.79111   12072.9383     3.79111      0 -
     2     2373     0.004238     12072.9383       0.0000      3.79111     3.79111   12072.9383     3.79111      0 -
     2     2374     0.004229     12072.9383       0.0000      3.79111     3.79111   12072.9383     3.79111      0 -
     2     2375     0.004219     12072.9383       0.0000      3.79111     3.79111   12072.9383     3.79111      0 -
     2     2376     0.004209     12072.9383       0.0000      3.79111     3.79111   12072.9383     3.79111      0 -
     2     2377       0.0042     12072.9383       0.0000      3.79111     3.79111   12072.9383     3.79111      0 -
     2     2378      0.00419     12072.9383       0.0000      3.79111     3.79111   12072.9383     3.79111      0 -
     2     2379      0.00418     12072.9383       0.0000      3.79111     3.79111   12072.9383     3.79111      0 -
     2     2380     0.004171     12072.9383       0.0000      3.79111     3.79111   12072.9383     3.79111      0 -
     2     2381     0.004161     12072.9383       0.0000      3.79111     3.79111   12072.9383     3.79111      0 -
     2     2382     0.004152     12072.9383       0.0000      3.79111     3.79111   12072.9383     3.79111      0 -
     2     2383     0.004142     12072.9383       0.0000      3.79111     3.79111   12072.9383     3.79111      0 -
     2     2384     0.004132     12072.9383       0.0000      3.79111     3.79111   12072.9383     3.79111      0 -
     2     2385     0.004123     12116.6652      43.7269      3.79797     3.79797   12072.9383     3.79111      1 chain_02/itr_02385_trial_01.rho
     2     2386     0.004113     12116.6652       0.0000      3.79797     3.79797   12072.9383     3.79111      0 -
     2     2387     0.004104     12116.6652       0.0000      3.79797     3.79797   12072.9383     3.79111      0 -
     2     2388     0.004095     12116.6652       0.0000      3.79797     3.79797   12072.9383     3.79111      0 -
     2     2389     0.004085     11937.1293    -179.5359      3.76973     3.76973   11937.1293     3.76973      1 chain_02/itr_02389_trial_01.rho
     2     2390     0.004076     11937.1293       0.0000      3.76973     3.76973   11937.1293     3.76973      0 -
     2     2391     0.004066     11937.1293       0.0000      3.76973     3.76973   11937.1293     3.76973      0 -
     2     2392     0.004057     11937.1293       0.0000      3.76973     3.76973   11937.1293     3.76973      0 -
     2     2393     0.004048     11937.1293       0.0000      3.76973     3.76973   11937.1293     3.76973      0 -
     2     2394     0.004038     11937.1293       0.0000      3.76973     3.76973   11937.1293     3.76973      0 -
     2     2395     0.004029     11937.1293       0.0000      3.76973     3.76973   11937.1293     3.76973      0 -
     2     2396      0.00402     11984.5949      47.4656      3.77722     3.77722   11937.1293     3.76973      1 chain_02/itr_02396_trial_01.rho
     2     2397     0.004011     11984.5949       0.0000      3.77722     3.77722   11937.1293     3.76973      0 -
     2     2398     0.004001     11984.5949       0.0000      3.77722     3.77722   11937.1293     3.76973      0 -
     2     2399     0.003992     11984.5949       0.0000      3.77722     3.77722   11937.1293     3.76973      0 -
     2     2400     0.003983     11984.5949       0.0000      3.77722     3.77722   11937.1293     3.76973      0 -
     2     2401     0.003974     11984.5949       0.0000      3.77722     3.77722   11937.1293     3.76973      0 -
     2     2402     0.003965     11984.5949       0.0000      3.77722     3.77722   11937.1293     3.76973      0 -
     2     2403     0.003955     11984.5949       0.0000      3.77722     3.77722   11937.1293     3.76973      0 -
     2     2404     0.003946     11984.5949       0.0000      3.77722     3.77722   11937.1293     3.76973      0 -
     2     2405     0.003937     11984.5949       0.0000      3.77722     3.77722   11937.1293     3.76973      0 -
     2     2406     0.003928     11984.5949       0.0000      3.77722     3.77722   11937.1293     3.76973      0 -
     2     2407     0.003919     11984.5949       0.0000      3.77722     3.77722   11937.1293     3.76973      0 -
     2     2408      0.00391     11984.5949       0.0000      3.77722     3.77722   11937.1293     3.76973      0 -
     2     2409     0.003901     11984.5949       0.0000      3.77722     3.77722   11937.1293     3.76973      0 -
     2     2410     0.003892     11984.5949       0.0000      3.77722     3.77722   11937.1293     3.76973      0 -
     2     2411     0.003883     11984.5949       0.0000      3.77722     3.77722   11937.1293     3.76973      0 -
     2     2412     0.003874     11926.7882     -57.8067      3.76810     3.76810   11926.7882     3.76810      1 chain_02/itr_02412_trial_01.rho
     2     2413     0.003865     11962.0720      35.2838      3.77367     3.77367   11926.7882     3.76810      1 chain_02/itr_02413_trial_01.rho
     2     2414     0.003857     11962.0720       0.0000      3.77367     3.77367   11926.7882     3.76810      0 -
     2     2415     0.003848     11962.0720       0.0000      3.77367     3.77367   11926.7882     3.76810      0 -
     2     2416     0.003839     11980.6335      18.5616      3.77659     3.77659   11926.7882     3.76810      1 chain_02/itr_02416_trial_01.rho
     2     2417      0.00383     11980.6335       0.0000      3.77659     3.77659   11926.7882     3.76810      0 -
     2     2418     0.003821     11980.6335       0.0000      3.77659     3.77659   11926.7882     3.76810      0 -
     2     2419     0.003812     11980.6335       0.0000      3.77659     3.77659   11926.7882     3.76810      0 -
     2     2420     0.003804     11980.6335       0.0000      3.77659     3.77659   11926.7882     3.76810      0 -
     2     2421     0.003795     11980.6335       0.0000      3.77659     3.77659   11926.7882     3.76810      0 -
     2     2422     0.003786     11980.6335       0.0000      3.77659     3.77659   11926.7882     3.76810      0 -
     2     2423     0.003777     11990.3722       9.7387      3.77813     3.77813   11926.7882     3.76810      1 chain_02/itr_02423_trial_01.rho
     2     2424     0.003769     11990.3722       0.0000      3.77813     3.77813   11926.7882     3.76810      0 -
     2     2425      0.00376     11990.3722       0.0000      3.77813     3.77813   11926.7882     3.76810      0 -
     2     2426     0.003751     11990.3722       0.0000      3.77813     3.77813   11926.7882     3.76810      0 -
     2     2427     0.003743     11990.3722       0.0000      3.77813     3.77813   11926.7882     3.76810      0 -
     2     2428     0.003734     11990.3722       0.0000      3.77813     3.77813   11926.7882     3.76810      0 -
     2     2429     0.003726     11990.3722       0.0000      3.77813     3.77813   11926.7882     3.76810      0 -
     2     2430     0.003717     11990.3722       0.0000      3.77813     3.77813   11926.7882     3.76810      0 -
     2     2431     0.003708     11990.3722       0.0000      3.77813     3.77813   11926.7882     3.76810      0 -
     2     2432       0.0037     11990.3722       0.0000      3.77813     3.77813   11926.7882     3.76810      0 -
     2     2433     0.003691     11990.3722       0.0000      3.77813     3.77813   11926.7882     3.76810      0 -
     2     2434     0.003683     11990.3722       0.0000      3.77813     3.77813   11926.7882     3.76810      0 -
     2     2435     0.003674     11990.3722       0.0000      3.77813     3.77813   11926.7882     3.76810      0 -
     2     2436     0.003666     11990.3722       0.0000      3.77813     3.77813   11926.7882     3.76810      0 -
     2     2437     0.003658     11990.3722       0.0000      3.77813     3.77813   11926.7882     3.76810      0 -
     2     2438     0.003649     11990.3722       0.0000      3.77813     3.77813   11926.7882     3.76810      0 -
     2     2439     0.003641     11990.3722       0.0000      3.77813     3.77813   11926.7882     3.76810      0 -
     2     2440     0.003632     11990.3722       0.0000      3.77813     3.77813   11926.7882     3.76810      0 -
     2     2441     0.003624     11990.3722       0.0000      3.77813     3.77813   11926.7882     3.76810      0 -
     2     2442     0.003616     11958.7829     -31.5893      3.77315     3.77315   11926.7882     3.76810      1 chain_02/itr_02442_trial_01.rho
     2     2443     0.003607     11958.7829       0.0000      3.77315     3.77315   11926.7882     3.76810      0 -
     2     2444     0.003599     12024.5681      65.7852      3.78351     3.78351   11926.7882     3.76810      1 chain_02/itr_02444_trial_01.rho
     2     2445     0.003591     12024.5681       0.0000      3.78351     3.78351   11926.7882     3.76810      0 -
     2     2446     0.003582     12024.5681       0.0000      3.78351     3.78351   11926.7882     3.76810      0 -
     2     2447     0.003574     12024.5681       0.0000      3.78351     3.78351   11926.7882     3.76810      0 -
     2     2448     0.003566     11982.5219     -42.0462      3.77689     3.77689   11926.7882     3.76810      1 chain_02/itr_02448_trial_01.rho
     2     2449     0.003558     11982.5219       0.0000      3.77689     3.77689   11926.7882     3.76810      0 -
     2     2450      0.00355     11982.5219       0.0000      3.77689     3.77689   11926.7882     3.76810      0 -
     2     2451     0.003541     11982.5219       0.0000      3.77689     3.77689   11926.7882     3.76810      0 -
     2     2452     0.003533     11982.5219       0.0000      3.77689     3.77689   11926.7882     3.76810      0 -
     2     2453     0.003525     11982.5219       0.0000      3.77689     3.77689   11926.7882     3.76810      0 -
     2     2454     0.003517     11982.5219       0.0000      3.77689     3.77689   11926.7882     3.76810      0 -
     2     2455     0.003509     11982.5219       0.0000      3.77689     3.77689   11926.7882     3.76810      0 -
     2     2456     0.003501     11982.5219       0.0000      3.77689     3.77689   11926.7882     3.76810      0 -
     2     2457     0.003493     12085.1967     102.6748      3.79304     3.79304   11926.7882     3.76810      1 chain_02/itr_02457_trial_01.rho
     2     2458     0.003485     12085.1967       0.0000      3.79304     3.79304   11926.7882     3.76810      0 -
     2     2459     0.003477     12085.1967       0.0000      3.79304     3.79304   11926.7882     3.76810      0 -
     2     2460     0.003469     12085.1967       0.0000      3.79304     3.79304   11926.7882     3.76810      0 -
     2     2461     0.003461     12085.1967       0.0000      3.79304     3.79304   11926.7882     3.76810      0 -
     2     2462     0.003453     12085.1967       0.0000      3.79304     3.79304   11926.7882     3.76810      0 -
     2     2463     0.003445     12085.1967       0.0000      3.79304     3.79304   11926.7882     3.76810      0 -
     2     2464     0.003437     12085.1967       0.0000      3.79304     3.79304   11926.7882     3.76810      0 -
     2     2465     0.003429     12085.1967       0.0000      3.79304     3.79304   11926.7882     3.76810      0 -
     2     2466     0.003421     12085.1967       0.0000      3.79304     3.79304   11926.7882     3.76810      0 -
     2     2467     0.003413     12085.1967       0.0000      3.79304     3.79304   11926.7882     3.76810      0 -
     2     2468     0.003405     11992.3634     -92.8333      3.77844     3.77844   11926.7882     3.76810      1 chain_02/itr_02468_trial_01.rho
     2     2469     0.003398     11992.3634       0.0000      3.77844     3.77844   11926.7882     3.76810      0 -
     2     2470      0.00339     11992.3634       0.0000      3.77844     3.77844   11926.7882     3.76810      0 -
     2     2471     0.003382     11992.3634       0.0000      3.77844     3.77844   11926.7882     3.76810      0 -
     2     2472     0.003374     11992.3634       0.0000      3.77844     3.77844   11926.7882     3.76810      0 -
     2     2473     0.003366     11992.3634       0.0000      3.77844     3.77844   11926.7882     3.76810      0 -
     2     2474     0.003359     11992.3634       0.0000      3.77844     3.77844   11926.7882     3.76810      0 -
     2     2475     0.003351     11992.3634       0.0000      3.77844     3.77844   11926.7882     3.76810      0 -
     2     2476     0.003343     11992.3634       0.0000      3.77844     3.77844   11926.7882     3.76810      0 -
     2     2477     0.003336     11992.3634       0.0000      3.77844     3.77844   11926.7882     3.76810      0 -
     2     2478     0.003328     11992.3634       0.0000      3.77844     3.77844   11926.7882     3.76810      0 -
     2     2479      0.00332     11992.3634       0.0000      3.77844     3.77844   11926.7882     3.76810      0 -
     2     2480     0.003313     11992.3634       0.0000      3.77844     3.77844   11926.7882     3.76810      0 -
     2     2481     0.003305     11992.3634       0.0000      3.77844     3.77844   11926.7882     3.76810      0 -
     2     2482     0.003297     11992.3634       0.0000      3.77844     3.77844   11926.7882     3.76810      0 -
     2     2483      0.00329     11992.3634       0.0000      3.77844     3.77844   11926.7882     3.76810      0 -
     2     2484     0.003282     11992.3634       0.0000      3.77844     3.77844   11926.7882     3.76810      0 -
     2     2485     0.003275     11992.3634       0.0000      3.77844     3.77844   11926.7882     3.76810      0 -
     2     2486     0.003267     11992.3634       0.0000      3.77844     3.77844   11926.7882     3.76810      0 -
     2     2487      0.00326     11992.3634       0.0000      3.77844     3.77844   11926.7882     3.76810      0 -
     2     2488     0.003252     11992.3634       0.0000      3.77844     3.77844   11926.7882     3.76810      0 -
     2     2489     0.003245     11992.3634       0.0000      3.77844     3.77844   11926.7882     3.76810      0 -
     2     2490     0.003237     11992.3634       0.0000      3.77844     3.77844   11926.7882     3.76810      0 -
     2     2491      0.00323     11992.3634       0.0000      3.77844     3.77844   11926.7882     3.76810      0 -
     2     2492     0.003222     11992.3634       0.0000      3.77844     3.77844   11926.7882     3.76810      0 -
     2     2493     0.003215     11992.3634       0.0000      3.77844     3.77844   11926.7882     3.76810      0 -
     2     2494     0.003208     11992.3634       0.0000      3.77844     3.77844   11926.7882     3.76810      0 -
     2     2495       0.0032     11992.3634       0.0000      3.77844     3.77844   11926.7882     3.76810      0 -
     2     2496     0.003193     11992.3634       0.0000      3.77844     3.77844   11926.7882     3.76810      0 -
     2     2497     0.003185     11992.3634       0.0000      3.77844     3.77844   11926.7882     3.76810      0 -
     2     2498     0.003178     11992.3634       0.0000      3.77844     3.77844   11926.7882     3.76810      0 -
     2     2499     0.003171     11992.3634       0.0000      3.77844     3.77844   11926.7882     3.76810      0 -
     2     2500     0.003163     11992.3634       0.0000      3.77844     3.77844   11926.7882     3.76810      0 -
     2     2501     0.003156     11992.3634       0.0000      3.77844     3.77844   11926.7882     3.76810      0 -
     2     2502     0.003149     11922.3127     -70.0507      3.76739     3.76739   11922.3127     3.76739      1 chain_02/itr_02502_trial_01.rho
     2     2503     0.003142     11922.3127       0.0000      3.76739     3.76739   11922.3127     3.76739      0 -
     2     2504     0.003134     11922.3127       0.0000      3.76739     3.76739   11922.3127     3.76739      0 -
     2     2505     0.003127     11922.3127       0.0000      3.76739     3.76739   11922.3127     3.76739      0 -
     2     2506      0.00312     11922.3127       0.0000      3.76739     3.76739   11922.3127     3.76739      0 -
     2     2507     0.003113     11922.3127       0.0000      3.76739     3.76739   11922.3127     3.76739      0 -
     2     2508     0.003106     11922.3127       0.0000      3.76739     3.76739   11922.3127     3.76739      0 -
     2     2509     0.003099     11922.3127       0.0000      3.76739     3.76739   11922.3127     3.76739      0 -
     2     2510     0.003091     11922.3127       0.0000      3.76739     3.76739   11922.3127     3.76739      0 -
     2     2511     0.003084     11922.3127       0.0000      3.76739     3.76739   11922.3127     3.76739      0 -
     2     2512     0.003077     11922.3127       0.0000      3.76739     3.76739   11922.3127     3.76739      0 -
     2     2513      0.00307     11922.3127       0.0000      3.76739     3.76739   11922.3127     3.76739      0 -
     2     2514     0.003063     11922.3127       0.0000      3.76739     3.76739   11922.3127     3.76739      0 -
     2     2515     0.003056     11922.3127       0.0000      3.76739     3.76739   11922.3127     3.76739      0 -
     2     2516     0.003049     11922.3127       0.0000      3.76739     3.76739   11922.3127     3.76739      0 -
     2     2517     0.003042     11922.3127       0.0000      3.76739     3.76739   11922.3127     3.76739      0 -
     2     2518     0.003035     11922.3127       0.0000      3.76739     3.76739   11922.3127     3.76739      0 -
     2     2519     0.003028     11922.3127       0.0000      3.76739     3.76739   11922.3127     3.76739      0 -
     2     2520     0.003021     11922.3127       0.0000      3.76739     3.76739   11922.3127     3.76739      0 -
     2     2521     0.003014     11954.1156      31.8028      3.77241     3.77241   11922.3127     3.76739      1 chain_02/itr_02521_trial_01.rho
     2     2522     0.003007     11954.1156       0.0000      3.77241     3.77241   11922.3127     3.76739      0 -
     2     2523        0.003     11914.5053     -39.6103      3.76616     3.76616   11914.5053     3.76616      1 chain_02/itr_02523_trial_01.rho
     2     2524     0.002993     11914.5053       0.0000      3.76616     3.76616   11914.5053     3.76616      0 -
     2     2525     0.002986     11914.5053       0.0000      3.76616     3.76616   11914.5053     3.76616      0 -
     2     2526      0.00298     11914.5053       0.0000      3.76616     3.76616   11914.5053     3.76616      0 -
     2     2527     0.002973     11914.5053       0.0000      3.76616     3.76616   11914.5053     3.76616      0 -
     2     2528     0.002966     11914.5053       0.0000      3.76616     3.76616   11914.5053     3.76616      0 -
     2     2529     0.002959     11914.5053       0.0000      3.76616     3.76616   11914.5053     3.76616      0 -
     2     2530     0.002952     11914.5053       0.0000      3.76616     3.76616   11914.5053     3.76616      0 -
     2     2531     0.002945     11914.5053       0.0000      3.76616     3.76616   11914.5053     3.76616      0 -
     2     2532     0.002939     11914.5053       0.0000      3.76616     3.76616   11914.5053     3.76616      0 -
     2     2533     0.002932     11914.5053       0.0000      3.76616     3.76616   11914.5053     3.76616      0 -
     2     2534     0.002925     11914.5053       0.0000      3.76616     3.76616   11914.5053     3.76616      0 -
     2     2535     0.002918     11914.5053       0.0000      3.76616     3.76616   11914.5053     3.76616      0 -
     2     2536     0.002912     11914.5053       0.0000      3.76616     3.76616   11914.5053     3.76616      0 -
     2     2537     0.002905     11914.5053       0.0000      3.76616     3.76616   11914.5053     3.76616      0 -
     2     2538     0.002898     11914.5053       0.0000      3.76616     3.76616   11914.5053     3.76616      0 -
     2     2539     0.002892     11914.5053       0.0000      3.76616     3.76616   11914.5053     3.76616      0 -
     2     2540     0.002885     11914.5053       0.0000      3.76616     3.76616   11914.5053     3.76616      0 -
     2     2541     0.002878     11863.7931     -50.7121      3.75813     3.75813   11863.7931     3.75813      1 chain_02/itr_02541_trial_01.rho
     2     2542     0.002872     11863.7931       0.0000      3.75813     3.75813   11863.7931     3.75813      0 -
     2     2543     0.002865     11824.3644     -39.4288      3.75188     3.75188   11824.3644     3.75188      1 chain_02/itr_02543_trial_01.rho
     2     2544     0.002859     11824.3644       0.0000      3.75188     3.75188   11824.3644     3.75188      0 -
     2     2545     0.002852     11738.2040     -86.1604      3.73819     3.73819   11738.2040     3.73819      1 chain_02/itr_02545_trial_01.rho
     2     2546     0.002845     11738.2040       0.0000      3.73819     3.73819   11738.2040     3.73819      0 -
     2     2547     0.002839     11738.2040       0.0000      3.73819     3.73819   11738.2040     3.73819      0 -
     2     2548     0.002832     11738.2040       0.0000      3.73819     3.73819   11738.2040     3.73819      0 -
     2     2549     0.002826     11738.2040       0.0000      3.73819     3.73819   11738.2040     3.73819      0 -
     2     2550     0.002819     11738.2040       0.0000      3.73819     3.73819   11738.2040     3.73819      0 -
     2     2551     0.002813     11738.2040       0.0000      3.73819     3.73819   11738.2040     3.73819      0 -
     2     2552     0.002806     11738.2040       0.0000      3.73819     3.73819   11738.2040     3.73819      0 -
     2     2553       0.0028     11738.2040       0.0000      3.73819     3.73819   11738.2040     3.73819      0 -
     2     2554     0.002794     11738.2040       0.0000      3.73819     3.73819   11738.2040     3.73819      0 -
     2     2555     0.002787     11738.2040       0.0000      3.73819     3.73819   11738.2040     3.73819      0 -
     2     2556     0.002781     11738.2040       0.0000      3.73819     3.73819   11738.2040     3.73819      0 -
     2     2557     0.002774     11738.2040       0.0000      3.73819     3.73819   11738.2040     3.73819      0 -
     2     2558     0.002768     11738.2040       0.0000      3.73819     3.73819   11738.2040     3.73819      0 -
     2     2559     0.002762     11738.2040       0.0000      3.73819     3.73819   11738.2040     3.73819      0 -
     2     2560     0.002755     11738.2040       0.0000      3.73819     3.73819   11738.2040     3.73819      0 -
     2     2561     0.002749     11738.2040       0.0000      3.73819     3.73819   11738.2040     3.73819      0 -
     2     2562     0.002742     11738.2040       0.0000      3.73819     3.73819   11738.2040     3.73819      0 -
     2     2563     0.002736     11738.2040       0.0000      3.73819     3.73819   11738.2040     3.73819      0 -
     2     2564      0.00273     11738.2040       0.0000      3.73819     3.73819   11738.2040     3.73819      0 -
     2     2565     0.002724     11646.9008     -91.3032      3.72362     3.72362   11646.9008     3.72362      1 chain_02/itr_02565_trial_01.rho
     2     2566     0.002717     11693.0349      46.1341      3.73099     3.73099   11646.9008     3.72362      1 chain_02/itr_02566_trial_01.rho
     2     2567     0.002711     11693.0349       0.0000      3.73099     3.73099   11646.9008     3.72362      0 -
     2     2568     0.002705     11693.0349       0.0000      3.73099     3.73099   11646.9008     3.72362      0 -
     2     2569     0.002699     11693.0349       0.0000      3.73099     3.73099   11646.9008     3.72362      0 -
     2     2570     0.002692     11693.0349       0.0000      3.73099     3.73099   11646.9008     3.72362      0 -
     2     2571     0.002686     11693.0349       0.0000      3.73099     3.73099   11646.9008     3.72362      0 -
     2     2572      0.00268     11693.0349       0.0000      3.73099     3.73099   11646.9008     3.72362      0 -
     2     2573     0.002674     11693.0349       0.0000      3.73099     3.73099   11646.9008     3.72362      0 -
     2     2574     0.002668     11693.0349       0.0000      3.73099     3.73099   11646.9008     3.72362      0 -
     2     2575     0.002662     11693.0349       0.0000      3.73099     3.73099   11646.9008     3.72362      0 -
     2     2576     0.002655     11693.0349       0.0000      3.73099     3.73099   11646.9008     3.72362      0 -
     2     2577     0.002649     11693.0349       0.0000      3.73099     3.73099   11646.9008     3.72362      0 -
     2     2578     0.002643     11693.0349       0.0000      3.73099     3.73099   11646.9008     3.72362      0 -
     2     2579     0.002637     11693.0349       0.0000      3.73099     3.73099   11646.9008     3.72362      0 -
     2     2580     0.002631     11693.0349       0.0000      3.73099     3.73099   11646.9008     3.72362      0 -
     2     2581     0.002625     11693.0349       0.0000      3.73099     3.73099   11646.9008     3.72362      0 -
     2     2582     0.002619     11693.0349       0.0000      3.73099     3.73099   11646.9008     3.72362      0 -
     2     2583     0.002613     11693.0349       0.0000      3.73099     3.73099   11646.9008     3.72362      0 -
     2     2584     0.002607     11693.0349       0.0000      3.73099     3.73099   11646.9008     3.72362      0 -
     2     2585     0.002601     11693.0349       0.0000      3.73099     3.73099   11646.9008     3.72362      0 -
     2     2586     0.002595     11654.2014     -38.8335      3.72479     3.72479   11646.9008     3.72362      1 chain_02/itr_02586_trial_01.rho
     2     2587     0.002589     11654.2014       0.0000      3.72479     3.72479   11646.9008     3.72362      0 -
     2     2588     0.002583     11654.2014       0.0000      3.72479     3.72479   11646.9008     3.72362      0 -
     2     2589     0.002577     11654.2014       0.0000      3.72479     3.72479   11646.9008     3.72362      0 -
     2     2590     0.002571     11654.2014       0.0000      3.72479     3.72479   11646.9008     3.72362      0 -
     2     2591     0.002565     11654.2014       0.0000      3.72479     3.72479   11646.9008     3.72362      0 -
     2     2592     0.002559     11654.2014       0.0000      3.72479     3.72479   11646.9008     3.72362      0 -
     2     2593     0.002553     11654.2014       0.0000      3.72479     3.72479   11646.9008     3.72362      0 -
     2     2594     0.002548     11654.2014       0.0000      3.72479     3.72479   11646.9008     3.72362      0 -
     2     2595     0.002542     11654.2014       0.0000      3.72479     3.72479   11646.9008     3.72362      0 -
     2     2596     0.002536     11654.2014       0.0000      3.72479     3.72479   11646.9008     3.72362      0 -
     2     2597      0.00253     11654.2014       0.0000      3.72479     3.72479   11646.9008     3.72362      0 -
     2     2598     0.002524     11654.2014       0.0000      3.72479     3.72479   11646.9008     3.72362      0 -
     2     2599     0.002518     11654.2014       0.0000      3.72479     3.72479   11646.9008     3.72362      0 -
     2     2600     0.002513     11654.2014       0.0000      3.72479     3.72479   11646.9008     3.72362      0 -
     2     2601     0.002507     11654.2014       0.0000      3.72479     3.72479   11646.9008     3.72362      0 -
     2     2602     0.002501     11654.2014       0.0000      3.72479     3.72479   11646.9008     3.72362      0 -
     2     2603     0.002495     11654.2014       0.0000      3.72479     3.72479   11646.9008     3.72362      0 -
     2     2604      0.00249     11654.2014       0.0000      3.72479     3.72479   11646.9008     3.72362      0 -
     2     2605     0.002484     11698.9735      44.7721      3.73194     3.73194   11646.9008     3.72362      1 chain_02/itr_02605_trial_01.rho
     2     2606     0.002478     11729.6750      30.7015      3.73683     3.73683   11646.9008     3.72362      1 chain_02/itr_02606_trial_01.rho
     2     2607     0.002472     11729.6750       0.0000      3.73683     3.73683   11646.9008     3.72362      0 -
     2     2608     0.002467     11729.6750       0.0000      3.73683     3.73683   11646.9008     3.72362      0 -
     2     2609     0.002461     11729.6750       0.0000      3.73683     3.73683   11646.9008     3.72362      0 -
     2     2610     0.002455     11729.6750       0.0000      3.73683     3.73683   11646.9008     3.72362      0 -
     2     2611      0.00245     11729.6750       0.0000      3.73683     3.73683   11646.9008     3.72362      0 -
     2     2612     0.002444     11729.6750       0.0000      3.73683     3.73683   11646.9008     3.72362      0 -
     2     2613     0.002439     11729.6750       0.0000      3.73683     3.73683   11646.9008     3.72362      0 -
     2     2614     0.002433     11729.6750       0.0000      3.73683     3.73683   11646.9008     3.72362      0 -
     2     2615     0.002427     11729.6750       0.0000      3.73683     3.73683   11646.9008     3.72362      0 -
     2     2616     0.002422     11729.6750       0.0000      3.73683     3.73683   11646.9008     3.72362      0 -
     2     2617     0.002416     11729.6750       0.0000      3.73683     3.73683   11646.9008     3.72362      0 -
     2     2618     0.002411     11729.6750       0.0000      3.73683     3.73683   11646.9008     3.72362      0 -
     2     2619     0.002405     11594.4247    -135.2503      3.71522     3.71522   11594.4247     3.71522      1 chain_02/itr_02619_trial_01.rho
     2     2620       0.0024     11594.4247       0.0000      3.71522     3.71522   11594.4247     3.71522      0 -
     2     2621     0.002394     11594.4247       0.0000      3.71522     3.71522   11594.4247     3.71522      0 -
     2     2622     0.002389     11594.4247       0.0000      3.71522     3.71522   11594.4247     3.71522      0 -
     2     2623     0.002383     11594.4247       0.0000      3.71522     3.71522   11594.4247     3.71522      0 -
     2     2624     0.002378     11594.4247       0.0000      3.71522     3.71522   11594.4247     3.71522      0 -
     2     2625     0.002372     11594.4247       0.0000      3.71522     3.71522   11594.4247     3.71522      0 -
     2     2626     0.002367     11594.4247       0.0000      3.71522     3.71522   11594.4247     3.71522      0 -
     2     2627     0.002361     11594.4247       0.0000      3.71522     3.71522   11594.4247     3.71522      0 -
     2     2628     0.002356     11594.4247       0.0000      3.71522     3.71522   11594.4247     3.71522      0 -
     2     2629      0.00235     11594.4247       0.0000      3.71522     3.71522   11594.4247     3.71522      0 -
     2     2630     0.002345     11594.4247       0.0000      3.71522     3.71522   11594.4247     3.71522      0 -
     2     2631     0.002339     11594.4247       0.0000      3.71522     3.71522   11594.4247     3.71522      0 -
     2     2632     0.002334     11540.9033     -53.5213      3.70664     3.70664   11540.9033     3.70664      1 chain_02/itr_02632_trial_01.rho
     2     2633     0.002329     11540.9033       0.0000      3.70664     3.70664   11540.9033     3.70664      0 -
     2     2634     0.002323     11540.9033       0.0000      3.70664     3.70664   11540.9033     3.70664      0 -
     2     2635     0.002318     11540.9033       0.0000      3.70664     3.70664   11540.9033     3.70664      0 -
     2     2636     0.002313     11540.9033       0.0000      3.70664     3.70664   11540.9033     3.70664      0 -
     2     2637     0.002307     11540.9033       0.0000      3.70664     3.70664   11540.9033     3.70664      0 -
     2     2638     0.002302     11540.9033       0.0000      3.70664     3.70664   11540.9033     3.70664      0 -
     2     2639     0.002297     11540.9033       0.0000      3.70664     3.70664   11540.9033     3.70664      0 -
     2     2640     0.002292     11540.9033       0.0000      3.70664     3.70664   11540.9033     3.70664      0 -
     2     2641     0.002286     11540.9033       0.0000      3.70664     3.70664   11540.9033     3.70664      0 -
     2     2642     0.002281     11540.9033       0.0000      3.70664     3.70664   11540.9033     3.70664      0 -
     2     2643     0.002276     11540.9033       0.0000      3.70664     3.70664   11540.9033     3.70664      0 -
     2     2644      0.00227     11540.9033       0.0000      3.70664     3.70664   11540.9033     3.70664      0 -
     2     2645     0.002265     11540.9033       0.0000      3.70664     3.70664   11540.9033     3.70664      0 -
     2     2646      0.00226     11540.9033       0.0000      3.70664     3.70664   11540.9033     3.70664      0 -
     2     2647     0.002255     11540.9033       0.0000      3.70664     3.70664   11540.9033     3.70664      0 -
     2     2648      0.00225     11540.9033       0.0000      3.70664     3.70664   11540.9033     3.70664      0 -
     2     2649     0.002244     11540.9033       0.0000      3.70664     3.70664   11540.9033     3.70664      0 -
     2     2650     0.002239     11540.9033       0.0000      3.70664     3.70664   11540.9033     3.70664      0 -
     2     2651     0.002234     11509.9392     -30.9641      3.70166     3.70166   11509.9392     3.70166      1 chain_02/itr_02651_trial_01.rho
     2     2652     0.002229     11509.9392       0.0000      3.70166     3.70166   11509.9392     3.70166      0 -
     2     2653     0.002224     11509.9392       0.0000      3.70166     3.70166   11509.9392     3.70166      0 -
     2     2654     0.002219     11509.9392       0.0000      3.70166     3.70166   11509.9392     3.70166      0 -
     2     2655     0.002214     11509.9392       0.0000      3.70166     3.70166   11509.9392     3.70166      0 -
     2     2656     0.002209     11509.9392       0.0000      3.70166     3.70166   11509.9392     3.70166      0 -
     2     2657     0.002204     11509.9392       0.0000      3.70166     3.70166   11509.9392     3.70166      0 -
     2     2658     0.002198     11509.9392       0.0000      3.70166     3.70166   11509.9392     3.70166      0 -
     2     2659     0.002193     11509.9392       0.0000      3.70166     3.70166   11509.9392     3.70166      0 -
     2     2660     0.002188     11509.9392       0.0000      3.70166     3.70166   11509.9392     3.70166      0 -
     2     2661     0.002183     11509.9392       0.0000      3.70166     3.70166   11509.9392     3.70166      0 -
     2     2662     0.002178     11509.9392       0.0000      3.70166     3.70166   11509.9392     3.70166      0 -
     2     2663     0.002173     11509.9392       0.0000      3.70166     3.70166   11509.9392     3.70166      0 -
     2     2664     0.002168     11509.9392       0.0000      3.70166     3.70166   11509.9392     3.70166      0 -
     2     2665     0.002163     11509.9392       0.0000      3.70166     3.70166   11509.9392     3.70166      0 -
     2     2666     0.002158     11509.9392       0.0000      3.70166     3.70166   11509.9392     3.70166      0 -
     2     2667     0.002153     11509.9392       0.0000      3.70166     3.70166   11509.9392     3.70166      0 -
     2     2668     0.002148     11509.9392       0.0000      3.70166     3.70166   11509.9392     3.70166      0 -
     2     2669     0.002143     11509.9392       0.0000      3.70166     3.70166   11509.9392     3.70166      0 -
     2     2670     0.002139     11509.9392       0.0000      3.70166     3.70166   11509.9392     3.70166      0 -
     2     2671     0.002134     11509.9392       0.0000      3.70166     3.70166   11509.9392     3.70166      0 -
     2     2672     0.002129     11509.9392       0.0000      3.70166     3.70166   11509.9392     3.70166      0 -
     2     2673     0.002124     11509.9392       0.0000      3.70166     3.70166   11509.9392     3.70166      0 -
     2     2674     0.002119     11509.9392       0.0000      3.70166     3.70166   11509.9392     3.70166      0 -
     2     2675     0.002114     11509.9392       0.0000      3.70166     3.70166   11509.9392     3.70166      0 -
     2     2676     0.002109     11509.9392       0.0000      3.70166     3.70166   11509.9392     3.70166      0 -
     2     2677     0.002104     11509.9392       0.0000      3.70166     3.70166   11509.9392     3.70166      0 -
     2     2678     0.002099     11509.9392       0.0000      3.70166     3.70166   11509.9392     3.70166      0 -
     2     2679     0.002095     11509.9392       0.0000      3.70166     3.70166   11509.9392     3.70166      0 -
     2     2680      0.00209     11509.9392       0.0000      3.70166     3.70166   11509.9392     3.70166      0 -
     2     2681     0.002085     11509.9392       0.0000      3.70166     3.70166   11509.9392     3.70166      0 -
     2     2682      0.00208     11509.9392       0.0000      3.70166     3.70166   11509.9392     3.70166      0 -
     2     2683     0.002075     11509.9392       0.0000      3.70166     3.70166   11509.9392     3.70166      0 -
     2     2684     0.002071     11509.9392       0.0000      3.70166     3.70166   11509.9392     3.70166      0 -
     2     2685     0.002066     11408.9351    -101.0041      3.68539     3.68539   11408.9351     3.68539      1 chain_02/itr_02685_trial_01.rho
     2     2686     0.002061     11408.9351       0.0000      3.68539     3.68539   11408.9351     3.68539      0 -
     2     2687     0.002056     11408.9351       0.0000      3.68539     3.68539   11408.9351     3.68539      0 -
     2     2688     0.002052     11408.9351       0.0000      3.68539     3.68539   11408.9351     3.68539      0 -
     2     2689     0.002047     11408.9351       0.0000      3.68539     3.68539   11408.9351     3.68539      0 -
     2     2690     0.002042     11408.9351       0.0000      3.68539     3.68539   11408.9351     3.68539      0 -
     2     2691     0.002038     11408.9351       0.0000      3.68539     3.68539   11408.9351     3.68539      0 -
     2     2692     0.002033     11408.9351       0.0000      3.68539     3.68539   11408.9351     3.68539      0 -
     2     2693     0.002028     11408.9351       0.0000      3.68539     3.68539   11408.9351     3.68539      0 -
     2     2694     0.002023     11408.9351       0.0000      3.68539     3.68539   11408.9351     3.68539      0 -
     2     2695     0.002019     11408.9351       0.0000      3.68539     3.68539   11408.9351     3.68539      0 -
     2     2696     0.002014     11408.9351       0.0000      3.68539     3.68539   11408.9351     3.68539      0 -
     2     2697      0.00201     11408.9351       0.0000      3.68539     3.68539   11408.9351     3.68539      0 -
     2     2698     0.002005     11408.9351       0.0000      3.68539     3.68539   11408.9351     3.68539      0 -
     2     2699        0.002     11424.3731      15.4380      3.68788     3.68788   11408.9351     3.68539      1 chain_02/itr_02699_trial_01.rho
     2     2700     0.001996     11424.3731       0.0000      3.68788     3.68788   11408.9351     3.68539      0 -
     2     2701     0.001991     11424.3731       0.0000      3.68788     3.68788   11408.9351     3.68539      0 -
     2     2702     0.001987     11424.3731       0.0000      3.68788     3.68788   11408.9351     3.68539      0 -
     2     2703     0.001982     11424.3731       0.0000      3.68788     3.68788   11408.9351     3.68539      0 -
     2     2704     0.001977     11424.3731       0.0000      3.68788     3.68788   11408.9351     3.68539      0 -
     2     2705     0.001973     11424.3731       0.0000      3.68788     3.68788   11408.9351     3.68539      0 -
     2     2706     0.001968     11424.3731       0.0000      3.68788     3.68788   11408.9351     3.68539      0 -
     2     2707     0.001964     11411.6357     -12.7374      3.68582     3.68582   11408.9351     3.68539      1 chain_02/itr_02707_trial_01.rho
     2     2708     0.001959     11389.6418     -21.9939      3.68227     3.68227   11389.6418     3.68227      1 chain_02/itr_02708_trial_01.rho
     2     2709     0.001955     11389.6418       0.0000      3.68227     3.68227   11389.6418     3.68227      0 -
     2     2710      0.00195     11389.6418       0.0000      3.68227     3.68227   11389.6418     3.68227      0 -
     2     2711     0.001946     11389.6418       0.0000      3.68227     3.68227   11389.6418     3.68227      0 -
     2     2712     0.001941     11389.6418       0.0000      3.68227     3.68227   11389.6418     3.68227      0 -
     2     2713     0.001937     11389.6418       0.0000      3.68227     3.68227   11389.6418     3.68227      0 -
     2     2714     0.001932     11389.6418       0.0000      3.68227     3.68227   11389.6418     3.68227      0 -
     2     2715     0.001928     11389.6418       0.0000      3.68227     3.68227   11389.6418     3.68227      0 -
     2     2716     0.001924     11387.5388      -2.1030      3.68193     3.68193   11387.5388     3.68193      1 chain_02/itr_02716_trial_01.rho
     2     2717     0.001919     11387.5388       0.0000      3.68193     3.68193   11387.5388     3.68193      0 -
     2     2718     0.001915     11447.1324      59.5937      3.69155     3.69155   11387.5388     3.68193      1 chain_02/itr_02718_trial_01.rho
     2     2719      0.00191     11447.1324       0.0000      3.69155     3.69155   11387.5388     3.68193      0 -
     2     2720     0.001906     11447.1324       0.0000      3.69155     3.69155   11387.5388     3.68193      0 -
     2     2721     0.001901     11447.1324       0.0000      3.69155     3.69155   11387.5388     3.68193      0 -
     2     2722     0.001897     11447.1324       0.0000      3.69155     3.69155   11387.5388     3.68193      0 -
     2     2723     0.001893     11447.1324       0.0000      3.69155     3.69155   11387.5388     3.68193      0 -
     2     2724     0.001888     11444.8933      -2.2392      3.69119     3.69119   11387.5388     3.68193      1 chain_02/itr_02724_trial_01.rho
     2     2725     0.001884     11444.8933       0.0000      3.69119     3.69119   11387.5388     3.68193      0 -
     2     2726      0.00188     11310.1156    -134.7777      3.66939     3.66939   11310.1156     3.66939      1 chain_02/itr_02726_trial_01.rho
     2     2727     0.001875     11310.1156       0.0000      3.66939     3.66939   11310.1156     3.66939      0 -
     2     2728     0.001871     11310.1156       0.0000      3.66939     3.66939   11310.1156     3.66939      0 -
     2     2729     0.001867     11310.1156       0.0000      3.66939     3.66939   11310.1156     3.66939      0 -
     2     2730     0.001862     11310.1156       0.0000      3.66939     3.66939   11310.1156     3.66939      0 -
     2     2731     0.001858     11310.1156       0.0000      3.66939     3.66939   11310.1156     3.66939      0 -
     2     2732     0.001854     11310.1156       0.0000      3.66939     3.66939   11310.1156     3.66939      0 -
     2     2733      0.00185     11310.1156       0.0000      3.66939     3.66939   11310.1156     3.66939      0 -
     2     2734     0.001845     11310.1156       0.0000      3.66939     3.66939   11310.1156     3.66939      0 -
     2     2735     0.001841     11310.1156       0.0000      3.66939     3.66939   11310.1156     3.66939      0 -
     2     2736     0.001837     11310.1156       0.0000      3.66939     3.66939   11310.1156     3.66939      0 -
     2     2737     0.001833     11310.1156       0.0000      3.66939     3.66939   11310.1156     3.66939      0 -
     2     2738     0.001828     11310.1156       0.0000      3.66939     3.66939   11310.1156     3.66939      0 -
     2     2739     0.001824     11310.1156       0.0000      3.66939     3.66939   11310.1156     3.66939      0 -
     2     2740      0.00182     11310.1156       0.0000      3.66939     3.66939   11310.1156     3.66939      0 -
     2     2741     0.001816     11310.1156       0.0000      3.66939     3.66939   11310.1156     3.66939      0 -
     2     2742     0.001812     11310.1156       0.0000      3.66939     3.66939   11310.1156     3.66939      0 -
     2     2743     0.001808     11310.1156       0.0000      3.66939     3.66939   11310.1156     3.66939      0 -
     2     2744     0.001803     11310.1156       0.0000      3.66939     3.66939   11310.1156     3.66939      0 -
     2     2745     0.001799     11310.1156       0.0000      3.66939     3.66939   11310.1156     3.66939      0 -
     2     2746     0.001795     11310.1156       0.0000      3.66939     3.66939   11310.1156     3.66939      0 -
     2     2747     0.001791     11300.6742      -9.4414      3.66786     3.66786   11300.6742     3.66786      1 chain_02/itr_02747_trial_01.rho
     2     2748     0.001787     11277.6608     -23.0133      3.66412     3.66412   11277.6608     3.66412      1 chain_02/itr_02748_trial_01.rho
     2     2749     0.001783     11277.6608       0.0000      3.66412     3.66412   11277.6608     3.66412      0 -
     2     2750     0.001779     11126.8805    -150.7803      3.63954     3.63954   11126.8805     3.63954      1 chain_02/itr_02750_trial_01.rho
     2     2751     0.001775     11126.8805       0.0000      3.63954     3.63954   11126.8805     3.63954      0 -
     2     2752      0.00177     11126.8805       0.0000      3.63954     3.63954   11126.8805     3.63954      0 -
     2     2753     0.001766     11157.3533      30.4728      3.64453     3.64453   11126.8805     3.63954      1 chain_02/itr_02753_trial_01.rho
     2     2754     0.001762     11116.2909     -41.0624      3.63781     3.63781   11116.2909     3.63781      1 chain_02/itr_02754_trial_01.rho
     2     2755     0.001758     11116.2909       0.0000      3.63781     3.63781   11116.2909     3.63781      0 -
     2     2756     0.001754     11116.2909       0.0000      3.63781     3.63781   11116.2909     3.63781      0 -
     2     2757      0.00175     11116.2909       0.0000      3.63781     3.63781   11116.2909     3.63781      0 -
     2     2758     0.001746     11116.2909       0.0000      3.63781     3.63781   11116.2909     3.63781      0 -
     2     2759     0.001742     11116.2909       0.0000      3.63781     3.63781   11116.2909     3.63781      0 -
     2     2760     0.001738     11116.2909       0.0000      3.63781     3.63781   11116.2909     3.63781      0 -
     2     2761     0.001734     11116.2909       0.0000      3.63781     3.63781   11116.2909     3.63781      0 -
     2     2762      0.00173     11116.2909       0.0000      3.63781     3.63781   11116.2909     3.63781      0 -
     2     2763     0.001726     11116.2909       0.0000      3.63781     3.63781   11116.2909     3.63781      0 -
     2     2764     0.001722     11116.2909       0.0000      3.63781     3.63781   11116.2909     3.63781      0 -
     2     2765     0.001718     11116.2909       0.0000      3.63781     3.63781   11116.2909     3.63781      0 -
     2     2766     0.001714     11116.2909       0.0000      3.63781     3.63781   11116.2909     3.63781      0 -
     2     2767      0.00171     11116.2909       0.0000      3.63781     3.63781   11116.2909     3.63781      0 -
     2     2768     0.001706     11116.2909       0.0000      3.63781     3.63781   11116.2909     3.63781      0 -
     2     2769     0.001702     11116.2909       0.0000      3.63781     3.63781   11116.2909     3.63781      0 -
     2     2770     0.001699     11116.2909       0.0000      3.63781     3.63781   11116.2909     3.63781      0 -
     2     2771     0.001695     11082.8170     -33.4739      3.63233     3.63233   11082.8170     3.63233      1 chain_02/itr_02771_trial_01.rho
     2     2772     0.001691     11082.8170       0.0000      3.63233     3.63233   11082.8170     3.63233      0 -
     2     2773     0.001687     11083.3463       0.5293      3.63242     3.63242   11082.8170     3.63233      1 chain_02/itr_02773_trial_01.rho
     2     2774     0.001683     11094.6068      11.2605      3.63426     3.63426   11082.8170     3.63233      1 chain_02/itr_02774_trial_01.rho
     2     2775     0.001679     11094.6068       0.0000      3.63426     3.63426   11082.8170     3.63233      0 -
     2     2776     0.001675     11045.7776     -48.8292      3.62626     3.62626   11045.7776     3.62626      1 chain_02/itr_02776_trial_01.rho
     2     2777     0.001671     11045.7776       0.0000      3.62626     3.62626   11045.7776     3.62626      0 -
     2     2778     0.001668     11045.7776       0.0000      3.62626     3.62626   11045.7776     3.62626      0 -
     2     2779     0.001664     11045.7776       0.0000      3.62626     3.62626   11045.7776     3.62626      0 -
     2     2780      0.00166     11045.7776       0.0000      3.62626     3.62626   11045.7776     3.62626      0 -
     2     2781     0.001656     11008.4944     -37.2832      3.62013     3.62013   11008.4944     3.62013      1 chain_02/itr_02781_trial_01.rho
     2     2782     0.001652     11008.4944       0.0000      3.62013     3.62013   11008.4944     3.62013      0 -
     2     2783     0.001648     11008.4944       0.0000      3.62013     3.62013   11008.4944     3.62013      0 -
     2     2784     0.001645     11008.4944       0.0000      3.62013     3.62013   11008.4944     3.62013      0 -
     2     2785     0.001641     11008.4944       0.0000      3.62013     3.62013   11008.4944     3.62013      0 -
     2     2786     0.001637     11008.4944       0.0000      3.62013     3.62013   11008.4944     3.62013      0 -
     2     2787     0.001633     10962.2332     -46.2612      3.61252     3.61252   10962.2332     3.61252      1 chain_02/itr_02787_trial_01.rho
     2     2788      0.00163     10962.2332       0.0000      3.61252     3.61252   10962.2332     3.61252      0 -
     2     2789     0.001626     10962.2332       0.0000      3.61252     3.61252   10962.2332     3.61252      0 -
     2     2790     0.001622     10962.2332       0.0000      3.61252     3.61252   10962.2332     3.61252      0 -
     2     2791     0.001618     10962.2332       0.0000      3.61252     3.61252   10962.2332     3.61252      0 -
     2     2792     0.001615     10962.2332       0.0000      3.61252     3.61252   10962.2332     3.61252      0 -
     2     2793     0.001611     10962.2332       0.0000      3.61252     3.61252   10962.2332     3.61252      0 -
     2     2794     0.001607     10962.2332       0.0000      3.61252     3.61252   10962.2332     3.61252      0 -
     2     2795     0.001603     10962.2332       0.0000      3.61252     3.61252   10962.2332     3.61252      0 -
     2     2796       0.0016     10962.2332       0.0000      3.61252     3.61252   10962.2332     3.61252      0 -
     2     2797     0.001596     10962.2332       0.0000      3.61252     3.61252   10962.2332     3.61252      0 -
     2     2798     0.001592     10962.2332       0.0000      3.61252     3.61252   10962.2332     3.61252      0 -
     2     2799     0.001589     10962.2332       0.0000      3.61252     3.61252   10962.2332     3.61252      0 -
     2     2800     0.001585     10962.2332       0.0000      3.61252     3.61252   10962.2332     3.61252      0 -
     2     2801     0.001581     10962.2332       0.0000      3.61252     3.61252   10962.2332     3.61252      0 -
     2     2802     0.001578     10962.2332       0.0000      3.61252     3.61252   10962.2332     3.61252      0 -
     2     2803     0.001574     10962.2332       0.0000      3.61252     3.61252   10962.2332     3.61252      0 -
     2     2804     0.001571     10962.2332       0.0000      3.61252     3.61252   10962.2332     3.61252      0 -
     2     2805     0.001567     10962.2332       0.0000      3.61252     3.61252   10962.2332     3.61252      0 -
     2     2806     0.001563     10948.2276     -14.0056      3.61021     3.61021   10948.2276     3.61021      1 chain_02/itr_02806_trial_01.rho
     2     2807      0.00156     10948.2276       0.0000      3.61021     3.61021   10948.2276     3.61021      0 -
     2     2808     0.001556     10948.2276       0.0000      3.61021     3.61021   10948.2276     3.61021      0 -
     2     2809     0.001553     10948.2276       0.0000      3.61021     3.61021   10948.2276     3.61021      0 -
     2     2810     0.001549     10948.2276       0.0000      3.61021     3.61021   10948.2276     3.61021      0 -
     2     2811     0.001545     10810.2036    -138.0240      3.58738     3.58738   10810.2036     3.58738      1 chain_02/itr_02811_trial_01.rho
     2     2812     0.001542     10810.2036       0.0000      3.58738     3.58738   10810.2036     3.58738      0 -
     2     2813     0.001538     10810.2036       0.0000      3.58738     3.58738   10810.2036     3.58738      0 -
     2     2814     0.001535     10810.2036       0.0000      3.58738     3.58738   10810.2036     3.58738      0 -
     2     2815     0.001531     10810.2036       0.0000      3.58738     3.58738   10810.2036     3.58738      0 -
     2     2816     0.001528     10810.2036       0.0000      3.58738     3.58738   10810.2036     3.58738      0 -
     2     2817     0.001524     10810.2036       0.0000      3.58738     3.58738   10810.2036     3.58738      0 -
     2     2818     0.001521     10810.2036       0.0000      3.58738     3.58738   10810.2036     3.58738      0 -
     2     2819     0.001517     10810.2036       0.0000      3.58738     3.58738   10810.2036     3.58738      0 -
     2     2820     0.001514     10810.2036       0.0000      3.58738     3.58738   10810.2036     3.58738      0 -
     2     2821      0.00151     10810.2036       0.0000      3.58738     3.58738   10810.2036     3.58738      0 -
     2     2822     0.001507     10778.7391     -31.4645      3.58215     3.58215   10778.7391     3.58215      1 chain_02/itr_02822_trial_01.rho
     2     2823     0.001503     10778.7391       0.0000      3.58215     3.58215   10778.7391     3.58215      0 -
     2     2824       0.0015     10778.7391       0.0000      3.58215     3.58215   10778.7391     3.58215      0 -
     2     2825     0.001496     10778.7391       0.0000      3.58215     3.58215   10778.7391     3.58215      0 -
     2     2826     0.001493     10778.7391       0.0000      3.58215     3.58215   10778.7391     3.58215      0 -
     2     2827      0.00149     10778.7391       0.0000      3.58215     3.58215   10778.7391     3.58215      0 -
     2     2828     0.001486     10778.7391       0.0000      3.58215     3.58215   10778.7391     3.58215      0 -
     2     2829     0.001483     10778.7391       0.0000      3.58215     3.58215   10778.7391     3.58215      0 -
     2     2830     0.001479     10778.7391       0.0000      3.58215     3.58215   10778.7391     3.58215      0 -
     2     2831     0.001476     10778.7391       0.0000      3.58215     3.58215   10778.7391     3.58215      0 -
     2     2832     0.001473     10778.7391       0.0000      3.58215     3.58215   10778.7391     3.58215      0 -
     2     2833     0.001469     10778.7391       0.0000      3.58215     3.58215   10778.7391     3.58215      0 -
     2     2834     0.001466     10778.7391       0.0000      3.58215     3.58215   10778.7391     3.58215      0 -
     2     2835     0.001462     10778.7391       0.0000      3.58215     3.58215   10778.7391     3.58215      0 -
     2     2836     0.001459     10778.7391       0.0000      3.58215     3.58215   10778.7391     3.58215      0 -
     2     2837     0.001456     10778.7391       0.0000      3.58215     3.58215   10778.7391     3.58215      0 -
     2     2838     0.001452     10778.7391       0.0000      3.58215     3.58215   10778.7391     3.58215      0 -
     2     2839     0.001449     10778.7391       0.0000      3.58215     3.58215   10778.7391     3.58215      0 -
     2     2840     0.001446     10778.7391       0.0000      3.58215     3.58215   10778.7391     3.58215      0 -
     2     2841     0.001442     10778.7391       0.0000      3.58215     3.58215   10778.7391     3.58215      0 -
     2     2842     0.001439     10778.7391       0.0000      3.58215     3.58215   10778.7391     3.58215      0 -
     2     2843     0.001436     10778.7391       0.0000      3.58215     3.58215   10778.7391     3.58215      0 -
     2     2844     0.001432     10778.7391       0.0000      3.58215     3.58215   10778.7391     3.58215      0 -
     2     2845     0.001429     10778.7391       0.0000      3.58215     3.58215   10778.7391     3.58215      0 -
     2     2846     0.001426     10778.7391       0.0000      3.58215     3.58215   10778.7391     3.58215      0 -
     2     2847     0.001422     10778.7391       0.0000      3.58215     3.58215   10778.7391     3.58215      0 -
     2     2848     0.001419     10705.6445     -73.0946      3.56999     3.56999   10705.6445     3.56999      1 chain_02/itr_02848_trial_01.rho
     2     2849     0.001416     10705.6445       0.0000      3.56999     3.56999   10705.6445     3.56999      0 -
     2     2850     0.001413     10705.6445       0.0000      3.56999     3.56999   10705.6445     3.56999      0 -
     2     2851     0.001409     10705.6445       0.0000      3.56999     3.56999   10705.6445     3.56999      0 -
     2     2852     0.001406     10705.6445       0.0000      3.56999     3.56999   10705.6445     3.56999      0 -
     2     2853     0.001403     10705.6445       0.0000      3.56999     3.56999   10705.6445     3.56999      0 -
     2     2854       0.0014     10705.6445       0.0000      3.56999     3.56999   10705.6445     3.56999      0 -
     2     2855     0.001397     10705.6445       0.0000      3.56999     3.56999   10705.6445     3.56999      0 -
     2     2856     0.001393     10705.6445       0.0000      3.56999     3.56999   10705.6445     3.56999      0 -
     2     2857      0.00139     10705.6445       0.0000      3.56999     3.56999   10705.6445     3.56999      0 -
     2     2858     0.001387     10705.6445       0.0000      3.56999     3.56999   10705.6445     3.56999      0 -
     2     2859     0.001384     10705.6445       0.0000      3.56999     3.56999   10705.6445     3.56999      0 -
     2     2860     0.001381     10705.6445       0.0000      3.56999     3.56999   10705.6445     3.56999      0 -
     2     2861     0.001377     10705.6445       0.0000      3.56999     3.56999   10705.6445     3.56999      0 -
     2     2862     0.001374     10698.8821      -6.7624      3.56886     3.56886   10698.8821     3.56886      1 chain_02/itr_02862_trial_01.rho
     2     2863     0.001371     10679.0566     -19.8255      3.56555     3.56555   10679.0566     3.56555      1 chain_02/itr_02863_trial_01.rho
     2     2864     0.001368     10679.0566       0.0000      3.56555     3.56555   10679.0566     3.56555      0 -
     2     2865     0.001365     10679.0566       0.0000      3.56555     3.56555   10679.0566     3.56555      0 -
     2     2866     0.001362     10679.0566       0.0000      3.56555     3.56555   10679.0566     3.56555      0 -
     2     2867     0.001358     10679.0566       0.0000      3.56555     3.56555   10679.0566     3.56555      0 -
     2     2868     0.001355     10679.0566       0.0000      3.56555     3.56555   10679.0566     3.56555      0 -
     2     2869     0.001352     10679.0566       0.0000      3.56555     3.56555   10679.0566     3.56555      0 -
     2     2870     0.001349     10679.0566       0.0000      3.56555     3.56555   10679.0566     3.56555      0 -
     2     2871     0.001346     10679.0566       0.0000      3.56555     3.56555   10679.0566     3.56555      0 -
     2     2872     0.001343     10679.0566       0.0000      3.56555     3.56555   10679.0566     3.56555      0 -
     2     2873      0.00134     10679.0566       0.0000      3.56555     3.56555   10679.0566     3.56555      0 -
     2     2874     0.001337     10679.0566       0.0000      3.56555     3.56555   10679.0566     3.56555      0 -
     2     2875     0.001334     10679.0566       0.0000      3.56555     3.56555   10679.0566     3.56555      0 -
     2     2876     0.001331     10679.0566       0.0000      3.56555     3.56555   10679.0566     3.56555      0 -
     2     2877     0.001328     10679.0566       0.0000      3.56555     3.56555   10679.0566     3.56555      0 -
     2     2878     0.001324     10679.0566       0.0000      3.56555     3.56555   10679.0566     3.56555      0 -
     2     2879     0.001321     10679.0566       0.0000      3.56555     3.56555   10679.0566     3.56555      0 -
     2     2880     0.001318     10679.0566       0.0000      3.56555     3.56555   10679.0566     3.56555      0 -
     2     2881     0.001315     10679.0566       0.0000      3.56555     3.56555   10679.0566     3.56555      0 -
     2     2882     0.001312     10679.0566       0.0000      3.56555     3.56555   10679.0566     3.56555      0 -
     2     2883     0.001309     10679.0566       0.0000      3.56555     3.56555   10679.0566     3.56555      0 -
     2     2884     0.001306     10679.0566       0.0000      3.56555     3.56555   10679.0566     3.56555      0 -
     2     2885     0.001303     10679.0566       0.0000      3.56555     3.56555   10679.0566     3.56555      0 -
     2     2886       0.0013     10679.0566       0.0000      3.56555     3.56555   10679.0566     3.56555      0 -
     2     2887     0.001297     10608.5871     -70.4695      3.55377     3.55377   10608.5871     3.55377      1 chain_02/itr_02887_trial_01.rho
     2     2888     0.001294     10608.5871       0.0000      3.55377     3.55377   10608.5871     3.55377      0 -
     2     2889     0.001291     10608.5871       0.0000      3.55377     3.55377   10608.5871     3.55377      0 -
     2     2890     0.001288     10608.5871       0.0000      3.55377     3.55377   10608.5871     3.55377      0 -
     2     2891     0.001285     10608.5871       0.0000      3.55377     3.55377   10608.5871     3.55377      0 -
     2     2892     0.001282     10608.5871       0.0000      3.55377     3.55377   10608.5871     3.55377      0 -
     2     2893     0.001279     10608.5871       0.0000      3.55377     3.55377   10608.5871     3.55377      0 -
     2     2894     0.001277     10608.5871       0.0000      3.55377     3.55377   10608.5871     3.55377      0 -
     2     2895     0.001274     10608.5871       0.0000      3.55377     3.55377   10608.5871     3.55377      0 -
     2     2896     0.001271     10608.5871       0.0000      3.55377     3.55377   10608.5871     3.55377      0 -
     2     2897     0.001268     10608.5871       0.0000      3.55377     3.55377   10608.5871     3.55377      0 -
     2     2898     0.001265     10608.5871       0.0000      3.55377     3.55377   10608.5871     3.55377      0 -
     2     2899     0.001262     10608.5871       0.0000      3.55377     3.55377   10608.5871     3.55377      0 -
     2     2900     0.001259     10608.5871       0.0000      3.55377     3.55377   10608.5871     3.55377      0 -
     2     2901     0.001256     10608.5871       0.0000      3.55377     3.55377   10608.5871     3.55377      0 -
     2     2902     0.001253     10608.5871       0.0000      3.55377     3.55377   10608.5871     3.55377      0 -
     2     2903      0.00125     10608.5871       0.0000      3.55377     3.55377   10608.5871     3.55377      0 -
     2     2904     0.001247     10608.5871       0.0000      3.55377     3.55377   10608.5871     3.55377      0 -
     2     2905     0.001245     10608.5871       0.0000      3.55377     3.55377   10608.5871     3.55377      0 -
     2     2906     0.001242     10608.5871       0.0000      3.55377     3.55377   10608.5871     3.55377      0 -
     2     2907     0.001239     10608.5871       0.0000      3.55377     3.55377   10608.5871     3.55377      0 -
     2     2908     0.001236     10608.5871       0.0000      3.55377     3.55377   10608.5871     3.55377      0 -
     2     2909     0.001233     10608.5871       0.0000      3.55377     3.55377   10608.5871     3.55377      0 -
     2     2910      0.00123     10608.5871       0.0000      3.55377     3.55377   10608.5871     3.55377      0 -
     2     2911     0.001228     10608.5871       0.0000      3.55377     3.55377   10608.5871     3.55377      0 -
     2     2912     0.001225     10608.5871       0.0000      3.55377     3.55377   10608.5871     3.55377      0 -
     2     2913     0.001222     10608.5871       0.0000      3.55377     3.55377   10608.5871     3.55377      0 -
     2     2914     0.001219     10608.5871       0.0000      3.55377     3.55377   10608.5871     3.55377      0 -
     2     2915     0.001216     10608.5871       0.0000      3.55377     3.55377   10608.5871     3.55377      0 -
     2     2916     0.001213     10608.5871       0.0000      3.55377     3.55377   10608.5871     3.55377      0 -
     2     2917     0.001211     10608.5871       0.0000      3.55377     3.55377   10608.5871     3.55377      0 -
     2     2918     0.001208     10608.5871       0.0000      3.55377     3.55377   10608.5871     3.55377      0 -
     2     2919     0.001205     10608.5871       0.0000      3.55377     3.55377   10608.5871     3.55377      0 -
     2     2920     0.001202     10608.5871       0.0000      3.55377     3.55377   10608.5871     3.55377      0 -
     2     2921       0.0012     10608.5871       0.0000      3.55377     3.55377   10608.5871     3.55377      0 -
     2     2922     0.001197     10608.5871       0.0000      3.55377     3.55377   10608.5871     3.55377      0 -
     2     2923     0.001194     10608.5871       0.0000      3.55377     3.55377   10608.5871     3.55377      0 -
     2     2924     0.001191     10608.5871       0.0000      3.55377     3.55377   10608.5871     3.55377      0 -
     2     2925     0.001189     10608.5871       0.0000      3.55377     3.55377   10608.5871     3.55377      0 -
     2     2926     0.001186     10608.5871       0.0000      3.55377     3.55377   10608.5871     3.55377      0 -
     2     2927     0.001183     10608.5871       0.0000      3.55377     3.55377   10608.5871     3.55377      0 -
     2     2928      0.00118     10608.5871       0.0000      3.55377     3.55377   10608.5871     3.55377      0 -
     2     2929     0.001178     10608.5871       0.0000      3.55377     3.55377   10608.5871     3.55377      0 -
     2     2930     0.001175     10608.5871       0.0000      3.55377     3.55377   10608.5871     3.55377      0 -
     2     2931     0.001172     10608.5871       0.0000      3.55377     3.55377   10608.5871     3.55377      0 -
     2     2932      0.00117     10608.5871       0.0000      3.55377     3.55377   10608.5871     3.55377      0 -
     2     2933     0.001167     10608.5871       0.0000      3.55377     3.55377   10608.5871     3.55377      0 -
     2     2934     0.001164     10608.5871       0.0000      3.55377     3.55377   10608.5871     3.55377      0 -
     2     2935     0.001162     10608.5871       0.0000      3.55377     3.55377   10608.5871     3.55377      0 -
     2     2936     0.001159     10608.5871       0.0000      3.55377     3.55377   10608.5871     3.55377      0 -
     2     2937     0.001156     10608.5871       0.0000      3.55377     3.55377   10608.5871     3.55377      0 -
     2     2938     0.001154     10608.5871       0.0000      3.55377     3.55377   10608.5871     3.55377      0 -
     2     2939     0.001151     10608.5871       0.0000      3.55377     3.55377   10608.5871     3.55377      0 -
     2     2940     0.001148     10608.5871       0.0000      3.55377     3.55377   10608.5871     3.55377      0 -
     2     2941     0.001146     10608.5871       0.0000      3.55377     3.55377   10608.5871     3.55377      0 -
     2     2942     0.001143     10608.5871       0.0000      3.55377     3.55377   10608.5871     3.55377      0 -
     2     2943      0.00114     10608.5871       0.0000      3.55377     3.55377   10608.5871     3.55377      0 -
     2     2944     0.001138     10608.5871       0.0000      3.55377     3.55377   10608.5871     3.55377      0 -
     2     2945     0.001135     10608.5871       0.0000      3.55377     3.55377   10608.5871     3.55377      0 -
     2     2946     0.001132     10608.5871       0.0000      3.55377     3.55377   10608.5871     3.55377      0 -
     2     2947      0.00113     10608.5871       0.0000      3.55377     3.55377   10608.5871     3.55377      0 -
     2     2948     0.001127     10608.5871       0.0000      3.55377     3.55377   10608.5871     3.55377      0 -
     2     2949     0.001125     10608.5871       0.0000      3.55377     3.55377   10608.5871     3.55377      0 -
     2     2950     0.001122     10608.5871       0.0000      3.55377     3.55377   10608.5871     3.55377      0 -
     2     2951     0.001119     10608.5871       0.0000      3.55377     3.55377   10608.5871     3.55377      0 -
     2     2952     0.001117     10608.5871       0.0000      3.55377     3.55377   10608.5871     3.55377      0 -
     2     2953     0.001114     10608.5871       0.0000      3.55377     3.55377   10608.5871     3.55377      0 -
     2     2954     0.001112     10608.5871       0.0000      3.55377     3.55377   10608.5871     3.55377      0 -
     2     2955     0.001109     10608.5871       0.0000      3.55377     3.55377   10608.5871     3.55377      0 -
     2     2956     0.001107     10608.5871       0.0000      3.55377     3.55377   10608.5871     3.55377      0 -
     2     2957     0.001104     10608.5871       0.0000      3.55377     3.55377   10608.5871     3.55377      0 -
     2     2958     0.001102     10608.5871       0.0000      3.55377     3.55377   10608.5871     3.55377      0 -
     2     2959     0.001099     10608.5871       0.0000      3.55377     3.55377   10608.5871     3.55377      0 -
     2     2960     0.001097     10608.5871       0.0000      3.55377     3.55377   10608.5871     3.55377      0 -
     2     2961     0.001094     10608.5871       0.0000      3.55377     3.55377   10608.5871     3.55377      0 -
     2     2962     0.001091     10608.5871       0.0000      3.55377     3.55377   10608.5871     3.55377      0 -
     2     2963     0.001089     10608.5871       0.0000      3.55377     3.55377   10608.5871     3.55377      0 -
     2     2964     0.001086     10608.5871       0.0000      3.55377     3.55377   10608.5871     3.55377      0 -
     2     2965     0.001084     10608.5871       0.0000      3.55377     3.55377   10608.5871     3.55377      0 -
     2     2966     0.001081     10608.5871       0.0000      3.55377     3.55377   10608.5871     3.55377      0 -
     2     2967     0.001079     10608.5871       0.0000      3.55377     3.55377   10608.5871     3.55377      0 -
     2     2968     0.001076     10608.5871       0.0000      3.55377     3.55377   10608.5871     3.55377      0 -
     2     2969     0.001074     10608.5871       0.0000      3.55377     3.55377   10608.5871     3.55377      0 -
     2     2970     0.001072     10608.5871       0.0000      3.55377     3.55377   10608.5871     3.55377      0 -
     2     2971     0.001069     10608.5871       0.0000      3.55377     3.55377   10608.5871     3.55377      0 -
     2     2972     0.001067     10608.5871       0.0000      3.55377     3.55377   10608.5871     3.55377      0 -
     2     2973     0.001064     10608.5871       0.0000      3.55377     3.55377   10608.5871     3.55377      0 -
     2     2974     0.001062     10608.5871       0.0000      3.55377     3.55377   10608.5871     3.55377      0 -
     2     2975     0.001059     10608.5871       0.0000      3.55377     3.55377   10608.5871     3.55377      0 -
     2     2976     0.001057     10608.5871       0.0000      3.55377     3.55377   10608.5871     3.55377      0 -
     2     2977     0.001054     10608.5871       0.0000      3.55377     3.55377   10608.5871     3.55377      0 -
     2     2978     0.001052     10608.5871       0.0000      3.55377     3.55377   10608.5871     3.55377      0 -
     2     2979      0.00105     10608.5871       0.0000      3.55377     3.55377   10608.5871     3.55377      0 -
     2     2980     0.001047     10608.5871       0.0000      3.55377     3.55377   10608.5871     3.55377      0 -
     2     2981     0.001045     10608.5871       0.0000      3.55377     3.55377   10608.5871     3.55377      0 -
     2     2982     0.001042     10608.5871       0.0000      3.55377     3.55377   10608.5871     3.55377      0 -
     2     2983      0.00104     10616.0135       7.4263      3.55501     3.55501   10608.5871     3.55377      1 chain_02/itr_02983_trial_01.rho
     2     2984     0.001038     10616.0135       0.0000      3.55501     3.55501   10608.5871     3.55377      0 -
     2     2985     0.001035     10616.0135       0.0000      3.55501     3.55501   10608.5871     3.55377      0 -
     2     2986     0.001033     10616.0135       0.0000      3.55501     3.55501   10608.5871     3.55377      0 -
     2     2987      0.00103     10616.0135       0.0000      3.55501     3.55501   10608.5871     3.55377      0 -
     2     2988     0.001028     10616.0135       0.0000      3.55501     3.55501   10608.5871     3.55377      0 -
     2     2989     0.001026     10616.0135       0.0000      3.55501     3.55501   10608.5871     3.55377      0 -
     2     2990     0.001023     10616.0135       0.0000      3.55501     3.55501   10608.5871     3.55377      0 -
     2     2991     0.001021     10616.0135       0.0000      3.55501     3.55501   10608.5871     3.55377      0 -
     2     2992     0.001019     10616.0135       0.0000      3.55501     3.55501   10608.5871     3.55377      0 -
     2     2993     0.001016     10616.0135       0.0000      3.55501     3.55501   10608.5871     3.55377      0 -
     2     2994     0.001014     10616.0135       0.0000      3.55501     3.55501   10608.5871     3.55377      0 -
     2     2995     0.001012     10616.0135       0.0000      3.55501     3.55501   10608.5871     3.55377      0 -
     2     2996     0.001009     10592.1341     -23.8793      3.55101     3.55101   10592.1341     3.55101      1 chain_02/itr_02996_trial_01.rho
     2     2997     0.001007     10592.1341       0.0000      3.55101     3.55101   10592.1341     3.55101      0 -
     2     2998     0.001005     10592.1341       0.0000      3.55101     3.55101   10592.1341     3.55101      0 -
     2     2999     0.001002     10592.1341       0.0000      3.55101     3.55101   10592.1341     3.55101      0 -
     2     3000        0.001     10592.1341       0.0000      3.55101     3.55101   10592.1341     3.55101      0 -
