# VFSA 2D iteration best - 2026-09-15 00:25:55
# chains=2  n_ctrl=250  frac_update_controls=1.0  temp_kappa=1.0  cool_ratio=0.001  target_rms=1.0  n_trials=1
--------------------------------------------------------------------------------------------------------------------------------------------------------------------------------------------------------
 Chain     Iter         Temp       Chi2Curr        dChi2      RMSCurr     CurrRMS     Chi2Best     RMSBest   Nacc Model
--------------------------------------------------------------------------------------------------------------------------------------------------------------------------------------------------------
     1        1            1    772526.1736    2464.1950     30.32613    30.32613  770061.9786    30.27772      1 chain_01/itr_00001_trial_01.rho
     1        2       0.9914    826925.4735   54399.2999     31.37571    31.37571  770061.9786    30.27772      1 chain_01/itr_00002_trial_01.rho
     1        3       0.9829   1124119.8382  297194.3647     36.58193    36.58193  770061.9786    30.27772      1 chain_01/itr_00003_trial_01.rho
     1        4       0.9744   1151640.3414   27520.5032     37.02702    37.02702  770061.9786    30.27772      1 chain_01/itr_00004_trial_01.rho
     1        5        0.966    930459.5152 -221180.8263     33.28198    33.28198  770061.9786    30.27772      1 chain_01/itr_00005_trial_01.rho
     1        6       0.9577   1021934.4327   91474.9175     34.87963    34.87963  770061.9786    30.27772      1 chain_01/itr_00006_trial_01.rho
     1        7       0.9494    962531.0992  -59403.3335     33.85071    33.85071  770061.9786    30.27772      1 chain_01/itr_00007_trial_01.rho
     1        8       0.9413    899141.8759  -63389.2233     32.71707    32.71707  770061.9786    30.27772      1 chain_01/itr_00008_trial_01.rho
     1        9       0.9332    781196.4932 -117945.3827     30.49583    30.49583  770061.9786    30.27772      1 chain_01/itr_00009_trial_01.rho
     1       10       0.9251    817319.4628   36122.9696     31.19294    31.19294  770061.9786    30.27772      1 chain_01/itr_00010_trial_01.rho
     1       11       0.9172    838187.6553   20868.1926     31.58864    31.58864  770061.9786    30.27772      1 chain_01/itr_00011_trial_01.rho
     1       12       0.9093    724759.5198 -113428.1355     29.37361    29.37361  724759.5198    29.37361      1 chain_01/itr_00012_trial_01.rho
     1       13       0.9015    716547.7123   -8211.8075     29.20673    29.20673  716547.7123    29.20673      1 chain_01/itr_00013_trial_01.rho
     1       14       0.8937    788732.7158   72185.0035     30.64258    30.64258  716547.7123    29.20673      1 chain_01/itr_00014_trial_01.rho
     1       15        0.886    546149.7558 -242582.9600     25.49859    25.49859  546149.7558    25.49859      1 chain_01/itr_00015_trial_01.rho
     1       16       0.8784    617172.2634   71022.5076     27.10588    27.10588  546149.7558    25.49859      1 chain_01/itr_00016_trial_01.rho
     1       17       0.8708    558445.9529  -58726.3104     25.78404    25.78404  546149.7558    25.49859      1 chain_01/itr_00017_trial_01.rho
     1       18       0.8633    541247.8164  -17198.1365     25.38391    25.38391  541247.8164    25.38391      1 chain_01/itr_00018_trial_01.rho
     1       19       0.8559    556909.2759   15661.4595     25.74854    25.74854  541247.8164    25.38391      1 chain_01/itr_00019_trial_01.rho
     1       20       0.8485    429091.5468 -127817.7291     22.60140    22.60140  429091.5468    22.60140      1 chain_01/itr_00020_trial_01.rho
     1       21       0.8412    421400.3132   -7691.2336     22.39792    22.39792  421400.3132    22.39792      1 chain_01/itr_00021_trial_01.rho
     1       22        0.834    441640.0215   20239.7083     22.92950    22.92950  421400.3132    22.39792      1 chain_01/itr_00022_trial_01.rho
     1       23       0.8268    379650.6684  -61989.3531     21.25947    21.25947  379650.6684    21.25947      1 chain_01/itr_00023_trial_01.rho
     1       24       0.8197    350500.5100  -29150.1584     20.42700    20.42700  350500.5100    20.42700      1 chain_01/itr_00024_trial_01.rho
     1       25       0.8126    358007.0681    7506.5581     20.64459    20.64459  350500.5100    20.42700      1 chain_01/itr_00025_trial_01.rho
     1       26       0.8056    310062.5202  -47944.5479     19.21255    19.21255  310062.5202    19.21255      1 chain_01/itr_00026_trial_01.rho
     1       27       0.7987    327531.5978   17469.0775     19.74636    19.74636  310062.5202    19.21255      1 chain_01/itr_00027_trial_01.rho
     1       28       0.7918    345490.7709   17959.1731     20.28050    20.28050  310062.5202    19.21255      1 chain_01/itr_00028_trial_01.rho
     1       29        0.785    328798.6580  -16692.1128     19.78451    19.78451  310062.5202    19.21255      1 chain_01/itr_00029_trial_01.rho
     1       30       0.7782    300106.8478  -28691.8103     18.90159    18.90159  300106.8478    18.90159      1 chain_01/itr_00030_trial_01.rho
     1       31       0.7715    290552.0840   -9554.7638     18.59826    18.59826  290552.0840    18.59826      1 chain_01/itr_00031_trial_01.rho
     1       32       0.7649    292887.5206    2335.4366     18.67286    18.67286  290552.0840    18.59826      1 chain_01/itr_00032_trial_01.rho
     1       33       0.7583    269476.5996  -23410.9210     17.91104    17.91104  269476.5996    17.91104      1 chain_01/itr_00033_trial_01.rho
     1       34       0.7518    245658.5021  -23818.0975     17.10119    17.10119  245658.5021    17.10119      1 chain_01/itr_00034_trial_01.rho
     1       35       0.7453    243299.1105   -2359.3916     17.01887    17.01887  243299.1105    17.01887      1 chain_01/itr_00035_trial_01.rho
     1       36       0.7389    200670.5376  -42628.5729     15.45618    15.45618  200670.5376    15.45618      1 chain_01/itr_00036_trial_01.rho
     1       37       0.7325    181262.1045  -19408.4331     14.68973    14.68973  181262.1045    14.68973      1 chain_01/itr_00037_trial_01.rho
     1       38       0.7262    185442.0493    4179.9448     14.85814    14.85814  181262.1045    14.68973      1 chain_01/itr_00038_trial_01.rho
     1       39         0.72    190895.0072    5452.9580     15.07501    15.07501  181262.1045    14.68973      1 chain_01/itr_00039_trial_01.rho
     1       40       0.7138    218468.5729   27573.5657     16.12705    16.12705  181262.1045    14.68973      1 chain_01/itr_00040_trial_01.rho
     1       41       0.7076    208012.0864  -10456.4865     15.73637    15.73637  181262.1045    14.68973      1 chain_01/itr_00041_trial_01.rho
     1       42       0.7015    197684.1027  -10327.9838     15.34074    15.34074  181262.1045    14.68973      1 chain_01/itr_00042_trial_01.rho
     1       43       0.6955    179527.2960  -18156.8067     14.61927    14.61927  179527.2960    14.61927      1 chain_01/itr_00043_trial_01.rho
     1       44       0.6895    175696.9048   -3830.3912     14.46247    14.46247  175696.9048    14.46247      1 chain_01/itr_00044_trial_01.rho
     1       45       0.6836    149292.8442  -26404.0606     13.33153    13.33153  149292.8442    13.33153      1 chain_01/itr_00045_trial_01.rho
     1       46       0.6777    133170.5954  -16122.2488     12.59112    12.59112  133170.5954    12.59112      1 chain_01/itr_00046_trial_01.rho
     1       47       0.6719    133170.5954       0.0000     12.59112    12.59112  133170.5954    12.59112      0 -
     1       48       0.6661    146454.3526   13283.7572     13.20418    13.20418  133170.5954    12.59112      1 chain_01/itr_00048_trial_01.rho
     1       49       0.6604    143991.7284   -2462.6242     13.09270    13.09270  133170.5954    12.59112      1 chain_01/itr_00049_trial_01.rho
     1       50       0.6547    148865.3265    4873.5981     13.31242    13.31242  133170.5954    12.59112      1 chain_01/itr_00050_trial_01.rho
     1       51        0.649    143580.6331   -5284.6934     13.07399    13.07399  133170.5954    12.59112      1 chain_01/itr_00051_trial_01.rho
     1       52       0.6434    152871.2135    9290.5804     13.49035    13.49035  133170.5954    12.59112      1 chain_01/itr_00052_trial_01.rho
     1       53       0.6379    158395.9142    5524.7007     13.73195    13.73195  133170.5954    12.59112      1 chain_01/itr_00053_trial_01.rho
     1       54       0.6324    167638.6299    9242.7157     14.12692    14.12692  133170.5954    12.59112      1 chain_01/itr_00054_trial_01.rho
     1       55        0.627    161869.4176   -5769.2123     13.88170    13.88170  133170.5954    12.59112      1 chain_01/itr_00055_trial_01.rho
     1       56       0.6216    139709.9230  -22159.4946     12.89656    12.89656  133170.5954    12.59112      1 chain_01/itr_00056_trial_01.rho
     1       57       0.6162    174140.7765   34430.8535     14.39828    14.39828  133170.5954    12.59112      1 chain_01/itr_00057_trial_01.rho
     1       58       0.6109    174114.4522     -26.3244     14.39719    14.39719  133170.5954    12.59112      1 chain_01/itr_00058_trial_01.rho
     1       59       0.6057    199769.5002   25655.0481     15.42144    15.42144  133170.5954    12.59112      1 chain_01/itr_00059_trial_01.rho
     1       60       0.6004    214314.6591   14545.1589     15.97299    15.97299  133170.5954    12.59112      1 chain_01/itr_00060_trial_01.rho
     1       61       0.5953    180911.5882  -33403.0710     14.67552    14.67552  133170.5954    12.59112      1 chain_01/itr_00061_trial_01.rho
     1       62       0.5902    174902.9623   -6008.6259     14.42975    14.42975  133170.5954    12.59112      1 chain_01/itr_00062_trial_01.rho
     1       63       0.5851    156951.9476  -17951.0146     13.66922    13.66922  133170.5954    12.59112      1 chain_01/itr_00063_trial_01.rho
     1       64         0.58    155674.2353   -1277.7123     13.61347    13.61347  133170.5954    12.59112      1 chain_01/itr_00064_trial_01.rho
     1       65        0.575    166726.3070   11052.0716     14.08842    14.08842  133170.5954    12.59112      1 chain_01/itr_00065_trial_01.rho
     1       66       0.5701    156093.7979  -10632.5091     13.63180    13.63180  133170.5954    12.59112      1 chain_01/itr_00066_trial_01.rho
     1       67       0.5652    153010.7501   -3083.0477     13.49651    13.49651  133170.5954    12.59112      1 chain_01/itr_00067_trial_01.rho
     1       68       0.5603    155493.5356    2482.7855     13.60556    13.60556  133170.5954    12.59112      1 chain_01/itr_00068_trial_01.rho
     1       69       0.5555    159807.8242    4314.2886     13.79302    13.79302  133170.5954    12.59112      1 chain_01/itr_00069_trial_01.rho
     1       70       0.5507    156247.5897   -3560.2345     13.63851    13.63851  133170.5954    12.59112      1 chain_01/itr_00070_trial_01.rho
     1       71        0.546    182232.2001   25984.6103     14.72899    14.72899  133170.5954    12.59112      1 chain_01/itr_00071_trial_01.rho
     1       72       0.5413    194636.2977   12404.0976     15.22202    15.22202  133170.5954    12.59112      1 chain_01/itr_00072_trial_01.rho
     1       73       0.5366    194827.9296     191.6319     15.22951    15.22951  133170.5954    12.59112      1 chain_01/itr_00073_trial_01.rho
     1       74        0.532    163153.2503  -31674.6793     13.93664    13.93664  133170.5954    12.59112      1 chain_01/itr_00074_trial_01.rho
     1       75       0.5274    163153.2503       0.0000     13.93664    13.93664  133170.5954    12.59112      0 -
     1       76       0.5229    146583.1096  -16570.1407     13.20998    13.20998  133170.5954    12.59112      1 chain_01/itr_00076_trial_01.rho
     1       77       0.5184    139272.8952   -7310.2145     12.87638    12.87638  133170.5954    12.59112      1 chain_01/itr_00077_trial_01.rho
     1       78       0.5139    128180.4732  -11092.4219     12.35297    12.35297  128180.4732    12.35297      1 chain_01/itr_00078_trial_01.rho
     1       79       0.5095    128180.4732       0.0000     12.35297    12.35297  128180.4732    12.35297      0 -
     1       80       0.5051    126414.9978   -1765.4754     12.26760    12.26760  126414.9978    12.26760      1 chain_01/itr_00080_trial_01.rho
     1       81       0.5008    116229.0548  -10185.9431     11.76299    11.76299  116229.0548    11.76299      1 chain_01/itr_00081_trial_01.rho
     1       82       0.4964     90562.9529  -25666.1019     10.38331    10.38331   90562.9529    10.38331      1 chain_01/itr_00082_trial_01.rho
     1       83       0.4922     85407.5084   -5155.4444     10.08343    10.08343   85407.5084    10.08343      1 chain_01/itr_00083_trial_01.rho
     1       84       0.4879     85407.5084       0.0000     10.08343    10.08343   85407.5084    10.08343      0 -
     1       85       0.4837     95030.7392    9623.2308     10.63634    10.63634   85407.5084    10.08343      1 chain_01/itr_00085_trial_01.rho
     1       86       0.4796     95030.7392       0.0000     10.63634    10.63634   85407.5084    10.08343      0 -
     1       87       0.4754     94102.7151    -928.0241     10.58428    10.58428   85407.5084    10.08343      1 chain_01/itr_00087_trial_01.rho
     1       88       0.4713     86018.8483   -8083.8668     10.11946    10.11946   85407.5084    10.08343      1 chain_01/itr_00088_trial_01.rho
     1       89       0.4673     77445.4300   -8573.4183      9.60192     9.60192   77445.4300     9.60192      1 chain_01/itr_00089_trial_01.rho
     1       90       0.4633     63795.4300  -13650.0000      8.71475     8.71475   63795.4300     8.71475      1 chain_01/itr_00090_trial_01.rho
     1       91       0.4593     58284.8690   -5510.5610      8.32987     8.32987   58284.8690     8.32987      1 chain_01/itr_00091_trial_01.rho
     1       92       0.4553     59494.5588    1209.6898      8.41587     8.41587   58284.8690     8.32987      1 chain_01/itr_00092_trial_01.rho
     1       93       0.4514     53897.3540   -5597.2048      8.01021     8.01021   53897.3540     8.01021      1 chain_01/itr_00093_trial_01.rho
     1       94       0.4475     53897.3540       0.0000      8.01021     8.01021   53897.3540     8.01021      0 -
     1       95       0.4437     61179.9537    7282.5997      8.53424     8.53424   53897.3540     8.01021      1 chain_01/itr_00095_trial_01.rho
     1       96       0.4398     63845.7514    2665.7977      8.71819     8.71819   53897.3540     8.01021      1 chain_01/itr_00096_trial_01.rho
     1       97       0.4361     61865.8647   -1979.8867      8.58195     8.58195   53897.3540     8.01021      1 chain_01/itr_00097_trial_01.rho
     1       98       0.4323     61865.8647       0.0000      8.58195     8.58195   53897.3540     8.01021      0 -
     1       99       0.4286     56923.2371   -4942.6276      8.23200     8.23200   53897.3540     8.01021      1 chain_01/itr_00099_trial_01.rho
     1      100       0.4249     56923.2371       0.0000      8.23200     8.23200   53897.3540     8.01021      0 -
     1      101       0.4212     54346.9211   -2576.3160      8.04355     8.04355   53897.3540     8.01021      1 chain_01/itr_00101_trial_01.rho
     1      102       0.4176     55548.8550    1201.9339      8.13201     8.13201   53897.3540     8.01021      1 chain_01/itr_00102_trial_01.rho
     1      103        0.414     51693.6521   -3855.2029      7.84475     7.84475   51693.6521     7.84475      1 chain_01/itr_00103_trial_01.rho
     1      104       0.4105     52778.2061    1084.5540      7.92661     7.92661   51693.6521     7.84475      1 chain_01/itr_00104_trial_01.rho
     1      105       0.4069     52143.5972    -634.6088      7.87881     7.87881   51693.6521     7.84475      1 chain_01/itr_00105_trial_01.rho
     1      106       0.4034     50494.3664   -1649.2308      7.75321     7.75321   50494.3664     7.75321      1 chain_01/itr_00106_trial_01.rho
     1      107       0.3999     51748.9446    1254.5782      7.84894     7.84894   50494.3664     7.75321      1 chain_01/itr_00107_trial_01.rho
     1      108       0.3965     46895.1919   -4853.7527      7.47179     7.47179   46895.1919     7.47179      1 chain_01/itr_00108_trial_01.rho
     1      109       0.3931     46741.0785    -154.1134      7.45950     7.45950   46741.0785     7.45950      1 chain_01/itr_00109_trial_01.rho
     1      110       0.3897     47443.6134     702.5349      7.51535     7.51535   46741.0785     7.45950      1 chain_01/itr_00110_trial_01.rho
     1      111       0.3864     46077.1496   -1366.4639      7.40633     7.40633   46077.1496     7.40633      1 chain_01/itr_00111_trial_01.rho
     1      112        0.383     44165.0523   -1912.0973      7.25103     7.25103   44165.0523     7.25103      1 chain_01/itr_00112_trial_01.rho
     1      113       0.3797     43939.9616    -225.0907      7.23253     7.23253   43939.9616     7.23253      1 chain_01/itr_00113_trial_01.rho
     1      114       0.3765     45578.0178    1638.0562      7.36611     7.36611   43939.9616     7.23253      1 chain_01/itr_00114_trial_01.rho
     1      115       0.3732     42721.2735   -2856.7442      7.13153     7.13153   42721.2735     7.13153      1 chain_01/itr_00115_trial_01.rho
     1      116         0.37     44574.6770    1853.4035      7.28458     7.28458   42721.2735     7.13153      1 chain_01/itr_00116_trial_01.rho
     1      117       0.3668     49002.3492    4427.6722      7.63781     7.63781   42721.2735     7.13153      1 chain_01/itr_00117_trial_01.rho
     1      118       0.3637     47946.9079   -1055.4413      7.55511     7.55511   42721.2735     7.13153      1 chain_01/itr_00118_trial_01.rho
     1      119       0.3605     49065.2502    1118.3422      7.64271     7.64271   42721.2735     7.13153      1 chain_01/itr_00119_trial_01.rho
     1      120       0.3574     48773.2440    -292.0061      7.61993     7.61993   42721.2735     7.13153      1 chain_01/itr_00120_trial_01.rho
     1      121       0.3544     50508.2433    1734.9993      7.75428     7.75428   42721.2735     7.13153      1 chain_01/itr_00121_trial_01.rho
     1      122       0.3513     46993.6897   -3514.5536      7.47963     7.47963   42721.2735     7.13153      1 chain_01/itr_00122_trial_01.rho
     1      123       0.3483     46084.9578    -908.7319      7.40696     7.40696   42721.2735     7.13153      1 chain_01/itr_00123_trial_01.rho
     1      124       0.3453     47088.7354    1003.7776      7.48719     7.48719   42721.2735     7.13153      1 chain_01/itr_00124_trial_01.rho
     1      125       0.3423     45938.8090   -1149.9264      7.39521     7.39521   42721.2735     7.13153      1 chain_01/itr_00125_trial_01.rho
     1      126       0.3394     47798.1591    1859.3501      7.54338     7.54338   42721.2735     7.13153      1 chain_01/itr_00126_trial_01.rho
     1      127       0.3364     45573.8622   -2224.2969      7.36577     7.36577   42721.2735     7.13153      1 chain_01/itr_00127_trial_01.rho
     1      128       0.3335     45097.3328    -476.5294      7.32716     7.32716   42721.2735     7.13153      1 chain_01/itr_00128_trial_01.rho
     1      129       0.3307     43446.7780   -1650.5548      7.19183     7.19183   42721.2735     7.13153      1 chain_01/itr_00129_trial_01.rho
     1      130       0.3278     42842.8155    -603.9625      7.14166     7.14166   42721.2735     7.13153      1 chain_01/itr_00130_trial_01.rho
     1      131        0.325     43409.7590     566.9435      7.18876     7.18876   42721.2735     7.13153      1 chain_01/itr_00131_trial_01.rho
     1      132       0.3222     43458.3029      48.5439      7.19278     7.19278   42721.2735     7.13153      1 chain_01/itr_00132_trial_01.rho
     1      133       0.3194     43282.7252    -175.5777      7.17823     7.17823   42721.2735     7.13153      1 chain_01/itr_00133_trial_01.rho
     1      134       0.3167     43274.5925      -8.1327      7.17756     7.17756   42721.2735     7.13153      1 chain_01/itr_00134_trial_01.rho
     1      135        0.314     44279.9244    1005.3320      7.26045     7.26045   42721.2735     7.13153      1 chain_01/itr_00135_trial_01.rho
     1      136       0.3113     44279.9244       0.0000      7.26045     7.26045   42721.2735     7.13153      0 -
     1      137       0.3086     47332.2814    3052.3570      7.50653     7.50653   42721.2735     7.13153      1 chain_01/itr_00137_trial_01.rho
     1      138       0.3059     46599.5747    -732.7067      7.44820     7.44820   42721.2735     7.13153      1 chain_01/itr_00138_trial_01.rho
     1      139       0.3033     46592.5636      -7.0111      7.44764     7.44764   42721.2735     7.13153      1 chain_01/itr_00139_trial_01.rho
     1      140       0.3007     46229.1740    -363.3896      7.41854     7.41854   42721.2735     7.13153      1 chain_01/itr_00140_trial_01.rho
     1      141       0.2981     46229.1740       0.0000      7.41854     7.41854   42721.2735     7.13153      0 -
     1      142       0.2955     47167.8516     938.6776      7.49348     7.49348   42721.2735     7.13153      1 chain_01/itr_00142_trial_01.rho
     1      143        0.293     47167.8516       0.0000      7.49348     7.49348   42721.2735     7.13153      0 -
     1      144       0.2905     47323.8949     156.0433      7.50586     7.50586   42721.2735     7.13153      1 chain_01/itr_00144_trial_01.rho
     1      145        0.288     47132.1672    -191.7278      7.49064     7.49064   42721.2735     7.13153      1 chain_01/itr_00145_trial_01.rho
     1      146       0.2855     44981.9698   -2150.1974      7.31778     7.31778   42721.2735     7.13153      1 chain_01/itr_00146_trial_01.rho
     1      147        0.283     45877.8826     895.9129      7.39030     7.39030   42721.2735     7.13153      1 chain_01/itr_00147_trial_01.rho
     1      148       0.2806     45680.0891    -197.7935      7.37435     7.37435   42721.2735     7.13153      1 chain_01/itr_00148_trial_01.rho
     1      149       0.2782     45680.0891       0.0000      7.37435     7.37435   42721.2735     7.13153      0 -
     1      150       0.2758     45667.9969     -12.0923      7.37338     7.37338   42721.2735     7.13153      1 chain_01/itr_00150_trial_01.rho
     1      151       0.2734     45230.3201    -437.6768      7.33796     7.33796   42721.2735     7.13153      1 chain_01/itr_00151_trial_01.rho
     1      152        0.271     44260.6284    -969.6917      7.25887     7.25887   42721.2735     7.13153      1 chain_01/itr_00152_trial_01.rho
     1      153       0.2687     45037.2470     776.6186      7.32228     7.32228   42721.2735     7.13153      1 chain_01/itr_00153_trial_01.rho
     1      154       0.2664     42912.9144   -2124.3326      7.14750     7.14750   42721.2735     7.13153      1 chain_01/itr_00154_trial_01.rho
     1      155       0.2641     42166.3375    -746.5769      7.08506     7.08506   42166.3375     7.08506      1 chain_01/itr_00155_trial_01.rho
     1      156       0.2618     43746.1010    1579.7635      7.21656     7.21656   42166.3375     7.08506      1 chain_01/itr_00156_trial_01.rho
     1      157       0.2596     44310.4737     564.3727      7.26296     7.26296   42166.3375     7.08506      1 chain_01/itr_00157_trial_01.rho
     1      158       0.2573     45916.2763    1605.8026      7.39339     7.39339   42166.3375     7.08506      1 chain_01/itr_00158_trial_01.rho
     1      159       0.2551     44590.1094   -1326.1669      7.28584     7.28584   42166.3375     7.08506      1 chain_01/itr_00159_trial_01.rho
     1      160       0.2529     45555.2865     965.1771      7.36427     7.36427   42166.3375     7.08506      1 chain_01/itr_00160_trial_01.rho
     1      161       0.2508     43439.5743   -2115.7122      7.19123     7.19123   42166.3375     7.08506      1 chain_01/itr_00161_trial_01.rho
     1      162       0.2486     44602.9814    1163.4071      7.28689     7.28689   42166.3375     7.08506      1 chain_01/itr_00162_trial_01.rho
     1      163       0.2465     48633.5728    4030.5915      7.60902     7.60902   42166.3375     7.08506      1 chain_01/itr_00163_trial_01.rho
     1      164       0.2443     47339.5530   -1294.0198      7.50710     7.50710   42166.3375     7.08506      1 chain_01/itr_00164_trial_01.rho
     1      165       0.2422     46543.7999    -795.7531      7.44374     7.44374   42166.3375     7.08506      1 chain_01/itr_00165_trial_01.rho
     1      166       0.2401     46645.9727     102.1728      7.45191     7.45191   42166.3375     7.08506      1 chain_01/itr_00166_trial_01.rho
     1      167       0.2381     43757.5266   -2888.4461      7.21750     7.21750   42166.3375     7.08506      1 chain_01/itr_00167_trial_01.rho
     1      168        0.236     44100.8959     343.3693      7.24576     7.24576   42166.3375     7.08506      1 chain_01/itr_00168_trial_01.rho
     1      169        0.234     45280.0531    1179.1572      7.34199     7.34199   42166.3375     7.08506      1 chain_01/itr_00169_trial_01.rho
     1      170        0.232     50257.9779    4977.9248      7.73505     7.73505   42166.3375     7.08506      1 chain_01/itr_00170_trial_01.rho
     1      171         0.23     50410.3920     152.4141      7.74677     7.74677   42166.3375     7.08506      1 chain_01/itr_00171_trial_01.rho
     1      172        0.228     51309.6009     899.2089      7.81555     7.81555   42166.3375     7.08506      1 chain_01/itr_00172_trial_01.rho
     1      173        0.226     56099.6090    4790.0081      8.17222     8.17222   42166.3375     7.08506      1 chain_01/itr_00173_trial_01.rho
     1      174       0.2241     57741.9762    1642.3672      8.29099     8.29099   42166.3375     7.08506      1 chain_01/itr_00174_trial_01.rho
     1      175       0.2222     57741.9762       0.0000      8.29099     8.29099   42166.3375     7.08506      0 -
     1      176       0.2203     61107.7246    3365.7484      8.52920     8.52920   42166.3375     7.08506      1 chain_01/itr_00176_trial_01.rho
     1      177       0.2184     61940.3023     832.5777      8.58711     8.58711   42166.3375     7.08506      1 chain_01/itr_00177_trial_01.rho
     1      178       0.2165     60107.8651   -1832.4372      8.45914     8.45914   42166.3375     7.08506      1 chain_01/itr_00178_trial_01.rho
     1      179       0.2146     59677.2272    -430.6379      8.42878     8.42878   42166.3375     7.08506      1 chain_01/itr_00179_trial_01.rho
     1      180       0.2128     56820.6830   -2856.5442      8.22458     8.22458   42166.3375     7.08506      1 chain_01/itr_00180_trial_01.rho
     1      181       0.2109     55213.3375   -1607.3455      8.10741     8.10741   42166.3375     7.08506      1 chain_01/itr_00181_trial_01.rho
     1      182       0.2091     53768.0789   -1445.2587      8.00060     8.00060   42166.3375     7.08506      1 chain_01/itr_00182_trial_01.rho
     1      183       0.2073     54686.5752     918.4963      8.06865     8.06865   42166.3375     7.08506      1 chain_01/itr_00183_trial_01.rho
     1      184       0.2055     58998.2590    4311.6838      8.38069     8.38069   42166.3375     7.08506      1 chain_01/itr_00184_trial_01.rho
     1      185       0.2038     57151.0653   -1847.1937      8.24845     8.24845   42166.3375     7.08506      1 chain_01/itr_00185_trial_01.rho
     1      186        0.202     57895.5203     744.4551      8.30200     8.30200   42166.3375     7.08506      1 chain_01/itr_00186_trial_01.rho
     1      187       0.2003     55705.3658   -2190.1545      8.14346     8.14346   42166.3375     7.08506      1 chain_01/itr_00187_trial_01.rho
     1      188       0.1986     66567.5466   10862.1808      8.90208     8.90208   42166.3375     7.08506      1 chain_01/itr_00188_trial_01.rho
     1      189       0.1968     59730.9525   -6836.5941      8.43257     8.43257   42166.3375     7.08506      1 chain_01/itr_00189_trial_01.rho
     1      190       0.1951     59561.7019    -169.2506      8.42062     8.42062   42166.3375     7.08506      1 chain_01/itr_00190_trial_01.rho
     1      191       0.1935     57632.4997   -1929.2022      8.28312     8.28312   42166.3375     7.08506      1 chain_01/itr_00191_trial_01.rho
     1      192       0.1918     58324.5795     692.0798      8.33271     8.33271   42166.3375     7.08506      1 chain_01/itr_00192_trial_01.rho
     1      193       0.1902     53473.2444   -4851.3350      7.97864     7.97864   42166.3375     7.08506      1 chain_01/itr_00193_trial_01.rho
     1      194       0.1885     53918.0366     444.7922      8.01175     8.01175   42166.3375     7.08506      1 chain_01/itr_00194_trial_01.rho
     1      195       0.1869     52231.5109   -1686.5257      7.88545     7.88545   42166.3375     7.08506      1 chain_01/itr_00195_trial_01.rho
     1      196       0.1853     52264.6122      33.1013      7.88795     7.88795   42166.3375     7.08506      1 chain_01/itr_00196_trial_01.rho
     1      197       0.1837     54938.2256    2673.6134      8.08719     8.08719   42166.3375     7.08506      1 chain_01/itr_00197_trial_01.rho
     1      198       0.1821     57385.4476    2447.2220      8.26535     8.26535   42166.3375     7.08506      1 chain_01/itr_00198_trial_01.rho
     1      199       0.1805     56142.6396   -1242.8080      8.17536     8.17536   42166.3375     7.08506      1 chain_01/itr_00199_trial_01.rho
     1      200        0.179     57622.8867    1480.2471      8.28243     8.28243   42166.3375     7.08506      1 chain_01/itr_00200_trial_01.rho
     1      201       0.1774     56943.9400    -678.9467      8.23349     8.23349   42166.3375     7.08506      1 chain_01/itr_00201_trial_01.rho
     1      202       0.1759     62351.0402    5407.1001      8.61553     8.61553   42166.3375     7.08506      1 chain_01/itr_00202_trial_01.rho
     1      203       0.1744     62456.8917     105.8515      8.62284     8.62284   42166.3375     7.08506      1 chain_01/itr_00203_trial_01.rho
     1      204       0.1729     71008.5685    8551.6768      9.19424     9.19424   42166.3375     7.08506      1 chain_01/itr_00204_trial_01.rho
     1      205       0.1714     71008.5685       0.0000      9.19424     9.19424   42166.3375     7.08506      0 -
     1      206       0.1699     69669.5903   -1338.9783      9.10714     9.10714   42166.3375     7.08506      1 chain_01/itr_00206_trial_01.rho
     1      207       0.1685     69617.3968     -52.1934      9.10373     9.10373   42166.3375     7.08506      1 chain_01/itr_00207_trial_01.rho
     1      208        0.167     72670.9706    3053.5737      9.30124     9.30124   42166.3375     7.08506      1 chain_01/itr_00208_trial_01.rho
     1      209       0.1656     78069.2188    5398.2482      9.64052     9.64052   42166.3375     7.08506      1 chain_01/itr_00209_trial_01.rho
     1      210       0.1642     78069.2188       0.0000      9.64052     9.64052   42166.3375     7.08506      0 -
     1      211       0.1627     76772.6869   -1296.5319      9.56013     9.56013   42166.3375     7.08506      1 chain_01/itr_00211_trial_01.rho
     1      212       0.1613     74698.7611   -2073.9257      9.43012     9.43012   42166.3375     7.08506      1 chain_01/itr_00212_trial_01.rho
     1      213         0.16     79085.4634    4386.7023      9.70306     9.70306   42166.3375     7.08506      1 chain_01/itr_00213_trial_01.rho
     1      214       0.1586     83945.4151    4859.9516      9.99675     9.99675   42166.3375     7.08506      1 chain_01/itr_00214_trial_01.rho
     1      215       0.1572     91406.1444    7460.7294     10.43153    10.43153   42166.3375     7.08506      1 chain_01/itr_00215_trial_01.rho
     1      216       0.1559     90617.2275    -788.9169     10.38642    10.38642   42166.3375     7.08506      1 chain_01/itr_00216_trial_01.rho
     1      217       0.1545     90266.5080    -350.7195     10.36630    10.36630   42166.3375     7.08506      1 chain_01/itr_00217_trial_01.rho
     1      218       0.1532     89002.0329   -1264.4751     10.29343    10.29343   42166.3375     7.08506      1 chain_01/itr_00218_trial_01.rho
     1      219       0.1519     90022.7345    1020.7016     10.35229    10.35229   42166.3375     7.08506      1 chain_01/itr_00219_trial_01.rho
     1      220       0.1506     86394.3708   -3628.3637     10.14152    10.14152   42166.3375     7.08506      1 chain_01/itr_00220_trial_01.rho
     1      221       0.1493     88009.4280    1615.0572     10.23587    10.23587   42166.3375     7.08506      1 chain_01/itr_00221_trial_01.rho
     1      222        0.148     78816.1423   -9193.2857      9.68652     9.68652   42166.3375     7.08506      1 chain_01/itr_00222_trial_01.rho
     1      223       0.1467     78644.9549    -171.1874      9.67600     9.67600   42166.3375     7.08506      1 chain_01/itr_00223_trial_01.rho
     1      224       0.1454     78896.8544     251.8995      9.69148     9.69148   42166.3375     7.08506      1 chain_01/itr_00224_trial_01.rho
     1      225       0.1442     84342.5579    5445.7035     10.02037    10.02037   42166.3375     7.08506      1 chain_01/itr_00225_trial_01.rho
     1      226        0.143     87139.6325    2797.0746     10.18517    10.18517   42166.3375     7.08506      1 chain_01/itr_00226_trial_01.rho
     1      227       0.1417     86417.7398    -721.8927     10.14289    10.14289   42166.3375     7.08506      1 chain_01/itr_00227_trial_01.rho
     1      228       0.1405     86417.7398       0.0000     10.14289    10.14289   42166.3375     7.08506      0 -
     1      229       0.1393     84947.8523   -1469.8876     10.05626    10.05626   42166.3375     7.08506      1 chain_01/itr_00229_trial_01.rho
     1      230       0.1381     84947.8523       0.0000     10.05626    10.05626   42166.3375     7.08506      0 -
     1      231       0.1369     88739.3068    3791.4545     10.27823    10.27823   42166.3375     7.08506      1 chain_01/itr_00231_trial_01.rho
     1      232       0.1357     93586.5208    4847.2140     10.55521    10.55521   42166.3375     7.08506      1 chain_01/itr_00232_trial_01.rho
     1      233       0.1346     90286.7466   -3299.7742     10.36746    10.36746   42166.3375     7.08506      1 chain_01/itr_00233_trial_01.rho
     1      234       0.1334     85978.1452   -4308.6014     10.11706    10.11706   42166.3375     7.08506      1 chain_01/itr_00234_trial_01.rho
     1      235       0.1323     87937.2283    1959.0831     10.23168    10.23168   42166.3375     7.08506      1 chain_01/itr_00235_trial_01.rho
     1      236       0.1311     88393.7589     456.5306     10.25820    10.25820   42166.3375     7.08506      1 chain_01/itr_00236_trial_01.rho
     1      237         0.13     90886.6648    2492.9059     10.40185    10.40185   42166.3375     7.08506      1 chain_01/itr_00237_trial_01.rho
     1      238       0.1289     90886.6648       0.0000     10.40185    10.40185   42166.3375     7.08506      0 -
     1      239       0.1278     87378.9485   -3507.7163     10.19914    10.19914   42166.3375     7.08506      1 chain_01/itr_00239_trial_01.rho
     1      240       0.1267     86181.1938   -1197.7548     10.12900    10.12900   42166.3375     7.08506      1 chain_01/itr_00240_trial_01.rho
     1      241       0.1256     81014.0342   -5167.1596      9.82066     9.82066   42166.3375     7.08506      1 chain_01/itr_00241_trial_01.rho
     1      242       0.1245     82391.3893    1377.3551      9.90379     9.90379   42166.3375     7.08506      1 chain_01/itr_00242_trial_01.rho
     1      243       0.1234     82391.3893       0.0000      9.90379     9.90379   42166.3375     7.08506      0 -
     1      244       0.1224     80027.9079   -2363.4814      9.76070     9.76070   42166.3375     7.08506      1 chain_01/itr_00244_trial_01.rho
     1      245       0.1213     75717.0868   -4310.8211      9.49418     9.49418   42166.3375     7.08506      1 chain_01/itr_00245_trial_01.rho
     1      246       0.1203     75717.0868       0.0000      9.49418     9.49418   42166.3375     7.08506      0 -
     1      247       0.1192     74414.6428   -1302.4440      9.41217     9.41217   42166.3375     7.08506      1 chain_01/itr_00247_trial_01.rho
     1      248       0.1182     73888.3516    -526.2912      9.37882     9.37882   42166.3375     7.08506      1 chain_01/itr_00248_trial_01.rho
     1      249       0.1172     73888.3516       0.0000      9.37882     9.37882   42166.3375     7.08506      0 -
     1      250       0.1162     73888.3516       0.0000      9.37882     9.37882   42166.3375     7.08506      0 -
     1      251       0.1152     71244.2482   -2644.1034      9.20948     9.20948   42166.3375     7.08506      1 chain_01/itr_00251_trial_01.rho
     1      252       0.1142     71244.2482       0.0000      9.20948     9.20948   42166.3375     7.08506      0 -
     1      253       0.1132     72925.9234    1681.6753      9.31754     9.31754   42166.3375     7.08506      1 chain_01/itr_00253_trial_01.rho
     1      254       0.1122     76267.2605    3341.3370      9.52861     9.52861   42166.3375     7.08506      1 chain_01/itr_00254_trial_01.rho
     1      255       0.1113     74571.8470   -1695.4135      9.42210     9.42210   42166.3375     7.08506      1 chain_01/itr_00255_trial_01.rho
     1      256       0.1103     74571.8470       0.0000      9.42210     9.42210   42166.3375     7.08506      0 -
     1      257       0.1093     74571.8470       0.0000      9.42210     9.42210   42166.3375     7.08506      0 -
     1      258       0.1084     70885.4600   -3686.3870      9.18626     9.18626   42166.3375     7.08506      1 chain_01/itr_00258_trial_01.rho
     1      259       0.1075     71404.4064     518.9464      9.21983     9.21983   42166.3375     7.08506      1 chain_01/itr_00259_trial_01.rho
     1      260       0.1065     66810.0981   -4594.3083      8.91829     8.91829   42166.3375     7.08506      1 chain_01/itr_00260_trial_01.rho
     1      261       0.1056     68533.4713    1723.3732      9.03258     9.03258   42166.3375     7.08506      1 chain_01/itr_00261_trial_01.rho
     1      262       0.1047     67197.8873   -1335.5840      8.94413     8.94413   42166.3375     7.08506      1 chain_01/itr_00262_trial_01.rho
     1      263       0.1038     72526.6698    5328.7825      9.29200     9.29200   42166.3375     7.08506      1 chain_01/itr_00263_trial_01.rho
     1      264       0.1029     72526.6698       0.0000      9.29200     9.29200   42166.3375     7.08506      0 -
     1      265        0.102     67554.7483   -4971.9215      8.96785     8.96785   42166.3375     7.08506      1 chain_01/itr_00265_trial_01.rho
     1      266       0.1012     69958.4695    2403.7212      9.12600     9.12600   42166.3375     7.08506      1 chain_01/itr_00266_trial_01.rho
     1      267       0.1003     69958.4695       0.0000      9.12600     9.12600   42166.3375     7.08506      0 -
     1      268      0.09943     69958.4695       0.0000      9.12600     9.12600   42166.3375     7.08506      0 -
     1      269      0.09857     69958.4695       0.0000      9.12600     9.12600   42166.3375     7.08506      0 -
     1      270      0.09772     69958.4695       0.0000      9.12600     9.12600   42166.3375     7.08506      0 -
     1      271      0.09688     69958.4695       0.0000      9.12600     9.12600   42166.3375     7.08506      0 -
     1      272      0.09605     68652.2037   -1306.2657      9.04040     9.04040   42166.3375     7.08506      1 chain_01/itr_00272_trial_01.rho
     1      273      0.09522     67289.9064   -1362.2973      8.95025     8.95025   42166.3375     7.08506      1 chain_01/itr_00273_trial_01.rho
     1      274       0.0944     67289.9064       0.0000      8.95025     8.95025   42166.3375     7.08506      0 -
     1      275      0.09359     68581.6993    1291.7929      9.03576     9.03576   42166.3375     7.08506      1 chain_01/itr_00275_trial_01.rho
     1      276      0.09278     64984.3998   -3597.2994      8.79559     8.79559   42166.3375     7.08506      1 chain_01/itr_00276_trial_01.rho
     1      277      0.09198     66780.8205    1796.4207      8.91633     8.91633   42166.3375     7.08506      1 chain_01/itr_00277_trial_01.rho
     1      278      0.09119     67175.4538     394.6332      8.94264     8.94264   42166.3375     7.08506      1 chain_01/itr_00278_trial_01.rho
     1      279      0.09041     67175.4538       0.0000      8.94264     8.94264   42166.3375     7.08506      0 -
     1      280      0.08963     67446.6484     271.1946      8.96067     8.96067   42166.3375     7.08506      1 chain_01/itr_00280_trial_01.rho
     1      281      0.08886     64200.5354   -3246.1130      8.74238     8.74238   42166.3375     7.08506      1 chain_01/itr_00281_trial_01.rho
     1      282      0.08809     64872.2082     671.6729      8.78799     8.78799   42166.3375     7.08506      1 chain_01/itr_00282_trial_01.rho
     1      283      0.08733     63311.4272   -1560.7810      8.68163     8.68163   42166.3375     7.08506      1 chain_01/itr_00283_trial_01.rho
     1      284      0.08658     59569.7688   -3741.6584      8.42119     8.42119   42166.3375     7.08506      1 chain_01/itr_00284_trial_01.rho
     1      285      0.08584     62162.3857    2592.6169      8.60249     8.60249   42166.3375     7.08506      1 chain_01/itr_00285_trial_01.rho
     1      286       0.0851     62162.3857       0.0000      8.60249     8.60249   42166.3375     7.08506      0 -
     1      287      0.08436     62162.3857       0.0000      8.60249     8.60249   42166.3375     7.08506      0 -
     1      288      0.08364     60596.5431   -1565.8425      8.49345     8.49345   42166.3375     7.08506      1 chain_01/itr_00288_trial_01.rho
     1      289      0.08292     66092.9816    5496.4385      8.87029     8.87029   42166.3375     7.08506      1 chain_01/itr_00289_trial_01.rho
     1      290       0.0822     61150.1356   -4942.8460      8.53216     8.53216   42166.3375     7.08506      1 chain_01/itr_00290_trial_01.rho
     1      291       0.0815     61150.1356       0.0000      8.53216     8.53216   42166.3375     7.08506      0 -
     1      292      0.08079     62240.6048    1090.4693      8.60790     8.60790   42166.3375     7.08506      1 chain_01/itr_00292_trial_01.rho
     1      293       0.0801     60623.5765   -1617.0283      8.49535     8.49535   42166.3375     7.08506      1 chain_01/itr_00293_trial_01.rho
     1      294      0.07941     57158.0450   -3465.5315      8.24896     8.24896   42166.3375     7.08506      1 chain_01/itr_00294_trial_01.rho
     1      295      0.07873     57274.1865     116.1415      8.25733     8.25733   42166.3375     7.08506      1 chain_01/itr_00295_trial_01.rho
     1      296      0.07805     58447.9929    1173.8064      8.34152     8.34152   42166.3375     7.08506      1 chain_01/itr_00296_trial_01.rho
     1      297      0.07738     58416.8600     -31.1328      8.33930     8.33930   42166.3375     7.08506      1 chain_01/itr_00297_trial_01.rho
     1      298      0.07671     56514.7334   -1902.1266      8.20240     8.20240   42166.3375     7.08506      1 chain_01/itr_00298_trial_01.rho
     1      299      0.07605     55514.7354    -999.9980      8.12951     8.12951   42166.3375     7.08506      1 chain_01/itr_00299_trial_01.rho
     1      300       0.0754     55025.0644    -489.6710      8.09358     8.09358   42166.3375     7.08506      1 chain_01/itr_00300_trial_01.rho
     1      301      0.07475     55025.0644       0.0000      8.09358     8.09358   42166.3375     7.08506      0 -
     1      302       0.0741     57830.5961    2805.5317      8.29735     8.29735   42166.3375     7.08506      1 chain_01/itr_00302_trial_01.rho
     1      303      0.07347     57735.6591     -94.9370      8.29053     8.29053   42166.3375     7.08506      1 chain_01/itr_00303_trial_01.rho
     1      304      0.07283     56233.6025   -1502.0566      8.18198     8.18198   42166.3375     7.08506      1 chain_01/itr_00304_trial_01.rho
     1      305      0.07221     56174.7107     -58.8918      8.17769     8.17769   42166.3375     7.08506      1 chain_01/itr_00305_trial_01.rho
     1      306      0.07158     56174.7107       0.0000      8.17769     8.17769   42166.3375     7.08506      0 -
     1      307      0.07097     56174.7107       0.0000      8.17769     8.17769   42166.3375     7.08506      0 -
     1      308      0.07036     55045.8133   -1128.8974      8.09511     8.09511   42166.3375     7.08506      1 chain_01/itr_00308_trial_01.rho
     1      309      0.06975     53167.0393   -1878.7740      7.95576     7.95576   42166.3375     7.08506      1 chain_01/itr_00309_trial_01.rho
     1      310      0.06915     53167.0393       0.0000      7.95576     7.95576   42166.3375     7.08506      0 -
     1      311      0.06856     53167.0393       0.0000      7.95576     7.95576   42166.3375     7.08506      0 -
     1      312      0.06797     54646.8089    1479.7696      8.06571     8.06571   42166.3375     7.08506      1 chain_01/itr_00312_trial_01.rho
     1      313      0.06738     56944.1635    2297.3546      8.23351     8.23351   42166.3375     7.08506      1 chain_01/itr_00313_trial_01.rho
     1      314       0.0668     52101.7232   -4842.4403      7.87565     7.87565   42166.3375     7.08506      1 chain_01/itr_00314_trial_01.rho
     1      315      0.06623     55282.1432    3180.4201      8.11246     8.11246   42166.3375     7.08506      1 chain_01/itr_00315_trial_01.rho
     1      316      0.06566     60602.3338    5320.1905      8.49386     8.49386   42166.3375     7.08506      1 chain_01/itr_00316_trial_01.rho
     1      317      0.06509     60406.5973    -195.7365      8.48013     8.48013   42166.3375     7.08506      1 chain_01/itr_00317_trial_01.rho
     1      318      0.06453     60406.5973       0.0000      8.48013     8.48013   42166.3375     7.08506      0 -
     1      319      0.06397     59132.8505   -1273.7468      8.39025     8.39025   42166.3375     7.08506      1 chain_01/itr_00319_trial_01.rho
     1      320      0.06342     57486.0333   -1646.8172      8.27259     8.27259   42166.3375     7.08506      1 chain_01/itr_00320_trial_01.rho
     1      321      0.06288     58951.0073    1464.9740      8.37734     8.37734   42166.3375     7.08506      1 chain_01/itr_00321_trial_01.rho
     1      322      0.06234     55715.0129   -3235.9944      8.14416     8.14416   42166.3375     7.08506      1 chain_01/itr_00322_trial_01.rho
     1      323       0.0618     55715.0129       0.0000      8.14416     8.14416   42166.3375     7.08506      0 -
     1      324      0.06127     54623.1936   -1091.8193      8.06397     8.06397   42166.3375     7.08506      1 chain_01/itr_00324_trial_01.rho
     1      325      0.06074     54623.1936       0.0000      8.06397     8.06397   42166.3375     7.08506      0 -
     1      326      0.06022     53911.9983    -711.1953      8.01130     8.01130   42166.3375     7.08506      1 chain_01/itr_00326_trial_01.rho
     1      327       0.0597     55369.6332    1457.6349      8.11888     8.11888   42166.3375     7.08506      1 chain_01/itr_00327_trial_01.rho
     1      328      0.05919     55369.6332       0.0000      8.11888     8.11888   42166.3375     7.08506      0 -
     1      329      0.05868     52966.2655   -2403.3677      7.94072     7.94072   42166.3375     7.08506      1 chain_01/itr_00329_trial_01.rho
     1      330      0.05817     53130.6341     164.3686      7.95303     7.95303   42166.3375     7.08506      1 chain_01/itr_00330_trial_01.rho
     1      331      0.05767     52877.6716    -252.9625      7.93408     7.93408   42166.3375     7.08506      1 chain_01/itr_00331_trial_01.rho
     1      332      0.05717     54685.9751    1808.3035      8.06860     8.06860   42166.3375     7.08506      1 chain_01/itr_00332_trial_01.rho
     1      333      0.05668     53851.2665    -834.7086      8.00679     8.00679   42166.3375     7.08506      1 chain_01/itr_00333_trial_01.rho
     1      334      0.05619     52566.6577   -1284.6088      7.91071     7.91071   42166.3375     7.08506      1 chain_01/itr_00334_trial_01.rho
     1      335      0.05571     49087.2369   -3479.4208      7.64442     7.64442   42166.3375     7.08506      1 chain_01/itr_00335_trial_01.rho
     1      336      0.05523     47597.6149   -1489.6220      7.52754     7.52754   42166.3375     7.08506      1 chain_01/itr_00336_trial_01.rho
     1      337      0.05475     43760.6687   -3836.9462      7.21776     7.21776   42166.3375     7.08506      1 chain_01/itr_00337_trial_01.rho
     1      338      0.05428     43275.6433    -485.0254      7.17765     7.17765   42166.3375     7.08506      1 chain_01/itr_00338_trial_01.rho
     1      339      0.05382     42822.4851    -453.1582      7.13997     7.13997   42166.3375     7.08506      1 chain_01/itr_00339_trial_01.rho
     1      340      0.05335     42822.4851       0.0000      7.13997     7.13997   42166.3375     7.08506      0 -
     1      341      0.05289     42822.4851       0.0000      7.13997     7.13997   42166.3375     7.08506      0 -
     1      342      0.05244     42383.7555    -438.7296      7.10330     7.10330   42166.3375     7.08506      1 chain_01/itr_00342_trial_01.rho
     1      343      0.05199     43221.2518     837.4963      7.17314     7.17314   42166.3375     7.08506      1 chain_01/itr_00343_trial_01.rho
     1      344      0.05154     41658.4997   -1562.7521      7.04226     7.04226   41658.4997     7.04226      1 chain_01/itr_00344_trial_01.rho
     1      345       0.0511     41517.7867    -140.7130      7.03036     7.03036   41517.7867     7.03036      1 chain_01/itr_00345_trial_01.rho
     1      346      0.05066     41651.8927     134.1060      7.04170     7.04170   41517.7867     7.03036      1 chain_01/itr_00346_trial_01.rho
     1      347      0.05022     41814.2804     162.3877      7.05542     7.05542   41517.7867     7.03036      1 chain_01/itr_00347_trial_01.rho
     1      348      0.04979     41814.2804       0.0000      7.05542     7.05542   41517.7867     7.03036      0 -
     1      349      0.04936     39305.3750   -2508.9054      6.84048     6.84048   39305.3750     6.84048      1 chain_01/itr_00349_trial_01.rho
     1      350      0.04893     39305.3750       0.0000      6.84048     6.84048   39305.3750     6.84048      0 -
     1      351      0.04851     38933.2856    -372.0894      6.80802     6.80802   38933.2856     6.80802      1 chain_01/itr_00351_trial_01.rho
     1      352       0.0481     38633.1720    -300.1136      6.78173     6.78173   38633.1720     6.78173      1 chain_01/itr_00352_trial_01.rho
     1      353      0.04768     38497.9377    -135.2342      6.76985     6.76985   38497.9377     6.76985      1 chain_01/itr_00353_trial_01.rho
     1      354      0.04727     40067.1885    1569.2508      6.90645     6.90645   38497.9377     6.76985      1 chain_01/itr_00354_trial_01.rho
     1      355      0.04686     39431.1476    -636.0408      6.85141     6.85141   38497.9377     6.76985      1 chain_01/itr_00355_trial_01.rho
     1      356      0.04646     39431.1476       0.0000      6.85141     6.85141   38497.9377     6.76985      0 -
     1      357      0.04606     39431.1476       0.0000      6.85141     6.85141   38497.9377     6.76985      0 -
     1      358      0.04566     40702.1806    1271.0330      6.96096     6.96096   38497.9377     6.76985      1 chain_01/itr_00358_trial_01.rho
     1      359      0.04527     40298.1370    -404.0436      6.92632     6.92632   38497.9377     6.76985      1 chain_01/itr_00359_trial_01.rho
     1      360      0.04488     40206.0813     -92.0557      6.91841     6.91841   38497.9377     6.76985      1 chain_01/itr_00360_trial_01.rho
     1      361      0.04449     42268.5295    2062.4482      7.09364     7.09364   38497.9377     6.76985      1 chain_01/itr_00361_trial_01.rho
     1      362      0.04411     42268.5295       0.0000      7.09364     7.09364   38497.9377     6.76985      0 -
     1      363      0.04373     42367.3413      98.8117      7.10192     7.10192   38497.9377     6.76985      1 chain_01/itr_00363_trial_01.rho
     1      364      0.04336     42471.3468     104.0056      7.11063     7.11063   38497.9377     6.76985      1 chain_01/itr_00364_trial_01.rho
     1      365      0.04298     39955.4904   -2515.8565      6.89682     6.89682   38497.9377     6.76985      1 chain_01/itr_00365_trial_01.rho
     1      366      0.04261     39955.4904       0.0000      6.89682     6.89682   38497.9377     6.76985      0 -
     1      367      0.04225     40260.6079     305.1175      6.92310     6.92310   38497.9377     6.76985      1 chain_01/itr_00367_trial_01.rho
     1      368      0.04188     40260.6079       0.0000      6.92310     6.92310   38497.9377     6.76985      0 -
     1      369      0.04152     40260.6079       0.0000      6.92310     6.92310   38497.9377     6.76985      0 -
     1      370      0.04116     40260.6079       0.0000      6.92310     6.92310   38497.9377     6.76985      0 -
     1      371      0.04081     40260.6079       0.0000      6.92310     6.92310   38497.9377     6.76985      0 -
     1      372      0.04046     41362.3006    1101.6927      7.01718     7.01718   38497.9377     6.76985      1 chain_01/itr_00372_trial_01.rho
     1      373      0.04011     41766.7417     404.4411      7.05140     7.05140   38497.9377     6.76985      1 chain_01/itr_00373_trial_01.rho
     1      374      0.03976     43031.4321    1264.6904      7.15737     7.15737   38497.9377     6.76985      1 chain_01/itr_00374_trial_01.rho
     1      375      0.03942     44128.8908    1097.4587      7.24806     7.24806   38497.9377     6.76985      1 chain_01/itr_00375_trial_01.rho
     1      376      0.03908     44128.8908       0.0000      7.24806     7.24806   38497.9377     6.76985      0 -
     1      377      0.03875     44958.1449     829.2540      7.31585     7.31585   38497.9377     6.76985      1 chain_01/itr_00377_trial_01.rho
     1      378      0.03841     45024.4193      66.2745      7.32124     7.32124   38497.9377     6.76985      1 chain_01/itr_00378_trial_01.rho
     1      379      0.03808     45507.8452     483.4258      7.36044     7.36044   38497.9377     6.76985      1 chain_01/itr_00379_trial_01.rho
     1      380      0.03775     45507.8452       0.0000      7.36044     7.36044   38497.9377     6.76985      0 -
     1      381      0.03743     46453.0595     945.2143      7.43648     7.43648   38497.9377     6.76985      1 chain_01/itr_00381_trial_01.rho
     1      382      0.03711     47132.2300     679.1705      7.49065     7.49065   38497.9377     6.76985      1 chain_01/itr_00382_trial_01.rho
     1      383      0.03679     47132.2300       0.0000      7.49065     7.49065   38497.9377     6.76985      0 -
     1      384      0.03647     47132.2300       0.0000      7.49065     7.49065   38497.9377     6.76985      0 -
     1      385      0.03616     47419.3078     287.0778      7.51343     7.51343   38497.9377     6.76985      1 chain_01/itr_00385_trial_01.rho
     1      386      0.03585     46327.5812   -1091.7265      7.42643     7.42643   38497.9377     6.76985      1 chain_01/itr_00386_trial_01.rho
     1      387      0.03554     45610.2305    -717.3507      7.36871     7.36871   38497.9377     6.76985      1 chain_01/itr_00387_trial_01.rho
     1      388      0.03523     45610.2305       0.0000      7.36871     7.36871   38497.9377     6.76985      0 -
     1      389      0.03493     45610.2305       0.0000      7.36871     7.36871   38497.9377     6.76985      0 -
     1      390      0.03463     45610.2305       0.0000      7.36871     7.36871   38497.9377     6.76985      0 -
     1      391      0.03433     45610.2305       0.0000      7.36871     7.36871   38497.9377     6.76985      0 -
     1      392      0.03403     45610.2305       0.0000      7.36871     7.36871   38497.9377     6.76985      0 -
     1      393      0.03374     44076.4074   -1533.8231      7.24375     7.24375   38497.9377     6.76985      1 chain_01/itr_00393_trial_01.rho
     1      394      0.03345     44076.4074       0.0000      7.24375     7.24375   38497.9377     6.76985      0 -
     1      395      0.03316     44061.2523     -15.1551      7.24250     7.24250   38497.9377     6.76985      1 chain_01/itr_00395_trial_01.rho
     1      396      0.03288     44061.2523       0.0000      7.24250     7.24250   38497.9377     6.76985      0 -
     1      397      0.03259     43453.6726    -607.5797      7.19240     7.19240   38497.9377     6.76985      1 chain_01/itr_00397_trial_01.rho
     1      398      0.03231     42435.6879   -1017.9847      7.10765     7.10765   38497.9377     6.76985      1 chain_01/itr_00398_trial_01.rho
     1      399      0.03204     41874.7347    -560.9532      7.06052     7.06052   38497.9377     6.76985      1 chain_01/itr_00399_trial_01.rho
     1      400      0.03176     42333.2057     458.4710      7.09906     7.09906   38497.9377     6.76985      1 chain_01/itr_00400_trial_01.rho
     1      401      0.03149     43394.3378    1061.1322      7.18748     7.18748   38497.9377     6.76985      1 chain_01/itr_00401_trial_01.rho
     1      402      0.03122     43005.4915    -388.8463      7.15521     7.15521   38497.9377     6.76985      1 chain_01/itr_00402_trial_01.rho
     1      403      0.03095     43005.4915       0.0000      7.15521     7.15521   38497.9377     6.76985      0 -
     1      404      0.03068     42763.1095    -242.3820      7.13502     7.13502   38497.9377     6.76985      1 chain_01/itr_00404_trial_01.rho
     1      405      0.03042     43185.3439     422.2344      7.17016     7.17016   38497.9377     6.76985      1 chain_01/itr_00405_trial_01.rho
     1      406      0.03015     44058.8631     873.5192      7.24231     7.24231   38497.9377     6.76985      1 chain_01/itr_00406_trial_01.rho
     1      407      0.02989     44045.1720     -13.6911      7.24118     7.24118   38497.9377     6.76985      1 chain_01/itr_00407_trial_01.rho
     1      408      0.02964     43923.0370    -122.1350      7.23114     7.23114   38497.9377     6.76985      1 chain_01/itr_00408_trial_01.rho
     1      409      0.02938     43923.0370       0.0000      7.23114     7.23114   38497.9377     6.76985      0 -
     1      410      0.02913     43923.0370       0.0000      7.23114     7.23114   38497.9377     6.76985      0 -
     1      411      0.02888     43527.5950    -395.4420      7.19851     7.19851   38497.9377     6.76985      1 chain_01/itr_00411_trial_01.rho
     1      412      0.02863     43532.5883       4.9933      7.19892     7.19892   38497.9377     6.76985      1 chain_01/itr_00412_trial_01.rho
     1      413      0.02838     45567.3051    2034.7168      7.36524     7.36524   38497.9377     6.76985      1 chain_01/itr_00413_trial_01.rho
     1      414      0.02814     45567.3051       0.0000      7.36524     7.36524   38497.9377     6.76985      0 -
     1      415       0.0279     46769.0681    1201.7630      7.46173     7.46173   38497.9377     6.76985      1 chain_01/itr_00415_trial_01.rho
     1      416      0.02766     45956.1520    -812.9160      7.39660     7.39660   38497.9377     6.76985      1 chain_01/itr_00416_trial_01.rho
     1      417      0.02742     45030.7148    -925.4373      7.32175     7.32175   38497.9377     6.76985      1 chain_01/itr_00417_trial_01.rho
     1      418      0.02718     47686.0043    2655.2896      7.53452     7.53452   38497.9377     6.76985      1 chain_01/itr_00418_trial_01.rho
     1      419      0.02695     47686.0043       0.0000      7.53452     7.53452   38497.9377     6.76985      0 -
     1      420      0.02672     47534.6551    -151.3492      7.52256     7.52256   38497.9377     6.76985      1 chain_01/itr_00420_trial_01.rho
     1      421      0.02649     47258.2315    -276.4236      7.50065     7.50065   38497.9377     6.76985      1 chain_01/itr_00421_trial_01.rho
     1      422      0.02626     46774.9026    -483.3289      7.46220     7.46220   38497.9377     6.76985      1 chain_01/itr_00422_trial_01.rho
     1      423      0.02603     46059.0893    -715.8133      7.40488     7.40488   38497.9377     6.76985      1 chain_01/itr_00423_trial_01.rho
     1      424      0.02581     45744.4252    -314.6641      7.37954     7.37954   38497.9377     6.76985      1 chain_01/itr_00424_trial_01.rho
     1      425      0.02559     47415.9372    1671.5121      7.51316     7.51316   38497.9377     6.76985      1 chain_01/itr_00425_trial_01.rho
     1      426      0.02537     46641.6743    -774.2630      7.45156     7.45156   38497.9377     6.76985      1 chain_01/itr_00426_trial_01.rho
     1      427      0.02515     44447.2125   -2194.4618      7.27416     7.27416   38497.9377     6.76985      1 chain_01/itr_00427_trial_01.rho
     1      428      0.02493     44590.3707     143.1582      7.28586     7.28586   38497.9377     6.76985      1 chain_01/itr_00428_trial_01.rho
     1      429      0.02472     43766.8869    -823.4838      7.21827     7.21827   38497.9377     6.76985      1 chain_01/itr_00429_trial_01.rho
     1      430       0.0245     43877.8869     111.0000      7.22742     7.22742   38497.9377     6.76985      1 chain_01/itr_00430_trial_01.rho
     1      431      0.02429     43341.2445    -536.6424      7.18309     7.18309   38497.9377     6.76985      1 chain_01/itr_00431_trial_01.rho
     1      432      0.02408     43341.2445       0.0000      7.18309     7.18309   38497.9377     6.76985      0 -
     1      433      0.02388     43736.8545     395.6100      7.21579     7.21579   38497.9377     6.76985      1 chain_01/itr_00433_trial_01.rho
     1      434      0.02367     43736.8545       0.0000      7.21579     7.21579   38497.9377     6.76985      0 -
     1      435      0.02347     43736.8545       0.0000      7.21579     7.21579   38497.9377     6.76985      0 -
     1      436      0.02327     42861.8310    -875.0235      7.14325     7.14325   38497.9377     6.76985      1 chain_01/itr_00436_trial_01.rho
     1      437      0.02307     43369.7724     507.9414      7.18545     7.18545   38497.9377     6.76985      1 chain_01/itr_00437_trial_01.rho
     1      438      0.02287     43833.1713     463.3989      7.22373     7.22373   38497.9377     6.76985      1 chain_01/itr_00438_trial_01.rho
     1      439      0.02267     43833.1713       0.0000      7.22373     7.22373   38497.9377     6.76985      0 -
     1      440      0.02247     43910.1604      76.9891      7.23008     7.23008   38497.9377     6.76985      1 chain_01/itr_00440_trial_01.rho
     1      441      0.02228     42364.7866   -1545.3738      7.10171     7.10171   38497.9377     6.76985      1 chain_01/itr_00441_trial_01.rho
     1      442      0.02209     42364.7866       0.0000      7.10171     7.10171   38497.9377     6.76985      0 -
     1      443       0.0219     42907.2481     542.4616      7.14703     7.14703   38497.9377     6.76985      1 chain_01/itr_00443_trial_01.rho
     1      444      0.02171     42907.2481       0.0000      7.14703     7.14703   38497.9377     6.76985      0 -
     1      445      0.02152     42907.2481       0.0000      7.14703     7.14703   38497.9377     6.76985      0 -
     1      446      0.02134     42907.2481       0.0000      7.14703     7.14703   38497.9377     6.76985      0 -
     1      447      0.02115     42907.2481       0.0000      7.14703     7.14703   38497.9377     6.76985      0 -
     1      448      0.02097     41963.1496    -944.0985      7.06797     7.06797   38497.9377     6.76985      1 chain_01/itr_00448_trial_01.rho
     1      449      0.02079     41963.1496       0.0000      7.06797     7.06797   38497.9377     6.76985      0 -
     1      450      0.02061     41963.1496       0.0000      7.06797     7.06797   38497.9377     6.76985      0 -
     1      451      0.02044     41963.1496       0.0000      7.06797     7.06797   38497.9377     6.76985      0 -
     1      452      0.02026     40958.8168   -1004.3328      6.98287     6.98287   38497.9377     6.76985      1 chain_01/itr_00452_trial_01.rho
     1      453      0.02009     41434.2304     475.4136      7.02328     7.02328   38497.9377     6.76985      1 chain_01/itr_00453_trial_01.rho
     1      454      0.01991     40840.7236    -593.5068      6.97280     6.97280   38497.9377     6.76985      1 chain_01/itr_00454_trial_01.rho
     1      455      0.01974     40840.7236       0.0000      6.97280     6.97280   38497.9377     6.76985      0 -
     1      456      0.01957     40840.7236       0.0000      6.97280     6.97280   38497.9377     6.76985      0 -
     1      457       0.0194     40840.7236       0.0000      6.97280     6.97280   38497.9377     6.76985      0 -
     1      458      0.01924     40840.7236       0.0000      6.97280     6.97280   38497.9377     6.76985      0 -
     1      459      0.01907     40840.7236       0.0000      6.97280     6.97280   38497.9377     6.76985      0 -
     1      460      0.01891     40840.7236       0.0000      6.97280     6.97280   38497.9377     6.76985      0 -
     1      461      0.01874     40840.7236       0.0000      6.97280     6.97280   38497.9377     6.76985      0 -
     1      462      0.01858     40840.7236       0.0000      6.97280     6.97280   38497.9377     6.76985      0 -
     1      463      0.01842     40880.7397      40.0161      6.97621     6.97621   38497.9377     6.76985      1 chain_01/itr_00463_trial_01.rho
     1      464      0.01826     42158.0010    1277.2613      7.08436     7.08436   38497.9377     6.76985      1 chain_01/itr_00464_trial_01.rho
     1      465      0.01811     42260.6627     102.6617      7.09298     7.09298   38497.9377     6.76985      1 chain_01/itr_00465_trial_01.rho
     1      466      0.01795     42260.6627       0.0000      7.09298     7.09298   38497.9377     6.76985      0 -
     1      467       0.0178     42260.6627       0.0000      7.09298     7.09298   38497.9377     6.76985      0 -
     1      468      0.01764     41756.3234    -504.3393      7.05053     7.05053   38497.9377     6.76985      1 chain_01/itr_00468_trial_01.rho
     1      469      0.01749     40496.7053   -1259.6181      6.94337     6.94337   38497.9377     6.76985      1 chain_01/itr_00469_trial_01.rho
     1      470      0.01734     40496.7053       0.0000      6.94337     6.94337   38497.9377     6.76985      0 -
     1      471      0.01719     40868.7909     372.0856      6.97519     6.97519   38497.9377     6.76985      1 chain_01/itr_00471_trial_01.rho
     1      472      0.01704     40868.7909       0.0000      6.97519     6.97519   38497.9377     6.76985      0 -
     1      473       0.0169     40076.4960    -792.2950      6.90725     6.90725   38497.9377     6.76985      1 chain_01/itr_00473_trial_01.rho
     1      474      0.01675     40076.4960       0.0000      6.90725     6.90725   38497.9377     6.76985      0 -
     1      475      0.01661     40076.4960       0.0000      6.90725     6.90725   38497.9377     6.76985      0 -
     1      476      0.01646     40076.4960       0.0000      6.90725     6.90725   38497.9377     6.76985      0 -
     1      477      0.01632     40076.4960       0.0000      6.90725     6.90725   38497.9377     6.76985      0 -
     1      478      0.01618     40076.4960       0.0000      6.90725     6.90725   38497.9377     6.76985      0 -
     1      479      0.01604     38772.1276   -1304.3684      6.79392     6.79392   38497.9377     6.76985      1 chain_01/itr_00479_trial_01.rho
     1      480       0.0159     37724.0864   -1048.0411      6.70146     6.70146   37724.0864     6.70146      1 chain_01/itr_00480_trial_01.rho
     1      481      0.01577     37409.2396    -314.8468      6.67344     6.67344   37409.2396     6.67344      1 chain_01/itr_00481_trial_01.rho
     1      482      0.01563     36417.5781    -991.6616      6.58440     6.58440   36417.5781     6.58440      1 chain_01/itr_00482_trial_01.rho
     1      483       0.0155     36400.2854     -17.2927      6.58283     6.58283   36400.2854     6.58283      1 chain_01/itr_00483_trial_01.rho
     1      484      0.01536     35570.4998    -829.7856      6.50737     6.50737   35570.4998     6.50737      1 chain_01/itr_00484_trial_01.rho
     1      485      0.01523     35570.4998       0.0000      6.50737     6.50737   35570.4998     6.50737      0 -
     1      486       0.0151     34867.5949    -702.9049      6.44275     6.44275   34867.5949     6.44275      1 chain_01/itr_00486_trial_01.rho
     1      487      0.01497     34867.5949       0.0000      6.44275     6.44275   34867.5949     6.44275      0 -
     1      488      0.01484     35439.1860     571.5911      6.49535     6.49535   34867.5949     6.44275      1 chain_01/itr_00488_trial_01.rho
     1      489      0.01471     35156.7124    -282.4735      6.46941     6.46941   34867.5949     6.44275      1 chain_01/itr_00489_trial_01.rho
     1      490      0.01459     35156.7124       0.0000      6.46941     6.46941   34867.5949     6.44275      0 -
     1      491      0.01446     35156.7124       0.0000      6.46941     6.46941   34867.5949     6.44275      0 -
     1      492      0.01434     34320.7939    -835.9185      6.39203     6.39203   34320.7939     6.39203      1 chain_01/itr_00492_trial_01.rho
     1      493      0.01421     34860.2401     539.4461      6.44207     6.44207   34320.7939     6.39203      1 chain_01/itr_00493_trial_01.rho
     1      494      0.01409     34708.3910    -151.8491      6.42803     6.42803   34320.7939     6.39203      1 chain_01/itr_00494_trial_01.rho
     1      495      0.01397     35042.1540     333.7631      6.45886     6.45886   34320.7939     6.39203      1 chain_01/itr_00495_trial_01.rho
     1      496      0.01385     35042.1540       0.0000      6.45886     6.45886   34320.7939     6.39203      0 -
     1      497      0.01373     35042.1540       0.0000      6.45886     6.45886   34320.7939     6.39203      0 -
     1      498      0.01361     34690.9818    -351.1722      6.42641     6.42641   34320.7939     6.39203      1 chain_01/itr_00498_trial_01.rho
     1      499      0.01349     34690.9818       0.0000      6.42641     6.42641   34320.7939     6.39203      0 -
     1      500      0.01338     34555.5162    -135.4656      6.41385     6.41385   34320.7939     6.39203      1 chain_01/itr_00500_trial_01.rho
     1      501      0.01326     35840.5070    1284.9908      6.53202     6.53202   34320.7939     6.39203      1 chain_01/itr_00501_trial_01.rho
     1      502      0.01315     35840.5070       0.0000      6.53202     6.53202   34320.7939     6.39203      0 -
     1      503      0.01304     35602.9022    -237.6047      6.51033     6.51033   34320.7939     6.39203      1 chain_01/itr_00503_trial_01.rho
     1      504      0.01292     35602.9022       0.0000      6.51033     6.51033   34320.7939     6.39203      0 -
     1      505      0.01281     35125.2977    -477.6045      6.46652     6.46652   34320.7939     6.39203      1 chain_01/itr_00505_trial_01.rho
     1      506       0.0127     35338.8356     213.5379      6.48614     6.48614   34320.7939     6.39203      1 chain_01/itr_00506_trial_01.rho
     1      507      0.01259     35343.9827       5.1471      6.48661     6.48661   34320.7939     6.39203      1 chain_01/itr_00507_trial_01.rho
     1      508      0.01248     35343.9827       0.0000      6.48661     6.48661   34320.7939     6.39203      0 -
     1      509      0.01238     35140.4642    -203.5185      6.46791     6.46791   34320.7939     6.39203      1 chain_01/itr_00509_trial_01.rho
     1      510      0.01227     34368.8305    -771.6337      6.39650     6.39650   34320.7939     6.39203      1 chain_01/itr_00510_trial_01.rho
     1      511      0.01216     34372.6007       3.7703      6.39686     6.39686   34320.7939     6.39203      1 chain_01/itr_00511_trial_01.rho
     1      512      0.01206     34427.2915      54.6908      6.40194     6.40194   34320.7939     6.39203      1 chain_01/itr_00512_trial_01.rho
     1      513      0.01196     34427.2915       0.0000      6.40194     6.40194   34320.7939     6.39203      0 -
     1      514      0.01185     34427.2915       0.0000      6.40194     6.40194   34320.7939     6.39203      0 -
     1      515      0.01175     34427.2915       0.0000      6.40194     6.40194   34320.7939     6.39203      0 -
     1      516      0.01165     33654.8225    -772.4690      6.32971     6.32971   33654.8225     6.32971      1 chain_01/itr_00516_trial_01.rho
     1      517      0.01155     33654.8225       0.0000      6.32971     6.32971   33654.8225     6.32971      0 -
     1      518      0.01145     33125.2267    -529.5958      6.27971     6.27971   33125.2267     6.27971      1 chain_01/itr_00518_trial_01.rho
     1      519      0.01135     32489.4193    -635.8074      6.21915     6.21915   32489.4193     6.21915      1 chain_01/itr_00519_trial_01.rho
     1      520      0.01125     32086.3439    -403.0754      6.18046     6.18046   32086.3439     6.18046      1 chain_01/itr_00520_trial_01.rho
     1      521      0.01116     32086.3439       0.0000      6.18046     6.18046   32086.3439     6.18046      0 -
     1      522      0.01106     32086.3439       0.0000      6.18046     6.18046   32086.3439     6.18046      0 -
     1      523      0.01097     32086.3439       0.0000      6.18046     6.18046   32086.3439     6.18046      0 -
     1      524      0.01087     32086.3439       0.0000      6.18046     6.18046   32086.3439     6.18046      0 -
     1      525      0.01078     31261.6909    -824.6530      6.10052     6.10052   31261.6909     6.10052      1 chain_01/itr_00525_trial_01.rho
     1      526      0.01069     30754.8666    -506.8244      6.05086     6.05086   30754.8666     6.05086      1 chain_01/itr_00526_trial_01.rho
     1      527      0.01059     31214.9559     460.0893      6.09595     6.09595   30754.8666     6.05086      1 chain_01/itr_00527_trial_01.rho
     1      528       0.0105     31392.6140     177.6581      6.11328     6.11328   30754.8666     6.05086      1 chain_01/itr_00528_trial_01.rho
     1      529      0.01041     31392.6140       0.0000      6.11328     6.11328   30754.8666     6.05086      0 -
     1      530      0.01032     31420.5747      27.9607      6.11600     6.11600   30754.8666     6.05086      1 chain_01/itr_00530_trial_01.rho
     1      531      0.01023     31420.5747       0.0000      6.11600     6.11600   30754.8666     6.05086      0 -
     1      532      0.01015     31420.5747       0.0000      6.11600     6.11600   30754.8666     6.05086      0 -
     1      533      0.01006     31238.2960    -182.2787      6.09823     6.09823   30754.8666     6.05086      1 chain_01/itr_00533_trial_01.rho
     1      534     0.009971     30945.7012    -292.5948      6.06961     6.06961   30754.8666     6.05086      1 chain_01/itr_00534_trial_01.rho
     1      535     0.009885     30945.7012       0.0000      6.06961     6.06961   30754.8666     6.05086      0 -
     1      536       0.0098     31033.9283      88.2272      6.07825     6.07825   30754.8666     6.05086      1 chain_01/itr_00536_trial_01.rho
     1      537     0.009716     31033.9283       0.0000      6.07825     6.07825   30754.8666     6.05086      0 -
     1      538     0.009632     30887.9092    -146.0191      6.06394     6.06394   30754.8666     6.05086      1 chain_01/itr_00538_trial_01.rho
     1      539     0.009549     30040.9007    -847.0085      5.98022     5.98022   30040.9007     5.98022      1 chain_01/itr_00539_trial_01.rho
     1      540     0.009467     29388.4487    -652.4519      5.91492     5.91492   29388.4487     5.91492      1 chain_01/itr_00540_trial_01.rho
     1      541     0.009386     29388.4487       0.0000      5.91492     5.91492   29388.4487     5.91492      0 -
     1      542     0.009305     29388.4487       0.0000      5.91492     5.91492   29388.4487     5.91492      0 -
     1      543     0.009225     29091.3105    -297.1382      5.88494     5.88494   29091.3105     5.88494      1 chain_01/itr_00543_trial_01.rho
     1      544     0.009145     29222.9278     131.6173      5.89824     5.89824   29091.3105     5.88494      1 chain_01/itr_00544_trial_01.rho
     1      545     0.009067     29167.7483     -55.1795      5.89267     5.89267   29091.3105     5.88494      1 chain_01/itr_00545_trial_01.rho
     1      546     0.008989     28982.5189    -185.2294      5.87393     5.87393   28982.5189     5.87393      1 chain_01/itr_00546_trial_01.rho
     1      547     0.008911     28982.5189       0.0000      5.87393     5.87393   28982.5189     5.87393      0 -
     1      548     0.008835     28982.5189       0.0000      5.87393     5.87393   28982.5189     5.87393      0 -
     1      549     0.008758     28666.2330    -316.2858      5.84179     5.84179   28666.2330     5.84179      1 chain_01/itr_00549_trial_01.rho
     1      550     0.008683     28336.3338    -329.8992      5.80807     5.80807   28336.3338     5.80807      1 chain_01/itr_00550_trial_01.rho
     1      551     0.008608     28319.9968     -16.3370      5.80640     5.80640   28319.9968     5.80640      1 chain_01/itr_00551_trial_01.rho
     1      552     0.008534     28319.9968       0.0000      5.80640     5.80640   28319.9968     5.80640      0 -
     1      553     0.008461     28319.9968       0.0000      5.80640     5.80640   28319.9968     5.80640      0 -
     1      554     0.008388     28319.9968       0.0000      5.80640     5.80640   28319.9968     5.80640      0 -
     1      555     0.008316     27905.0037    -414.9931      5.76370     5.76370   27905.0037     5.76370      1 chain_01/itr_00555_trial_01.rho
     1      556     0.008244     27905.0037       0.0000      5.76370     5.76370   27905.0037     5.76370      0 -
     1      557     0.008173     27834.8477     -70.1560      5.75645     5.75645   27834.8477     5.75645      1 chain_01/itr_00557_trial_01.rho
     1      558     0.008103     27834.8477       0.0000      5.75645     5.75645   27834.8477     5.75645      0 -
     1      559     0.008033     27542.2136    -292.6341      5.72611     5.72611   27542.2136     5.72611      1 chain_01/itr_00559_trial_01.rho
     1      560     0.007964     27915.8079     373.5943      5.76482     5.76482   27542.2136     5.72611      1 chain_01/itr_00560_trial_01.rho
     1      561     0.007895     27711.1580    -204.6499      5.74365     5.74365   27542.2136     5.72611      1 chain_01/itr_00561_trial_01.rho
     1      562     0.007827     27711.1580       0.0000      5.74365     5.74365   27542.2136     5.72611      0 -
     1      563      0.00776     27806.7508      95.5929      5.75354     5.75354   27542.2136     5.72611      1 chain_01/itr_00563_trial_01.rho
     1      564     0.007693     28177.6664     370.9155      5.79179     5.79179   27542.2136     5.72611      1 chain_01/itr_00564_trial_01.rho
     1      565     0.007627     28177.6664       0.0000      5.79179     5.79179   27542.2136     5.72611      0 -
     1      566     0.007561     27602.1157    -575.5506      5.73233     5.73233   27542.2136     5.72611      1 chain_01/itr_00566_trial_01.rho
     1      567     0.007496     27602.1157       0.0000      5.73233     5.73233   27542.2136     5.72611      0 -
     1      568     0.007432     27602.1157       0.0000      5.73233     5.73233   27542.2136     5.72611      0 -
     1      569     0.007368     27629.6734      27.5577      5.73520     5.73520   27542.2136     5.72611      1 chain_01/itr_00569_trial_01.rho
     1      570     0.007304     27629.6734       0.0000      5.73520     5.73520   27542.2136     5.72611      0 -
     1      571     0.007241     27325.8707    -303.8027      5.70358     5.70358   27325.8707     5.70358      1 chain_01/itr_00571_trial_01.rho
     1      572     0.007179     27007.4500    -318.4207      5.67025     5.67025   27007.4500     5.67025      1 chain_01/itr_00572_trial_01.rho
     1      573     0.007117     26391.5018    -615.9482      5.60522     5.60522   26391.5018     5.60522      1 chain_01/itr_00573_trial_01.rho
     1      574     0.007056     26391.5018       0.0000      5.60522     5.60522   26391.5018     5.60522      0 -
     1      575     0.006995     25933.9919    -457.5099      5.55642     5.55642   25933.9919     5.55642      1 chain_01/itr_00575_trial_01.rho
     1      576     0.006935     25640.2354    -293.7566      5.52486     5.52486   25640.2354     5.52486      1 chain_01/itr_00576_trial_01.rho
     1      577     0.006875     24265.7908   -1374.4446      5.37474     5.37474   24265.7908     5.37474      1 chain_01/itr_00577_trial_01.rho
     1      578     0.006816     24170.7106     -95.0802      5.36420     5.36420   24170.7106     5.36420      1 chain_01/itr_00578_trial_01.rho
     1      579     0.006758     24170.7106       0.0000      5.36420     5.36420   24170.7106     5.36420      0 -
     1      580     0.006699     23396.1310    -774.5796      5.27755     5.27755   23396.1310     5.27755      1 chain_01/itr_00580_trial_01.rho
     1      581     0.006642     23396.1310       0.0000      5.27755     5.27755   23396.1310     5.27755      0 -
     1      582     0.006585     23396.1310       0.0000      5.27755     5.27755   23396.1310     5.27755      0 -
     1      583     0.006528     23197.0641    -199.0669      5.25505     5.25505   23197.0641     5.25505      1 chain_01/itr_00583_trial_01.rho
     1      584     0.006472     23197.0641       0.0000      5.25505     5.25505   23197.0641     5.25505      0 -
     1      585     0.006416     23150.0921     -46.9720      5.24973     5.24973   23150.0921     5.24973      1 chain_01/itr_00585_trial_01.rho
     1      586     0.006361     23150.0921       0.0000      5.24973     5.24973   23150.0921     5.24973      0 -
     1      587     0.006306     22636.0270    -514.0651      5.19111     5.19111   22636.0270     5.19111      1 chain_01/itr_00587_trial_01.rho
     1      588     0.006252     22459.2479    -176.7791      5.17080     5.17080   22459.2479     5.17080      1 chain_01/itr_00588_trial_01.rho
     1      589     0.006198     22459.2479       0.0000      5.17080     5.17080   22459.2479     5.17080      0 -
     1      590     0.006144     22459.2479       0.0000      5.17080     5.17080   22459.2479     5.17080      0 -
     1      591     0.006092     22333.9015    -125.3465      5.15635     5.15635   22333.9015     5.15635      1 chain_01/itr_00591_trial_01.rho
     1      592     0.006039     22333.9015       0.0000      5.15635     5.15635   22333.9015     5.15635      0 -
     1      593     0.005987     22333.9015       0.0000      5.15635     5.15635   22333.9015     5.15635      0 -
     1      594     0.005936     22333.9015       0.0000      5.15635     5.15635   22333.9015     5.15635      0 -
     1      595     0.005885     22420.3444      86.4430      5.16632     5.16632   22333.9015     5.15635      1 chain_01/itr_00595_trial_01.rho
     1      596     0.005834     22041.2435    -379.1009      5.12246     5.12246   22041.2435     5.12246      1 chain_01/itr_00596_trial_01.rho
     1      597     0.005784     21845.8256    -195.4180      5.09970     5.09970   21845.8256     5.09970      1 chain_01/itr_00597_trial_01.rho
     1      598     0.005734     21845.8256       0.0000      5.09970     5.09970   21845.8256     5.09970      0 -
     1      599     0.005685     21845.8256       0.0000      5.09970     5.09970   21845.8256     5.09970      0 -
     1      600     0.005636     21667.9430    -177.8826      5.07889     5.07889   21667.9430     5.07889      1 chain_01/itr_00600_trial_01.rho
     1      601     0.005587     21579.6525     -88.2905      5.06854     5.06854   21579.6525     5.06854      1 chain_01/itr_00601_trial_01.rho
     1      602     0.005539     21579.6525       0.0000      5.06854     5.06854   21579.6525     5.06854      0 -
     1      603     0.005491     21579.6525       0.0000      5.06854     5.06854   21579.6525     5.06854      0 -
     1      604     0.005444     21579.6525       0.0000      5.06854     5.06854   21579.6525     5.06854      0 -
     1      605     0.005397     21579.6525       0.0000      5.06854     5.06854   21579.6525     5.06854      0 -
     1      606     0.005351     21579.6525       0.0000      5.06854     5.06854   21579.6525     5.06854      0 -
     1      607     0.005305     21047.4116    -532.2409      5.00564     5.00564   21047.4116     5.00564      1 chain_01/itr_00607_trial_01.rho
     1      608     0.005259     20870.8671    -176.5445      4.98460     4.98460   20870.8671     4.98460      1 chain_01/itr_00608_trial_01.rho
     1      609     0.005214     20870.8671       0.0000      4.98460     4.98460   20870.8671     4.98460      0 -
     1      610     0.005169     20870.8671       0.0000      4.98460     4.98460   20870.8671     4.98460      0 -
     1      611     0.005124     20870.8671       0.0000      4.98460     4.98460   20870.8671     4.98460      0 -
     1      612      0.00508     20870.8671       0.0000      4.98460     4.98460   20870.8671     4.98460      0 -
     1      613     0.005036     20874.3555       3.4884      4.98502     4.98502   20870.8671     4.98460      1 chain_01/itr_00613_trial_01.rho
     1      614     0.004993     20874.3555       0.0000      4.98502     4.98502   20870.8671     4.98460      0 -
     1      615      0.00495     20614.4458    -259.9097      4.95389     4.95389   20614.4458     4.95389      1 chain_01/itr_00615_trial_01.rho
     1      616     0.004908     20614.4458       0.0000      4.95389     4.95389   20614.4458     4.95389      0 -
     1      617     0.004865     20614.4458       0.0000      4.95389     4.95389   20614.4458     4.95389      0 -
     1      618     0.004823     20614.4458       0.0000      4.95389     4.95389   20614.4458     4.95389      0 -
     1      619     0.004782     20360.2012    -254.2446      4.92324     4.92324   20360.2012     4.92324      1 chain_01/itr_00619_trial_01.rho
     1      620     0.004741     20360.2012       0.0000      4.92324     4.92324   20360.2012     4.92324      0 -
     1      621       0.0047     20360.2012       0.0000      4.92324     4.92324   20360.2012     4.92324      0 -
     1      622     0.004659     20360.2012       0.0000      4.92324     4.92324   20360.2012     4.92324      0 -
     1      623     0.004619     20360.2012       0.0000      4.92324     4.92324   20360.2012     4.92324      0 -
     1      624      0.00458     20360.2012       0.0000      4.92324     4.92324   20360.2012     4.92324      0 -
     1      625      0.00454     20408.1711      47.9699      4.92904     4.92904   20360.2012     4.92324      1 chain_01/itr_00625_trial_01.rho
     1      626     0.004501     19954.2035    -453.9677      4.87391     4.87391   19954.2035     4.87391      1 chain_01/itr_00626_trial_01.rho
     1      627     0.004462     19576.3723    -377.8311      4.82755     4.82755   19576.3723     4.82755      1 chain_01/itr_00627_trial_01.rho
     1      628     0.004424     19576.3723       0.0000      4.82755     4.82755   19576.3723     4.82755      0 -
     1      629     0.004386     19383.2332    -193.1391      4.80367     4.80367   19383.2332     4.80367      1 chain_01/itr_00629_trial_01.rho
     1      630     0.004348     19383.2332       0.0000      4.80367     4.80367   19383.2332     4.80367      0 -
     1      631     0.004311     19318.7301     -64.5031      4.79567     4.79567   19318.7301     4.79567      1 chain_01/itr_00631_trial_01.rho
     1      632     0.004274     19318.7301       0.0000      4.79567     4.79567   19318.7301     4.79567      0 -
     1      633     0.004237     19318.7301       0.0000      4.79567     4.79567   19318.7301     4.79567      0 -
     1      634       0.0042     18772.7984    -545.9316      4.72743     4.72743   18772.7984     4.72743      1 chain_01/itr_00634_trial_01.rho
     1      635     0.004164     18772.7984       0.0000      4.72743     4.72743   18772.7984     4.72743      0 -
     1      636     0.004128     18772.7984       0.0000      4.72743     4.72743   18772.7984     4.72743      0 -
     1      637     0.004093     18512.9756    -259.8228      4.69460     4.69460   18512.9756     4.69460      1 chain_01/itr_00637_trial_01.rho
     1      638     0.004058     18337.4843    -175.4913      4.67229     4.67229   18337.4843     4.67229      1 chain_01/itr_00638_trial_01.rho
     1      639     0.004023     18337.4843       0.0000      4.67229     4.67229   18337.4843     4.67229      0 -
     1      640     0.003988     18337.4843       0.0000      4.67229     4.67229   18337.4843     4.67229      0 -
     1      641     0.003954     18337.4843       0.0000      4.67229     4.67229   18337.4843     4.67229      0 -
     1      642      0.00392     18337.4843       0.0000      4.67229     4.67229   18337.4843     4.67229      0 -
     1      643     0.003886     18378.0315      40.5472      4.67746     4.67746   18337.4843     4.67229      1 chain_01/itr_00643_trial_01.rho
     1      644     0.003852     18378.0315       0.0000      4.67746     4.67746   18337.4843     4.67229      0 -
     1      645     0.003819     18378.0315       0.0000      4.67746     4.67746   18337.4843     4.67229      0 -
     1      646     0.003786     18378.0315       0.0000      4.67746     4.67746   18337.4843     4.67229      0 -
     1      647     0.003754     18378.0315       0.0000      4.67746     4.67746   18337.4843     4.67229      0 -
     1      648     0.003721     17976.3498    -401.6817      4.62606     4.62606   17976.3498     4.62606      1 chain_01/itr_00648_trial_01.rho
     1      649     0.003689     17976.3498       0.0000      4.62606     4.62606   17976.3498     4.62606      0 -
     1      650     0.003658     17976.3498       0.0000      4.62606     4.62606   17976.3498     4.62606      0 -
     1      651     0.003626     17393.3463    -583.0035      4.55042     4.55042   17393.3463     4.55042      1 chain_01/itr_00651_trial_01.rho
     1      652     0.003595     16935.5455    -457.8008      4.49014     4.49014   16935.5455     4.49014      1 chain_01/itr_00652_trial_01.rho
     1      653     0.003564     16935.5455       0.0000      4.49014     4.49014   16935.5455     4.49014      0 -
     1      654     0.003533     16935.5455       0.0000      4.49014     4.49014   16935.5455     4.49014      0 -
     1      655     0.003503     16935.5455       0.0000      4.49014     4.49014   16935.5455     4.49014      0 -
     1      656     0.003473     16935.5455       0.0000      4.49014     4.49014   16935.5455     4.49014      0 -
     1      657     0.003443     16935.5455       0.0000      4.49014     4.49014   16935.5455     4.49014      0 -
     1      658     0.003413     16935.5455       0.0000      4.49014     4.49014   16935.5455     4.49014      0 -
     1      659     0.003384     16935.5455       0.0000      4.49014     4.49014   16935.5455     4.49014      0 -
     1      660     0.003355     16935.5455       0.0000      4.49014     4.49014   16935.5455     4.49014      0 -
     1      661     0.003326     16935.5455       0.0000      4.49014     4.49014   16935.5455     4.49014      0 -
     1      662     0.003297     16935.5455       0.0000      4.49014     4.49014   16935.5455     4.49014      0 -
     1      663     0.003269     16935.5455       0.0000      4.49014     4.49014   16935.5455     4.49014      0 -
     1      664     0.003241     17124.4498     188.9043      4.51511     4.51511   16935.5455     4.49014      1 chain_01/itr_00664_trial_01.rho
     1      665     0.003213     17180.8820      56.4321      4.52255     4.52255   16935.5455     4.49014      1 chain_01/itr_00665_trial_01.rho
     1      666     0.003185     17180.8820       0.0000      4.52255     4.52255   16935.5455     4.49014      0 -
     1      667     0.003158     16983.1477    -197.7343      4.49645     4.49645   16935.5455     4.49014      1 chain_01/itr_00667_trial_01.rho
     1      668     0.003131     16983.1477       0.0000      4.49645     4.49645   16935.5455     4.49014      0 -
     1      669     0.003104     16988.7928       5.6451      4.49719     4.49719   16935.5455     4.49014      1 chain_01/itr_00669_trial_01.rho
     1      670     0.003077     16988.7928       0.0000      4.49719     4.49719   16935.5455     4.49014      0 -
     1      671      0.00305     16725.0811    -263.7118      4.46215     4.46215   16725.0811     4.46215      1 chain_01/itr_00671_trial_01.rho
     1      672     0.003024     16725.0811       0.0000      4.46215     4.46215   16725.0811     4.46215      0 -
     1      673     0.002998     16725.0811       0.0000      4.46215     4.46215   16725.0811     4.46215      0 -
     1      674     0.002972     16725.0811       0.0000      4.46215     4.46215   16725.0811     4.46215      0 -
     1      675     0.002947     16725.0811       0.0000      4.46215     4.46215   16725.0811     4.46215      0 -
     1      676     0.002921     16725.0811       0.0000      4.46215     4.46215   16725.0811     4.46215      0 -
     1      677     0.002896     16706.4345     -18.6465      4.45967     4.45967   16706.4345     4.45967      1 chain_01/itr_00677_trial_01.rho
     1      678     0.002871     16555.7171    -150.7174      4.43950     4.43950   16555.7171     4.43950      1 chain_01/itr_00678_trial_01.rho
     1      679     0.002847     16555.7171       0.0000      4.43950     4.43950   16555.7171     4.43950      0 -
     1      680     0.002822     16555.7171       0.0000      4.43950     4.43950   16555.7171     4.43950      0 -
     1      681     0.002798     16555.7171       0.0000      4.43950     4.43950   16555.7171     4.43950      0 -
     1      682     0.002774     16101.1194    -454.5978      4.37813     4.37813   16101.1194     4.37813      1 chain_01/itr_00682_trial_01.rho
     1      683      0.00275     16050.2788     -50.8405      4.37121     4.37121   16050.2788     4.37121      1 chain_01/itr_00683_trial_01.rho
     1      684     0.002726     16050.2788       0.0000      4.37121     4.37121   16050.2788     4.37121      0 -
     1      685     0.002703     15781.8080    -268.4708      4.33450     4.33450   15781.8080     4.33450      1 chain_01/itr_00685_trial_01.rho
     1      686     0.002679     15781.8080       0.0000      4.33450     4.33450   15781.8080     4.33450      0 -
     1      687     0.002656     15605.1070    -176.7010      4.31016     4.31016   15605.1070     4.31016      1 chain_01/itr_00687_trial_01.rho
     1      688     0.002633     15605.1070       0.0000      4.31016     4.31016   15605.1070     4.31016      0 -
     1      689     0.002611     15375.8174    -229.2896      4.27838     4.27838   15375.8174     4.27838      1 chain_01/itr_00689_trial_01.rho
     1      690     0.002588     15375.8174       0.0000      4.27838     4.27838   15375.8174     4.27838      0 -
     1      691     0.002566     15375.8174       0.0000      4.27838     4.27838   15375.8174     4.27838      0 -
     1      692     0.002544     15375.8174       0.0000      4.27838     4.27838   15375.8174     4.27838      0 -
     1      693     0.002522     15375.8174       0.0000      4.27838     4.27838   15375.8174     4.27838      0 -
     1      694       0.0025     15375.8174       0.0000      4.27838     4.27838   15375.8174     4.27838      0 -
     1      695     0.002479     15375.8174       0.0000      4.27838     4.27838   15375.8174     4.27838      0 -
     1      696     0.002457     15375.8174       0.0000      4.27838     4.27838   15375.8174     4.27838      0 -
     1      697     0.002436     15444.6748      68.8574      4.28795     4.28795   15375.8174     4.27838      1 chain_01/itr_00697_trial_01.rho
     1      698     0.002415     15444.6748       0.0000      4.28795     4.28795   15375.8174     4.27838      0 -
     1      699     0.002395     15444.6748       0.0000      4.28795     4.28795   15375.8174     4.27838      0 -
     1      700     0.002374     15444.6748       0.0000      4.28795     4.28795   15375.8174     4.27838      0 -
     1      701     0.002354     15234.4513    -210.2235      4.25867     4.25867   15234.4513     4.25867      1 chain_01/itr_00701_trial_01.rho
     1      702     0.002333     15236.3012       1.8499      4.25893     4.25893   15234.4513     4.25867      1 chain_01/itr_00702_trial_01.rho
     1      703     0.002313     15236.3012       0.0000      4.25893     4.25893   15234.4513     4.25867      0 -
     1      704     0.002293     15141.1066     -95.1945      4.24560     4.24560   15141.1066     4.24560      1 chain_01/itr_00704_trial_01.rho
     1      705     0.002274     15141.1066       0.0000      4.24560     4.24560   15141.1066     4.24560      0 -
     1      706     0.002254     14933.8659    -207.2407      4.21645     4.21645   14933.8659     4.21645      1 chain_01/itr_00706_trial_01.rho
     1      707     0.002235     14830.4059    -103.4600      4.20181     4.20181   14830.4059     4.20181      1 chain_01/itr_00707_trial_01.rho
     1      708     0.002215     14830.4059       0.0000      4.20181     4.20181   14830.4059     4.20181      0 -
     1      709     0.002196     14830.4059       0.0000      4.20181     4.20181   14830.4059     4.20181      0 -
     1      710     0.002177     14830.4059       0.0000      4.20181     4.20181   14830.4059     4.20181      0 -
     1      711     0.002159     14830.4059       0.0000      4.20181     4.20181   14830.4059     4.20181      0 -
     1      712      0.00214     14487.9997    -342.4061      4.15303     4.15303   14487.9997     4.15303      1 chain_01/itr_00712_trial_01.rho
     1      713     0.002122     14487.9997       0.0000      4.15303     4.15303   14487.9997     4.15303      0 -
     1      714     0.002103     13958.0506    -529.9492      4.07636     4.07636   13958.0506     4.07636      1 chain_01/itr_00714_trial_01.rho
     1      715     0.002085     13958.0506       0.0000      4.07636     4.07636   13958.0506     4.07636      0 -
     1      716     0.002067     13958.0506       0.0000      4.07636     4.07636   13958.0506     4.07636      0 -
     1      717     0.002049     13958.0506       0.0000      4.07636     4.07636   13958.0506     4.07636      0 -
     1      718     0.002032     13958.0506       0.0000      4.07636     4.07636   13958.0506     4.07636      0 -
     1      719     0.002014     13958.0506       0.0000      4.07636     4.07636   13958.0506     4.07636      0 -
     1      720     0.001997     13958.0506       0.0000      4.07636     4.07636   13958.0506     4.07636      0 -
     1      721      0.00198     13825.5191    -132.5314      4.05696     4.05696   13825.5191     4.05696      1 chain_01/itr_00721_trial_01.rho
     1      722     0.001963     13597.1802    -228.3390      4.02332     4.02332   13597.1802     4.02332      1 chain_01/itr_00722_trial_01.rho
     1      723     0.001946     13597.1802       0.0000      4.02332     4.02332   13597.1802     4.02332      0 -
     1      724     0.001929     13597.1802       0.0000      4.02332     4.02332   13597.1802     4.02332      0 -
     1      725     0.001913     13597.1802       0.0000      4.02332     4.02332   13597.1802     4.02332      0 -
     1      726     0.001896     13597.1802       0.0000      4.02332     4.02332   13597.1802     4.02332      0 -
     1      727      0.00188     13597.1802       0.0000      4.02332     4.02332   13597.1802     4.02332      0 -
     1      728     0.001864     13174.8650    -422.3151      3.96035     3.96035   13174.8650     3.96035      1 chain_01/itr_00728_trial_01.rho
     1      729     0.001847     13174.8650       0.0000      3.96035     3.96035   13174.8650     3.96035      0 -
     1      730     0.001832     13174.8650       0.0000      3.96035     3.96035   13174.8650     3.96035      0 -
     1      731     0.001816     13174.8650       0.0000      3.96035     3.96035   13174.8650     3.96035      0 -
     1      732       0.0018     13015.2564    -159.6086      3.93629     3.93629   13015.2564     3.93629      1 chain_01/itr_00732_trial_01.rho
     1      733     0.001785     13015.2564       0.0000      3.93629     3.93629   13015.2564     3.93629      0 -
     1      734     0.001769     12968.2633     -46.9931      3.92917     3.92917   12968.2633     3.92917      1 chain_01/itr_00734_trial_01.rho
     1      735     0.001754     12968.2633       0.0000      3.92917     3.92917   12968.2633     3.92917      0 -
     1      736     0.001739     12968.2633       0.0000      3.92917     3.92917   12968.2633     3.92917      0 -
     1      737     0.001724     12874.2265     -94.0368      3.91490     3.91490   12874.2265     3.91490      1 chain_01/itr_00737_trial_01.rho
     1      738     0.001709     12874.2265       0.0000      3.91490     3.91490   12874.2265     3.91490      0 -
     1      739     0.001694     12874.2265       0.0000      3.91490     3.91490   12874.2265     3.91490      0 -
     1      740      0.00168     12874.2265       0.0000      3.91490     3.91490   12874.2265     3.91490      0 -
     1      741     0.001665     12874.2265       0.0000      3.91490     3.91490   12874.2265     3.91490      0 -
     1      742     0.001651     12874.2265       0.0000      3.91490     3.91490   12874.2265     3.91490      0 -
     1      743     0.001637     12874.2265       0.0000      3.91490     3.91490   12874.2265     3.91490      0 -
     1      744     0.001623     12874.2265       0.0000      3.91490     3.91490   12874.2265     3.91490      0 -
     1      745     0.001609     12874.2265       0.0000      3.91490     3.91490   12874.2265     3.91490      0 -
     1      746     0.001595     12874.2265       0.0000      3.91490     3.91490   12874.2265     3.91490      0 -
     1      747     0.001581     12874.2265       0.0000      3.91490     3.91490   12874.2265     3.91490      0 -
     1      748     0.001568     12874.2265       0.0000      3.91490     3.91490   12874.2265     3.91490      0 -
     1      749     0.001554     12874.2265       0.0000      3.91490     3.91490   12874.2265     3.91490      0 -
     1      750     0.001541     12874.2265       0.0000      3.91490     3.91490   12874.2265     3.91490      0 -
     1      751     0.001527     12874.2265       0.0000      3.91490     3.91490   12874.2265     3.91490      0 -
     1      752     0.001514     12874.2265       0.0000      3.91490     3.91490   12874.2265     3.91490      0 -
     1      753     0.001501     12848.7116     -25.5149      3.91102     3.91102   12848.7116     3.91102      1 chain_01/itr_00753_trial_01.rho
     1      754     0.001488     12848.7116       0.0000      3.91102     3.91102   12848.7116     3.91102      0 -
     1      755     0.001476     12848.7116       0.0000      3.91102     3.91102   12848.7116     3.91102      0 -
     1      756     0.001463     12848.7116       0.0000      3.91102     3.91102   12848.7116     3.91102      0 -
     1      757      0.00145     12848.7116       0.0000      3.91102     3.91102   12848.7116     3.91102      0 -
     1      758     0.001438     12762.9761     -85.7355      3.89795     3.89795   12762.9761     3.89795      1 chain_01/itr_00758_trial_01.rho
     1      759     0.001425     12762.9761       0.0000      3.89795     3.89795   12762.9761     3.89795      0 -
     1      760     0.001413     12762.9761       0.0000      3.89795     3.89795   12762.9761     3.89795      0 -
     1      761     0.001401     12762.9761       0.0000      3.89795     3.89795   12762.9761     3.89795      0 -
     1      762     0.001389     12762.9761       0.0000      3.89795     3.89795   12762.9761     3.89795      0 -
     1      763     0.001377     12762.9761       0.0000      3.89795     3.89795   12762.9761     3.89795      0 -
     1      764     0.001365     12762.9761       0.0000      3.89795     3.89795   12762.9761     3.89795      0 -
     1      765     0.001353     12704.5088     -58.4673      3.88901     3.88901   12704.5088     3.88901      1 chain_01/itr_00765_trial_01.rho
     1      766     0.001342     12704.5088       0.0000      3.88901     3.88901   12704.5088     3.88901      0 -
     1      767      0.00133     12704.5088       0.0000      3.88901     3.88901   12704.5088     3.88901      0 -
     1      768     0.001319     12704.5088       0.0000      3.88901     3.88901   12704.5088     3.88901      0 -
     1      769     0.001307     12704.5088       0.0000      3.88901     3.88901   12704.5088     3.88901      0 -
     1      770     0.001296     12704.5088       0.0000      3.88901     3.88901   12704.5088     3.88901      0 -
     1      771     0.001285     12704.5088       0.0000      3.88901     3.88901   12704.5088     3.88901      0 -
     1      772     0.001274     12704.5088       0.0000      3.88901     3.88901   12704.5088     3.88901      0 -
     1      773     0.001263     12704.5088       0.0000      3.88901     3.88901   12704.5088     3.88901      0 -
     1      774     0.001252     12704.5088       0.0000      3.88901     3.88901   12704.5088     3.88901      0 -
     1      775     0.001241     12704.5088       0.0000      3.88901     3.88901   12704.5088     3.88901      0 -
     1      776     0.001231     12704.5088       0.0000      3.88901     3.88901   12704.5088     3.88901      0 -
     1      777      0.00122     12704.5088       0.0000      3.88901     3.88901   12704.5088     3.88901      0 -
     1      778     0.001209     12704.5088       0.0000      3.88901     3.88901   12704.5088     3.88901      0 -
     1      779     0.001199     12704.5088       0.0000      3.88901     3.88901   12704.5088     3.88901      0 -
     1      780     0.001189     12635.3010     -69.2078      3.87840     3.87840   12635.3010     3.87840      1 chain_01/itr_00780_trial_01.rho
     1      781     0.001179     12635.3010       0.0000      3.87840     3.87840   12635.3010     3.87840      0 -
     1      782     0.001168     12635.3010       0.0000      3.87840     3.87840   12635.3010     3.87840      0 -
     1      783     0.001158     12635.3010       0.0000      3.87840     3.87840   12635.3010     3.87840      0 -
     1      784     0.001148     12635.3010       0.0000      3.87840     3.87840   12635.3010     3.87840      0 -
     1      785     0.001138     12635.3010       0.0000      3.87840     3.87840   12635.3010     3.87840      0 -
     1      786     0.001129     12635.3010       0.0000      3.87840     3.87840   12635.3010     3.87840      0 -
     1      787     0.001119     12635.3010       0.0000      3.87840     3.87840   12635.3010     3.87840      0 -
     1      788     0.001109     12635.3010       0.0000      3.87840     3.87840   12635.3010     3.87840      0 -
     1      789       0.0011     12635.3010       0.0000      3.87840     3.87840   12635.3010     3.87840      0 -
     1      790      0.00109     12635.3010       0.0000      3.87840     3.87840   12635.3010     3.87840      0 -
     1      791     0.001081     12635.3010       0.0000      3.87840     3.87840   12635.3010     3.87840      0 -
     1      792     0.001072     12635.3010       0.0000      3.87840     3.87840   12635.3010     3.87840      0 -
     1      793     0.001062     12635.3010       0.0000      3.87840     3.87840   12635.3010     3.87840      0 -
     1      794     0.001053     12635.3010       0.0000      3.87840     3.87840   12635.3010     3.87840      0 -
     1      795     0.001044     12576.4584     -58.8426      3.86936     3.86936   12576.4584     3.86936      1 chain_01/itr_00795_trial_01.rho
     1      796     0.001035     12576.4584       0.0000      3.86936     3.86936   12576.4584     3.86936      0 -
     1      797     0.001026     12576.4584       0.0000      3.86936     3.86936   12576.4584     3.86936      0 -
     1      798     0.001017     12576.4584       0.0000      3.86936     3.86936   12576.4584     3.86936      0 -
     1      799     0.001009     12576.4584       0.0000      3.86936     3.86936   12576.4584     3.86936      0 -
     1      800        0.001     12576.4584       0.0000      3.86936     3.86936   12576.4584     3.86936      0 -
