# VFSA 2D iteration best - 2026-09-15 01:08:56
# chains=2  n_ctrl=250  frac_update_controls=1.0  temp_kappa=1.0  cool_ratio=0.001  target_rms=1.0  n_trials=1
--------------------------------------------------------------------------------------------------------------------------------------------------------------------------------------------------------
 Chain     Iter         Temp       Chi2Curr        dChi2      RMSCurr     CurrRMS     Chi2Best     RMSBest   Nacc Model
--------------------------------------------------------------------------------------------------------------------------------------------------------------------------------------------------------
     2        1            1     17480.4608    -471.8915      4.56181     4.56181   17480.4608     4.56181      1 chain_02/itr_00001_trial_01.rho
     2        2       0.9977     19433.5720    1953.1112      4.80991     4.80991   17480.4608     4.56181      1 chain_02/itr_00002_trial_01.rho
     2        3       0.9954     19779.4491     345.8770      4.85252     4.85252   17480.4608     4.56181      1 chain_02/itr_00003_trial_01.rho
     2        4       0.9931     20306.4437     526.9946      4.91674     4.91674   17480.4608     4.56181      1 chain_02/itr_00004_trial_01.rho
     2        5       0.9908     19648.3690    -658.0747      4.83642     4.83642   17480.4608     4.56181      1 chain_02/itr_00005_trial_01.rho
     2        6       0.9885     18964.6227    -683.7463      4.75152     4.75152   17480.4608     4.56181      1 chain_02/itr_00006_trial_01.rho
     2        7       0.9863     19451.5554     486.9326      4.81213     4.81213   17480.4608     4.56181      1 chain_02/itr_00007_trial_01.rho
     2        8        0.984     19268.3442    -183.2111      4.78942     4.78942   17480.4608     4.56181      1 chain_02/itr_00008_trial_01.rho
     2        9       0.9817     21302.6754    2034.3311      5.03590     5.03590   17480.4608     4.56181      1 chain_02/itr_00009_trial_01.rho
     2       10       0.9795     23553.7543    2251.0789      5.29530     5.29530   17480.4608     4.56181      1 chain_02/itr_00010_trial_01.rho
     2       11       0.9772     23109.2635    -444.4907      5.24510     5.24510   17480.4608     4.56181      1 chain_02/itr_00011_trial_01.rho
     2       12        0.975     23957.0864     847.8228      5.34044     5.34044   17480.4608     4.56181      1 chain_02/itr_00012_trial_01.rho
     2       13       0.9727     25993.7515    2036.6651      5.56282     5.56282   17480.4608     4.56181      1 chain_02/itr_00013_trial_01.rho
     2       14       0.9705     26418.5795     424.8280      5.60809     5.60809   17480.4608     4.56181      1 chain_02/itr_00014_trial_01.rho
     2       15       0.9683     24527.0263   -1891.5532      5.40360     5.40360   17480.4608     4.56181      1 chain_02/itr_00015_trial_01.rho
     2       16        0.966     22720.0395   -1806.9868      5.20074     5.20074   17480.4608     4.56181      1 chain_02/itr_00016_trial_01.rho
     2       17       0.9638     23037.6934     317.6539      5.23697     5.23697   17480.4608     4.56181      1 chain_02/itr_00017_trial_01.rho
     2       18       0.9616     23829.9796     792.2862      5.32626     5.32626   17480.4608     4.56181      1 chain_02/itr_00018_trial_01.rho
     2       19       0.9594     24781.2306     951.2511      5.43153     5.43153   17480.4608     4.56181      1 chain_02/itr_00019_trial_01.rho
     2       20       0.9572     25077.0492     295.8186      5.46385     5.46385   17480.4608     4.56181      1 chain_02/itr_00020_trial_01.rho
     2       21        0.955     24841.9825    -235.0667      5.43818     5.43818   17480.4608     4.56181      1 chain_02/itr_00021_trial_01.rho
     2       22       0.9528     24412.8529    -429.1297      5.39100     5.39100   17480.4608     4.56181      1 chain_02/itr_00022_trial_01.rho
     2       23       0.9506     27897.4847    3484.6318      5.76292     5.76292   17480.4608     4.56181      1 chain_02/itr_00023_trial_01.rho
     2       24       0.9484     30624.6555    2727.1708      6.03804     6.03804   17480.4608     4.56181      1 chain_02/itr_00024_trial_01.rho
     2       25       0.9462     31191.4463     566.7908      6.09366     6.09366   17480.4608     4.56181      1 chain_02/itr_00025_trial_01.rho
     2       26        0.944     29613.5311   -1577.9152      5.93753     5.93753   17480.4608     4.56181      1 chain_02/itr_00026_trial_01.rho
     2       27       0.9419     29486.2618    -127.2693      5.92475     5.92475   17480.4608     4.56181      1 chain_02/itr_00027_trial_01.rho
     2       28       0.9397     29509.4094      23.1477      5.92708     5.92708   17480.4608     4.56181      1 chain_02/itr_00028_trial_01.rho
     2       29       0.9375     29460.2421     -49.1673      5.92214     5.92214   17480.4608     4.56181      1 chain_02/itr_00029_trial_01.rho
     2       30       0.9354     29269.4618    -190.7803      5.90293     5.90293   17480.4608     4.56181      1 chain_02/itr_00030_trial_01.rho
     2       31       0.9332     27903.9346   -1365.5272      5.76359     5.76359   17480.4608     4.56181      1 chain_02/itr_00031_trial_01.rho
     2       32       0.9311     25783.7935   -2120.1412      5.54031     5.54031   17480.4608     4.56181      1 chain_02/itr_00032_trial_01.rho
     2       33       0.9289     27232.0702    1448.2767      5.69378     5.69378   17480.4608     4.56181      1 chain_02/itr_00033_trial_01.rho
     2       34       0.9268     28515.5189    1283.4487      5.82641     5.82641   17480.4608     4.56181      1 chain_02/itr_00034_trial_01.rho
     2       35       0.9247     30759.9558    2244.4369      6.05136     6.05136   17480.4608     4.56181      1 chain_02/itr_00035_trial_01.rho
     2       36       0.9225     38358.4877    7598.5319      6.75758     6.75758   17480.4608     4.56181      1 chain_02/itr_00036_trial_01.rho
     2       37       0.9204     35902.4338   -2456.0539      6.53766     6.53766   17480.4608     4.56181      1 chain_02/itr_00037_trial_01.rho
     2       38       0.9183     36029.4982     127.0644      6.54922     6.54922   17480.4608     4.56181      1 chain_02/itr_00038_trial_01.rho
     2       39       0.9162     32955.7203   -3073.7779      6.26363     6.26363   17480.4608     4.56181      1 chain_02/itr_00039_trial_01.rho
     2       40       0.9141     33006.9965      51.2762      6.26850     6.26850   17480.4608     4.56181      1 chain_02/itr_00040_trial_01.rho
     2       41        0.912     32912.1160     -94.8805      6.25948     6.25948   17480.4608     4.56181      1 chain_02/itr_00041_trial_01.rho
     2       42       0.9099     36640.2929    3728.1769      6.60450     6.60450   17480.4608     4.56181      1 chain_02/itr_00042_trial_01.rho
     2       43       0.9078     35004.0562   -1636.2367      6.45535     6.45535   17480.4608     4.56181      1 chain_02/itr_00043_trial_01.rho
     2       44       0.9057     35337.3177     333.2615      6.48600     6.48600   17480.4608     4.56181      1 chain_02/itr_00044_trial_01.rho
     2       45       0.9036     36796.7325    1459.4148      6.61858     6.61858   17480.4608     4.56181      1 chain_02/itr_00045_trial_01.rho
     2       46       0.9015     31292.0801   -5504.6523      6.10348     6.10348   17480.4608     4.56181      1 chain_02/itr_00046_trial_01.rho
     2       47       0.8995     30078.6960   -1213.3841      5.98398     5.98398   17480.4608     4.56181      1 chain_02/itr_00047_trial_01.rho
     2       48       0.8974     29813.7019    -264.9941      5.95756     5.95756   17480.4608     4.56181      1 chain_02/itr_00048_trial_01.rho
     2       49       0.8953     29366.4262    -447.2757      5.91270     5.91270   17480.4608     4.56181      1 chain_02/itr_00049_trial_01.rho
     2       50       0.8933     28899.9584    -466.4678      5.86555     5.86555   17480.4608     4.56181      1 chain_02/itr_00050_trial_01.rho
     2       51       0.8912     29273.5315     373.5731      5.90334     5.90334   17480.4608     4.56181      1 chain_02/itr_00051_trial_01.rho
     2       52       0.8892     27760.8928   -1512.6386      5.74880     5.74880   17480.4608     4.56181      1 chain_02/itr_00052_trial_01.rho
     2       53       0.8871     29212.0584    1451.1656      5.89714     5.89714   17480.4608     4.56181      1 chain_02/itr_00053_trial_01.rho
     2       54       0.8851     30295.9384    1083.8800      6.00555     6.00555   17480.4608     4.56181      1 chain_02/itr_00054_trial_01.rho
     2       55        0.883     34980.3575    4684.4191      6.45316     6.45316   17480.4608     4.56181      1 chain_02/itr_00055_trial_01.rho
     2       56        0.881     36998.8183    2018.4608      6.63673     6.63673   17480.4608     4.56181      1 chain_02/itr_00056_trial_01.rho
     2       57        0.879     36998.8183       0.0000      6.63673     6.63673   17480.4608     4.56181      0 -
     2       58        0.877     37208.3527     209.5344      6.65550     6.65550   17480.4608     4.56181      1 chain_02/itr_00058_trial_01.rho
     2       59       0.8749     36253.6129    -954.7398      6.56956     6.56956   17480.4608     4.56181      1 chain_02/itr_00059_trial_01.rho
     2       60       0.8729     34961.3687   -1292.2442      6.45141     6.45141   17480.4608     4.56181      1 chain_02/itr_00060_trial_01.rho
     2       61       0.8709     34891.4775     -69.8912      6.44496     6.44496   17480.4608     4.56181      1 chain_02/itr_00061_trial_01.rho
     2       62       0.8689     32901.7037   -1989.7737      6.25849     6.25849   17480.4608     4.56181      1 chain_02/itr_00062_trial_01.rho
     2       63       0.8669     32901.7037       0.0000      6.25849     6.25849   17480.4608     4.56181      0 -
     2       64       0.8649     30111.1002   -2790.6035      5.98720     5.98720   17480.4608     4.56181      1 chain_02/itr_00064_trial_01.rho
     2       65       0.8629     30274.4225     163.3223      6.00341     6.00341   17480.4608     4.56181      1 chain_02/itr_00065_trial_01.rho
     2       66        0.861     30487.0961     212.6736      6.02446     6.02446   17480.4608     4.56181      1 chain_02/itr_00066_trial_01.rho
     2       67        0.859     29911.0143    -576.0818      5.96727     5.96727   17480.4608     4.56181      1 chain_02/itr_00067_trial_01.rho
     2       68        0.857     29047.0057    -864.0086      5.88046     5.88046   17480.4608     4.56181      1 chain_02/itr_00068_trial_01.rho
     2       69        0.855     29047.0057       0.0000      5.88046     5.88046   17480.4608     4.56181      0 -
     2       70       0.8531     26952.4610   -2094.5448      5.66447     5.66447   17480.4608     4.56181      1 chain_02/itr_00070_trial_01.rho
     2       71       0.8511     29394.4602    2441.9993      5.91552     5.91552   17480.4608     4.56181      1 chain_02/itr_00071_trial_01.rho
     2       72       0.8491     29625.3361     230.8758      5.93871     5.93871   17480.4608     4.56181      1 chain_02/itr_00072_trial_01.rho
     2       73       0.8472     31112.5516    1487.2155      6.08595     6.08595   17480.4608     4.56181      1 chain_02/itr_00073_trial_01.rho
     2       74       0.8452     31468.8462     356.2946      6.12070     6.12070   17480.4608     4.56181      1 chain_02/itr_00074_trial_01.rho
     2       75       0.8433     33283.9231    1815.0769      6.29474     6.29474   17480.4608     4.56181      1 chain_02/itr_00075_trial_01.rho
     2       76       0.8413     31106.5273   -2177.3957      6.08536     6.08536   17480.4608     4.56181      1 chain_02/itr_00076_trial_01.rho
     2       77       0.8394     31083.6307     -22.8967      6.08312     6.08312   17480.4608     4.56181      1 chain_02/itr_00077_trial_01.rho
     2       78       0.8375     31083.6307       0.0000      6.08312     6.08312   17480.4608     4.56181      0 -
     2       79       0.8356     30145.1977    -938.4330      5.99059     5.99059   17480.4608     4.56181      1 chain_02/itr_00079_trial_01.rho
     2       80       0.8336     29076.4795   -1068.7182      5.88344     5.88344   17480.4608     4.56181      1 chain_02/itr_00080_trial_01.rho
     2       81       0.8317     33644.1911    4567.7116      6.32871     6.32871   17480.4608     4.56181      1 chain_02/itr_00081_trial_01.rho
     2       82       0.8298     37046.5005    3402.3094      6.64101     6.64101   17480.4608     4.56181      1 chain_02/itr_00082_trial_01.rho
     2       83       0.8279     39929.8713    2883.3708      6.89460     6.89460   17480.4608     4.56181      1 chain_02/itr_00083_trial_01.rho
     2       84        0.826     39989.4470      59.5757      6.89975     6.89975   17480.4608     4.56181      1 chain_02/itr_00084_trial_01.rho
     2       85       0.8241     39014.3041    -975.1429      6.81510     6.81510   17480.4608     4.56181      1 chain_02/itr_00085_trial_01.rho
     2       86       0.8222     37192.4066   -1821.8975      6.65407     6.65407   17480.4608     4.56181      1 chain_02/itr_00086_trial_01.rho
     2       87       0.8203     52254.2069   15061.8003      7.88717     7.88717   17480.4608     4.56181      1 chain_02/itr_00087_trial_01.rho
     2       88       0.8184     50268.2661   -1985.9408      7.73584     7.73584   17480.4608     4.56181      1 chain_02/itr_00088_trial_01.rho
     2       89       0.8165     51323.7453    1055.4792      7.81663     7.81663   17480.4608     4.56181      1 chain_02/itr_00089_trial_01.rho
     2       90       0.8146     53600.5825    2276.8373      7.98813     7.98813   17480.4608     4.56181      1 chain_02/itr_00090_trial_01.rho
     2       91       0.8128     50213.4429   -3387.1397      7.73162     7.73162   17480.4608     4.56181      1 chain_02/itr_00091_trial_01.rho
     2       92       0.8109     53211.7810    2998.3381      7.95911     7.95911   17480.4608     4.56181      1 chain_02/itr_00092_trial_01.rho
     2       93        0.809     59032.4164    5820.6354      8.38312     8.38312   17480.4608     4.56181      1 chain_02/itr_00093_trial_01.rho
     2       94       0.8072     65816.1224    6783.7060      8.85170     8.85170   17480.4608     4.56181      1 chain_02/itr_00094_trial_01.rho
     2       95       0.8053     72381.1795    6565.0571      9.28268     9.28268   17480.4608     4.56181      1 chain_02/itr_00095_trial_01.rho
     2       96       0.8035     83958.1178   11576.9382      9.99751     9.99751   17480.4608     4.56181      1 chain_02/itr_00096_trial_01.rho
     2       97       0.8016     88257.9974    4299.8796     10.25032    10.25032   17480.4608     4.56181      1 chain_02/itr_00097_trial_01.rho
     2       98       0.7998    106244.5187   17986.5213     11.24640    11.24640   17480.4608     4.56181      1 chain_02/itr_00098_trial_01.rho
     2       99       0.7979     85611.7152  -20632.8035     10.09548    10.09548   17480.4608     4.56181      1 chain_02/itr_00099_trial_01.rho
     2      100       0.7961     96112.3566   10500.6414     10.69670    10.69670   17480.4608     4.56181      1 chain_02/itr_00100_trial_01.rho
     2      101       0.7943    103059.6408    6947.2842     11.07655    11.07655   17480.4608     4.56181      1 chain_02/itr_00101_trial_01.rho
     2      102       0.7924    121250.3223   18190.6815     12.01439    12.01439   17480.4608     4.56181      1 chain_02/itr_00102_trial_01.rho
     2      103       0.7906    127634.1376    6383.8154     12.32661    12.32661   17480.4608     4.56181      1 chain_02/itr_00103_trial_01.rho
     2      104       0.7888    102442.8935  -25191.2441     11.04336    11.04336   17480.4608     4.56181      1 chain_02/itr_00104_trial_01.rho
     2      105        0.787    107678.0482    5235.1548     11.32202    11.32202   17480.4608     4.56181      1 chain_02/itr_00105_trial_01.rho
     2      106       0.7852     99681.8468   -7996.2014     10.89352    10.89352   17480.4608     4.56181      1 chain_02/itr_00106_trial_01.rho
     2      107       0.7834    107431.6949    7749.8480     11.30906    11.30906   17480.4608     4.56181      1 chain_02/itr_00107_trial_01.rho
     2      108       0.7816    109780.2083    2348.5134     11.43200    11.43200   17480.4608     4.56181      1 chain_02/itr_00108_trial_01.rho
     2      109       0.7798    108337.8155   -1442.3927     11.35665    11.35665   17480.4608     4.56181      1 chain_02/itr_00109_trial_01.rho
     2      110        0.778     91370.6501  -16967.1654     10.42951    10.42951   17480.4608     4.56181      1 chain_02/itr_00110_trial_01.rho
     2      111       0.7762    103231.5403   11860.8902     11.08579    11.08579   17480.4608     4.56181      1 chain_02/itr_00111_trial_01.rho
     2      112       0.7744    122478.1090   19246.5687     12.07507    12.07507   17480.4608     4.56181      1 chain_02/itr_00112_trial_01.rho
     2      113       0.7726    123530.2927    1052.1837     12.12682    12.12682   17480.4608     4.56181      1 chain_02/itr_00113_trial_01.rho
     2      114       0.7708    133033.2814    9502.9887     12.58463    12.58463   17480.4608     4.56181      1 chain_02/itr_00114_trial_01.rho
     2      115       0.7691    165019.4521   31986.1707     14.01612    14.01612   17480.4608     4.56181      1 chain_02/itr_00115_trial_01.rho
     2      116       0.7673    238036.1710   73016.7189     16.83379    16.83379   17480.4608     4.56181      1 chain_02/itr_00116_trial_01.rho
     2      117       0.7655    238036.1710       0.0000     16.83379    16.83379   17480.4608     4.56181      0 -
     2      118       0.7638    262834.2632   24798.0922     17.68892    17.68892   17480.4608     4.56181      1 chain_02/itr_00118_trial_01.rho
     2      119        0.762    230415.0446  -32419.2186     16.56211    16.56211   17480.4608     4.56181      1 chain_02/itr_00119_trial_01.rho
     2      120       0.7603    257693.6060   27278.5614     17.51508    17.51508   17480.4608     4.56181      1 chain_02/itr_00120_trial_01.rho
     2      121       0.7585    224689.4142  -33004.1918     16.35504    16.35504   17480.4608     4.56181      1 chain_02/itr_00121_trial_01.rho
     2      122       0.7568    221341.1992   -3348.2150     16.23273    16.23273   17480.4608     4.56181      1 chain_02/itr_00122_trial_01.rho
     2      123        0.755    259811.9053   38470.7060     17.58692    17.58692   17480.4608     4.56181      1 chain_02/itr_00123_trial_01.rho
     2      124       0.7533    237733.5908  -22078.3144     16.82308    16.82308   17480.4608     4.56181      1 chain_02/itr_00124_trial_01.rho
     2      125       0.7516    304868.8653   67135.2745     19.05096    19.05096   17480.4608     4.56181      1 chain_02/itr_00125_trial_01.rho
     2      126       0.7498    336159.6181   31290.7527     20.00475    20.00475   17480.4608     4.56181      1 chain_02/itr_00126_trial_01.rho
     2      127       0.7481    284035.9681  -52123.6500     18.38853    18.38853   17480.4608     4.56181      1 chain_02/itr_00127_trial_01.rho
     2      128       0.7464    284035.9681       0.0000     18.38853    18.38853   17480.4608     4.56181      0 -
     2      129       0.7447    271633.8953  -12402.0728     17.98259    17.98259   17480.4608     4.56181      1 chain_02/itr_00129_trial_01.rho
     2      130       0.7429    224481.2342  -47152.6612     16.34746    16.34746   17480.4608     4.56181      1 chain_02/itr_00130_trial_01.rho
     2      131       0.7412    211996.1463  -12485.0879     15.88636    15.88636   17480.4608     4.56181      1 chain_02/itr_00131_trial_01.rho
     2      132       0.7395    198943.6513  -13052.4950     15.38953    15.38953   17480.4608     4.56181      1 chain_02/itr_00132_trial_01.rho
     2      133       0.7378    198943.6513       0.0000     15.38953    15.38953   17480.4608     4.56181      0 -
     2      134       0.7361    258166.9973   59223.3461     17.53116    17.53116   17480.4608     4.56181      1 chain_02/itr_00134_trial_01.rho
     2      135       0.7344    254224.8155   -3942.1818     17.39680    17.39680   17480.4608     4.56181      1 chain_02/itr_00135_trial_01.rho
     2      136       0.7327    232406.9554  -21817.8601     16.63355    16.63355   17480.4608     4.56181      1 chain_02/itr_00136_trial_01.rho
     2      137       0.7311    232406.9554       0.0000     16.63355    16.63355   17480.4608     4.56181      0 -
     2      138       0.7294    198271.9091  -34135.0463     15.36353    15.36353   17480.4608     4.56181      1 chain_02/itr_00138_trial_01.rho
     2      139       0.7277    234771.0076   36499.0985     16.71793    16.71793   17480.4608     4.56181      1 chain_02/itr_00139_trial_01.rho
     2      140        0.726    223823.8521  -10947.1555     16.32351    16.32351   17480.4608     4.56181      1 chain_02/itr_00140_trial_01.rho
     2      141       0.7244    223632.9315    -190.9206     16.31655    16.31655   17480.4608     4.56181      1 chain_02/itr_00141_trial_01.rho
     2      142       0.7227    202388.3867  -21244.5448     15.52220    15.52220   17480.4608     4.56181      1 chain_02/itr_00142_trial_01.rho
     2      143        0.721    203480.5867    1092.2000     15.56402    15.56402   17480.4608     4.56181      1 chain_02/itr_00143_trial_01.rho
     2      144       0.7194    184969.1522  -18511.4345     14.83918    14.83918   17480.4608     4.56181      1 chain_02/itr_00144_trial_01.rho
     2      145       0.7177    205663.4252   20694.2731     15.64728    15.64728   17480.4608     4.56181      1 chain_02/itr_00145_trial_01.rho
     2      146       0.7161    247370.4718   41707.0465     17.16067    17.16067   17480.4608     4.56181      1 chain_02/itr_00146_trial_01.rho
     2      147       0.7144    250023.7917    2653.3200     17.25246    17.25246   17480.4608     4.56181      1 chain_02/itr_00147_trial_01.rho
     2      148       0.7128    205578.5563  -44445.2355     15.64405    15.64405   17480.4608     4.56181      1 chain_02/itr_00148_trial_01.rho
     2      149       0.7111    205578.5563       0.0000     15.64405    15.64405   17480.4608     4.56181      0 -
     2      150       0.7095    255771.9865   50193.4303     17.44966    17.44966   17480.4608     4.56181      1 chain_02/itr_00150_trial_01.rho
     2      151       0.7079    237330.0965  -18441.8901     16.80880    16.80880   17480.4608     4.56181      1 chain_02/itr_00151_trial_01.rho
     2      152       0.7062    226645.1155  -10684.9810     16.42607    16.42607   17480.4608     4.56181      1 chain_02/itr_00152_trial_01.rho
     2      153       0.7046    173504.4406  -53140.6749     14.37195    14.37195   17480.4608     4.56181      1 chain_02/itr_00153_trial_01.rho
     2      154        0.703    163434.5247  -10069.9159     13.94865    13.94865   17480.4608     4.56181      1 chain_02/itr_00154_trial_01.rho
     2      155       0.7014    169499.4409    6064.9162     14.20511    14.20511   17480.4608     4.56181      1 chain_02/itr_00155_trial_01.rho
     2      156       0.6998    197874.3287   28374.8879     15.34812    15.34812   17480.4608     4.56181      1 chain_02/itr_00156_trial_01.rho
     2      157       0.6981    183778.1802  -14096.1485     14.79133    14.79133   17480.4608     4.56181      1 chain_02/itr_00157_trial_01.rho
     2      158       0.6965    178936.9659   -4841.2143     14.59521    14.59521   17480.4608     4.56181      1 chain_02/itr_00158_trial_01.rho
     2      159       0.6949    148631.1258  -30305.8401     13.30195    13.30195   17480.4608     4.56181      1 chain_02/itr_00159_trial_01.rho
     2      160       0.6933    138032.9710  -10598.1547     12.81893    12.81893   17480.4608     4.56181      1 chain_02/itr_00160_trial_01.rho
     2      161       0.6917    139777.2535    1744.2825     12.89967    12.89967   17480.4608     4.56181      1 chain_02/itr_00161_trial_01.rho
     2      162       0.6902    119806.1686  -19971.0849     11.94263    11.94263   17480.4608     4.56181      1 chain_02/itr_00162_trial_01.rho
     2      163       0.6886    112147.3346   -7658.8340     11.55460    11.55460   17480.4608     4.56181      1 chain_02/itr_00163_trial_01.rho
     2      164        0.687    108399.5604   -3747.7742     11.35989    11.35989   17480.4608     4.56181      1 chain_02/itr_00164_trial_01.rho
     2      165       0.6854     86259.3170  -22140.2434     10.13359    10.13359   17480.4608     4.56181      1 chain_02/itr_00165_trial_01.rho
     2      166       0.6838     82211.9545   -4047.3625      9.89300     9.89300   17480.4608     4.56181      1 chain_02/itr_00166_trial_01.rho
     2      167       0.6823     80015.0734   -2196.8811      9.75992     9.75992   17480.4608     4.56181      1 chain_02/itr_00167_trial_01.rho
     2      168       0.6807     98151.4622   18136.3887     10.80958    10.80958   17480.4608     4.56181      1 chain_02/itr_00168_trial_01.rho
     2      169       0.6791     98151.4622       0.0000     10.80958    10.80958   17480.4608     4.56181      0 -
     2      170       0.6776     85680.3454  -12471.1168     10.09953    10.09953   17480.4608     4.56181      1 chain_02/itr_00170_trial_01.rho
     2      171        0.676     94898.8435    9218.4981     10.62896    10.62896   17480.4608     4.56181      1 chain_02/itr_00171_trial_01.rho
     2      172       0.6744    102052.5458    7153.7023     11.02230    11.02230   17480.4608     4.56181      1 chain_02/itr_00172_trial_01.rho
     2      173       0.6729    106316.0478    4263.5021     11.25019    11.25019   17480.4608     4.56181      1 chain_02/itr_00173_trial_01.rho
     2      174       0.6713     91711.5083  -14604.5396     10.44894    10.44894   17480.4608     4.56181      1 chain_02/itr_00174_trial_01.rho
     2      175       0.6698     93936.9192    2225.4109     10.57495    10.57495   17480.4608     4.56181      1 chain_02/itr_00175_trial_01.rho
     2      176       0.6683    107963.9565   14027.0373     11.33704    11.33704   17480.4608     4.56181      1 chain_02/itr_00176_trial_01.rho
     2      177       0.6667    107352.1798    -611.7767     11.30488    11.30488   17480.4608     4.56181      1 chain_02/itr_00177_trial_01.rho
     2      178       0.6652    107253.4687     -98.7111     11.29968    11.29968   17480.4608     4.56181      1 chain_02/itr_00178_trial_01.rho
     2      179       0.6637    102859.7040   -4393.7647     11.06580    11.06580   17480.4608     4.56181      1 chain_02/itr_00179_trial_01.rho
     2      180       0.6621    107334.1873    4474.4833     11.30393    11.30393   17480.4608     4.56181      1 chain_02/itr_00180_trial_01.rho
     2      181       0.6606    107183.1051    -151.0822     11.29597    11.29597   17480.4608     4.56181      1 chain_02/itr_00181_trial_01.rho
     2      182       0.6591    104427.6206   -2755.4844     11.14982    11.14982   17480.4608     4.56181      1 chain_02/itr_00182_trial_01.rho
     2      183       0.6576     88463.3239  -15964.2967     10.26224    10.26224   17480.4608     4.56181      1 chain_02/itr_00183_trial_01.rho
     2      184       0.6561     98969.2913   10505.9674     10.85452    10.85452   17480.4608     4.56181      1 chain_02/itr_00184_trial_01.rho
     2      185       0.6545     93867.0456   -5102.2457     10.57102    10.57102   17480.4608     4.56181      1 chain_02/itr_00185_trial_01.rho
     2      186        0.653     88810.3790   -5056.6667     10.28235    10.28235   17480.4608     4.56181      1 chain_02/itr_00186_trial_01.rho
     2      187       0.6515     88810.3790       0.0000     10.28235    10.28235   17480.4608     4.56181      0 -
     2      188         0.65     89859.0217    1048.6427     10.34287    10.34287   17480.4608     4.56181      1 chain_02/itr_00188_trial_01.rho
     2      189       0.6485    100425.0663   10566.0446     10.93406    10.93406   17480.4608     4.56181      1 chain_02/itr_00189_trial_01.rho
     2      190        0.647     86089.3648  -14335.7014     10.12360    10.12360   17480.4608     4.56181      1 chain_02/itr_00190_trial_01.rho
     2      191       0.6456     81127.7658   -4961.5990      9.82755     9.82755   17480.4608     4.56181      1 chain_02/itr_00191_trial_01.rho
     2      192       0.6441     78851.9858   -2275.7800      9.68873     9.68873   17480.4608     4.56181      1 chain_02/itr_00192_trial_01.rho
     2      193       0.6426     84769.7252    5917.7394     10.04571    10.04571   17480.4608     4.56181      1 chain_02/itr_00193_trial_01.rho
     2      194       0.6411     82234.2711   -2535.4541      9.89434     9.89434   17480.4608     4.56181      1 chain_02/itr_00194_trial_01.rho
     2      195       0.6396     89453.4018    7219.1307     10.31950    10.31950   17480.4608     4.56181      1 chain_02/itr_00195_trial_01.rho
     2      196       0.6382     81506.4497   -7946.9521      9.85046     9.85046   17480.4608     4.56181      1 chain_02/itr_00196_trial_01.rho
     2      197       0.6367     78104.5533   -3401.8964      9.64270     9.64270   17480.4608     4.56181      1 chain_02/itr_00197_trial_01.rho
     2      198       0.6352     82496.2156    4391.6623      9.91008     9.91008   17480.4608     4.56181      1 chain_02/itr_00198_trial_01.rho
     2      199       0.6338     86389.5878    3893.3722     10.14124    10.14124   17480.4608     4.56181      1 chain_02/itr_00199_trial_01.rho
     2      200       0.6323     82200.6731   -4188.9147      9.89232     9.89232   17480.4608     4.56181      1 chain_02/itr_00200_trial_01.rho
     2      201       0.6309     75911.0616   -6289.6115      9.50633     9.50633   17480.4608     4.56181      1 chain_02/itr_00201_trial_01.rho
     2      202       0.6294     82193.1730    6282.1114      9.89187     9.89187   17480.4608     4.56181      1 chain_02/itr_00202_trial_01.rho
     2      203        0.628     85383.0612    3189.8882     10.08199    10.08199   17480.4608     4.56181      1 chain_02/itr_00203_trial_01.rho
     2      204       0.6265     85292.0584     -91.0028     10.07661    10.07661   17480.4608     4.56181      1 chain_02/itr_00204_trial_01.rho
     2      205       0.6251     77767.7840   -7524.2744      9.62189     9.62189   17480.4608     4.56181      1 chain_02/itr_00205_trial_01.rho
     2      206       0.6236     77764.3828      -3.4012      9.62168     9.62168   17480.4608     4.56181      1 chain_02/itr_00206_trial_01.rho
     2      207       0.6222     72102.9576   -5661.4251      9.26482     9.26482   17480.4608     4.56181      1 chain_02/itr_00207_trial_01.rho
     2      208       0.6208     78778.8426    6675.8850      9.68423     9.68423   17480.4608     4.56181      1 chain_02/itr_00208_trial_01.rho
     2      209       0.6193     69037.0053   -9741.8373      9.06570     9.06570   17480.4608     4.56181      1 chain_02/itr_00209_trial_01.rho
     2      210       0.6179     69349.1546     312.1493      9.08617     9.08617   17480.4608     4.56181      1 chain_02/itr_00210_trial_01.rho
     2      211       0.6165     75923.6424    6574.4877      9.50712     9.50712   17480.4608     4.56181      1 chain_02/itr_00211_trial_01.rho
     2      212       0.6151     94953.0062   19029.3639     10.63199    10.63199   17480.4608     4.56181      1 chain_02/itr_00212_trial_01.rho
     2      213       0.6137    101915.6718    6962.6655     11.01491    11.01491   17480.4608     4.56181      1 chain_02/itr_00213_trial_01.rho
     2      214       0.6123     92275.6478   -9640.0240     10.48103    10.48103   17480.4608     4.56181      1 chain_02/itr_00214_trial_01.rho
     2      215       0.6108     82521.5093   -9754.1385      9.91160     9.91160   17480.4608     4.56181      1 chain_02/itr_00215_trial_01.rho
     2      216       0.6094     74264.3138   -8257.1955      9.40265     9.40265   17480.4608     4.56181      1 chain_02/itr_00216_trial_01.rho
     2      217        0.608     72867.1558   -1397.1580      9.31379     9.31379   17480.4608     4.56181      1 chain_02/itr_00217_trial_01.rho
     2      218       0.6066     70264.1962   -2602.9596      9.14592     9.14592   17480.4608     4.56181      1 chain_02/itr_00218_trial_01.rho
     2      219       0.6052     74884.3903    4620.1940      9.44183     9.44183   17480.4608     4.56181      1 chain_02/itr_00219_trial_01.rho
     2      220       0.6038     67835.5520   -7048.8382      8.98647     8.98647   17480.4608     4.56181      1 chain_02/itr_00220_trial_01.rho
     2      221       0.6025     62775.2319   -5060.3201      8.64479     8.64479   17480.4608     4.56181      1 chain_02/itr_00221_trial_01.rho
     2      222       0.6011     67949.1650    5173.9331      8.99399     8.99399   17480.4608     4.56181      1 chain_02/itr_00222_trial_01.rho
     2      223       0.5997     72598.2473    4649.0822      9.29658     9.29658   17480.4608     4.56181      1 chain_02/itr_00223_trial_01.rho
     2      224       0.5983     77142.8980    4544.6508      9.58315     9.58315   17480.4608     4.56181      1 chain_02/itr_00224_trial_01.rho
     2      225       0.5969     87776.8774   10633.9793     10.22234    10.22234   17480.4608     4.56181      1 chain_02/itr_00225_trial_01.rho
     2      226       0.5956    104577.5866   16800.7092     11.15783    11.15783   17480.4608     4.56181      1 chain_02/itr_00226_trial_01.rho
     2      227       0.5942     95678.8819   -8898.7047     10.67256    10.67256   17480.4608     4.56181      1 chain_02/itr_00227_trial_01.rho
     2      228       0.5928    100627.0004    4948.1185     10.94505    10.94505   17480.4608     4.56181      1 chain_02/itr_00228_trial_01.rho
     2      229       0.5915     88287.5434  -12339.4569     10.25203    10.25203   17480.4608     4.56181      1 chain_02/itr_00229_trial_01.rho
     2      230       0.5901     88287.5434       0.0000     10.25203    10.25203   17480.4608     4.56181      0 -
     2      231       0.5887     84095.6027   -4191.9408     10.00569    10.00569   17480.4608     4.56181      1 chain_02/itr_00231_trial_01.rho
     2      232       0.5874     70912.7224  -13182.8802      9.18803     9.18803   17480.4608     4.56181      1 chain_02/itr_00232_trial_01.rho
     2      233        0.586     74742.9476    3830.2252      9.43291     9.43291   17480.4608     4.56181      1 chain_02/itr_00233_trial_01.rho
     2      234       0.5847     67729.2019   -7013.7457      8.97942     8.97942   17480.4608     4.56181      1 chain_02/itr_00234_trial_01.rho
     2      235       0.5833     65794.1588   -1935.0431      8.85022     8.85022   17480.4608     4.56181      1 chain_02/itr_00235_trial_01.rho
     2      236        0.582     61132.1618   -4661.9970      8.53091     8.53091   17480.4608     4.56181      1 chain_02/itr_00236_trial_01.rho
     2      237       0.5807     55950.5012   -5181.6606      8.16136     8.16136   17480.4608     4.56181      1 chain_02/itr_00237_trial_01.rho
     2      238       0.5793     54371.1851   -1579.3161      8.04535     8.04535   17480.4608     4.56181      1 chain_02/itr_00238_trial_01.rho
     2      239        0.578     56008.1328    1636.9477      8.16556     8.16556   17480.4608     4.56181      1 chain_02/itr_00239_trial_01.rho
     2      240       0.5767     53425.3284   -2582.8043      7.97506     7.97506   17480.4608     4.56181      1 chain_02/itr_00240_trial_01.rho
     2      241       0.5753     55838.4787    2413.1503      8.15318     8.15318   17480.4608     4.56181      1 chain_02/itr_00241_trial_01.rho
     2      242        0.574     57307.2613    1468.7826      8.25972     8.25972   17480.4608     4.56181      1 chain_02/itr_00242_trial_01.rho
     2      243       0.5727     67497.1708   10189.9095      8.96403     8.96403   17480.4608     4.56181      1 chain_02/itr_00243_trial_01.rho
     2      244       0.5714     66882.7274    -614.4434      8.92313     8.92313   17480.4608     4.56181      1 chain_02/itr_00244_trial_01.rho
     2      245       0.5701     62193.2538   -4689.4735      8.60463     8.60463   17480.4608     4.56181      1 chain_02/itr_00245_trial_01.rho
     2      246       0.5687     59637.3337   -2555.9201      8.42596     8.42596   17480.4608     4.56181      1 chain_02/itr_00246_trial_01.rho
     2      247       0.5674     64694.5294    5057.1957      8.77595     8.77595   17480.4608     4.56181      1 chain_02/itr_00247_trial_01.rho
     2      248       0.5661     62547.2555   -2147.2739      8.62908     8.62908   17480.4608     4.56181      1 chain_02/itr_00248_trial_01.rho
     2      249       0.5648     61661.3744    -885.8811      8.56775     8.56775   17480.4608     4.56181      1 chain_02/itr_00249_trial_01.rho
     2      250       0.5635     58242.2129   -3419.1615      8.32682     8.32682   17480.4608     4.56181      1 chain_02/itr_00250_trial_01.rho
     2      251       0.5622     62060.8485    3818.6356      8.59546     8.59546   17480.4608     4.56181      1 chain_02/itr_00251_trial_01.rho
     2      252       0.5609     64290.5125    2229.6639      8.74850     8.74850   17480.4608     4.56181      1 chain_02/itr_00252_trial_01.rho
     2      253       0.5596     66665.3785    2374.8661      8.90862     8.90862   17480.4608     4.56181      1 chain_02/itr_00253_trial_01.rho
     2      254       0.5584     63659.6460   -3005.7325      8.70547     8.70547   17480.4608     4.56181      1 chain_02/itr_00254_trial_01.rho
     2      255       0.5571     63659.6460       0.0000      8.70547     8.70547   17480.4608     4.56181      0 -
     2      256       0.5558     55245.1768   -8414.4692      8.10975     8.10975   17480.4608     4.56181      1 chain_02/itr_00256_trial_01.rho
     2      257       0.5545     61609.6973    6364.5205      8.56416     8.56416   17480.4608     4.56181      1 chain_02/itr_00257_trial_01.rho
     2      258       0.5532     63965.1121    2355.4148      8.72634     8.72634   17480.4608     4.56181      1 chain_02/itr_00258_trial_01.rho
     2      259        0.552     68006.2042    4041.0921      8.99776     8.99776   17480.4608     4.56181      1 chain_02/itr_00259_trial_01.rho
     2      260       0.5507     68006.2042       0.0000      8.99776     8.99776   17480.4608     4.56181      0 -
     2      261       0.5494     61434.0307   -6572.1735      8.55194     8.55194   17480.4608     4.56181      1 chain_02/itr_00261_trial_01.rho
     2      262       0.5482     67192.3908    5758.3602      8.94377     8.94377   17480.4608     4.56181      1 chain_02/itr_00262_trial_01.rho
     2      263       0.5469     66630.2939    -562.0970      8.90628     8.90628   17480.4608     4.56181      1 chain_02/itr_00263_trial_01.rho
     2      264       0.5456     73251.5928    6621.2989      9.33832     9.33832   17480.4608     4.56181      1 chain_02/itr_00264_trial_01.rho
     2      265       0.5444     72033.0409   -1218.5519      9.26033     9.26033   17480.4608     4.56181      1 chain_02/itr_00265_trial_01.rho
     2      266       0.5431     77821.5904    5788.5495      9.62521     9.62521   17480.4608     4.56181      1 chain_02/itr_00266_trial_01.rho
     2      267       0.5419     78493.3058     671.7154      9.66666     9.66666   17480.4608     4.56181      1 chain_02/itr_00267_trial_01.rho
     2      268       0.5406     80584.5656    2091.2598      9.79459     9.79459   17480.4608     4.56181      1 chain_02/itr_00268_trial_01.rho
     2      269       0.5394     81521.7272     937.1616      9.85138     9.85138   17480.4608     4.56181      1 chain_02/itr_00269_trial_01.rho
     2      270       0.5382     75436.4443   -6085.2829      9.47657     9.47657   17480.4608     4.56181      1 chain_02/itr_00270_trial_01.rho
     2      271       0.5369     73653.1758   -1783.2685      9.36389     9.36389   17480.4608     4.56181      1 chain_02/itr_00271_trial_01.rho
     2      272       0.5357     74517.6447     864.4689      9.41868     9.41868   17480.4608     4.56181      1 chain_02/itr_00272_trial_01.rho
     2      273       0.5345     86333.1178   11815.4731     10.13792    10.13792   17480.4608     4.56181      1 chain_02/itr_00273_trial_01.rho
     2      274       0.5332     90907.6159    4574.4981     10.40305    10.40305   17480.4608     4.56181      1 chain_02/itr_00274_trial_01.rho
     2      275        0.532     94330.0674    3422.4515     10.59706    10.59706   17480.4608     4.56181      1 chain_02/itr_00275_trial_01.rho
     2      276       0.5308     86675.7473   -7654.3202     10.15802    10.15802   17480.4608     4.56181      1 chain_02/itr_00276_trial_01.rho
     2      277       0.5296     83710.2617   -2965.4855      9.98274     9.98274   17480.4608     4.56181      1 chain_02/itr_00277_trial_01.rho
     2      278       0.5283     83710.2617       0.0000      9.98274     9.98274   17480.4608     4.56181      0 -
     2      279       0.5271     85270.5808    1560.3191     10.07535    10.07535   17480.4608     4.56181      1 chain_02/itr_00279_trial_01.rho
     2      280       0.5259     92325.2263    7054.6455     10.48384    10.48384   17480.4608     4.56181      1 chain_02/itr_00280_trial_01.rho
     2      281       0.5247     90896.1155   -1429.1108     10.40239    10.40239   17480.4608     4.56181      1 chain_02/itr_00281_trial_01.rho
     2      282       0.5235     78905.7669  -11990.3486      9.69203     9.69203   17480.4608     4.56181      1 chain_02/itr_00282_trial_01.rho
     2      283       0.5223     74898.3666   -4007.4004      9.44271     9.44271   17480.4608     4.56181      1 chain_02/itr_00283_trial_01.rho
     2      284       0.5211     73374.4341   -1523.9325      9.34615     9.34615   17480.4608     4.56181      1 chain_02/itr_00284_trial_01.rho
     2      285       0.5199     72625.6983    -748.7358      9.29834     9.29834   17480.4608     4.56181      1 chain_02/itr_00285_trial_01.rho
     2      286       0.5187     72625.6983       0.0000      9.29834     9.29834   17480.4608     4.56181      0 -
     2      287       0.5175     71656.1605    -969.5378      9.23607     9.23607   17480.4608     4.56181      1 chain_02/itr_00287_trial_01.rho
     2      288       0.5163     71656.1605       0.0000      9.23607     9.23607   17480.4608     4.56181      0 -
     2      289       0.5151     67603.3095   -4052.8510      8.97107     8.97107   17480.4608     4.56181      1 chain_02/itr_00289_trial_01.rho
     2      290       0.5139     67603.3095       0.0000      8.97107     8.97107   17480.4608     4.56181      0 -
     2      291       0.5127     78197.6797   10594.3702      9.64844     9.64844   17480.4608     4.56181      1 chain_02/itr_00291_trial_01.rho
     2      292       0.5116     70819.6958   -7377.9839      9.18200     9.18200   17480.4608     4.56181      1 chain_02/itr_00292_trial_01.rho
     2      293       0.5104     70045.8123    -773.8835      9.13170     9.13170   17480.4608     4.56181      1 chain_02/itr_00293_trial_01.rho
     2      294       0.5092     70329.1508     283.3385      9.15015     9.15015   17480.4608     4.56181      1 chain_02/itr_00294_trial_01.rho
     2      295        0.508     61915.1664   -8413.9843      8.58537     8.58537   17480.4608     4.56181      1 chain_02/itr_00295_trial_01.rho
     2      296       0.5069     65209.3027    3294.1363      8.81080     8.81080   17480.4608     4.56181      1 chain_02/itr_00296_trial_01.rho
     2      297       0.5057     67144.5177    1935.2149      8.94058     8.94058   17480.4608     4.56181      1 chain_02/itr_00297_trial_01.rho
     2      298       0.5045     61478.6140   -5665.9037      8.55505     8.55505   17480.4608     4.56181      1 chain_02/itr_00298_trial_01.rho
     2      299       0.5034     60826.1668    -652.4472      8.50953     8.50953   17480.4608     4.56181      1 chain_02/itr_00299_trial_01.rho
     2      300       0.5022     48744.6467  -12081.5200      7.61770     7.61770   17480.4608     4.56181      1 chain_02/itr_00300_trial_01.rho
     2      301       0.5011     48141.0054    -603.6413      7.57038     7.57038   17480.4608     4.56181      1 chain_02/itr_00301_trial_01.rho
     2      302       0.4999     47811.7529    -329.2525      7.54445     7.54445   17480.4608     4.56181      1 chain_02/itr_00302_trial_01.rho
     2      303       0.4988     49810.0154    1998.2624      7.70050     7.70050   17480.4608     4.56181      1 chain_02/itr_00303_trial_01.rho
     2      304       0.4976     49355.9974    -454.0179      7.66532     7.66532   17480.4608     4.56181      1 chain_02/itr_00304_trial_01.rho
     2      305       0.4965     48084.3458   -1271.6517      7.56593     7.56593   17480.4608     4.56181      1 chain_02/itr_00305_trial_01.rho
     2      306       0.4953     50307.6965    2223.3507      7.73887     7.73887   17480.4608     4.56181      1 chain_02/itr_00306_trial_01.rho
     2      307       0.4942     47399.1581   -2908.5384      7.51183     7.51183   17480.4608     4.56181      1 chain_02/itr_00307_trial_01.rho
     2      308       0.4931     54113.2859    6714.1278      8.02624     8.02624   17480.4608     4.56181      1 chain_02/itr_00308_trial_01.rho
     2      309       0.4919     54113.2859       0.0000      8.02624     8.02624   17480.4608     4.56181      0 -
     2      310       0.4908     61910.1781    7796.8922      8.58502     8.58502   17480.4608     4.56181      1 chain_02/itr_00310_trial_01.rho
     2      311       0.4897     63168.9408    1258.7627      8.67186     8.67186   17480.4608     4.56181      1 chain_02/itr_00311_trial_01.rho
     2      312       0.4885     58597.0869   -4571.8539      8.35215     8.35215   17480.4608     4.56181      1 chain_02/itr_00312_trial_01.rho
     2      313       0.4874     54607.0722   -3990.0147      8.06278     8.06278   17480.4608     4.56181      1 chain_02/itr_00313_trial_01.rho
     2      314       0.4863     54935.6839     328.6117      8.08700     8.08700   17480.4608     4.56181      1 chain_02/itr_00314_trial_01.rho
     2      315       0.4852     56081.2473    1145.5634      8.17089     8.17089   17480.4608     4.56181      1 chain_02/itr_00315_trial_01.rho
     2      316       0.4841     55103.0326    -978.2148      8.09931     8.09931   17480.4608     4.56181      1 chain_02/itr_00316_trial_01.rho
     2      317       0.4829     64129.1198    9026.0872      8.73752     8.73752   17480.4608     4.56181      1 chain_02/itr_00317_trial_01.rho
     2      318       0.4818     63667.7730    -461.3467      8.70603     8.70603   17480.4608     4.56181      1 chain_02/itr_00318_trial_01.rho
     2      319       0.4807     59992.4328   -3675.3402      8.45101     8.45101   17480.4608     4.56181      1 chain_02/itr_00319_trial_01.rho
     2      320       0.4796     60681.7391     689.3063      8.49942     8.49942   17480.4608     4.56181      1 chain_02/itr_00320_trial_01.rho
     2      321       0.4785     60981.7792     300.0401      8.52041     8.52041   17480.4608     4.56181      1 chain_02/itr_00321_trial_01.rho
     2      322       0.4774     63460.1703    2478.3911      8.69182     8.69182   17480.4608     4.56181      1 chain_02/itr_00322_trial_01.rho
     2      323       0.4763     86517.6131   23057.4428     10.14875    10.14875   17480.4608     4.56181      1 chain_02/itr_00323_trial_01.rho
     2      324       0.4752     89776.0376    3258.4245     10.33810    10.33810   17480.4608     4.56181      1 chain_02/itr_00324_trial_01.rho
     2      325       0.4741     86409.9676   -3366.0699     10.14244    10.14244   17480.4608     4.56181      1 chain_02/itr_00325_trial_01.rho
     2      326        0.473     86409.9676       0.0000     10.14244    10.14244   17480.4608     4.56181      0 -
     2      327       0.4719     78595.3379   -7814.6298      9.67295     9.67295   17480.4608     4.56181      1 chain_02/itr_00327_trial_01.rho
     2      328       0.4709     75807.7585   -2787.5794      9.49986     9.49986   17480.4608     4.56181      1 chain_02/itr_00328_trial_01.rho
     2      329       0.4698     84797.7380    8989.9795     10.04737    10.04737   17480.4608     4.56181      1 chain_02/itr_00329_trial_01.rho
     2      330       0.4687     66203.6990  -18594.0390      8.87772     8.87772   17480.4608     4.56181      1 chain_02/itr_00330_trial_01.rho
     2      331       0.4676     68302.6297    2098.9307      9.01735     9.01735   17480.4608     4.56181      1 chain_02/itr_00331_trial_01.rho
     2      332       0.4665     65171.3413   -3131.2883      8.80823     8.80823   17480.4608     4.56181      1 chain_02/itr_00332_trial_01.rho
     2      333       0.4655     60620.2178   -4551.1235      8.49511     8.49511   17480.4608     4.56181      1 chain_02/itr_00333_trial_01.rho
     2      334       0.4644     68216.4548    7596.2370      9.01166     9.01166   17480.4608     4.56181      1 chain_02/itr_00334_trial_01.rho
     2      335       0.4633     68066.7443    -149.7105      9.00177     9.00177   17480.4608     4.56181      1 chain_02/itr_00335_trial_01.rho
     2      336       0.4623     68066.7443       0.0000      9.00177     9.00177   17480.4608     4.56181      0 -
     2      337       0.4612     66073.4363   -1993.3080      8.86898     8.86898   17480.4608     4.56181      1 chain_02/itr_00337_trial_01.rho
     2      338       0.4601     64290.1853   -1783.2511      8.74848     8.74848   17480.4608     4.56181      1 chain_02/itr_00338_trial_01.rho
     2      339       0.4591     57880.1542   -6410.0311      8.30090     8.30090   17480.4608     4.56181      1 chain_02/itr_00339_trial_01.rho
     2      340        0.458     56717.8661   -1162.2881      8.21713     8.21713   17480.4608     4.56181      1 chain_02/itr_00340_trial_01.rho
     2      341        0.457     56717.8661       0.0000      8.21713     8.21713   17480.4608     4.56181      0 -
     2      342       0.4559     57844.4922    1126.6261      8.29834     8.29834   17480.4608     4.56181      1 chain_02/itr_00342_trial_01.rho
     2      343       0.4549     57844.4922       0.0000      8.29834     8.29834   17480.4608     4.56181      0 -
     2      344       0.4538     56971.0321    -873.4601      8.23545     8.23545   17480.4608     4.56181      1 chain_02/itr_00344_trial_01.rho
     2      345       0.4528     52887.6523   -4083.3798      7.93483     7.93483   17480.4608     4.56181      1 chain_02/itr_00345_trial_01.rho
     2      346       0.4517     56976.7875    4089.1352      8.23587     8.23587   17480.4608     4.56181      1 chain_02/itr_00346_trial_01.rho
     2      347       0.4507     57005.3835      28.5961      8.23793     8.23793   17480.4608     4.56181      1 chain_02/itr_00347_trial_01.rho
     2      348       0.4497     55217.9122   -1787.4713      8.10775     8.10775   17480.4608     4.56181      1 chain_02/itr_00348_trial_01.rho
     2      349       0.4486     53719.8621   -1498.0501      7.99701     7.99701   17480.4608     4.56181      1 chain_02/itr_00349_trial_01.rho
     2      350       0.4476     60997.1262    7277.2640      8.52148     8.52148   17480.4608     4.56181      1 chain_02/itr_00350_trial_01.rho
     2      351       0.4466     58479.7117   -2517.4145      8.34378     8.34378   17480.4608     4.56181      1 chain_02/itr_00351_trial_01.rho
     2      352       0.4455     54240.1762   -4239.5354      8.03565     8.03565   17480.4608     4.56181      1 chain_02/itr_00352_trial_01.rho
     2      353       0.4445     54505.0380     264.8617      8.05524     8.05524   17480.4608     4.56181      1 chain_02/itr_00353_trial_01.rho
     2      354       0.4435     58536.2162    4031.1782      8.34781     8.34781   17480.4608     4.56181      1 chain_02/itr_00354_trial_01.rho
     2      355       0.4425     55749.3461   -2786.8701      8.14667     8.14667   17480.4608     4.56181      1 chain_02/itr_00355_trial_01.rho
     2      356       0.4415     55195.5115    -553.8346      8.10611     8.10611   17480.4608     4.56181      1 chain_02/itr_00356_trial_01.rho
     2      357       0.4404     58074.9741    2879.4626      8.31486     8.31486   17480.4608     4.56181      1 chain_02/itr_00357_trial_01.rho
     2      358       0.4394     55246.8353   -2828.1388      8.10987     8.10987   17480.4608     4.56181      1 chain_02/itr_00358_trial_01.rho
     2      359       0.4384     56859.5042    1612.6688      8.22739     8.22739   17480.4608     4.56181      1 chain_02/itr_00359_trial_01.rho
     2      360       0.4374     52863.4735   -3996.0307      7.93301     7.93301   17480.4608     4.56181      1 chain_02/itr_00360_trial_01.rho
     2      361       0.4364     53087.0798     223.6063      7.94977     7.94977   17480.4608     4.56181      1 chain_02/itr_00361_trial_01.rho
     2      362       0.4354     50483.9097   -2603.1701      7.75241     7.75241   17480.4608     4.56181      1 chain_02/itr_00362_trial_01.rho
     2      363       0.4344     49138.1020   -1345.8077      7.64838     7.64838   17480.4608     4.56181      1 chain_02/itr_00363_trial_01.rho
     2      364       0.4334     52277.3422    3139.2402      7.88891     7.88891   17480.4608     4.56181      1 chain_02/itr_00364_trial_01.rho
     2      365       0.4324     54221.2664    1943.9242      8.03425     8.03425   17480.4608     4.56181      1 chain_02/itr_00365_trial_01.rho
     2      366       0.4314     55425.8978    1204.6313      8.12301     8.12301   17480.4608     4.56181      1 chain_02/itr_00366_trial_01.rho
     2      367       0.4304     55961.0738     535.1761      8.16213     8.16213   17480.4608     4.56181      1 chain_02/itr_00367_trial_01.rho
     2      368       0.4294     52558.9023   -3402.1715      7.91013     7.91013   17480.4608     4.56181      1 chain_02/itr_00368_trial_01.rho
     2      369       0.4284     52302.3951    -256.5072      7.89080     7.89080   17480.4608     4.56181      1 chain_02/itr_00369_trial_01.rho
     2      370       0.4274     52127.3881    -175.0069      7.87759     7.87759   17480.4608     4.56181      1 chain_02/itr_00370_trial_01.rho
     2      371       0.4265     50012.6760   -2114.7121      7.71615     7.71615   17480.4608     4.56181      1 chain_02/itr_00371_trial_01.rho
     2      372       0.4255     48967.4226   -1045.2534      7.63509     7.63509   17480.4608     4.56181      1 chain_02/itr_00372_trial_01.rho
     2      373       0.4245     48909.0373     -58.3853      7.63053     7.63053   17480.4608     4.56181      1 chain_02/itr_00373_trial_01.rho
     2      374       0.4235     46933.2197   -1975.8176      7.47482     7.47482   17480.4608     4.56181      1 chain_02/itr_00374_trial_01.rho
     2      375       0.4225     48174.2156    1240.9958      7.57300     7.57300   17480.4608     4.56181      1 chain_02/itr_00375_trial_01.rho
     2      376       0.4216     45933.0937   -2241.1219      7.39475     7.39475   17480.4608     4.56181      1 chain_02/itr_00376_trial_01.rho
     2      377       0.4206     45933.0937       0.0000      7.39475     7.39475   17480.4608     4.56181      0 -
     2      378       0.4196     43521.4413   -2411.6524      7.19800     7.19800   17480.4608     4.56181      1 chain_02/itr_00378_trial_01.rho
     2      379       0.4187     43428.9239     -92.5173      7.19035     7.19035   17480.4608     4.56181      1 chain_02/itr_00379_trial_01.rho
     2      380       0.4177     44281.1516     852.2276      7.26055     7.26055   17480.4608     4.56181      1 chain_02/itr_00380_trial_01.rho
     2      381       0.4167     44491.8275     210.6760      7.27781     7.27781   17480.4608     4.56181      1 chain_02/itr_00381_trial_01.rho
     2      382       0.4158     43532.8276    -958.9999      7.19894     7.19894   17480.4608     4.56181      1 chain_02/itr_00382_trial_01.rho
     2      383       0.4148     45165.0579    1632.2303      7.33266     7.33266   17480.4608     4.56181      1 chain_02/itr_00383_trial_01.rho
     2      384       0.4139     46101.5218     936.4638      7.40829     7.40829   17480.4608     4.56181      1 chain_02/itr_00384_trial_01.rho
     2      385       0.4129     47690.6145    1589.0927      7.53489     7.53489   17480.4608     4.56181      1 chain_02/itr_00385_trial_01.rho
     2      386        0.412     45890.7409   -1799.8736      7.39134     7.39134   17480.4608     4.56181      1 chain_02/itr_00386_trial_01.rho
     2      387        0.411     45947.7961      57.0551      7.39593     7.39593   17480.4608     4.56181      1 chain_02/itr_00387_trial_01.rho
     2      388       0.4101     49238.4724    3290.6764      7.65619     7.65619   17480.4608     4.56181      1 chain_02/itr_00388_trial_01.rho
     2      389       0.4091     51194.2048    1955.7324      7.80676     7.80676   17480.4608     4.56181      1 chain_02/itr_00389_trial_01.rho
     2      390       0.4082     51194.2048       0.0000      7.80676     7.80676   17480.4608     4.56181      0 -
     2      391       0.4073     50066.3566   -1127.8482      7.72029     7.72029   17480.4608     4.56181      1 chain_02/itr_00391_trial_01.rho
     2      392       0.4063     49322.8535    -743.5031      7.66275     7.66275   17480.4608     4.56181      1 chain_02/itr_00392_trial_01.rho
     2      393       0.4054     47027.4772   -2295.3763      7.48232     7.48232   17480.4608     4.56181      1 chain_02/itr_00393_trial_01.rho
     2      394       0.4045     51064.2734    4036.7963      7.79685     7.79685   17480.4608     4.56181      1 chain_02/itr_00394_trial_01.rho
     2      395       0.4035     50724.6159    -339.6575      7.77087     7.77087   17480.4608     4.56181      1 chain_02/itr_00395_trial_01.rho
     2      396       0.4026     51765.5223    1040.9064      7.85020     7.85020   17480.4608     4.56181      1 chain_02/itr_00396_trial_01.rho
     2      397       0.4017     55390.0256    3624.5034      8.12038     8.12038   17480.4608     4.56181      1 chain_02/itr_00397_trial_01.rho
     2      398       0.4007     55390.0256       0.0000      8.12038     8.12038   17480.4608     4.56181      0 -
     2      399       0.3998     52914.8602   -2475.1654      7.93687     7.93687   17480.4608     4.56181      1 chain_02/itr_00399_trial_01.rho
     2      400       0.3989     57387.3644    4472.5042      8.26549     8.26549   17480.4608     4.56181      1 chain_02/itr_00400_trial_01.rho
     2      401        0.398     57387.3644       0.0000      8.26549     8.26549   17480.4608     4.56181      0 -
     2      402       0.3971     65053.1151    7665.7507      8.80024     8.80024   17480.4608     4.56181      1 chain_02/itr_00402_trial_01.rho
     2      403       0.3962     60862.3972   -4190.7179      8.51206     8.51206   17480.4608     4.56181      1 chain_02/itr_00403_trial_01.rho
     2      404       0.3952     60862.3972       0.0000      8.51206     8.51206   17480.4608     4.56181      0 -
     2      405       0.3943     56044.4666   -4817.9306      8.16821     8.16821   17480.4608     4.56181      1 chain_02/itr_00405_trial_01.rho
     2      406       0.3934     58420.7972    2376.3307      8.33958     8.33958   17480.4608     4.56181      1 chain_02/itr_00406_trial_01.rho
     2      407       0.3925     61654.4263    3233.6291      8.56727     8.56727   17480.4608     4.56181      1 chain_02/itr_00407_trial_01.rho
     2      408       0.3916     57372.2775   -4282.1488      8.26440     8.26440   17480.4608     4.56181      1 chain_02/itr_00408_trial_01.rho
     2      409       0.3907     52199.7192   -5172.5583      7.88305     7.88305   17480.4608     4.56181      1 chain_02/itr_00409_trial_01.rho
     2      410       0.3898     52723.4736     523.7544      7.92250     7.92250   17480.4608     4.56181      1 chain_02/itr_00410_trial_01.rho
     2      411       0.3889     52318.3918    -405.0818      7.89201     7.89201   17480.4608     4.56181      1 chain_02/itr_00411_trial_01.rho
     2      412        0.388     52318.3918       0.0000      7.89201     7.89201   17480.4608     4.56181      0 -
     2      413       0.3871     59399.5325    7081.1406      8.40915     8.40915   17480.4608     4.56181      1 chain_02/itr_00413_trial_01.rho
     2      414       0.3862     69405.0448   10005.5123      9.08983     9.08983   17480.4608     4.56181      1 chain_02/itr_00414_trial_01.rho
     2      415       0.3854     75671.0866    6266.0418      9.49129     9.49129   17480.4608     4.56181      1 chain_02/itr_00415_trial_01.rho
     2      416       0.3845     76380.3079     709.2213      9.53567     9.53567   17480.4608     4.56181      1 chain_02/itr_00416_trial_01.rho
     2      417       0.3836     78079.3028    1698.9949      9.64114     9.64114   17480.4608     4.56181      1 chain_02/itr_00417_trial_01.rho
     2      418       0.3827     94061.5508   15982.2480     10.58197    10.58197   17480.4608     4.56181      1 chain_02/itr_00418_trial_01.rho
     2      419       0.3818     84012.4978  -10049.0530     10.00074    10.00074   17480.4608     4.56181      1 chain_02/itr_00419_trial_01.rho
     2      420       0.3809     94073.9299   10061.4321     10.58266    10.58266   17480.4608     4.56181      1 chain_02/itr_00420_trial_01.rho
     2      421       0.3801    107208.3886   13134.4587     11.29730    11.29730   17480.4608     4.56181      1 chain_02/itr_00421_trial_01.rho
     2      422       0.3792    100800.7044   -6407.6842     10.95449    10.95449   17480.4608     4.56181      1 chain_02/itr_00422_trial_01.rho
     2      423       0.3783    108486.1733    7685.4689     11.36443    11.36443   17480.4608     4.56181      1 chain_02/itr_00423_trial_01.rho
     2      424       0.3774    101245.2582   -7240.9151     10.97862    10.97862   17480.4608     4.56181      1 chain_02/itr_00424_trial_01.rho
     2      425       0.3766    105766.4576    4521.1994     11.22107    11.22107   17480.4608     4.56181      1 chain_02/itr_00425_trial_01.rho
     2      426       0.3757    104514.9915   -1251.4661     11.15449    11.15449   17480.4608     4.56181      1 chain_02/itr_00426_trial_01.rho
     2      427       0.3749    115753.0094   11238.0178     11.73888    11.73888   17480.4608     4.56181      1 chain_02/itr_00427_trial_01.rho
     2      428        0.374    106020.9463   -9732.0630     11.23456    11.23456   17480.4608     4.56181      1 chain_02/itr_00428_trial_01.rho
     2      429       0.3731    106020.9463       0.0000     11.23456    11.23456   17480.4608     4.56181      0 -
     2      430       0.3723    106020.9463       0.0000     11.23456    11.23456   17480.4608     4.56181      0 -
     2      431       0.3714    100797.6820   -5223.2643     10.95433    10.95433   17480.4608     4.56181      1 chain_02/itr_00431_trial_01.rho
     2      432       0.3706    103142.0171    2344.3351     11.08098    11.08098   17480.4608     4.56181      1 chain_02/itr_00432_trial_01.rho
     2      433       0.3697    101499.7040   -1642.3131     10.99241    10.99241   17480.4608     4.56181      1 chain_02/itr_00433_trial_01.rho
     2      434       0.3689     87406.5004  -14093.2036     10.20075    10.20075   17480.4608     4.56181      1 chain_02/itr_00434_trial_01.rho
     2      435        0.368     84985.8726   -2420.6277     10.05851    10.05851   17480.4608     4.56181      1 chain_02/itr_00435_trial_01.rho
     2      436       0.3672     75732.1018   -9253.7708      9.49512     9.49512   17480.4608     4.56181      1 chain_02/itr_00436_trial_01.rho
     2      437       0.3663     76088.4590     356.3573      9.51743     9.51743   17480.4608     4.56181      1 chain_02/itr_00437_trial_01.rho
     2      438       0.3655     76088.4590       0.0000      9.51743     9.51743   17480.4608     4.56181      0 -
     2      439       0.3646     79576.5785    3488.1195      9.73314     9.73314   17480.4608     4.56181      1 chain_02/itr_00439_trial_01.rho
     2      440       0.3638     72684.9654   -6891.6131      9.30214     9.30214   17480.4608     4.56181      1 chain_02/itr_00440_trial_01.rho
     2      441        0.363     70508.5811   -2176.3843      9.16181     9.16181   17480.4608     4.56181      1 chain_02/itr_00441_trial_01.rho
     2      442       0.3621     67905.1352   -2603.4459      8.99108     8.99108   17480.4608     4.56181      1 chain_02/itr_00442_trial_01.rho
     2      443       0.3613     74016.3886    6111.2534      9.38695     9.38695   17480.4608     4.56181      1 chain_02/itr_00443_trial_01.rho
     2      444       0.3605     72478.7823   -1537.6062      9.28893     9.28893   17480.4608     4.56181      1 chain_02/itr_00444_trial_01.rho
     2      445       0.3596     71826.9830    -651.7994      9.24707     9.24707   17480.4608     4.56181      1 chain_02/itr_00445_trial_01.rho
     2      446       0.3588     68603.0491   -3223.9339      9.03716     9.03716   17480.4608     4.56181      1 chain_02/itr_00446_trial_01.rho
     2      447        0.358     65546.1783   -3056.8708      8.83353     8.83353   17480.4608     4.56181      1 chain_02/itr_00447_trial_01.rho
     2      448       0.3572     71847.3510    6301.1727      9.24838     9.24838   17480.4608     4.56181      1 chain_02/itr_00448_trial_01.rho
     2      449       0.3563     70478.5487   -1368.8023      9.15986     9.15986   17480.4608     4.56181      1 chain_02/itr_00449_trial_01.rho
     2      450       0.3555     71264.0286     785.4798      9.21076     9.21076   17480.4608     4.56181      1 chain_02/itr_00450_trial_01.rho
     2      451       0.3547     69143.3361   -2120.6925      9.07268     9.07268   17480.4608     4.56181      1 chain_02/itr_00451_trial_01.rho
     2      452       0.3539     67329.5635   -1813.7726      8.95289     8.95289   17480.4608     4.56181      1 chain_02/itr_00452_trial_01.rho
     2      453       0.3531     65065.1617   -2264.4018      8.80105     8.80105   17480.4608     4.56181      1 chain_02/itr_00453_trial_01.rho
     2      454       0.3522     55724.7816   -9340.3801      8.14488     8.14488   17480.4608     4.56181      1 chain_02/itr_00454_trial_01.rho
     2      455       0.3514     49684.5559   -6040.2257      7.69079     7.69079   17480.4608     4.56181      1 chain_02/itr_00455_trial_01.rho
     2      456       0.3506     46223.9531   -3460.6028      7.41812     7.41812   17480.4608     4.56181      1 chain_02/itr_00456_trial_01.rho
     2      457       0.3498     44881.3443   -1342.6088      7.30959     7.30959   17480.4608     4.56181      1 chain_02/itr_00457_trial_01.rho
     2      458        0.349     48039.7178    3158.3735      7.56242     7.56242   17480.4608     4.56181      1 chain_02/itr_00458_trial_01.rho
     2      459       0.3482     44703.5287   -3336.1892      7.29510     7.29510   17480.4608     4.56181      1 chain_02/itr_00459_trial_01.rho
     2      460       0.3474     43692.9099   -1010.6188      7.21217     7.21217   17480.4608     4.56181      1 chain_02/itr_00460_trial_01.rho
     2      461       0.3466     39584.2235   -4108.6863      6.86470     6.86470   17480.4608     4.56181      1 chain_02/itr_00461_trial_01.rho
     2      462       0.3458     40537.9000     953.6765      6.94690     6.94690   17480.4608     4.56181      1 chain_02/itr_00462_trial_01.rho
     2      463        0.345     39851.3032    -686.5968      6.88782     6.88782   17480.4608     4.56181      1 chain_02/itr_00463_trial_01.rho
     2      464       0.3442     41333.2623    1481.9591      7.01472     7.01472   17480.4608     4.56181      1 chain_02/itr_00464_trial_01.rho
     2      465       0.3434     40831.7669    -501.4954      6.97203     6.97203   17480.4608     4.56181      1 chain_02/itr_00465_trial_01.rho
     2      466       0.3426     38623.8892   -2207.8778      6.78092     6.78092   17480.4608     4.56181      1 chain_02/itr_00466_trial_01.rho
     2      467       0.3419     36425.6722   -2198.2170      6.58513     6.58513   17480.4608     4.56181      1 chain_02/itr_00467_trial_01.rho
     2      468       0.3411     34806.8824   -1618.7898      6.43714     6.43714   17480.4608     4.56181      1 chain_02/itr_00468_trial_01.rho
     2      469       0.3403     35916.1669    1109.2845      6.53891     6.53891   17480.4608     4.56181      1 chain_02/itr_00469_trial_01.rho
     2      470       0.3395     35378.2751    -537.8918      6.48976     6.48976   17480.4608     4.56181      1 chain_02/itr_00470_trial_01.rho
     2      471       0.3387     34962.4987    -415.7764      6.45151     6.45151   17480.4608     4.56181      1 chain_02/itr_00471_trial_01.rho
     2      472       0.3379     33052.5659   -1909.9328      6.27282     6.27282   17480.4608     4.56181      1 chain_02/itr_00472_trial_01.rho
     2      473       0.3372     32251.5650    -801.0009      6.19635     6.19635   17480.4608     4.56181      1 chain_02/itr_00473_trial_01.rho
     2      474       0.3364     33034.1482     782.5833      6.27107     6.27107   17480.4608     4.56181      1 chain_02/itr_00474_trial_01.rho
     2      475       0.3356     33536.3612     502.2130      6.31856     6.31856   17480.4608     4.56181      1 chain_02/itr_00475_trial_01.rho
     2      476       0.3348     33601.6194      65.2582      6.32471     6.32471   17480.4608     4.56181      1 chain_02/itr_00476_trial_01.rho
     2      477       0.3341     33970.8605     369.2411      6.35936     6.35936   17480.4608     4.56181      1 chain_02/itr_00477_trial_01.rho
     2      478       0.3333     33271.8592    -699.0012      6.29360     6.29360   17480.4608     4.56181      1 chain_02/itr_00478_trial_01.rho
     2      479       0.3325     33793.7379     521.8787      6.34276     6.34276   17480.4608     4.56181      1 chain_02/itr_00479_trial_01.rho
     2      480       0.3318     33830.9994      37.2614      6.34626     6.34626   17480.4608     4.56181      1 chain_02/itr_00480_trial_01.rho
     2      481        0.331     33595.4881    -235.5113      6.32413     6.32413   17480.4608     4.56181      1 chain_02/itr_00481_trial_01.rho
     2      482       0.3302     35345.9569    1750.4688      6.48680     6.48680   17480.4608     4.56181      1 chain_02/itr_00482_trial_01.rho
     2      483       0.3295     36727.9120    1381.9552      6.61239     6.61239   17480.4608     4.56181      1 chain_02/itr_00483_trial_01.rho
     2      484       0.3287     35012.3703   -1715.5417      6.45611     6.45611   17480.4608     4.56181      1 chain_02/itr_00484_trial_01.rho
     2      485        0.328     35850.4314     838.0610      6.53292     6.53292   17480.4608     4.56181      1 chain_02/itr_00485_trial_01.rho
     2      486       0.3272     36656.9087     806.4774      6.60600     6.60600   17480.4608     4.56181      1 chain_02/itr_00486_trial_01.rho
     2      487       0.3265     36656.9087       0.0000      6.60600     6.60600   17480.4608     4.56181      0 -
     2      488       0.3257     38524.8311    1867.9224      6.77221     6.77221   17480.4608     4.56181      1 chain_02/itr_00488_trial_01.rho
     2      489        0.325     39930.7897    1405.9586      6.89468     6.89468   17480.4608     4.56181      1 chain_02/itr_00489_trial_01.rho
     2      490       0.3242     40824.0661     893.2765      6.97138     6.97138   17480.4608     4.56181      1 chain_02/itr_00490_trial_01.rho
     2      491       0.3235     39104.7102   -1719.3560      6.82299     6.82299   17480.4608     4.56181      1 chain_02/itr_00491_trial_01.rho
     2      492       0.3227     39623.8256     519.1155      6.86813     6.86813   17480.4608     4.56181      1 chain_02/itr_00492_trial_01.rho
     2      493        0.322     39644.3811      20.5555      6.86991     6.86991   17480.4608     4.56181      1 chain_02/itr_00493_trial_01.rho
     2      494       0.3212     40538.2135     893.8323      6.94693     6.94693   17480.4608     4.56181      1 chain_02/itr_00494_trial_01.rho
     2      495       0.3205     41238.6753     700.4619      7.00669     7.00669   17480.4608     4.56181      1 chain_02/itr_00495_trial_01.rho
     2      496       0.3198     45934.4785    4695.8032      7.39486     7.39486   17480.4608     4.56181      1 chain_02/itr_00496_trial_01.rho
     2      497        0.319     44010.9703   -1923.5083      7.23837     7.23837   17480.4608     4.56181      1 chain_02/itr_00497_trial_01.rho
     2      498       0.3183     43227.5495    -783.4207      7.17366     7.17366   17480.4608     4.56181      1 chain_02/itr_00498_trial_01.rho
     2      499       0.3176     44046.2963     818.7468      7.24128     7.24128   17480.4608     4.56181      1 chain_02/itr_00499_trial_01.rho
     2      500       0.3168     46044.0418    1997.7455      7.40367     7.40367   17480.4608     4.56181      1 chain_02/itr_00500_trial_01.rho
     2      501       0.3161     48127.0758    2083.0340      7.56929     7.56929   17480.4608     4.56181      1 chain_02/itr_00501_trial_01.rho
     2      502       0.3154     46016.7710   -2110.3048      7.40148     7.40148   17480.4608     4.56181      1 chain_02/itr_00502_trial_01.rho
     2      503       0.3147     43873.9332   -2142.8378      7.22709     7.22709   17480.4608     4.56181      1 chain_02/itr_00503_trial_01.rho
     2      504       0.3139     42846.9707   -1026.9625      7.14201     7.14201   17480.4608     4.56181      1 chain_02/itr_00504_trial_01.rho
     2      505       0.3132     43033.4914     186.5207      7.15754     7.15754   17480.4608     4.56181      1 chain_02/itr_00505_trial_01.rho
     2      506       0.3125     43033.4914       0.0000      7.15754     7.15754   17480.4608     4.56181      0 -
     2      507       0.3118     44110.5068    1077.0154      7.24655     7.24655   17480.4608     4.56181      1 chain_02/itr_00507_trial_01.rho
     2      508       0.3111     41360.3310   -2750.1758      7.01701     7.01701   17480.4608     4.56181      1 chain_02/itr_00508_trial_01.rho
     2      509       0.3103     41901.7577     541.4267      7.06279     7.06279   17480.4608     4.56181      1 chain_02/itr_00509_trial_01.rho
     2      510       0.3096     41716.7890    -184.9687      7.04719     7.04719   17480.4608     4.56181      1 chain_02/itr_00510_trial_01.rho
     2      511       0.3089     44396.9927    2680.2037      7.27005     7.27005   17480.4608     4.56181      1 chain_02/itr_00511_trial_01.rho
     2      512       0.3082     46919.9675    2522.9748      7.47376     7.47376   17480.4608     4.56181      1 chain_02/itr_00512_trial_01.rho
     2      513       0.3075     51091.7809    4171.8134      7.79895     7.79895   17480.4608     4.56181      1 chain_02/itr_00513_trial_01.rho
     2      514       0.3068     52788.6496    1696.8686      7.92740     7.92740   17480.4608     4.56181      1 chain_02/itr_00514_trial_01.rho
     2      515       0.3061     52073.6839    -714.9656      7.87353     7.87353   17480.4608     4.56181      1 chain_02/itr_00515_trial_01.rho
     2      516       0.3054     48350.1653   -3723.5187      7.58681     7.58681   17480.4608     4.56181      1 chain_02/itr_00516_trial_01.rho
     2      517       0.3047     49812.2814    1462.1161      7.70067     7.70067   17480.4608     4.56181      1 chain_02/itr_00517_trial_01.rho
     2      518        0.304     49459.4084    -352.8730      7.67335     7.67335   17480.4608     4.56181      1 chain_02/itr_00518_trial_01.rho
     2      519       0.3033     47740.4472   -1718.9612      7.53882     7.53882   17480.4608     4.56181      1 chain_02/itr_00519_trial_01.rho
     2      520       0.3026     47030.1498    -710.2974      7.48253     7.48253   17480.4608     4.56181      1 chain_02/itr_00520_trial_01.rho
     2      521       0.3019     48491.5076    1461.3578      7.59789     7.59789   17480.4608     4.56181      1 chain_02/itr_00521_trial_01.rho
     2      522       0.3012     43738.1647   -4753.3428      7.21590     7.21590   17480.4608     4.56181      1 chain_02/itr_00522_trial_01.rho
     2      523       0.3005     42517.0515   -1221.1132      7.11446     7.11446   17480.4608     4.56181      1 chain_02/itr_00523_trial_01.rho
     2      524       0.2998     42190.7599    -326.2916      7.08711     7.08711   17480.4608     4.56181      1 chain_02/itr_00524_trial_01.rho
     2      525       0.2991     41785.4051    -405.3548      7.05298     7.05298   17480.4608     4.56181      1 chain_02/itr_00525_trial_01.rho
     2      526       0.2984     42815.7425    1030.3374      7.13941     7.13941   17480.4608     4.56181      1 chain_02/itr_00526_trial_01.rho
     2      527       0.2977     41121.5327   -1694.2098      6.99673     6.99673   17480.4608     4.56181      1 chain_02/itr_00527_trial_01.rho
     2      528        0.297     40805.8178    -315.7149      6.96982     6.96982   17480.4608     4.56181      1 chain_02/itr_00528_trial_01.rho
     2      529       0.2964     41885.5493    1079.7315      7.06143     7.06143   17480.4608     4.56181      1 chain_02/itr_00529_trial_01.rho
     2      530       0.2957     40017.0265   -1868.5228      6.90212     6.90212   17480.4608     4.56181      1 chain_02/itr_00530_trial_01.rho
     2      531        0.295     41055.2842    1038.2577      6.99109     6.99109   17480.4608     4.56181      1 chain_02/itr_00531_trial_01.rho
     2      532       0.2943     41450.6082     395.3240      7.02467     7.02467   17480.4608     4.56181      1 chain_02/itr_00532_trial_01.rho
     2      533       0.2936     38246.4687   -3204.1396      6.74770     6.74770   17480.4608     4.56181      1 chain_02/itr_00533_trial_01.rho
     2      534        0.293     38320.8495      74.3809      6.75426     6.75426   17480.4608     4.56181      1 chain_02/itr_00534_trial_01.rho
     2      535       0.2923     39255.6097     934.7602      6.83614     6.83614   17480.4608     4.56181      1 chain_02/itr_00535_trial_01.rho
     2      536       0.2916     41739.5874    2483.9777      7.04911     7.04911   17480.4608     4.56181      1 chain_02/itr_00536_trial_01.rho
     2      537        0.291     41709.4270     -30.1604      7.04657     7.04657   17480.4608     4.56181      1 chain_02/itr_00537_trial_01.rho
     2      538       0.2903     41867.9439     158.5169      7.05994     7.05994   17480.4608     4.56181      1 chain_02/itr_00538_trial_01.rho
     2      539       0.2896     43078.3213    1210.3774      7.16126     7.16126   17480.4608     4.56181      1 chain_02/itr_00539_trial_01.rho
     2      540       0.2889     41594.1222   -1484.1990      7.03682     7.03682   17480.4608     4.56181      1 chain_02/itr_00540_trial_01.rho
     2      541       0.2883     38959.6891   -2634.4331      6.81033     6.81033   17480.4608     4.56181      1 chain_02/itr_00541_trial_01.rho
     2      542       0.2876     37436.6032   -1523.0859      6.67588     6.67588   17480.4608     4.56181      1 chain_02/itr_00542_trial_01.rho
     2      543        0.287     39034.9532    1598.3500      6.81690     6.81690   17480.4608     4.56181      1 chain_02/itr_00543_trial_01.rho
     2      544       0.2863     36690.3103   -2344.6429      6.60900     6.60900   17480.4608     4.56181      1 chain_02/itr_00544_trial_01.rho
     2      545       0.2856     36482.3386    -207.9716      6.59025     6.59025   17480.4608     4.56181      1 chain_02/itr_00545_trial_01.rho
     2      546        0.285     34859.6520   -1622.6867      6.44202     6.44202   17480.4608     4.56181      1 chain_02/itr_00546_trial_01.rho
     2      547       0.2843     33773.7911   -1085.8609      6.34089     6.34089   17480.4608     4.56181      1 chain_02/itr_00547_trial_01.rho
     2      548       0.2837     33533.6217    -240.1694      6.31831     6.31831   17480.4608     4.56181      1 chain_02/itr_00548_trial_01.rho
     2      549        0.283     33382.6195    -151.0022      6.30406     6.30406   17480.4608     4.56181      1 chain_02/itr_00549_trial_01.rho
     2      550       0.2824     33937.6415     555.0220      6.35625     6.35625   17480.4608     4.56181      1 chain_02/itr_00550_trial_01.rho
     2      551       0.2817     33967.6454      30.0039      6.35906     6.35906   17480.4608     4.56181      1 chain_02/itr_00551_trial_01.rho
     2      552       0.2811     33835.2051    -132.4403      6.34665     6.34665   17480.4608     4.56181      1 chain_02/itr_00552_trial_01.rho
     2      553       0.2804     33835.2051       0.0000      6.34665     6.34665   17480.4608     4.56181      0 -
     2      554       0.2798     33852.7155      17.5104      6.34830     6.34830   17480.4608     4.56181      1 chain_02/itr_00554_trial_01.rho
     2      555       0.2791     33239.0354    -613.6801      6.29049     6.29049   17480.4608     4.56181      1 chain_02/itr_00555_trial_01.rho
     2      556       0.2785     32230.4913   -1008.5442      6.19432     6.19432   17480.4608     4.56181      1 chain_02/itr_00556_trial_01.rho
     2      557       0.2779     32230.4913       0.0000      6.19432     6.19432   17480.4608     4.56181      0 -
     2      558       0.2772     32361.1221     130.6308      6.20686     6.20686   17480.4608     4.56181      1 chain_02/itr_00558_trial_01.rho
     2      559       0.2766     32878.5448     517.4227      6.25629     6.25629   17480.4608     4.56181      1 chain_02/itr_00559_trial_01.rho
     2      560       0.2759     34374.6509    1496.1060      6.39705     6.39705   17480.4608     4.56181      1 chain_02/itr_00560_trial_01.rho
     2      561       0.2753     33614.0889    -760.5620      6.32588     6.32588   17480.4608     4.56181      1 chain_02/itr_00561_trial_01.rho
     2      562       0.2747     33233.5452    -380.5436      6.28997     6.28997   17480.4608     4.56181      1 chain_02/itr_00562_trial_01.rho
     2      563        0.274     33060.4589    -173.0863      6.27357     6.27357   17480.4608     4.56181      1 chain_02/itr_00563_trial_01.rho
     2      564       0.2734     31745.2107   -1315.2482      6.14751     6.14751   17480.4608     4.56181      1 chain_02/itr_00564_trial_01.rho
     2      565       0.2728     31924.1825     178.9718      6.16482     6.16482   17480.4608     4.56181      1 chain_02/itr_00565_trial_01.rho
     2      566       0.2722     32862.3441     938.1616      6.25475     6.25475   17480.4608     4.56181      1 chain_02/itr_00566_trial_01.rho
     2      567       0.2715     34269.3086    1406.9645      6.38724     6.38724   17480.4608     4.56181      1 chain_02/itr_00567_trial_01.rho
     2      568       0.2709     36296.9053    2027.5967      6.57348     6.57348   17480.4608     4.56181      1 chain_02/itr_00568_trial_01.rho
     2      569       0.2703     37466.4850    1169.5797      6.67854     6.67854   17480.4608     4.56181      1 chain_02/itr_00569_trial_01.rho
     2      570       0.2697     36869.1449    -597.3401      6.62509     6.62509   17480.4608     4.56181      1 chain_02/itr_00570_trial_01.rho
     2      571        0.269     37254.7945     385.6496      6.65965     6.65965   17480.4608     4.56181      1 chain_02/itr_00571_trial_01.rho
     2      572       0.2684     37191.9180     -62.8765      6.65403     6.65403   17480.4608     4.56181      1 chain_02/itr_00572_trial_01.rho
     2      573       0.2678     36869.2440    -322.6740      6.62510     6.62510   17480.4608     4.56181      1 chain_02/itr_00573_trial_01.rho
     2      574       0.2672     36908.3787      39.1347      6.62862     6.62862   17480.4608     4.56181      1 chain_02/itr_00574_trial_01.rho
     2      575       0.2666     36812.9615     -95.4172      6.62004     6.62004   17480.4608     4.56181      1 chain_02/itr_00575_trial_01.rho
     2      576        0.266     35621.5776   -1191.3839      6.51204     6.51204   17480.4608     4.56181      1 chain_02/itr_00576_trial_01.rho
     2      577       0.2653     35662.1980      40.6204      6.51575     6.51575   17480.4608     4.56181      1 chain_02/itr_00577_trial_01.rho
     2      578       0.2647     36223.8143     561.6163      6.56686     6.56686   17480.4608     4.56181      1 chain_02/itr_00578_trial_01.rho
     2      579       0.2641     36982.5793     758.7649      6.63528     6.63528   17480.4608     4.56181      1 chain_02/itr_00579_trial_01.rho
     2      580       0.2635     36880.6306    -101.9487      6.62612     6.62612   17480.4608     4.56181      1 chain_02/itr_00580_trial_01.rho
     2      581       0.2629     37681.2114     800.5808      6.69766     6.69766   17480.4608     4.56181      1 chain_02/itr_00581_trial_01.rho
     2      582       0.2623     38211.0495     529.8381      6.74458     6.74458   17480.4608     4.56181      1 chain_02/itr_00582_trial_01.rho
     2      583       0.2617     39154.8313     943.7817      6.82736     6.82736   17480.4608     4.56181      1 chain_02/itr_00583_trial_01.rho
     2      584       0.2611     38820.2686    -334.5627      6.79813     6.79813   17480.4608     4.56181      1 chain_02/itr_00584_trial_01.rho
     2      585       0.2605     41705.7095    2885.4409      7.04625     7.04625   17480.4608     4.56181      1 chain_02/itr_00585_trial_01.rho
     2      586       0.2599     40793.7339    -911.9756      6.96879     6.96879   17480.4608     4.56181      1 chain_02/itr_00586_trial_01.rho
     2      587       0.2593     40169.1887    -624.5452      6.91523     6.91523   17480.4608     4.56181      1 chain_02/itr_00587_trial_01.rho
     2      588       0.2587     39078.5133   -1090.6754      6.82071     6.82071   17480.4608     4.56181      1 chain_02/itr_00588_trial_01.rho
     2      589       0.2581     39078.5133       0.0000      6.82071     6.82071   17480.4608     4.56181      0 -
     2      590       0.2575     39953.1379     874.6246      6.89661     6.89661   17480.4608     4.56181      1 chain_02/itr_00590_trial_01.rho
     2      591       0.2569     40564.8176     611.6797      6.94920     6.94920   17480.4608     4.56181      1 chain_02/itr_00591_trial_01.rho
     2      592       0.2563     45225.3330    4660.5154      7.33755     7.33755   17480.4608     4.56181      1 chain_02/itr_00592_trial_01.rho
     2      593       0.2557     43464.0591   -1761.2739      7.19326     7.19326   17480.4608     4.56181      1 chain_02/itr_00593_trial_01.rho
     2      594       0.2552     43464.0591       0.0000      7.19326     7.19326   17480.4608     4.56181      0 -
     2      595       0.2546     43464.0591       0.0000      7.19326     7.19326   17480.4608     4.56181      0 -
     2      596        0.254     42361.3375   -1102.7217      7.10142     7.10142   17480.4608     4.56181      1 chain_02/itr_00596_trial_01.rho
     2      597       0.2534     41941.1804    -420.1571      7.06611     7.06611   17480.4608     4.56181      1 chain_02/itr_00597_trial_01.rho
     2      598       0.2528     43441.7950    1500.6146      7.19141     7.19141   17480.4608     4.56181      1 chain_02/itr_00598_trial_01.rho
     2      599       0.2522     46581.5865    3139.7915      7.44676     7.44676   17480.4608     4.56181      1 chain_02/itr_00599_trial_01.rho
     2      600       0.2517     46671.2213      89.6348      7.45392     7.45392   17480.4608     4.56181      1 chain_02/itr_00600_trial_01.rho
     2      601       0.2511     46146.2390    -524.9823      7.41188     7.41188   17480.4608     4.56181      1 chain_02/itr_00601_trial_01.rho
     2      602       0.2505     45608.2788    -537.9602      7.36855     7.36855   17480.4608     4.56181      1 chain_02/itr_00602_trial_01.rho
     2      603       0.2499     46139.4735     531.1946      7.41134     7.41134   17480.4608     4.56181      1 chain_02/itr_00603_trial_01.rho
     2      604       0.2493     47980.7742    1841.3007      7.55778     7.55778   17480.4608     4.56181      1 chain_02/itr_00604_trial_01.rho
     2      605       0.2488     50854.9847    2874.2105      7.78085     7.78085   17480.4608     4.56181      1 chain_02/itr_00605_trial_01.rho
     2      606       0.2482     50854.9847       0.0000      7.78085     7.78085   17480.4608     4.56181      0 -
     2      607       0.2476     48645.3180   -2209.6667      7.60993     7.60993   17480.4608     4.56181      1 chain_02/itr_00607_trial_01.rho
     2      608       0.2471     48655.2346       9.9166      7.61071     7.61071   17480.4608     4.56181      1 chain_02/itr_00608_trial_01.rho
     2      609       0.2465     51499.6714    2844.4368      7.83001     7.83001   17480.4608     4.56181      1 chain_02/itr_00609_trial_01.rho
     2      610       0.2459     49320.0744   -2179.5971      7.66253     7.66253   17480.4608     4.56181      1 chain_02/itr_00610_trial_01.rho
     2      611       0.2454     48547.0827    -772.9917      7.60225     7.60225   17480.4608     4.56181      1 chain_02/itr_00611_trial_01.rho
     2      612       0.2448     47286.9027   -1260.1800      7.50293     7.50293   17480.4608     4.56181      1 chain_02/itr_00612_trial_01.rho
     2      613       0.2442     49311.9281    2025.0255      7.66190     7.66190   17480.4608     4.56181      1 chain_02/itr_00613_trial_01.rho
     2      614       0.2437     49853.5101     541.5819      7.70386     7.70386   17480.4608     4.56181      1 chain_02/itr_00614_trial_01.rho
     2      615       0.2431     49938.4761      84.9660      7.71042     7.71042   17480.4608     4.56181      1 chain_02/itr_00615_trial_01.rho
     2      616       0.2425     50158.8931     220.4170      7.72742     7.72742   17480.4608     4.56181      1 chain_02/itr_00616_trial_01.rho
     2      617        0.242     52240.5036    2081.6105      7.88613     7.88613   17480.4608     4.56181      1 chain_02/itr_00617_trial_01.rho
     2      618       0.2414     50179.2844   -2061.2192      7.72899     7.72899   17480.4608     4.56181      1 chain_02/itr_00618_trial_01.rho
     2      619       0.2409     48853.9672   -1325.3172      7.62624     7.62624   17480.4608     4.56181      1 chain_02/itr_00619_trial_01.rho
     2      620       0.2403     47364.4382   -1489.5290      7.50908     7.50908   17480.4608     4.56181      1 chain_02/itr_00620_trial_01.rho
     2      621       0.2398     47553.9406     189.5024      7.52408     7.52408   17480.4608     4.56181      1 chain_02/itr_00621_trial_01.rho
     2      622       0.2392     43939.1326   -3614.8080      7.23246     7.23246   17480.4608     4.56181      1 chain_02/itr_00622_trial_01.rho
     2      623       0.2387     42074.8127   -1864.3198      7.07736     7.07736   17480.4608     4.56181      1 chain_02/itr_00623_trial_01.rho
     2      624       0.2381     41280.5587    -794.2540      7.01024     7.01024   17480.4608     4.56181      1 chain_02/itr_00624_trial_01.rho
     2      625       0.2376     43014.1606    1733.6019      7.15593     7.15593   17480.4608     4.56181      1 chain_02/itr_00625_trial_01.rho
     2      626        0.237     43365.8661     351.7055      7.18513     7.18513   17480.4608     4.56181      1 chain_02/itr_00626_trial_01.rho
     2      627       0.2365     43322.2127     -43.6534      7.18151     7.18151   17480.4608     4.56181      1 chain_02/itr_00627_trial_01.rho
     2      628       0.2359     43014.9110    -307.3018      7.15599     7.15599   17480.4608     4.56181      1 chain_02/itr_00628_trial_01.rho
     2      629       0.2354     42216.0394    -798.8716      7.08923     7.08923   17480.4608     4.56181      1 chain_02/itr_00629_trial_01.rho
     2      630       0.2348     41605.7418    -610.2975      7.03780     7.03780   17480.4608     4.56181      1 chain_02/itr_00630_trial_01.rho
     2      631       0.2343     39999.6897   -1606.0521      6.90063     6.90063   17480.4608     4.56181      1 chain_02/itr_00631_trial_01.rho
     2      632       0.2338     40291.0005     291.3108      6.92571     6.92571   17480.4608     4.56181      1 chain_02/itr_00632_trial_01.rho
     2      633       0.2332     38220.6628   -2070.3378      6.74543     6.74543   17480.4608     4.56181      1 chain_02/itr_00633_trial_01.rho
     2      634       0.2327     38874.2734     653.6106      6.80286     6.80286   17480.4608     4.56181      1 chain_02/itr_00634_trial_01.rho
     2      635       0.2322     38482.9413    -391.3321      6.76853     6.76853   17480.4608     4.56181      1 chain_02/itr_00635_trial_01.rho
     2      636       0.2316     40966.9490    2484.0077      6.98356     6.98356   17480.4608     4.56181      1 chain_02/itr_00636_trial_01.rho
     2      637       0.2311     41377.7099     410.7609      7.01849     7.01849   17480.4608     4.56181      1 chain_02/itr_00637_trial_01.rho
     2      638       0.2306     43286.3926    1908.6827      7.17854     7.17854   17480.4608     4.56181      1 chain_02/itr_00638_trial_01.rho
     2      639         0.23     48214.9386    4928.5460      7.57620     7.57620   17480.4608     4.56181      1 chain_02/itr_00639_trial_01.rho
     2      640       0.2295     45696.1730   -2518.7656      7.37565     7.37565   17480.4608     4.56181      1 chain_02/itr_00640_trial_01.rho
     2      641        0.229     45696.1730       0.0000      7.37565     7.37565   17480.4608     4.56181      0 -
     2      642       0.2284     42942.9325   -2753.2405      7.15000     7.15000   17480.4608     4.56181      1 chain_02/itr_00642_trial_01.rho
     2      643       0.2279     42942.9325       0.0000      7.15000     7.15000   17480.4608     4.56181      0 -
     2      644       0.2274     40211.1877   -2731.7448      6.91885     6.91885   17480.4608     4.56181      1 chain_02/itr_00644_trial_01.rho
     2      645       0.2269     38786.8223   -1424.3654      6.79520     6.79520   17480.4608     4.56181      1 chain_02/itr_00645_trial_01.rho
     2      646       0.2264     38786.8223       0.0000      6.79520     6.79520   17480.4608     4.56181      0 -
     2      647       0.2258     39816.6041    1029.7817      6.88482     6.88482   17480.4608     4.56181      1 chain_02/itr_00647_trial_01.rho
     2      648       0.2253     39002.9442    -813.6598      6.81411     6.81411   17480.4608     4.56181      1 chain_02/itr_00648_trial_01.rho
     2      649       0.2248     39153.3196     150.3754      6.82723     6.82723   17480.4608     4.56181      1 chain_02/itr_00649_trial_01.rho
     2      650       0.2243     39028.9167    -124.4029      6.81638     6.81638   17480.4608     4.56181      1 chain_02/itr_00650_trial_01.rho
     2      651       0.2238     39910.2880     881.3714      6.89291     6.89291   17480.4608     4.56181      1 chain_02/itr_00651_trial_01.rho
     2      652       0.2232     38660.7042   -1249.5838      6.78415     6.78415   17480.4608     4.56181      1 chain_02/itr_00652_trial_01.rho
     2      653       0.2227     40776.1130    2115.4088      6.96728     6.96728   17480.4608     4.56181      1 chain_02/itr_00653_trial_01.rho
     2      654       0.2222     43153.1236    2377.0106      7.16748     7.16748   17480.4608     4.56181      1 chain_02/itr_00654_trial_01.rho
     2      655       0.2217     43352.5121     199.3884      7.18402     7.18402   17480.4608     4.56181      1 chain_02/itr_00655_trial_01.rho
     2      656       0.2212     47440.4269    4087.9148      7.51510     7.51510   17480.4608     4.56181      1 chain_02/itr_00656_trial_01.rho
     2      657       0.2207     43286.2840   -4154.1428      7.17853     7.17853   17480.4608     4.56181      1 chain_02/itr_00657_trial_01.rho
     2      658       0.2202     45174.7770    1888.4930      7.33345     7.33345   17480.4608     4.56181      1 chain_02/itr_00658_trial_01.rho
     2      659       0.2197     48042.8734    2868.0964      7.56266     7.56266   17480.4608     4.56181      1 chain_02/itr_00659_trial_01.rho
     2      660       0.2192     47400.4722    -642.4012      7.51193     7.51193   17480.4608     4.56181      1 chain_02/itr_00660_trial_01.rho
     2      661       0.2187     47400.4722       0.0000      7.51193     7.51193   17480.4608     4.56181      0 -
     2      662       0.2182     52631.4678    5230.9956      7.91559     7.91559   17480.4608     4.56181      1 chain_02/itr_00662_trial_01.rho
     2      663       0.2177     49150.1040   -3481.3638      7.64932     7.64932   17480.4608     4.56181      1 chain_02/itr_00663_trial_01.rho
     2      664       0.2172     49418.9693     268.8654      7.67021     7.67021   17480.4608     4.56181      1 chain_02/itr_00664_trial_01.rho
     2      665       0.2167     51679.6061    2260.6367      7.84368     7.84368   17480.4608     4.56181      1 chain_02/itr_00665_trial_01.rho
     2      666       0.2162     54172.2096    2492.6036      8.03061     8.03061   17480.4608     4.56181      1 chain_02/itr_00666_trial_01.rho
     2      667       0.2157     47379.4893   -6792.7204      7.51027     7.51027   17480.4608     4.56181      1 chain_02/itr_00667_trial_01.rho
     2      668       0.2152     51463.9867    4084.4974      7.82730     7.82730   17480.4608     4.56181      1 chain_02/itr_00668_trial_01.rho
     2      669       0.2147     51463.9867       0.0000      7.82730     7.82730   17480.4608     4.56181      0 -
     2      670       0.2142     50668.7604    -795.2263      7.76659     7.76659   17480.4608     4.56181      1 chain_02/itr_00670_trial_01.rho
     2      671       0.2137     54967.9177    4299.1573      8.08938     8.08938   17480.4608     4.56181      1 chain_02/itr_00671_trial_01.rho
     2      672       0.2132     55897.4268     929.5091      8.15748     8.15748   17480.4608     4.56181      1 chain_02/itr_00672_trial_01.rho
     2      673       0.2127     55955.0058      57.5790      8.16169     8.16169   17480.4608     4.56181      1 chain_02/itr_00673_trial_01.rho
     2      674       0.2122     50181.0204   -5773.9854      7.72912     7.72912   17480.4608     4.56181      1 chain_02/itr_00674_trial_01.rho
     2      675       0.2117     53293.2669    3112.2465      7.96520     7.96520   17480.4608     4.56181      1 chain_02/itr_00675_trial_01.rho
     2      676       0.2112     48355.9102   -4937.3567      7.58726     7.58726   17480.4608     4.56181      1 chain_02/itr_00676_trial_01.rho
     2      677       0.2108     47777.3233    -578.5870      7.54173     7.54173   17480.4608     4.56181      1 chain_02/itr_00677_trial_01.rho
     2      678       0.2103     46155.3316   -1621.9916      7.41261     7.41261   17480.4608     4.56181      1 chain_02/itr_00678_trial_01.rho
     2      679       0.2098     46155.3316       0.0000      7.41261     7.41261   17480.4608     4.56181      0 -
     2      680       0.2093     44943.9777   -1211.3539      7.31469     7.31469   17480.4608     4.56181      1 chain_02/itr_00680_trial_01.rho
     2      681       0.2088     49026.7606    4082.7829      7.63971     7.63971   17480.4608     4.56181      1 chain_02/itr_00681_trial_01.rho
     2      682       0.2083     46118.4568   -2908.3038      7.40965     7.40965   17480.4608     4.56181      1 chain_02/itr_00682_trial_01.rho
     2      683       0.2079     49994.0064    3875.5496      7.71471     7.71471   17480.4608     4.56181      1 chain_02/itr_00683_trial_01.rho
     2      684       0.2074     44766.8603   -5227.1460      7.30027     7.30027   17480.4608     4.56181      1 chain_02/itr_00684_trial_01.rho
     2      685       0.2069     47483.7707    2716.9104      7.51853     7.51853   17480.4608     4.56181      1 chain_02/itr_00685_trial_01.rho
     2      686       0.2064     46991.4281    -492.3427      7.47945     7.47945   17480.4608     4.56181      1 chain_02/itr_00686_trial_01.rho
     2      687        0.206     47628.4174     636.9894      7.52997     7.52997   17480.4608     4.56181      1 chain_02/itr_00687_trial_01.rho
     2      688       0.2055     58792.7307   11164.3132      8.36608     8.36608   17480.4608     4.56181      1 chain_02/itr_00688_trial_01.rho
     2      689        0.205     62565.7984    3773.0678      8.63036     8.63036   17480.4608     4.56181      1 chain_02/itr_00689_trial_01.rho
     2      690       0.2045     62565.7984       0.0000      8.63036     8.63036   17480.4608     4.56181      0 -
     2      691       0.2041     61053.4161   -1512.3823      8.52541     8.52541   17480.4608     4.56181      1 chain_02/itr_00691_trial_01.rho
     2      692       0.2036     64545.3446    3491.9285      8.76583     8.76583   17480.4608     4.56181      1 chain_02/itr_00692_trial_01.rho
     2      693       0.2031     59810.0173   -4735.3273      8.43815     8.43815   17480.4608     4.56181      1 chain_02/itr_00693_trial_01.rho
     2      694       0.2027     71258.3781   11448.3608      9.21040     9.21040   17480.4608     4.56181      1 chain_02/itr_00694_trial_01.rho
     2      695       0.2022     78718.2630    7459.8849      9.68051     9.68051   17480.4608     4.56181      1 chain_02/itr_00695_trial_01.rho
     2      696       0.2017     77220.0320   -1498.2310      9.58794     9.58794   17480.4608     4.56181      1 chain_02/itr_00696_trial_01.rho
     2      697       0.2013     80170.5668    2950.5348      9.76940     9.76940   17480.4608     4.56181      1 chain_02/itr_00697_trial_01.rho
     2      698       0.2008     69021.0684  -11149.4984      9.06465     9.06465   17480.4608     4.56181      1 chain_02/itr_00698_trial_01.rho
     2      699       0.2003     62772.1817   -6248.8867      8.64458     8.64458   17480.4608     4.56181      1 chain_02/itr_00699_trial_01.rho
     2      700       0.1999     65245.2038    2473.0221      8.81322     8.81322   17480.4608     4.56181      1 chain_02/itr_00700_trial_01.rho
     2      701       0.1994     65245.2038       0.0000      8.81322     8.81322   17480.4608     4.56181      0 -
     2      702        0.199     67025.4948    1780.2910      8.93265     8.93265   17480.4608     4.56181      1 chain_02/itr_00702_trial_01.rho
     2      703       0.1985     69520.5403    2495.0455      9.09739     9.09739   17480.4608     4.56181      1 chain_02/itr_00703_trial_01.rho
     2      704        0.198     69527.9048       7.3646      9.09787     9.09787   17480.4608     4.56181      1 chain_02/itr_00704_trial_01.rho
     2      705       0.1976     69527.9048       0.0000      9.09787     9.09787   17480.4608     4.56181      0 -
     2      706       0.1971     63111.1499   -6416.7549      8.66789     8.66789   17480.4608     4.56181      1 chain_02/itr_00706_trial_01.rho
     2      707       0.1967     66522.0799    3410.9300      8.89904     8.89904   17480.4608     4.56181      1 chain_02/itr_00707_trial_01.rho
     2      708       0.1962     68471.3784    1949.2985      9.02849     9.02849   17480.4608     4.56181      1 chain_02/itr_00708_trial_01.rho
     2      709       0.1958     71040.9146    2569.5362      9.19633     9.19633   17480.4608     4.56181      1 chain_02/itr_00709_trial_01.rho
     2      710       0.1953     68255.7497   -2785.1648      9.01426     9.01426   17480.4608     4.56181      1 chain_02/itr_00710_trial_01.rho
     2      711       0.1949     71174.3578    2918.6081      9.20496     9.20496   17480.4608     4.56181      1 chain_02/itr_00711_trial_01.rho
     2      712       0.1944     71174.3578       0.0000      9.20496     9.20496   17480.4608     4.56181      0 -
     2      713        0.194     59955.7561  -11218.6018      8.44843     8.44843   17480.4608     4.56181      1 chain_02/itr_00713_trial_01.rho
     2      714       0.1935     57364.1677   -2591.5884      8.26382     8.26382   17480.4608     4.56181      1 chain_02/itr_00714_trial_01.rho
     2      715       0.1931     57364.1677       0.0000      8.26382     8.26382   17480.4608     4.56181      0 -
     2      716       0.1926     53783.4606   -3580.7071      8.00175     8.00175   17480.4608     4.56181      1 chain_02/itr_00716_trial_01.rho
     2      717       0.1922     57463.5373    3680.0767      8.27097     8.27097   17480.4608     4.56181      1 chain_02/itr_00717_trial_01.rho
     2      718       0.1918     57463.5373       0.0000      8.27097     8.27097   17480.4608     4.56181      0 -
     2      719       0.1913     64596.7637    7133.2265      8.76932     8.76932   17480.4608     4.56181      1 chain_02/itr_00719_trial_01.rho
     2      720       0.1909     64596.7637       0.0000      8.76932     8.76932   17480.4608     4.56181      0 -
     2      721       0.1904     70632.6654    6035.9016      9.16987     9.16987   17480.4608     4.56181      1 chain_02/itr_00721_trial_01.rho
     2      722         0.19     70632.6654       0.0000      9.16987     9.16987   17480.4608     4.56181      0 -
     2      723       0.1896     68711.3579   -1921.3075      9.04429     9.04429   17480.4608     4.56181      1 chain_02/itr_00723_trial_01.rho
     2      724       0.1891     65333.6072   -3377.7507      8.81919     8.81919   17480.4608     4.56181      1 chain_02/itr_00724_trial_01.rho
     2      725       0.1887     64545.6538    -787.9535      8.76585     8.76585   17480.4608     4.56181      1 chain_02/itr_00725_trial_01.rho
     2      726       0.1883     64759.7615     214.1077      8.78037     8.78037   17480.4608     4.56181      1 chain_02/itr_00726_trial_01.rho
     2      727       0.1878     66440.6554    1680.8939      8.89359     8.89359   17480.4608     4.56181      1 chain_02/itr_00727_trial_01.rho
     2      728       0.1874     71128.9219    4688.2665      9.20203     9.20203   17480.4608     4.56181      1 chain_02/itr_00728_trial_01.rho
     2      729        0.187     69675.9252   -1452.9968      9.10755     9.10755   17480.4608     4.56181      1 chain_02/itr_00729_trial_01.rho
     2      730       0.1865     71121.2693    1445.3441      9.20153     9.20153   17480.4608     4.56181      1 chain_02/itr_00730_trial_01.rho
     2      731       0.1861     71121.2693       0.0000      9.20153     9.20153   17480.4608     4.56181      0 -
     2      732       0.1857     83546.6462   12425.3769      9.97298     9.97298   17480.4608     4.56181      1 chain_02/itr_00732_trial_01.rho
     2      733       0.1852     82246.7882   -1299.8579      9.89509     9.89509   17480.4608     4.56181      1 chain_02/itr_00733_trial_01.rho
     2      734       0.1848     81288.1329    -958.6554      9.83726     9.83726   17480.4608     4.56181      1 chain_02/itr_00734_trial_01.rho
     2      735       0.1844     79509.3416   -1778.7913      9.72903     9.72903   17480.4608     4.56181      1 chain_02/itr_00735_trial_01.rho
     2      736        0.184     79509.3416       0.0000      9.72903     9.72903   17480.4608     4.56181      0 -
     2      737       0.1836     79324.9444    -184.3971      9.71774     9.71774   17480.4608     4.56181      1 chain_02/itr_00737_trial_01.rho
     2      738       0.1831     67645.8096  -11679.1349      8.97389     8.97389   17480.4608     4.56181      1 chain_02/itr_00738_trial_01.rho
     2      739       0.1827     73613.3632    5967.5537      9.36135     9.36135   17480.4608     4.56181      1 chain_02/itr_00739_trial_01.rho
     2      740       0.1823     77378.2632    3764.9000      9.59776     9.59776   17480.4608     4.56181      1 chain_02/itr_00740_trial_01.rho
     2      741       0.1819     77378.2632       0.0000      9.59776     9.59776   17480.4608     4.56181      0 -
     2      742       0.1814     76416.8996    -961.3636      9.53795     9.53795   17480.4608     4.56181      1 chain_02/itr_00742_trial_01.rho
     2      743        0.181     65872.7240  -10544.1755      8.85550     8.85550   17480.4608     4.56181      1 chain_02/itr_00743_trial_01.rho
     2      744       0.1806     62748.7745   -3123.9495      8.64297     8.64297   17480.4608     4.56181      1 chain_02/itr_00744_trial_01.rho
     2      745       0.1802     58598.5968   -4150.1777      8.35226     8.35226   17480.4608     4.56181      1 chain_02/itr_00745_trial_01.rho
     2      746       0.1798     58598.5968       0.0000      8.35226     8.35226   17480.4608     4.56181      0 -
     2      747       0.1794     58883.8296     285.2328      8.37256     8.37256   17480.4608     4.56181      1 chain_02/itr_00747_trial_01.rho
     2      748        0.179     57865.0836   -1018.7460      8.29982     8.29982   17480.4608     4.56181      1 chain_02/itr_00748_trial_01.rho
     2      749       0.1785     58138.2978     273.2142      8.31939     8.31939   17480.4608     4.56181      1 chain_02/itr_00749_trial_01.rho
     2      750       0.1781     57675.1845    -463.1133      8.28619     8.28619   17480.4608     4.56181      1 chain_02/itr_00750_trial_01.rho
     2      751       0.1777     57378.8363    -296.3482      8.26487     8.26487   17480.4608     4.56181      1 chain_02/itr_00751_trial_01.rho
     2      752       0.1773     57659.1172     280.2809      8.28504     8.28504   17480.4608     4.56181      1 chain_02/itr_00752_trial_01.rho
     2      753       0.1769     60434.7376    2775.6204      8.48211     8.48211   17480.4608     4.56181      1 chain_02/itr_00753_trial_01.rho
     2      754       0.1765     60026.4305    -408.3070      8.45340     8.45340   17480.4608     4.56181      1 chain_02/itr_00754_trial_01.rho
     2      755       0.1761     66642.4093    6615.9788      8.90709     8.90709   17480.4608     4.56181      1 chain_02/itr_00755_trial_01.rho
     2      756       0.1757     64236.0424   -2406.3669      8.74480     8.74480   17480.4608     4.56181      1 chain_02/itr_00756_trial_01.rho
     2      757       0.1753     64236.0424       0.0000      8.74480     8.74480   17480.4608     4.56181      0 -
     2      758       0.1749     64236.0424       0.0000      8.74480     8.74480   17480.4608     4.56181      0 -
     2      759       0.1745     68521.1083    4285.0659      9.03176     9.03176   17480.4608     4.56181      1 chain_02/itr_00759_trial_01.rho
     2      760       0.1741     66184.6344   -2336.4739      8.87644     8.87644   17480.4608     4.56181      1 chain_02/itr_00760_trial_01.rho
     2      761       0.1737     62292.5484   -3892.0860      8.61149     8.61149   17480.4608     4.56181      1 chain_02/itr_00761_trial_01.rho
     2      762       0.1733     60815.5786   -1476.9699      8.50879     8.50879   17480.4608     4.56181      1 chain_02/itr_00762_trial_01.rho
     2      763       0.1729     53590.9530   -7224.6256      7.98741     7.98741   17480.4608     4.56181      1 chain_02/itr_00763_trial_01.rho
     2      764       0.1725     55259.2584    1668.3054      8.11078     8.11078   17480.4608     4.56181      1 chain_02/itr_00764_trial_01.rho
     2      765       0.1721     58130.9323    2871.6739      8.31886     8.31886   17480.4608     4.56181      1 chain_02/itr_00765_trial_01.rho
     2      766       0.1717     58927.8783     796.9460      8.37569     8.37569   17480.4608     4.56181      1 chain_02/itr_00766_trial_01.rho
     2      767       0.1713     58423.8807    -503.9975      8.33980     8.33980   17480.4608     4.56181      1 chain_02/itr_00767_trial_01.rho
     2      768       0.1709     58423.8807       0.0000      8.33980     8.33980   17480.4608     4.56181      0 -
     2      769       0.1705     54288.9965   -4134.8842      8.03926     8.03926   17480.4608     4.56181      1 chain_02/itr_00769_trial_01.rho
     2      770       0.1701     52614.9533   -1674.0432      7.91434     7.91434   17480.4608     4.56181      1 chain_02/itr_00770_trial_01.rho
     2      771       0.1697     52616.7789       1.8256      7.91448     7.91448   17480.4608     4.56181      1 chain_02/itr_00771_trial_01.rho
     2      772       0.1693     52419.2058    -197.5731      7.89961     7.89961   17480.4608     4.56181      1 chain_02/itr_00772_trial_01.rho
     2      773       0.1689     50902.4603   -1516.7455      7.78448     7.78448   17480.4608     4.56181      1 chain_02/itr_00773_trial_01.rho
     2      774       0.1686     51269.6175     367.1572      7.81251     7.81251   17480.4608     4.56181      1 chain_02/itr_00774_trial_01.rho
     2      775       0.1682     54616.9182    3347.3006      8.06351     8.06351   17480.4608     4.56181      1 chain_02/itr_00775_trial_01.rho
     2      776       0.1678     58787.7768    4170.8586      8.36573     8.36573   17480.4608     4.56181      1 chain_02/itr_00776_trial_01.rho
     2      777       0.1674     59473.6165     685.8397      8.41439     8.41439   17480.4608     4.56181      1 chain_02/itr_00777_trial_01.rho
     2      778        0.167     61643.7106    2170.0941      8.56653     8.56653   17480.4608     4.56181      1 chain_02/itr_00778_trial_01.rho
     2      779       0.1666     59940.0588   -1703.6518      8.44732     8.44732   17480.4608     4.56181      1 chain_02/itr_00779_trial_01.rho
     2      780       0.1662     59574.2933    -365.7655      8.42151     8.42151   17480.4608     4.56181      1 chain_02/itr_00780_trial_01.rho
     2      781       0.1659     56422.4553   -3151.8381      8.19571     8.19571   17480.4608     4.56181      1 chain_02/itr_00781_trial_01.rho
     2      782       0.1655     55575.9263    -846.5290      8.13399     8.13399   17480.4608     4.56181      1 chain_02/itr_00782_trial_01.rho
     2      783       0.1651     55575.9263       0.0000      8.13399     8.13399   17480.4608     4.56181      0 -
     2      784       0.1647     54795.8829    -780.0434      8.07671     8.07671   17480.4608     4.56181      1 chain_02/itr_00784_trial_01.rho
     2      785       0.1643     49982.0145   -4813.8684      7.71378     7.71378   17480.4608     4.56181      1 chain_02/itr_00785_trial_01.rho
     2      786        0.164     46139.8357   -3842.1788      7.41137     7.41137   17480.4608     4.56181      1 chain_02/itr_00786_trial_01.rho
     2      787       0.1636     42098.0944   -4041.7413      7.07932     7.07932   17480.4608     4.56181      1 chain_02/itr_00787_trial_01.rho
     2      788       0.1632     41971.9065    -126.1879      7.06870     7.06870   17480.4608     4.56181      1 chain_02/itr_00788_trial_01.rho
     2      789       0.1628     43517.7422    1545.8357      7.19770     7.19770   17480.4608     4.56181      1 chain_02/itr_00789_trial_01.rho
     2      790       0.1625     43575.2913      57.5491      7.20245     7.20245   17480.4608     4.56181      1 chain_02/itr_00790_trial_01.rho
     2      791       0.1621     43119.8814    -455.4100      7.16472     7.16472   17480.4608     4.56181      1 chain_02/itr_00791_trial_01.rho
     2      792       0.1617     46116.0593    2996.1779      7.40946     7.40946   17480.4608     4.56181      1 chain_02/itr_00792_trial_01.rho
     2      793       0.1613     47535.4944    1419.4351      7.52262     7.52262   17480.4608     4.56181      1 chain_02/itr_00793_trial_01.rho
     2      794        0.161     50152.3266    2616.8322      7.72691     7.72691   17480.4608     4.56181      1 chain_02/itr_00794_trial_01.rho
     2      795       0.1606     50152.3266       0.0000      7.72691     7.72691   17480.4608     4.56181      0 -
     2      796       0.1602     46664.9263   -3487.4003      7.45342     7.45342   17480.4608     4.56181      1 chain_02/itr_00796_trial_01.rho
     2      797       0.1599     52308.4319    5643.5056      7.89126     7.89126   17480.4608     4.56181      1 chain_02/itr_00797_trial_01.rho
     2      798       0.1595     51291.6052   -1016.8267      7.81418     7.81418   17480.4608     4.56181      1 chain_02/itr_00798_trial_01.rho
     2      799       0.1591     49948.3894   -1343.2158      7.71118     7.71118   17480.4608     4.56181      1 chain_02/itr_00799_trial_01.rho
     2      800       0.1588     53675.7455    3727.3561      7.99373     7.99373   17480.4608     4.56181      1 chain_02/itr_00800_trial_01.rho
     2      801       0.1584     49054.8703   -4620.8753      7.64190     7.64190   17480.4608     4.56181      1 chain_02/itr_00801_trial_01.rho
     2      802        0.158     46957.7756   -2097.0947      7.47677     7.47677   17480.4608     4.56181      1 chain_02/itr_00802_trial_01.rho
     2      803       0.1577     45163.3020   -1794.4736      7.33252     7.33252   17480.4608     4.56181      1 chain_02/itr_00803_trial_01.rho
     2      804       0.1573     42739.6569   -2423.6451      7.13306     7.13306   17480.4608     4.56181      1 chain_02/itr_00804_trial_01.rho
     2      805       0.1569     42739.6569       0.0000      7.13306     7.13306   17480.4608     4.56181      0 -
     2      806       0.1566     43729.7682     990.1113      7.21521     7.21521   17480.4608     4.56181      1 chain_02/itr_00806_trial_01.rho
     2      807       0.1562     44123.4751     393.7069      7.24762     7.24762   17480.4608     4.56181      1 chain_02/itr_00807_trial_01.rho
     2      808       0.1559     44230.5557     107.0806      7.25641     7.25641   17480.4608     4.56181      1 chain_02/itr_00808_trial_01.rho
     2      809       0.1555     44141.6302     -88.9256      7.24911     7.24911   17480.4608     4.56181      1 chain_02/itr_00809_trial_01.rho
     2      810       0.1551     43635.6155    -506.0146      7.20744     7.20744   17480.4608     4.56181      1 chain_02/itr_00810_trial_01.rho
     2      811       0.1548     45439.8328    1804.2173      7.35493     7.35493   17480.4608     4.56181      1 chain_02/itr_00811_trial_01.rho
     2      812       0.1544     43417.1295   -2022.7033      7.18937     7.18937   17480.4608     4.56181      1 chain_02/itr_00812_trial_01.rho
     2      813       0.1541     42332.4055   -1084.7241      7.09899     7.09899   17480.4608     4.56181      1 chain_02/itr_00813_trial_01.rho
     2      814       0.1537     41929.4790    -402.9265      7.06513     7.06513   17480.4608     4.56181      1 chain_02/itr_00814_trial_01.rho
     2      815       0.1534     41267.7874    -661.6916      7.00916     7.00916   17480.4608     4.56181      1 chain_02/itr_00815_trial_01.rho
     2      816        0.153     40419.3368    -848.4506      6.93673     6.93673   17480.4608     4.56181      1 chain_02/itr_00816_trial_01.rho
     2      817       0.1527     39457.5029    -961.8339      6.85370     6.85370   17480.4608     4.56181      1 chain_02/itr_00817_trial_01.rho
     2      818       0.1523     37728.1162   -1729.3867      6.70182     6.70182   17480.4608     4.56181      1 chain_02/itr_00818_trial_01.rho
     2      819        0.152     38485.3015     757.1852      6.76874     6.76874   17480.4608     4.56181      1 chain_02/itr_00819_trial_01.rho
     2      820       0.1516     38485.3015       0.0000      6.76874     6.76874   17480.4608     4.56181      0 -
     2      821       0.1513     38257.8522    -227.4492      6.74871     6.74871   17480.4608     4.56181      1 chain_02/itr_00821_trial_01.rho
     2      822       0.1509     38814.0720     556.2197      6.79759     6.79759   17480.4608     4.56181      1 chain_02/itr_00822_trial_01.rho
     2      823       0.1506     37732.5132   -1081.5587      6.70221     6.70221   17480.4608     4.56181      1 chain_02/itr_00823_trial_01.rho
     2      824       0.1502     36988.8664    -743.6468      6.63584     6.63584   17480.4608     4.56181      1 chain_02/itr_00824_trial_01.rho
     2      825       0.1499     36935.8667     -52.9997      6.63108     6.63108   17480.4608     4.56181      1 chain_02/itr_00825_trial_01.rho
     2      826       0.1495     35874.5833   -1061.2834      6.53512     6.53512   17480.4608     4.56181      1 chain_02/itr_00826_trial_01.rho
     2      827       0.1492     34190.7772   -1683.8061      6.37991     6.37991   17480.4608     4.56181      1 chain_02/itr_00827_trial_01.rho
     2      828       0.1488     34613.4860     422.7088      6.41923     6.41923   17480.4608     4.56181      1 chain_02/itr_00828_trial_01.rho
     2      829       0.1485     36243.3975    1629.9116      6.56863     6.56863   17480.4608     4.56181      1 chain_02/itr_00829_trial_01.rho
     2      830       0.1482     35772.2706    -471.1269      6.52580     6.52580   17480.4608     4.56181      1 chain_02/itr_00830_trial_01.rho
     2      831       0.1478     35772.2706       0.0000      6.52580     6.52580   17480.4608     4.56181      0 -
     2      832       0.1475     35999.1753     226.9047      6.54646     6.54646   17480.4608     4.56181      1 chain_02/itr_00832_trial_01.rho
     2      833       0.1471     33760.3635   -2238.8118      6.33963     6.33963   17480.4608     4.56181      1 chain_02/itr_00833_trial_01.rho
     2      834       0.1468     34597.3710     837.0075      6.41774     6.41774   17480.4608     4.56181      1 chain_02/itr_00834_trial_01.rho
     2      835       0.1465     34597.3710       0.0000      6.41774     6.41774   17480.4608     4.56181      0 -
     2      836       0.1461     34717.9991     120.6281      6.42892     6.42892   17480.4608     4.56181      1 chain_02/itr_00836_trial_01.rho
     2      837       0.1458     34474.3592    -243.6399      6.40632     6.40632   17480.4608     4.56181      1 chain_02/itr_00837_trial_01.rho
     2      838       0.1455     33392.6574   -1081.7019      6.30501     6.30501   17480.4608     4.56181      1 chain_02/itr_00838_trial_01.rho
     2      839       0.1451     32351.1563   -1041.5011      6.20591     6.20591   17480.4608     4.56181      1 chain_02/itr_00839_trial_01.rho
     2      840       0.1448     32761.7360     410.5797      6.24516     6.24516   17480.4608     4.56181      1 chain_02/itr_00840_trial_01.rho
     2      841       0.1445     33912.2476    1150.5116      6.35387     6.35387   17480.4608     4.56181      1 chain_02/itr_00841_trial_01.rho
     2      842       0.1441     33322.0021    -590.2454      6.29834     6.29834   17480.4608     4.56181      1 chain_02/itr_00842_trial_01.rho
     2      843       0.1438     32820.4146    -501.5875      6.25075     6.25075   17480.4608     4.56181      1 chain_02/itr_00843_trial_01.rho
     2      844       0.1435     34194.4380    1374.0234      6.38026     6.38026   17480.4608     4.56181      1 chain_02/itr_00844_trial_01.rho
     2      845       0.1431     34606.9318     412.4938      6.41862     6.41862   17480.4608     4.56181      1 chain_02/itr_00845_trial_01.rho
     2      846       0.1428     36324.0080    1717.0763      6.57593     6.57593   17480.4608     4.56181      1 chain_02/itr_00846_trial_01.rho
     2      847       0.1425     33486.8609   -2837.1471      6.31390     6.31390   17480.4608     4.56181      1 chain_02/itr_00847_trial_01.rho
     2      848       0.1421     32545.5692    -941.2916      6.22453     6.22453   17480.4608     4.56181      1 chain_02/itr_00848_trial_01.rho
     2      849       0.1418     32872.8923     327.3231      6.25575     6.25575   17480.4608     4.56181      1 chain_02/itr_00849_trial_01.rho
     2      850       0.1415     34263.1474    1390.2551      6.38666     6.38666   17480.4608     4.56181      1 chain_02/itr_00850_trial_01.rho
     2      851       0.1412     34263.1474       0.0000      6.38666     6.38666   17480.4608     4.56181      0 -
     2      852       0.1408     34461.3249     198.1775      6.40511     6.40511   17480.4608     4.56181      1 chain_02/itr_00852_trial_01.rho
     2      853       0.1405     36705.4134    2244.0886      6.61036     6.61036   17480.4608     4.56181      1 chain_02/itr_00853_trial_01.rho
     2      854       0.1402     36838.2879     132.8744      6.62232     6.62232   17480.4608     4.56181      1 chain_02/itr_00854_trial_01.rho
     2      855       0.1399     37961.8079    1123.5200      6.72255     6.72255   17480.4608     4.56181      1 chain_02/itr_00855_trial_01.rho
     2      856       0.1395     37585.1226    -376.6853      6.68911     6.68911   17480.4608     4.56181      1 chain_02/itr_00856_trial_01.rho
     2      857       0.1392     37642.9866      57.8641      6.69426     6.69426   17480.4608     4.56181      1 chain_02/itr_00857_trial_01.rho
     2      858       0.1389     37195.6580    -447.3287      6.65436     6.65436   17480.4608     4.56181      1 chain_02/itr_00858_trial_01.rho
     2      859       0.1386     37039.8650    -155.7930      6.64041     6.64041   17480.4608     4.56181      1 chain_02/itr_00859_trial_01.rho
     2      860       0.1383     35766.8291   -1273.0359      6.52530     6.52530   17480.4608     4.56181      1 chain_02/itr_00860_trial_01.rho
     2      861       0.1379     35495.3885    -271.4406      6.50049     6.50049   17480.4608     4.56181      1 chain_02/itr_00861_trial_01.rho
     2      862       0.1376     35575.7714      80.3829      6.50785     6.50785   17480.4608     4.56181      1 chain_02/itr_00862_trial_01.rho
     2      863       0.1373     35310.8667    -264.9047      6.48358     6.48358   17480.4608     4.56181      1 chain_02/itr_00863_trial_01.rho
     2      864        0.137     34898.0125    -412.8542      6.44556     6.44556   17480.4608     4.56181      1 chain_02/itr_00864_trial_01.rho
     2      865       0.1367     35439.7323     541.7198      6.49540     6.49540   17480.4608     4.56181      1 chain_02/itr_00865_trial_01.rho
     2      866       0.1364     35491.0904      51.3581      6.50010     6.50010   17480.4608     4.56181      1 chain_02/itr_00866_trial_01.rho
     2      867       0.1361     35459.7223     -31.3681      6.49723     6.49723   17480.4608     4.56181      1 chain_02/itr_00867_trial_01.rho
     2      868       0.1357     36958.7303    1499.0080      6.63314     6.63314   17480.4608     4.56181      1 chain_02/itr_00868_trial_01.rho
     2      869       0.1354     39336.8790    2378.1486      6.84322     6.84322   17480.4608     4.56181      1 chain_02/itr_00869_trial_01.rho
     2      870       0.1351     40679.2286    1342.3497      6.95900     6.95900   17480.4608     4.56181      1 chain_02/itr_00870_trial_01.rho
     2      871       0.1348     40890.7606     211.5319      6.97707     6.97707   17480.4608     4.56181      1 chain_02/itr_00871_trial_01.rho
     2      872       0.1345     39085.0881   -1805.6725      6.82128     6.82128   17480.4608     4.56181      1 chain_02/itr_00872_trial_01.rho
     2      873       0.1342     39574.7486     489.6605      6.86388     6.86388   17480.4608     4.56181      1 chain_02/itr_00873_trial_01.rho
     2      874       0.1339     40152.1389     577.3903      6.91377     6.91377   17480.4608     4.56181      1 chain_02/itr_00874_trial_01.rho
     2      875       0.1336     40838.0762     685.9374      6.97257     6.97257   17480.4608     4.56181      1 chain_02/itr_00875_trial_01.rho
     2      876       0.1333     40921.3624      83.2862      6.97968     6.97968   17480.4608     4.56181      1 chain_02/itr_00876_trial_01.rho
     2      877        0.133     41769.8688     848.5064      7.05167     7.05167   17480.4608     4.56181      1 chain_02/itr_00877_trial_01.rho
     2      878       0.1327     40516.0579   -1253.8108      6.94503     6.94503   17480.4608     4.56181      1 chain_02/itr_00878_trial_01.rho
     2      879       0.1323     41370.8349     854.7770      7.01791     7.01791   17480.4608     4.56181      1 chain_02/itr_00879_trial_01.rho
     2      880        0.132     42366.8951     996.0602      7.10189     7.10189   17480.4608     4.56181      1 chain_02/itr_00880_trial_01.rho
     2      881       0.1317     42851.4540     484.5590      7.14238     7.14238   17480.4608     4.56181      1 chain_02/itr_00881_trial_01.rho
     2      882       0.1314     43560.7600     709.3060      7.20125     7.20125   17480.4608     4.56181      1 chain_02/itr_00882_trial_01.rho
     2      883       0.1311     42825.1723    -735.5877      7.14019     7.14019   17480.4608     4.56181      1 chain_02/itr_00883_trial_01.rho
     2      884       0.1308     42236.5417    -588.6306      7.09095     7.09095   17480.4608     4.56181      1 chain_02/itr_00884_trial_01.rho
     2      885       0.1305     42510.5669     274.0251      7.11392     7.11392   17480.4608     4.56181      1 chain_02/itr_00885_trial_01.rho
     2      886       0.1302     42556.2466      45.6797      7.11774     7.11774   17480.4608     4.56181      1 chain_02/itr_00886_trial_01.rho
     2      887       0.1299     42008.8615    -547.3851      7.07181     7.07181   17480.4608     4.56181      1 chain_02/itr_00887_trial_01.rho
     2      888       0.1296     40306.7371   -1702.1244      6.92706     6.92706   17480.4608     4.56181      1 chain_02/itr_00888_trial_01.rho
     2      889       0.1293     40306.7371       0.0000      6.92706     6.92706   17480.4608     4.56181      0 -
     2      890        0.129     40074.1678    -232.5693      6.90705     6.90705   17480.4608     4.56181      1 chain_02/itr_00890_trial_01.rho
     2      891       0.1287     40739.5212     665.3534      6.96415     6.96415   17480.4608     4.56181      1 chain_02/itr_00891_trial_01.rho
     2      892       0.1284     39270.6579   -1468.8633      6.83745     6.83745   17480.4608     4.56181      1 chain_02/itr_00892_trial_01.rho
     2      893       0.1281     39270.6579       0.0000      6.83745     6.83745   17480.4608     4.56181      0 -
     2      894       0.1279     39063.1660    -207.4919      6.81937     6.81937   17480.4608     4.56181      1 chain_02/itr_00894_trial_01.rho
     2      895       0.1276     39829.3561     766.1901      6.88592     6.88592   17480.4608     4.56181      1 chain_02/itr_00895_trial_01.rho
     2      896       0.1273     39829.3561       0.0000      6.88592     6.88592   17480.4608     4.56181      0 -
     2      897        0.127     39829.3561       0.0000      6.88592     6.88592   17480.4608     4.56181      0 -
     2      898       0.1267     41446.7881    1617.4320      7.02434     7.02434   17480.4608     4.56181      1 chain_02/itr_00898_trial_01.rho
     2      899       0.1264     41446.7881       0.0000      7.02434     7.02434   17480.4608     4.56181      0 -
     2      900       0.1261     41656.2341     209.4460      7.04207     7.04207   17480.4608     4.56181      1 chain_02/itr_00900_trial_01.rho
     2      901       0.1258     40460.0901   -1196.1440      6.94023     6.94023   17480.4608     4.56181      1 chain_02/itr_00901_trial_01.rho
     2      902       0.1255     40294.5413    -165.5488      6.92602     6.92602   17480.4608     4.56181      1 chain_02/itr_00902_trial_01.rho
     2      903       0.1252     41728.3374    1433.7961      7.04816     7.04816   17480.4608     4.56181      1 chain_02/itr_00903_trial_01.rho
     2      904       0.1249     41219.3805    -508.9569      7.00505     7.00505   17480.4608     4.56181      1 chain_02/itr_00904_trial_01.rho
     2      905       0.1247     42846.7401    1627.3596      7.14199     7.14199   17480.4608     4.56181      1 chain_02/itr_00905_trial_01.rho
     2      906       0.1244     44326.9685    1480.2284      7.26431     7.26431   17480.4608     4.56181      1 chain_02/itr_00906_trial_01.rho
     2      907       0.1241     41722.5878   -2604.3807      7.04768     7.04768   17480.4608     4.56181      1 chain_02/itr_00907_trial_01.rho
     2      908       0.1238     42720.9266     998.3389      7.13150     7.13150   17480.4608     4.56181      1 chain_02/itr_00908_trial_01.rho
     2      909       0.1235     40720.3018   -2000.6248      6.96251     6.96251   17480.4608     4.56181      1 chain_02/itr_00909_trial_01.rho
     2      910       0.1232     39509.9035   -1210.3983      6.85825     6.85825   17480.4608     4.56181      1 chain_02/itr_00910_trial_01.rho
     2      911       0.1229     38099.7523   -1410.1513      6.73475     6.73475   17480.4608     4.56181      1 chain_02/itr_00911_trial_01.rho
     2      912       0.1227     37638.6779    -461.0743      6.69387     6.69387   17480.4608     4.56181      1 chain_02/itr_00912_trial_01.rho
     2      913       0.1224     37962.8694     324.1914      6.72264     6.72264   17480.4608     4.56181      1 chain_02/itr_00913_trial_01.rho
     2      914       0.1221     37121.0143    -841.8551      6.64768     6.64768   17480.4608     4.56181      1 chain_02/itr_00914_trial_01.rho
     2      915       0.1218     35913.2312   -1207.7831      6.53864     6.53864   17480.4608     4.56181      1 chain_02/itr_00915_trial_01.rho
     2      916       0.1215     34957.8035    -955.4277      6.45108     6.45108   17480.4608     4.56181      1 chain_02/itr_00916_trial_01.rho
     2      917       0.1213     34994.2558      36.4523      6.45444     6.45444   17480.4608     4.56181      1 chain_02/itr_00917_trial_01.rho
     2      918        0.121     33755.2170   -1239.0388      6.33915     6.33915   17480.4608     4.56181      1 chain_02/itr_00918_trial_01.rho
     2      919       0.1207     33393.5594    -361.6576      6.30510     6.30510   17480.4608     4.56181      1 chain_02/itr_00919_trial_01.rho
     2      920       0.1204     33089.2787    -304.2808      6.27630     6.27630   17480.4608     4.56181      1 chain_02/itr_00920_trial_01.rho
     2      921       0.1201     31925.0362   -1164.2425      6.16490     6.16490   17480.4608     4.56181      1 chain_02/itr_00921_trial_01.rho
     2      922       0.1199     29803.9300   -2121.1061      5.95658     5.95658   17480.4608     4.56181      1 chain_02/itr_00922_trial_01.rho
     2      923       0.1196     30150.2045     346.2745      5.99109     5.99109   17480.4608     4.56181      1 chain_02/itr_00923_trial_01.rho
     2      924       0.1193     30150.2045       0.0000      5.99109     5.99109   17480.4608     4.56181      0 -
     2      925        0.119     28106.5938   -2043.6107      5.78448     5.78448   17480.4608     4.56181      1 chain_02/itr_00925_trial_01.rho
     2      926       0.1188     28405.2191     298.6253      5.81513     5.81513   17480.4608     4.56181      1 chain_02/itr_00926_trial_01.rho
     2      927       0.1185     28405.2191       0.0000      5.81513     5.81513   17480.4608     4.56181      0 -
     2      928       0.1182     29319.9131     914.6939      5.90802     5.90802   17480.4608     4.56181      1 chain_02/itr_00928_trial_01.rho
     2      929       0.1179     28021.3514   -1298.5617      5.77570     5.77570   17480.4608     4.56181      1 chain_02/itr_00929_trial_01.rho
     2      930       0.1177     27600.4597    -420.8917      5.73216     5.73216   17480.4608     4.56181      1 chain_02/itr_00930_trial_01.rho
     2      931       0.1174     29273.8816    1673.4219      5.90338     5.90338   17480.4608     4.56181      1 chain_02/itr_00931_trial_01.rho
     2      932       0.1171     28128.6889   -1145.1927      5.78676     5.78676   17480.4608     4.56181      1 chain_02/itr_00932_trial_01.rho
     2      933       0.1169     27714.0595    -414.6293      5.74395     5.74395   17480.4608     4.56181      1 chain_02/itr_00933_trial_01.rho
     2      934       0.1166     26502.5556   -1211.5039      5.61700     5.61700   17480.4608     4.56181      1 chain_02/itr_00934_trial_01.rho
     2      935       0.1163     26693.0512     190.4956      5.63715     5.63715   17480.4608     4.56181      1 chain_02/itr_00935_trial_01.rho
     2      936       0.1161     26182.2777    -510.7735      5.58295     5.58295   17480.4608     4.56181      1 chain_02/itr_00936_trial_01.rho
     2      937       0.1158     27903.9807    1721.7029      5.76359     5.76359   17480.4608     4.56181      1 chain_02/itr_00937_trial_01.rho
     2      938       0.1155     29030.6079    1126.6272      5.87880     5.87880   17480.4608     4.56181      1 chain_02/itr_00938_trial_01.rho
     2      939       0.1153     30648.7916    1618.1837      6.04042     6.04042   17480.4608     4.56181      1 chain_02/itr_00939_trial_01.rho
     2      940        0.115     29086.4296   -1562.3620      5.88445     5.88445   17480.4608     4.56181      1 chain_02/itr_00940_trial_01.rho
     2      941       0.1147     29065.5790     -20.8506      5.88234     5.88234   17480.4608     4.56181      1 chain_02/itr_00941_trial_01.rho
     2      942       0.1145     28008.7730   -1056.8060      5.77441     5.77441   17480.4608     4.56181      1 chain_02/itr_00942_trial_01.rho
     2      943       0.1142     28523.6824     514.9093      5.82724     5.82724   17480.4608     4.56181      1 chain_02/itr_00943_trial_01.rho
     2      944       0.1139     27983.1419    -540.5405      5.77176     5.77176   17480.4608     4.56181      1 chain_02/itr_00944_trial_01.rho
     2      945       0.1137     29170.8250    1187.6831      5.89298     5.89298   17480.4608     4.56181      1 chain_02/itr_00945_trial_01.rho
     2      946       0.1134     28854.8783    -315.9467      5.86098     5.86098   17480.4608     4.56181      1 chain_02/itr_00946_trial_01.rho
     2      947       0.1132     28592.2828    -262.5955      5.83425     5.83425   17480.4608     4.56181      1 chain_02/itr_00947_trial_01.rho
     2      948       0.1129     27413.7048   -1178.5780      5.71274     5.71274   17480.4608     4.56181      1 chain_02/itr_00948_trial_01.rho
     2      949       0.1126     27946.6484     532.9436      5.76800     5.76800   17480.4608     4.56181      1 chain_02/itr_00949_trial_01.rho
     2      950       0.1124     28064.9564     118.3080      5.78020     5.78020   17480.4608     4.56181      1 chain_02/itr_00950_trial_01.rho
     2      951       0.1121     28377.5112     312.5548      5.81229     5.81229   17480.4608     4.56181      1 chain_02/itr_00951_trial_01.rho
     2      952       0.1119     27564.5879    -812.9234      5.72844     5.72844   17480.4608     4.56181      1 chain_02/itr_00952_trial_01.rho
     2      953       0.1116     28108.7945     544.2067      5.78471     5.78471   17480.4608     4.56181      1 chain_02/itr_00953_trial_01.rho
     2      954       0.1113     29196.5734    1087.7789      5.89558     5.89558   17480.4608     4.56181      1 chain_02/itr_00954_trial_01.rho
     2      955       0.1111     29993.1321     796.5587      5.97546     5.97546   17480.4608     4.56181      1 chain_02/itr_00955_trial_01.rho
     2      956       0.1108     31590.6130    1597.4809      6.13253     6.13253   17480.4608     4.56181      1 chain_02/itr_00956_trial_01.rho
     2      957       0.1106     31590.6130       0.0000      6.13253     6.13253   17480.4608     4.56181      0 -
     2      958       0.1103     31053.7591    -536.8539      6.08019     6.08019   17480.4608     4.56181      1 chain_02/itr_00958_trial_01.rho
     2      959       0.1101     30345.0369    -708.7222      6.01041     6.01041   17480.4608     4.56181      1 chain_02/itr_00959_trial_01.rho
     2      960       0.1098     28954.8278   -1390.2091      5.87112     5.87112   17480.4608     4.56181      1 chain_02/itr_00960_trial_01.rho
     2      961       0.1096     29001.2977      46.4698      5.87583     5.87583   17480.4608     4.56181      1 chain_02/itr_00961_trial_01.rho
     2      962       0.1093     30051.5299    1050.2322      5.98127     5.98127   17480.4608     4.56181      1 chain_02/itr_00962_trial_01.rho
     2      963       0.1091     30066.2727      14.7428      5.98274     5.98274   17480.4608     4.56181      1 chain_02/itr_00963_trial_01.rho
     2      964       0.1088     30095.4601      29.1874      5.98564     5.98564   17480.4608     4.56181      1 chain_02/itr_00964_trial_01.rho
     2      965       0.1086     30095.4601       0.0000      5.98564     5.98564   17480.4608     4.56181      0 -
     2      966       0.1083     30439.7181     344.2580      6.01978     6.01978   17480.4608     4.56181      1 chain_02/itr_00966_trial_01.rho
     2      967       0.1081     30650.0872     210.3692      6.04055     6.04055   17480.4608     4.56181      1 chain_02/itr_00967_trial_01.rho
     2      968       0.1078     30650.0872       0.0000      6.04055     6.04055   17480.4608     4.56181      0 -
     2      969       0.1076     30165.6365    -484.4507      5.99262     5.99262   17480.4608     4.56181      1 chain_02/itr_00969_trial_01.rho
     2      970       0.1073     30165.6365       0.0000      5.99262     5.99262   17480.4608     4.56181      0 -
     2      971       0.1071     31439.3634    1273.7268      6.11783     6.11783   17480.4608     4.56181      1 chain_02/itr_00971_trial_01.rho
     2      972       0.1068     31154.4711    -284.8923      6.09005     6.09005   17480.4608     4.56181      1 chain_02/itr_00972_trial_01.rho
     2      973       0.1066     31150.6286      -3.8425      6.08967     6.08967   17480.4608     4.56181      1 chain_02/itr_00973_trial_01.rho
     2      974       0.1063     28474.9105   -2675.7181      5.82226     5.82226   17480.4608     4.56181      1 chain_02/itr_00974_trial_01.rho
     2      975       0.1061     27840.8067    -634.1038      5.75707     5.75707   17480.4608     4.56181      1 chain_02/itr_00975_trial_01.rho
     2      976       0.1058     27840.8067       0.0000      5.75707     5.75707   17480.4608     4.56181      0 -
     2      977       0.1056     27462.2328    -378.5739      5.71779     5.71779   17480.4608     4.56181      1 chain_02/itr_00977_trial_01.rho
     2      978       0.1054     28293.1468     830.9140      5.80365     5.80365   17480.4608     4.56181      1 chain_02/itr_00978_trial_01.rho
     2      979       0.1051     28377.7818      84.6349      5.81232     5.81232   17480.4608     4.56181      1 chain_02/itr_00979_trial_01.rho
     2      980       0.1049     30014.5447    1636.7630      5.97759     5.97759   17480.4608     4.56181      1 chain_02/itr_00980_trial_01.rho
     2      981       0.1046     30014.5447       0.0000      5.97759     5.97759   17480.4608     4.56181      0 -
     2      982       0.1044     29656.8563    -357.6884      5.94187     5.94187   17480.4608     4.56181      1 chain_02/itr_00982_trial_01.rho
     2      983       0.1042     30316.2416     659.3853      6.00756     6.00756   17480.4608     4.56181      1 chain_02/itr_00983_trial_01.rho
     2      984       0.1039     28973.7435   -1342.4981      5.87304     5.87304   17480.4608     4.56181      1 chain_02/itr_00984_trial_01.rho
     2      985       0.1037     29718.2453     744.5018      5.94801     5.94801   17480.4608     4.56181      1 chain_02/itr_00985_trial_01.rho
     2      986       0.1034     29718.2453       0.0000      5.94801     5.94801   17480.4608     4.56181      0 -
     2      987       0.1032     29815.0049      96.7595      5.95769     5.95769   17480.4608     4.56181      1 chain_02/itr_00987_trial_01.rho
     2      988        0.103     30558.7287     743.7238      6.03154     6.03154   17480.4608     4.56181      1 chain_02/itr_00988_trial_01.rho
     2      989       0.1027     30558.7287       0.0000      6.03154     6.03154   17480.4608     4.56181      0 -
     2      990       0.1025     32676.7266    2117.9979      6.23706     6.23706   17480.4608     4.56181      1 chain_02/itr_00990_trial_01.rho
     2      991       0.1023     33016.2864     339.5598      6.26938     6.26938   17480.4608     4.56181      1 chain_02/itr_00991_trial_01.rho
     2      992        0.102     34172.8380    1156.5517      6.37824     6.37824   17480.4608     4.56181      1 chain_02/itr_00992_trial_01.rho
     2      993       0.1018     35214.1198    1041.2818      6.47469     6.47469   17480.4608     4.56181      1 chain_02/itr_00993_trial_01.rho
     2      994       0.1015     35214.1198       0.0000      6.47469     6.47469   17480.4608     4.56181      0 -
     2      995       0.1013     34436.8102    -777.3096      6.40283     6.40283   17480.4608     4.56181      1 chain_02/itr_00995_trial_01.rho
     2      996       0.1011     33697.3240    -739.4862      6.33371     6.33371   17480.4608     4.56181      1 chain_02/itr_00996_trial_01.rho
     2      997       0.1008     34029.1750     331.8510      6.36482     6.36482   17480.4608     4.56181      1 chain_02/itr_00997_trial_01.rho
     2      998       0.1006     34454.8686     425.6936      6.40451     6.40451   17480.4608     4.56181      1 chain_02/itr_00998_trial_01.rho
     2      999       0.1004     34454.8686       0.0000      6.40451     6.40451   17480.4608     4.56181      0 -
     2     1000       0.1002     34327.7991    -127.0695      6.39269     6.39269   17480.4608     4.56181      1 chain_02/itr_01000_trial_01.rho
     2     1001      0.09992     34481.3541     153.5550      6.40697     6.40697   17480.4608     4.56181      1 chain_02/itr_01001_trial_01.rho
     2     1002      0.09969     35185.1353     703.7812      6.47202     6.47202   17480.4608     4.56181      1 chain_02/itr_01002_trial_01.rho
     2     1003      0.09946     33426.5801   -1758.5552      6.30821     6.30821   17480.4608     4.56181      1 chain_02/itr_01003_trial_01.rho
     2     1004      0.09924     34491.5883    1065.0082      6.40792     6.40792   17480.4608     4.56181      1 chain_02/itr_01004_trial_01.rho
     2     1005      0.09901     35603.3620    1111.7738      6.51037     6.51037   17480.4608     4.56181      1 chain_02/itr_01005_trial_01.rho
     2     1006      0.09878     35707.9761     104.6141      6.51993     6.51993   17480.4608     4.56181      1 chain_02/itr_01006_trial_01.rho
     2     1007      0.09855     35077.3442    -630.6319      6.46210     6.46210   17480.4608     4.56181      1 chain_02/itr_01007_trial_01.rho
     2     1008      0.09833     34922.0682    -155.2760      6.44778     6.44778   17480.4608     4.56181      1 chain_02/itr_01008_trial_01.rho
     2     1009       0.0981     34876.7614     -45.3068      6.44360     6.44360   17480.4608     4.56181      1 chain_02/itr_01009_trial_01.rho
     2     1010      0.09787     35685.0337     808.2723      6.51784     6.51784   17480.4608     4.56181      1 chain_02/itr_01010_trial_01.rho
     2     1011      0.09765     34341.8522   -1343.1814      6.39399     6.39399   17480.4608     4.56181      1 chain_02/itr_01011_trial_01.rho
     2     1012      0.09742     36141.3272    1799.4750      6.55937     6.55937   17480.4608     4.56181      1 chain_02/itr_01012_trial_01.rho
     2     1013       0.0972     36058.2240     -83.1032      6.55183     6.55183   17480.4608     4.56181      1 chain_02/itr_01013_trial_01.rho
     2     1014      0.09698     38055.0035    1996.7795      6.73079     6.73079   17480.4608     4.56181      1 chain_02/itr_01014_trial_01.rho
     2     1015      0.09675     37844.6644    -210.3391      6.71217     6.71217   17480.4608     4.56181      1 chain_02/itr_01015_trial_01.rho
     2     1016      0.09653     37391.7131    -452.9513      6.67188     6.67188   17480.4608     4.56181      1 chain_02/itr_01016_trial_01.rho
     2     1017      0.09631     37391.7131       0.0000      6.67188     6.67188   17480.4608     4.56181      0 -
     2     1018      0.09609     35424.7483   -1966.9648      6.49402     6.49402   17480.4608     4.56181      1 chain_02/itr_01018_trial_01.rho
     2     1019      0.09587     35454.7470      29.9987      6.49677     6.49677   17480.4608     4.56181      1 chain_02/itr_01019_trial_01.rho
     2     1020      0.09564     34108.1185   -1346.6285      6.37220     6.37220   17480.4608     4.56181      1 chain_02/itr_01020_trial_01.rho
     2     1021      0.09542     33779.5856    -328.5328      6.34143     6.34143   17480.4608     4.56181      1 chain_02/itr_01021_trial_01.rho
     2     1022       0.0952     35311.0537    1531.4680      6.48359     6.48359   17480.4608     4.56181      1 chain_02/itr_01022_trial_01.rho
     2     1023      0.09499     35616.0021     304.9484      6.51153     6.51153   17480.4608     4.56181      1 chain_02/itr_01023_trial_01.rho
     2     1024      0.09477     34995.4327    -620.5694      6.45455     6.45455   17480.4608     4.56181      1 chain_02/itr_01024_trial_01.rho
     2     1025      0.09455     34430.2873    -565.1454      6.40222     6.40222   17480.4608     4.56181      1 chain_02/itr_01025_trial_01.rho
     2     1026      0.09433     34843.2370     412.9497      6.44050     6.44050   17480.4608     4.56181      1 chain_02/itr_01026_trial_01.rho
     2     1027      0.09411     33688.5387   -1154.6983      6.33288     6.33288   17480.4608     4.56181      1 chain_02/itr_01027_trial_01.rho
     2     1028       0.0939     32042.8170   -1645.7218      6.17626     6.17626   17480.4608     4.56181      1 chain_02/itr_01028_trial_01.rho
     2     1029      0.09368     32101.1939      58.3770      6.18189     6.18189   17480.4608     4.56181      1 chain_02/itr_01029_trial_01.rho
     2     1030      0.09347     30131.4089   -1969.7850      5.98922     5.98922   17480.4608     4.56181      1 chain_02/itr_01030_trial_01.rho
     2     1031      0.09325     28623.7565   -1507.6525      5.83746     5.83746   17480.4608     4.56181      1 chain_02/itr_01031_trial_01.rho
     2     1032      0.09304     29394.6093     770.8529      5.91554     5.91554   17480.4608     4.56181      1 chain_02/itr_01032_trial_01.rho
     2     1033      0.09282     27758.0137   -1636.5956      5.74850     5.74850   17480.4608     4.56181      1 chain_02/itr_01033_trial_01.rho
     2     1034      0.09261     27758.0137       0.0000      5.74850     5.74850   17480.4608     4.56181      0 -
     2     1035       0.0924     26024.7740   -1733.2397      5.56614     5.56614   17480.4608     4.56181      1 chain_02/itr_01035_trial_01.rho
     2     1036      0.09218     25716.5177    -308.2564      5.53307     5.53307   17480.4608     4.56181      1 chain_02/itr_01036_trial_01.rho
     2     1037      0.09197     26061.9137     345.3961      5.57011     5.57011   17480.4608     4.56181      1 chain_02/itr_01037_trial_01.rho
     2     1038      0.09176     26595.4958     533.5821      5.62684     5.62684   17480.4608     4.56181      1 chain_02/itr_01038_trial_01.rho
     2     1039      0.09155     26835.5435     240.0477      5.65217     5.65217   17480.4608     4.56181      1 chain_02/itr_01039_trial_01.rho
     2     1040      0.09134     28357.5288    1521.9853      5.81025     5.81025   17480.4608     4.56181      1 chain_02/itr_01040_trial_01.rho
     2     1041      0.09113     27506.9766    -850.5522      5.72245     5.72245   17480.4608     4.56181      1 chain_02/itr_01041_trial_01.rho
     2     1042      0.09092     27131.1796    -375.7970      5.68322     5.68322   17480.4608     4.56181      1 chain_02/itr_01042_trial_01.rho
     2     1043      0.09071     26703.6136    -427.5660      5.63826     5.63826   17480.4608     4.56181      1 chain_02/itr_01043_trial_01.rho
     2     1044       0.0905     26898.3130     194.6994      5.65878     5.65878   17480.4608     4.56181      1 chain_02/itr_01044_trial_01.rho
     2     1045      0.09029     26548.4184    -349.8946      5.62186     5.62186   17480.4608     4.56181      1 chain_02/itr_01045_trial_01.rho
     2     1046      0.09008     26766.4295     218.0111      5.64489     5.64489   17480.4608     4.56181      1 chain_02/itr_01046_trial_01.rho
     2     1047      0.08988     26659.2350    -107.1945      5.63358     5.63358   17480.4608     4.56181      1 chain_02/itr_01047_trial_01.rho
     2     1048      0.08967     27332.2886     673.0536      5.70425     5.70425   17480.4608     4.56181      1 chain_02/itr_01048_trial_01.rho
     2     1049      0.08946     24869.8501   -2462.4385      5.44123     5.44123   17480.4608     4.56181      1 chain_02/itr_01049_trial_01.rho
     2     1050      0.08926     25252.2699     382.4198      5.48290     5.48290   17480.4608     4.56181      1 chain_02/itr_01050_trial_01.rho
     2     1051      0.08905     23814.1333   -1438.1366      5.32449     5.32449   17480.4608     4.56181      1 chain_02/itr_01051_trial_01.rho
     2     1052      0.08885     23776.6156     -37.5177      5.32029     5.32029   17480.4608     4.56181      1 chain_02/itr_01052_trial_01.rho
     2     1053      0.08864     23776.6156       0.0000      5.32029     5.32029   17480.4608     4.56181      0 -
     2     1054      0.08844     24847.9751    1071.3594      5.43883     5.43883   17480.4608     4.56181      1 chain_02/itr_01054_trial_01.rho
     2     1055      0.08824     26901.6773    2053.7022      5.65913     5.65913   17480.4608     4.56181      1 chain_02/itr_01055_trial_01.rho
     2     1056      0.08803     25351.7247   -1549.9525      5.49369     5.49369   17480.4608     4.56181      1 chain_02/itr_01056_trial_01.rho
     2     1057      0.08783     25351.7247       0.0000      5.49369     5.49369   17480.4608     4.56181      0 -
     2     1058      0.08763     25031.0334    -320.6914      5.45883     5.45883   17480.4608     4.56181      1 chain_02/itr_01058_trial_01.rho
     2     1059      0.08743     24041.2091    -989.8242      5.34981     5.34981   17480.4608     4.56181      1 chain_02/itr_01059_trial_01.rho
     2     1060      0.08723     24041.2091       0.0000      5.34981     5.34981   17480.4608     4.56181      0 -
     2     1061      0.08703     23626.6695    -414.5396      5.30349     5.30349   17480.4608     4.56181      1 chain_02/itr_01061_trial_01.rho
     2     1062      0.08683     23794.7553     168.0858      5.32232     5.32232   17480.4608     4.56181      1 chain_02/itr_01062_trial_01.rho
     2     1063      0.08663     23794.7553       0.0000      5.32232     5.32232   17480.4608     4.56181      0 -
     2     1064      0.08643     23794.7553       0.0000      5.32232     5.32232   17480.4608     4.56181      0 -
     2     1065      0.08623     23794.7553       0.0000      5.32232     5.32232   17480.4608     4.56181      0 -
     2     1066      0.08603     23811.9993      17.2441      5.32425     5.32425   17480.4608     4.56181      1 chain_02/itr_01066_trial_01.rho
     2     1067      0.08583     24992.5832    1180.5838      5.45464     5.45464   17480.4608     4.56181      1 chain_02/itr_01067_trial_01.rho
     2     1068      0.08563     25935.3734     942.7902      5.55657     5.55657   17480.4608     4.56181      1 chain_02/itr_01068_trial_01.rho
     2     1069      0.08544     26324.1185     388.7451      5.59806     5.59806   17480.4608     4.56181      1 chain_02/itr_01069_trial_01.rho
     2     1070      0.08524     26417.4574      93.3389      5.60797     5.60797   17480.4608     4.56181      1 chain_02/itr_01070_trial_01.rho
     2     1071      0.08504     27018.9176     601.4602      5.67145     5.67145   17480.4608     4.56181      1 chain_02/itr_01071_trial_01.rho
     2     1072      0.08485     27018.9176       0.0000      5.67145     5.67145   17480.4608     4.56181      0 -
     2     1073      0.08465     27018.9176       0.0000      5.67145     5.67145   17480.4608     4.56181      0 -
     2     1074      0.08446     27018.9176       0.0000      5.67145     5.67145   17480.4608     4.56181      0 -
     2     1075      0.08426     27018.9176       0.0000      5.67145     5.67145   17480.4608     4.56181      0 -
     2     1076      0.08407     26028.3832    -990.5345      5.56652     5.56652   17480.4608     4.56181      1 chain_02/itr_01076_trial_01.rho
     2     1077      0.08388     24881.1063   -1147.2769      5.44246     5.44246   17480.4608     4.56181      1 chain_02/itr_01077_trial_01.rho
     2     1078      0.08368     25118.4436     237.3373      5.46836     5.46836   17480.4608     4.56181      1 chain_02/itr_01078_trial_01.rho
     2     1079      0.08349     26223.4528    1105.0092      5.58734     5.58734   17480.4608     4.56181      1 chain_02/itr_01079_trial_01.rho
     2     1080       0.0833     25386.1149    -837.3379      5.49741     5.49741   17480.4608     4.56181      1 chain_02/itr_01080_trial_01.rho
     2     1081      0.08311     26123.4979     737.3830      5.57668     5.57668   17480.4608     4.56181      1 chain_02/itr_01081_trial_01.rho
     2     1082      0.08292     26033.7634     -89.7345      5.56710     5.56710   17480.4608     4.56181      1 chain_02/itr_01082_trial_01.rho
     2     1083      0.08273     26666.5316     632.7681      5.63435     5.63435   17480.4608     4.56181      1 chain_02/itr_01083_trial_01.rho
     2     1084      0.08254     28049.3191    1382.7875      5.77859     5.77859   17480.4608     4.56181      1 chain_02/itr_01084_trial_01.rho
     2     1085      0.08235     28049.3191       0.0000      5.77859     5.77859   17480.4608     4.56181      0 -
     2     1086      0.08216     28049.3191       0.0000      5.77859     5.77859   17480.4608     4.56181      0 -
     2     1087      0.08197     29837.2077    1787.8887      5.95991     5.95991   17480.4608     4.56181      1 chain_02/itr_01087_trial_01.rho
     2     1088      0.08178     29552.3375    -284.8702      5.93139     5.93139   17480.4608     4.56181      1 chain_02/itr_01088_trial_01.rho
     2     1089      0.08159     30659.2926    1106.9550      6.04145     6.04145   17480.4608     4.56181      1 chain_02/itr_01089_trial_01.rho
     2     1090       0.0814     30659.2926       0.0000      6.04145     6.04145   17480.4608     4.56181      0 -
     2     1091      0.08122     28619.4346   -2039.8579      5.83702     5.83702   17480.4608     4.56181      1 chain_02/itr_01091_trial_01.rho
     2     1092      0.08103     30360.2410    1740.8063      6.01192     6.01192   17480.4608     4.56181      1 chain_02/itr_01092_trial_01.rho
     2     1093      0.08084     30801.8923     441.6514      6.05549     6.05549   17480.4608     4.56181      1 chain_02/itr_01093_trial_01.rho
     2     1094      0.08066     30801.8923       0.0000      6.05549     6.05549   17480.4608     4.56181      0 -
     2     1095      0.08047     29991.4270    -810.4654      5.97529     5.97529   17480.4608     4.56181      1 chain_02/itr_01095_trial_01.rho
     2     1096      0.08029     30109.1634     117.7365      5.98701     5.98701   17480.4608     4.56181      1 chain_02/itr_01096_trial_01.rho
     2     1097       0.0801     30177.2104      68.0470      5.99377     5.99377   17480.4608     4.56181      1 chain_02/itr_01097_trial_01.rho
     2     1098      0.07992     28246.9954   -1930.2150      5.79891     5.79891   17480.4608     4.56181      1 chain_02/itr_01098_trial_01.rho
     2     1099      0.07973     28169.8522     -77.1433      5.79099     5.79099   17480.4608     4.56181      1 chain_02/itr_01099_trial_01.rho
     2     1100      0.07955     28449.4493     279.5972      5.81966     5.81966   17480.4608     4.56181      1 chain_02/itr_01100_trial_01.rho
     2     1101      0.07937     28275.0058    -174.4435      5.80179     5.80179   17480.4608     4.56181      1 chain_02/itr_01101_trial_01.rho
     2     1102      0.07918     28275.0058       0.0000      5.80179     5.80179   17480.4608     4.56181      0 -
     2     1103        0.079     27564.4384    -710.5674      5.72842     5.72842   17480.4608     4.56181      1 chain_02/itr_01103_trial_01.rho
     2     1104      0.07882     26953.5015    -610.9369      5.66458     5.66458   17480.4608     4.56181      1 chain_02/itr_01104_trial_01.rho
     2     1105      0.07864     26953.5015       0.0000      5.66458     5.66458   17480.4608     4.56181      0 -
     2     1106      0.07846     26953.5015       0.0000      5.66458     5.66458   17480.4608     4.56181      0 -
     2     1107      0.07828     26891.3709     -62.1306      5.65805     5.65805   17480.4608     4.56181      1 chain_02/itr_01107_trial_01.rho
     2     1108       0.0781     25239.0022   -1652.3687      5.48146     5.48146   17480.4608     4.56181      1 chain_02/itr_01108_trial_01.rho
     2     1109      0.07792     24696.0274    -542.9748      5.42218     5.42218   17480.4608     4.56181      1 chain_02/itr_01109_trial_01.rho
     2     1110      0.07774     24887.8374     191.8100      5.44320     5.44320   17480.4608     4.56181      1 chain_02/itr_01110_trial_01.rho
     2     1111      0.07756     24576.3077    -311.5297      5.40902     5.40902   17480.4608     4.56181      1 chain_02/itr_01111_trial_01.rho
     2     1112      0.07738     24576.3077       0.0000      5.40902     5.40902   17480.4608     4.56181      0 -
     2     1113       0.0772     25323.6068     747.2991      5.49064     5.49064   17480.4608     4.56181      1 chain_02/itr_01113_trial_01.rho
     2     1114      0.07702     25614.1928     290.5861      5.52205     5.52205   17480.4608     4.56181      1 chain_02/itr_01114_trial_01.rho
     2     1115      0.07685     25524.3411     -89.8517      5.51236     5.51236   17480.4608     4.56181      1 chain_02/itr_01115_trial_01.rho
     2     1116      0.07667     24328.2347   -1196.1064      5.38165     5.38165   17480.4608     4.56181      1 chain_02/itr_01116_trial_01.rho
     2     1117      0.07649     24235.6885     -92.5461      5.37141     5.37141   17480.4608     4.56181      1 chain_02/itr_01117_trial_01.rho
     2     1118      0.07632     24031.3504    -204.3382      5.34871     5.34871   17480.4608     4.56181      1 chain_02/itr_01118_trial_01.rho
     2     1119      0.07614     24173.0651     141.7147      5.36446     5.36446   17480.4608     4.56181      1 chain_02/itr_01119_trial_01.rho
     2     1120      0.07597     23584.5533    -588.5118      5.29876     5.29876   17480.4608     4.56181      1 chain_02/itr_01120_trial_01.rho
     2     1121      0.07579     24312.7098     728.1565      5.37994     5.37994   17480.4608     4.56181      1 chain_02/itr_01121_trial_01.rho
     2     1122      0.07562     23480.0951    -832.6147      5.28701     5.28701   17480.4608     4.56181      1 chain_02/itr_01122_trial_01.rho
     2     1123      0.07544     24493.5366    1013.4415      5.39990     5.39990   17480.4608     4.56181      1 chain_02/itr_01123_trial_01.rho
     2     1124      0.07527     24493.5366       0.0000      5.39990     5.39990   17480.4608     4.56181      0 -
     2     1125       0.0751     25452.2708     958.7342      5.50457     5.50457   17480.4608     4.56181      1 chain_02/itr_01125_trial_01.rho
     2     1126      0.07492     25452.2708       0.0000      5.50457     5.50457   17480.4608     4.56181      0 -
     2     1127      0.07475     26356.0946     903.8239      5.60146     5.60146   17480.4608     4.56181      1 chain_02/itr_01127_trial_01.rho
     2     1128      0.07458     26356.0946       0.0000      5.60146     5.60146   17480.4608     4.56181      0 -
     2     1129      0.07441     26786.0721     429.9774      5.64696     5.64696   17480.4608     4.56181      1 chain_02/itr_01129_trial_01.rho
     2     1130      0.07424     26539.1941    -246.8780      5.62088     5.62088   17480.4608     4.56181      1 chain_02/itr_01130_trial_01.rho
     2     1131      0.07407     26218.5835    -320.6106      5.58682     5.58682   17480.4608     4.56181      1 chain_02/itr_01131_trial_01.rho
     2     1132       0.0739     26306.8087      88.2252      5.59622     5.59622   17480.4608     4.56181      1 chain_02/itr_01132_trial_01.rho
     2     1133      0.07373     26590.2353     283.4267      5.62628     5.62628   17480.4608     4.56181      1 chain_02/itr_01133_trial_01.rho
     2     1134      0.07356     27115.7120     525.4766      5.68160     5.68160   17480.4608     4.56181      1 chain_02/itr_01134_trial_01.rho
     2     1135      0.07339     27115.7120       0.0000      5.68160     5.68160   17480.4608     4.56181      0 -
     2     1136      0.07322     26405.1235    -710.5884      5.60666     5.60666   17480.4608     4.56181      1 chain_02/itr_01136_trial_01.rho
     2     1137      0.07305     25160.4630   -1244.6606      5.47293     5.47293   17480.4608     4.56181      1 chain_02/itr_01137_trial_01.rho
     2     1138      0.07288     25509.9373     349.4743      5.51081     5.51081   17480.4608     4.56181      1 chain_02/itr_01138_trial_01.rho
     2     1139      0.07271     24340.1389   -1169.7984      5.38297     5.38297   17480.4608     4.56181      1 chain_02/itr_01139_trial_01.rho
     2     1140      0.07255     24340.1389       0.0000      5.38297     5.38297   17480.4608     4.56181      0 -
     2     1141      0.07238     24091.8645    -248.2744      5.35544     5.35544   17480.4608     4.56181      1 chain_02/itr_01141_trial_01.rho
     2     1142      0.07221     24091.8645       0.0000      5.35544     5.35544   17480.4608     4.56181      0 -
     2     1143      0.07205     24839.8034     747.9390      5.43794     5.43794   17480.4608     4.56181      1 chain_02/itr_01143_trial_01.rho
     2     1144      0.07188     24929.9812      90.1778      5.44780     5.44780   17480.4608     4.56181      1 chain_02/itr_01144_trial_01.rho
     2     1145      0.07172     24929.9812       0.0000      5.44780     5.44780   17480.4608     4.56181      0 -
     2     1146      0.07155     24402.4523    -527.5289      5.38986     5.38986   17480.4608     4.56181      1 chain_02/itr_01146_trial_01.rho
     2     1147      0.07139     24187.3118    -215.1405      5.36604     5.36604   17480.4608     4.56181      1 chain_02/itr_01147_trial_01.rho
     2     1148      0.07122     23395.2312    -792.0807      5.27745     5.27745   17480.4608     4.56181      1 chain_02/itr_01148_trial_01.rho
     2     1149      0.07106     24717.5328    1322.3017      5.42454     5.42454   17480.4608     4.56181      1 chain_02/itr_01149_trial_01.rho
     2     1150       0.0709     24717.5328       0.0000      5.42454     5.42454   17480.4608     4.56181      0 -
     2     1151      0.07073     24010.5013    -707.0316      5.34639     5.34639   17480.4608     4.56181      1 chain_02/itr_01151_trial_01.rho
     2     1152      0.07057     23262.2810    -748.2202      5.26243     5.26243   17480.4608     4.56181      1 chain_02/itr_01152_trial_01.rho
     2     1153      0.07041     22718.7888    -543.4922      5.20059     5.20059   17480.4608     4.56181      1 chain_02/itr_01153_trial_01.rho
     2     1154      0.07025     22114.9519    -603.8370      5.13102     5.13102   17480.4608     4.56181      1 chain_02/itr_01154_trial_01.rho
     2     1155      0.07008     23978.0407    1863.0888      5.34278     5.34278   17480.4608     4.56181      1 chain_02/itr_01155_trial_01.rho
     2     1156      0.06992     23166.2683    -811.7724      5.25156     5.25156   17480.4608     4.56181      1 chain_02/itr_01156_trial_01.rho
     2     1157      0.06976     23273.3874     107.1191      5.26369     5.26369   17480.4608     4.56181      1 chain_02/itr_01157_trial_01.rho
     2     1158       0.0696     23273.3874       0.0000      5.26369     5.26369   17480.4608     4.56181      0 -
     2     1159      0.06944     23473.9525     200.5651      5.28632     5.28632   17480.4608     4.56181      1 chain_02/itr_01159_trial_01.rho
     2     1160      0.06928     23473.9525       0.0000      5.28632     5.28632   17480.4608     4.56181      0 -
     2     1161      0.06912     23473.9525       0.0000      5.28632     5.28632   17480.4608     4.56181      0 -
     2     1162      0.06896     24621.0645    1147.1120      5.41394     5.41394   17480.4608     4.56181      1 chain_02/itr_01162_trial_01.rho
     2     1163       0.0688     24401.4486    -219.6160      5.38974     5.38974   17480.4608     4.56181      1 chain_02/itr_01163_trial_01.rho
     2     1164      0.06865     24296.6702    -104.7784      5.37816     5.37816   17480.4608     4.56181      1 chain_02/itr_01164_trial_01.rho
     2     1165      0.06849     23892.2207    -404.4495      5.33321     5.33321   17480.4608     4.56181      1 chain_02/itr_01165_trial_01.rho
     2     1166      0.06833     25348.1983    1455.9776      5.49331     5.49331   17480.4608     4.56181      1 chain_02/itr_01166_trial_01.rho
     2     1167      0.06817     25348.1983       0.0000      5.49331     5.49331   17480.4608     4.56181      0 -
     2     1168      0.06802     25815.0811     466.8828      5.54367     5.54367   17480.4608     4.56181      1 chain_02/itr_01168_trial_01.rho
     2     1169      0.06786     25815.0811       0.0000      5.54367     5.54367   17480.4608     4.56181      0 -
     2     1170       0.0677     25782.2976     -32.7835      5.54015     5.54015   17480.4608     4.56181      1 chain_02/itr_01170_trial_01.rho
     2     1171      0.06755     24907.5345    -874.7631      5.44535     5.44535   17480.4608     4.56181      1 chain_02/itr_01171_trial_01.rho
     2     1172      0.06739     23329.7965   -1577.7381      5.27006     5.27006   17480.4608     4.56181      1 chain_02/itr_01172_trial_01.rho
     2     1173      0.06724     23329.7965       0.0000      5.27006     5.27006   17480.4608     4.56181      0 -
     2     1174      0.06708     22337.6846    -992.1118      5.15679     5.15679   17480.4608     4.56181      1 chain_02/itr_01174_trial_01.rho
     2     1175      0.06693     21853.2444    -484.4403      5.10057     5.10057   17480.4608     4.56181      1 chain_02/itr_01175_trial_01.rho
     2     1176      0.06677     22588.6873     735.4430      5.18568     5.18568   17480.4608     4.56181      1 chain_02/itr_01176_trial_01.rho
     2     1177      0.06662     22073.9437    -514.7436      5.12626     5.12626   17480.4608     4.56181      1 chain_02/itr_01177_trial_01.rho
     2     1178      0.06647     23130.8323    1056.8885      5.24754     5.24754   17480.4608     4.56181      1 chain_02/itr_01178_trial_01.rho
     2     1179      0.06631     22465.5578    -665.2745      5.17153     5.17153   17480.4608     4.56181      1 chain_02/itr_01179_trial_01.rho
     2     1180      0.06616     21374.7454   -1090.8124      5.04442     5.04442   17480.4608     4.56181      1 chain_02/itr_01180_trial_01.rho
     2     1181      0.06601     20473.6242    -901.1212      4.93694     4.93694   17480.4608     4.56181      1 chain_02/itr_01181_trial_01.rho
     2     1182      0.06586     21376.1618     902.5376      5.04458     5.04458   17480.4608     4.56181      1 chain_02/itr_01182_trial_01.rho
     2     1183      0.06571     21045.2485    -330.9133      5.00538     5.00538   17480.4608     4.56181      1 chain_02/itr_01183_trial_01.rho
     2     1184      0.06555     20868.6782    -176.5703      4.98434     4.98434   17480.4608     4.56181      1 chain_02/itr_01184_trial_01.rho
     2     1185       0.0654     20578.7301    -289.9481      4.94959     4.94959   17480.4608     4.56181      1 chain_02/itr_01185_trial_01.rho
     2     1186      0.06525     20104.3852    -474.3449      4.89222     4.89222   17480.4608     4.56181      1 chain_02/itr_01186_trial_01.rho
     2     1187       0.0651     21517.6597    1413.2745      5.06125     5.06125   17480.4608     4.56181      1 chain_02/itr_01187_trial_01.rho
     2     1188      0.06495     21481.6184     -36.0412      5.05701     5.05701   17480.4608     4.56181      1 chain_02/itr_01188_trial_01.rho
     2     1189       0.0648     21481.6184       0.0000      5.05701     5.05701   17480.4608     4.56181      0 -
     2     1190      0.06466     21185.7222    -295.8962      5.02206     5.02206   17480.4608     4.56181      1 chain_02/itr_01190_trial_01.rho
     2     1191      0.06451     20933.1732    -252.5490      4.99204     4.99204   17480.4608     4.56181      1 chain_02/itr_01191_trial_01.rho
     2     1192      0.06436     21134.8280     201.6547      5.01603     5.01603   17480.4608     4.56181      1 chain_02/itr_01192_trial_01.rho
     2     1193      0.06421     21109.6546     -25.1734      5.01304     5.01304   17480.4608     4.56181      1 chain_02/itr_01193_trial_01.rho
     2     1194      0.06406     20779.6458    -330.0087      4.97370     4.97370   17480.4608     4.56181      1 chain_02/itr_01194_trial_01.rho
     2     1195      0.06391     20035.7819    -743.8640      4.88386     4.88386   17480.4608     4.56181      1 chain_02/itr_01195_trial_01.rho
     2     1196      0.06377     20035.7819       0.0000      4.88386     4.88386   17480.4608     4.56181      0 -
     2     1197      0.06362     19740.0364    -295.7454      4.84768     4.84768   17480.4608     4.56181      1 chain_02/itr_01197_trial_01.rho
     2     1198      0.06347     20313.4055     573.3691      4.91758     4.91758   17480.4608     4.56181      1 chain_02/itr_01198_trial_01.rho
     2     1199      0.06333     20313.4055       0.0000      4.91758     4.91758   17480.4608     4.56181      0 -
     2     1200      0.06318     19889.1972    -424.2083      4.86597     4.86597   17480.4608     4.56181      1 chain_02/itr_01200_trial_01.rho
     2     1201      0.06304     19796.0695     -93.1278      4.85456     4.85456   17480.4608     4.56181      1 chain_02/itr_01201_trial_01.rho
     2     1202      0.06289     19068.7409    -727.3286      4.76454     4.76454   17480.4608     4.56181      1 chain_02/itr_01202_trial_01.rho
     2     1203      0.06275     19352.6843     283.9434      4.79989     4.79989   17480.4608     4.56181      1 chain_02/itr_01203_trial_01.rho
     2     1204       0.0626     19413.9288      61.2445      4.80748     4.80748   17480.4608     4.56181      1 chain_02/itr_01204_trial_01.rho
     2     1205      0.06246     19413.9288       0.0000      4.80748     4.80748   17480.4608     4.56181      0 -
     2     1206      0.06232     19500.2817      86.3529      4.81816     4.81816   17480.4608     4.56181      1 chain_02/itr_01206_trial_01.rho
     2     1207      0.06217     19890.6457     390.3640      4.86614     4.86614   17480.4608     4.56181      1 chain_02/itr_01207_trial_01.rho
     2     1208      0.06203     19890.6457       0.0000      4.86614     4.86614   17480.4608     4.56181      0 -
     2     1209      0.06189     20390.3423     499.6966      4.92689     4.92689   17480.4608     4.56181      1 chain_02/itr_01209_trial_01.rho
     2     1210      0.06174     21121.2740     730.9317      5.01442     5.01442   17480.4608     4.56181      1 chain_02/itr_01210_trial_01.rho
     2     1211       0.0616     22149.1883    1027.9143      5.13499     5.13499   17480.4608     4.56181      1 chain_02/itr_01211_trial_01.rho
     2     1212      0.06146     21367.6409    -781.5474      5.04358     5.04358   17480.4608     4.56181      1 chain_02/itr_01212_trial_01.rho
     2     1213      0.06132     21393.2829      25.6420      5.04660     5.04660   17480.4608     4.56181      1 chain_02/itr_01213_trial_01.rho
     2     1214      0.06118     21158.9464    -234.3364      5.01889     5.01889   17480.4608     4.56181      1 chain_02/itr_01214_trial_01.rho
     2     1215      0.06104     22193.3889    1034.4424      5.14011     5.14011   17480.4608     4.56181      1 chain_02/itr_01215_trial_01.rho
     2     1216       0.0609     21668.4741    -524.9147      5.07896     5.07896   17480.4608     4.56181      1 chain_02/itr_01216_trial_01.rho
     2     1217      0.06076     21668.4741       0.0000      5.07896     5.07896   17480.4608     4.56181      0 -
     2     1218      0.06062     21778.7692     110.2951      5.09187     5.09187   17480.4608     4.56181      1 chain_02/itr_01218_trial_01.rho
     2     1219      0.06048     21160.3000    -618.4692      5.01905     5.01905   17480.4608     4.56181      1 chain_02/itr_01219_trial_01.rho
     2     1220      0.06034     20557.4913    -602.8087      4.94704     4.94704   17480.4608     4.56181      1 chain_02/itr_01220_trial_01.rho
     2     1221       0.0602     20755.0256     197.5343      4.97075     4.97075   17480.4608     4.56181      1 chain_02/itr_01221_trial_01.rho
     2     1222      0.06006     20755.0256       0.0000      4.97075     4.97075   17480.4608     4.56181      0 -
     2     1223      0.05992     20788.0137      32.9882      4.97470     4.97470   17480.4608     4.56181      1 chain_02/itr_01223_trial_01.rho
     2     1224      0.05978     21714.8794     926.8657      5.08439     5.08439   17480.4608     4.56181      1 chain_02/itr_01224_trial_01.rho
     2     1225      0.05965     22073.6488     358.7694      5.12622     5.12622   17480.4608     4.56181      1 chain_02/itr_01225_trial_01.rho
     2     1226      0.05951     22893.5681     819.9193      5.22056     5.22056   17480.4608     4.56181      1 chain_02/itr_01226_trial_01.rho
     2     1227      0.05937     23208.7136     315.1455      5.25637     5.25637   17480.4608     4.56181      1 chain_02/itr_01227_trial_01.rho
     2     1228      0.05924     22988.1384    -220.5752      5.23133     5.23133   17480.4608     4.56181      1 chain_02/itr_01228_trial_01.rho
     2     1229       0.0591     22012.9288    -975.2096      5.11917     5.11917   17480.4608     4.56181      1 chain_02/itr_01229_trial_01.rho
     2     1230      0.05896     21945.0073     -67.9215      5.11126     5.11126   17480.4608     4.56181      1 chain_02/itr_01230_trial_01.rho
     2     1231      0.05883     21945.0073       0.0000      5.11126     5.11126   17480.4608     4.56181      0 -
     2     1232      0.05869     21945.0073       0.0000      5.11126     5.11126   17480.4608     4.56181      0 -
     2     1233      0.05856     22672.1074     727.1000      5.19525     5.19525   17480.4608     4.56181      1 chain_02/itr_01233_trial_01.rho
     2     1234      0.05842     22672.1074       0.0000      5.19525     5.19525   17480.4608     4.56181      0 -
     2     1235      0.05829     22068.7240    -603.3834      5.12565     5.12565   17480.4608     4.56181      1 chain_02/itr_01235_trial_01.rho
     2     1236      0.05816     21393.5631    -675.1609      5.04664     5.04664   17480.4608     4.56181      1 chain_02/itr_01236_trial_01.rho
     2     1237      0.05802     21860.9565     467.3934      5.10147     5.10147   17480.4608     4.56181      1 chain_02/itr_01237_trial_01.rho
     2     1238      0.05789     21578.4521    -282.5044      5.06840     5.06840   17480.4608     4.56181      1 chain_02/itr_01238_trial_01.rho
     2     1239      0.05775     21941.2708     362.8188      5.11083     5.11083   17480.4608     4.56181      1 chain_02/itr_01239_trial_01.rho
     2     1240      0.05762     22732.8968     791.6260      5.20221     5.20221   17480.4608     4.56181      1 chain_02/itr_01240_trial_01.rho
     2     1241      0.05749     22732.8968       0.0000      5.20221     5.20221   17480.4608     4.56181      0 -
     2     1242      0.05736     22732.8968       0.0000      5.20221     5.20221   17480.4608     4.56181      0 -
     2     1243      0.05723     22732.8968       0.0000      5.20221     5.20221   17480.4608     4.56181      0 -
     2     1244      0.05709     23320.4525     587.5557      5.26901     5.26901   17480.4608     4.56181      1 chain_02/itr_01244_trial_01.rho
     2     1245      0.05696     23451.6327     131.1801      5.28381     5.28381   17480.4608     4.56181      1 chain_02/itr_01245_trial_01.rho
     2     1246      0.05683     23451.6327       0.0000      5.28381     5.28381   17480.4608     4.56181      0 -
     2     1247       0.0567     21969.1383   -1482.4944      5.11407     5.11407   17480.4608     4.56181      1 chain_02/itr_01247_trial_01.rho
     2     1248      0.05657     22078.3900     109.2517      5.12677     5.12677   17480.4608     4.56181      1 chain_02/itr_01248_trial_01.rho
     2     1249      0.05644     21281.1725    -797.2175      5.03336     5.03336   17480.4608     4.56181      1 chain_02/itr_01249_trial_01.rho
     2     1250      0.05631     20455.7234    -825.4491      4.93478     4.93478   17480.4608     4.56181      1 chain_02/itr_01250_trial_01.rho
     2     1251      0.05618     20643.0723     187.3489      4.95733     4.95733   17480.4608     4.56181      1 chain_02/itr_01251_trial_01.rho
     2     1252      0.05605     20643.0723       0.0000      4.95733     4.95733   17480.4608     4.56181      0 -
     2     1253      0.05592     20936.7880     293.7156      4.99247     4.99247   17480.4608     4.56181      1 chain_02/itr_01253_trial_01.rho
     2     1254      0.05579     20992.9748      56.1869      4.99916     4.99916   17480.4608     4.56181      1 chain_02/itr_01254_trial_01.rho
     2     1255      0.05566     20256.3591    -736.6158      4.91067     4.91067   17480.4608     4.56181      1 chain_02/itr_01255_trial_01.rho
     2     1256      0.05554     20217.5445     -38.8145      4.90597     4.90597   17480.4608     4.56181      1 chain_02/itr_01256_trial_01.rho
     2     1257      0.05541     20217.5445       0.0000      4.90597     4.90597   17480.4608     4.56181      0 -
     2     1258      0.05528     21058.2630     840.7185      5.00693     5.00693   17480.4608     4.56181      1 chain_02/itr_01258_trial_01.rho
     2     1259      0.05515     21118.9935      60.7305      5.01415     5.01415   17480.4608     4.56181      1 chain_02/itr_01259_trial_01.rho
     2     1260      0.05503     21808.7177     689.7241      5.09537     5.09537   17480.4608     4.56181      1 chain_02/itr_01260_trial_01.rho
     2     1261       0.0549     21808.7177       0.0000      5.09537     5.09537   17480.4608     4.56181      0 -
     2     1262      0.05477     21977.3429     168.6252      5.11503     5.11503   17480.4608     4.56181      1 chain_02/itr_01262_trial_01.rho
     2     1263      0.05465     21042.9172    -934.4257      5.00511     5.00511   17480.4608     4.56181      1 chain_02/itr_01263_trial_01.rho
     2     1264      0.05452     20893.2507    -149.6665      4.98728     4.98728   17480.4608     4.56181      1 chain_02/itr_01264_trial_01.rho
     2     1265       0.0544     21499.1494     605.8988      5.05907     5.05907   17480.4608     4.56181      1 chain_02/itr_01265_trial_01.rho
     2     1266      0.05427     21499.1494       0.0000      5.05907     5.05907   17480.4608     4.56181      0 -
     2     1267      0.05415     21621.2551     122.1057      5.07342     5.07342   17480.4608     4.56181      1 chain_02/itr_01267_trial_01.rho
     2     1268      0.05402     22221.4725     600.2174      5.14336     5.14336   17480.4608     4.56181      1 chain_02/itr_01268_trial_01.rho
     2     1269       0.0539     22221.4725       0.0000      5.14336     5.14336   17480.4608     4.56181      0 -
     2     1270      0.05377     22683.2746     461.8022      5.19653     5.19653   17480.4608     4.56181      1 chain_02/itr_01270_trial_01.rho
     2     1271      0.05365     23321.2770     638.0023      5.26910     5.26910   17480.4608     4.56181      1 chain_02/itr_01271_trial_01.rho
     2     1272      0.05353     23321.2770       0.0000      5.26910     5.26910   17480.4608     4.56181      0 -
     2     1273       0.0534     23820.9550     499.6781      5.32525     5.32525   17480.4608     4.56181      1 chain_02/itr_01273_trial_01.rho
     2     1274      0.05328     23545.0855    -275.8695      5.29432     5.29432   17480.4608     4.56181      1 chain_02/itr_01274_trial_01.rho
     2     1275      0.05316     22356.9395   -1188.1460      5.15901     5.15901   17480.4608     4.56181      1 chain_02/itr_01275_trial_01.rho
     2     1276      0.05304     22188.7001    -168.2394      5.13956     5.13956   17480.4608     4.56181      1 chain_02/itr_01276_trial_01.rho
     2     1277      0.05291     21699.2961    -489.4039      5.08257     5.08257   17480.4608     4.56181      1 chain_02/itr_01277_trial_01.rho
     2     1278      0.05279     21699.2961       0.0000      5.08257     5.08257   17480.4608     4.56181      0 -
     2     1279      0.05267     21699.2961       0.0000      5.08257     5.08257   17480.4608     4.56181      0 -
     2     1280      0.05255     21699.2961       0.0000      5.08257     5.08257   17480.4608     4.56181      0 -
     2     1281      0.05243     23061.2888    1361.9926      5.23965     5.23965   17480.4608     4.56181      1 chain_02/itr_01281_trial_01.rho
     2     1282      0.05231     23061.2888       0.0000      5.23965     5.23965   17480.4608     4.56181      0 -
     2     1283      0.05219     23061.2888       0.0000      5.23965     5.23965   17480.4608     4.56181      0 -
     2     1284      0.05207     23061.2888       0.0000      5.23965     5.23965   17480.4608     4.56181      0 -
     2     1285      0.05195     22866.6164    -194.6724      5.21749     5.21749   17480.4608     4.56181      1 chain_02/itr_01285_trial_01.rho
     2     1286      0.05183     22866.6164       0.0000      5.21749     5.21749   17480.4608     4.56181      0 -
     2     1287      0.05171     23010.5117     143.8953      5.23388     5.23388   17480.4608     4.56181      1 chain_02/itr_01287_trial_01.rho
     2     1288      0.05159     22293.4182    -717.0935      5.15168     5.15168   17480.4608     4.56181      1 chain_02/itr_01288_trial_01.rho
     2     1289      0.05147     22530.2673     236.8491      5.17897     5.17897   17480.4608     4.56181      1 chain_02/itr_01289_trial_01.rho
     2     1290      0.05135     22841.1013     310.8340      5.21457     5.21457   17480.4608     4.56181      1 chain_02/itr_01290_trial_01.rho
     2     1291      0.05124     22841.1013       0.0000      5.21457     5.21457   17480.4608     4.56181      0 -
     2     1292      0.05112     22386.2249    -454.8764      5.16239     5.16239   17480.4608     4.56181      1 chain_02/itr_01292_trial_01.rho
     2     1293        0.051     23391.2734    1005.0485      5.27700     5.27700   17480.4608     4.56181      1 chain_02/itr_01293_trial_01.rho
     2     1294      0.05088     23391.2734       0.0000      5.27700     5.27700   17480.4608     4.56181      0 -
     2     1295      0.05077     23961.2398     569.9664      5.34091     5.34091   17480.4608     4.56181      1 chain_02/itr_01295_trial_01.rho
     2     1296      0.05065     23414.8246    -546.4152      5.27966     5.27966   17480.4608     4.56181      1 chain_02/itr_01296_trial_01.rho
     2     1297      0.05053     22251.2783   -1163.5463      5.14681     5.14681   17480.4608     4.56181      1 chain_02/itr_01297_trial_01.rho
     2     1298      0.05042     22377.6644     126.3861      5.16140     5.16140   17480.4608     4.56181      1 chain_02/itr_01298_trial_01.rho
     2     1299       0.0503     21311.9758   -1065.6887      5.03700     5.03700   17480.4608     4.56181      1 chain_02/itr_01299_trial_01.rho
     2     1300      0.05018     20836.7634    -475.2124      4.98053     4.98053   17480.4608     4.56181      1 chain_02/itr_01300_trial_01.rho
     2     1301      0.05007     20836.7634       0.0000      4.98053     4.98053   17480.4608     4.56181      0 -
     2     1302      0.04995     20997.9402     161.1769      4.99975     4.99975   17480.4608     4.56181      1 chain_02/itr_01302_trial_01.rho
     2     1303      0.04984     20997.9402       0.0000      4.99975     4.99975   17480.4608     4.56181      0 -
     2     1304      0.04972     20997.9402       0.0000      4.99975     4.99975   17480.4608     4.56181      0 -
     2     1305      0.04961     20997.9402       0.0000      4.99975     4.99975   17480.4608     4.56181      0 -
     2     1306       0.0495     22569.7429    1571.8026      5.18351     5.18351   17480.4608     4.56181      1 chain_02/itr_01306_trial_01.rho
     2     1307      0.04938     22569.7429       0.0000      5.18351     5.18351   17480.4608     4.56181      0 -
     2     1308      0.04927     22569.7429       0.0000      5.18351     5.18351   17480.4608     4.56181      0 -
     2     1309      0.04915     22770.9751     201.2323      5.20656     5.20656   17480.4608     4.56181      1 chain_02/itr_01309_trial_01.rho
     2     1310      0.04904     22790.0083      19.0332      5.20874     5.20874   17480.4608     4.56181      1 chain_02/itr_01310_trial_01.rho
     2     1311      0.04893     21817.5830    -972.4253      5.09640     5.09640   17480.4608     4.56181      1 chain_02/itr_01311_trial_01.rho
     2     1312      0.04882     20671.9648   -1145.6182      4.96079     4.96079   17480.4608     4.56181      1 chain_02/itr_01312_trial_01.rho
     2     1313       0.0487     20671.9648       0.0000      4.96079     4.96079   17480.4608     4.56181      0 -
     2     1314      0.04859     21028.3638     356.3990      5.00338     5.00338   17480.4608     4.56181      1 chain_02/itr_01314_trial_01.rho
     2     1315      0.04848     21274.9216     246.5578      5.03262     5.03262   17480.4608     4.56181      1 chain_02/itr_01315_trial_01.rho
     2     1316      0.04837     21274.9216       0.0000      5.03262     5.03262   17480.4608     4.56181      0 -
     2     1317      0.04826     21274.9216       0.0000      5.03262     5.03262   17480.4608     4.56181      0 -
     2     1318      0.04815     21274.9216       0.0000      5.03262     5.03262   17480.4608     4.56181      0 -
     2     1319      0.04804     21202.8919     -72.0297      5.02410     5.02410   17480.4608     4.56181      1 chain_02/itr_01319_trial_01.rho
     2     1320      0.04792     21202.8919       0.0000      5.02410     5.02410   17480.4608     4.56181      0 -
     2     1321      0.04781     21202.8919       0.0000      5.02410     5.02410   17480.4608     4.56181      0 -
     2     1322       0.0477     19998.2146   -1204.6774      4.87928     4.87928   17480.4608     4.56181      1 chain_02/itr_01322_trial_01.rho
     2     1323      0.04759     20714.3052     716.0906      4.96587     4.96587   17480.4608     4.56181      1 chain_02/itr_01323_trial_01.rho
     2     1324      0.04749     20293.8740    -420.4313      4.91522     4.91522   17480.4608     4.56181      1 chain_02/itr_01324_trial_01.rho
     2     1325      0.04738     20293.8740       0.0000      4.91522     4.91522   17480.4608     4.56181      0 -
     2     1326      0.04727     19612.0583    -681.8156      4.83194     4.83194   17480.4608     4.56181      1 chain_02/itr_01326_trial_01.rho
     2     1327      0.04716     20447.0329     834.9746      4.93373     4.93373   17480.4608     4.56181      1 chain_02/itr_01327_trial_01.rho
     2     1328      0.04705     21464.1802    1017.1473      5.05496     5.05496   17480.4608     4.56181      1 chain_02/itr_01328_trial_01.rho
     2     1329      0.04694     21464.1802       0.0000      5.05496     5.05496   17480.4608     4.56181      0 -
     2     1330      0.04683     21464.1802       0.0000      5.05496     5.05496   17480.4608     4.56181      0 -
     2     1331      0.04673     21995.4658     531.2856      5.11714     5.11714   17480.4608     4.56181      1 chain_02/itr_01331_trial_01.rho
     2     1332      0.04662     21995.4658       0.0000      5.11714     5.11714   17480.4608     4.56181      0 -
     2     1333      0.04651     22586.1052     590.6394      5.18539     5.18539   17480.4608     4.56181      1 chain_02/itr_01333_trial_01.rho
     2     1334       0.0464     22986.9076     400.8024      5.23119     5.23119   17480.4608     4.56181      1 chain_02/itr_01334_trial_01.rho
     2     1335       0.0463     22345.1356    -641.7720      5.15765     5.15765   17480.4608     4.56181      1 chain_02/itr_01335_trial_01.rho
     2     1336      0.04619     22345.1356       0.0000      5.15765     5.15765   17480.4608     4.56181      0 -
     2     1337      0.04608     22125.2491    -219.8865      5.13221     5.13221   17480.4608     4.56181      1 chain_02/itr_01337_trial_01.rho
     2     1338      0.04598     22125.2491       0.0000      5.13221     5.13221   17480.4608     4.56181      0 -
     2     1339      0.04587     22015.9630    -109.2861      5.11952     5.11952   17480.4608     4.56181      1 chain_02/itr_01339_trial_01.rho
     2     1340      0.04577     21690.2023    -325.7607      5.08150     5.08150   17480.4608     4.56181      1 chain_02/itr_01340_trial_01.rho
     2     1341      0.04566     21690.2023       0.0000      5.08150     5.08150   17480.4608     4.56181      0 -
     2     1342      0.04556     21920.0493     229.8470      5.10836     5.10836   17480.4608     4.56181      1 chain_02/itr_01342_trial_01.rho
     2     1343      0.04545     21971.0514      51.0021      5.11430     5.11430   17480.4608     4.56181      1 chain_02/itr_01343_trial_01.rho
     2     1344      0.04535     22347.8646     376.8131      5.15796     5.15796   17480.4608     4.56181      1 chain_02/itr_01344_trial_01.rho
     2     1345      0.04524     21912.8672    -434.9974      5.10752     5.10752   17480.4608     4.56181      1 chain_02/itr_01345_trial_01.rho
     2     1346      0.04514     21697.2476    -215.6196      5.08233     5.08233   17480.4608     4.56181      1 chain_02/itr_01346_trial_01.rho
     2     1347      0.04504     22812.9717    1115.7241      5.21136     5.21136   17480.4608     4.56181      1 chain_02/itr_01347_trial_01.rho
     2     1348      0.04493     22621.4980    -191.4737      5.18945     5.18945   17480.4608     4.56181      1 chain_02/itr_01348_trial_01.rho
     2     1349      0.04483     23333.1869     711.6889      5.27045     5.27045   17480.4608     4.56181      1 chain_02/itr_01349_trial_01.rho
     2     1350      0.04472     24159.7701     826.5832      5.36299     5.36299   17480.4608     4.56181      1 chain_02/itr_01350_trial_01.rho
     2     1351      0.04462     25277.7783    1118.0082      5.48567     5.48567   17480.4608     4.56181      1 chain_02/itr_01351_trial_01.rho
     2     1352      0.04452     24449.0640    -828.7142      5.39500     5.39500   17480.4608     4.56181      1 chain_02/itr_01352_trial_01.rho
     2     1353      0.04442     24739.6911     290.6271      5.42697     5.42697   17480.4608     4.56181      1 chain_02/itr_01353_trial_01.rho
     2     1354      0.04431     24001.4984    -738.1927      5.34539     5.34539   17480.4608     4.56181      1 chain_02/itr_01354_trial_01.rho
     2     1355      0.04421     23751.2812    -250.2172      5.31746     5.31746   17480.4608     4.56181      1 chain_02/itr_01355_trial_01.rho
     2     1356      0.04411     22839.4085    -911.8727      5.21438     5.21438   17480.4608     4.56181      1 chain_02/itr_01356_trial_01.rho
     2     1357      0.04401     22107.1177    -732.2908      5.13011     5.13011   17480.4608     4.56181      1 chain_02/itr_01357_trial_01.rho
     2     1358      0.04391     22131.4272      24.3095      5.13293     5.13293   17480.4608     4.56181      1 chain_02/itr_01358_trial_01.rho
     2     1359      0.04381     22139.0264       7.5992      5.13381     5.13381   17480.4608     4.56181      1 chain_02/itr_01359_trial_01.rho
     2     1360      0.04371     21078.5513   -1060.4751      5.00934     5.00934   17480.4608     4.56181      1 chain_02/itr_01360_trial_01.rho
     2     1361      0.04361     20913.2576    -165.2937      4.98966     4.98966   17480.4608     4.56181      1 chain_02/itr_01361_trial_01.rho
     2     1362      0.04351     21297.4423     384.1847      5.03529     5.03529   17480.4608     4.56181      1 chain_02/itr_01362_trial_01.rho
     2     1363      0.04341     21297.4423       0.0000      5.03529     5.03529   17480.4608     4.56181      0 -
     2     1364      0.04331     21811.1041     513.6618      5.09565     5.09565   17480.4608     4.56181      1 chain_02/itr_01364_trial_01.rho
     2     1365      0.04321     21811.1041       0.0000      5.09565     5.09565   17480.4608     4.56181      0 -
     2     1366      0.04311     20371.2281   -1439.8760      4.92458     4.92458   17480.4608     4.56181      1 chain_02/itr_01366_trial_01.rho
     2     1367      0.04301     20164.9690    -206.2591      4.89958     4.89958   17480.4608     4.56181      1 chain_02/itr_01367_trial_01.rho
     2     1368      0.04291     20613.0492     448.0802      4.95372     4.95372   17480.4608     4.56181      1 chain_02/itr_01368_trial_01.rho
     2     1369      0.04281     20613.0492       0.0000      4.95372     4.95372   17480.4608     4.56181      0 -
     2     1370      0.04271     21139.3622     526.3130      5.01656     5.01656   17480.4608     4.56181      1 chain_02/itr_01370_trial_01.rho
     2     1371      0.04261     20891.6522    -247.7100      4.98708     4.98708   17480.4608     4.56181      1 chain_02/itr_01371_trial_01.rho
     2     1372      0.04252     20431.3488    -460.3033      4.93184     4.93184   17480.4608     4.56181      1 chain_02/itr_01372_trial_01.rho
     2     1373      0.04242     20431.3488       0.0000      4.93184     4.93184   17480.4608     4.56181      0 -
     2     1374      0.04232     20475.5504      44.2016      4.93717     4.93717   17480.4608     4.56181      1 chain_02/itr_01374_trial_01.rho
     2     1375      0.04222     20475.5504       0.0000      4.93717     4.93717   17480.4608     4.56181      0 -
     2     1376      0.04213     20750.3478     274.7974      4.97019     4.97019   17480.4608     4.56181      1 chain_02/itr_01376_trial_01.rho
     2     1377      0.04203     20750.3478       0.0000      4.97019     4.97019   17480.4608     4.56181      0 -
     2     1378      0.04193     20546.4004    -203.9474      4.94571     4.94571   17480.4608     4.56181      1 chain_02/itr_01378_trial_01.rho
     2     1379      0.04184     20829.9885     283.5881      4.97972     4.97972   17480.4608     4.56181      1 chain_02/itr_01379_trial_01.rho
     2     1380      0.04174     20459.4931    -370.4954      4.93523     4.93523   17480.4608     4.56181      1 chain_02/itr_01380_trial_01.rho
     2     1381      0.04164     19182.4776   -1277.0156      4.77873     4.77873   17480.4608     4.56181      1 chain_02/itr_01381_trial_01.rho
     2     1382      0.04155     19182.4776       0.0000      4.77873     4.77873   17480.4608     4.56181      0 -
     2     1383      0.04145     19335.2541     152.7765      4.79772     4.79772   17480.4608     4.56181      1 chain_02/itr_01383_trial_01.rho
     2     1384      0.04136     19028.7158    -306.5383      4.75954     4.75954   17480.4608     4.56181      1 chain_02/itr_01384_trial_01.rho
     2     1385      0.04126     19261.0634     232.3476      4.78851     4.78851   17480.4608     4.56181      1 chain_02/itr_01385_trial_01.rho
     2     1386      0.04117     19261.0634       0.0000      4.78851     4.78851   17480.4608     4.56181      0 -
     2     1387      0.04107     19560.4268     299.3634      4.82558     4.82558   17480.4608     4.56181      1 chain_02/itr_01387_trial_01.rho
     2     1388      0.04098     19560.4268       0.0000      4.82558     4.82558   17480.4608     4.56181      0 -
     2     1389      0.04088     19662.5991     102.1723      4.83817     4.83817   17480.4608     4.56181      1 chain_02/itr_01389_trial_01.rho
     2     1390      0.04079     19339.3993    -323.1997      4.79824     4.79824   17480.4608     4.56181      1 chain_02/itr_01390_trial_01.rho
     2     1391      0.04069     19171.0775    -168.3218      4.77731     4.77731   17480.4608     4.56181      1 chain_02/itr_01391_trial_01.rho
     2     1392       0.0406     19171.0775       0.0000      4.77731     4.77731   17480.4608     4.56181      0 -
     2     1393      0.04051     19171.0775       0.0000      4.77731     4.77731   17480.4608     4.56181      0 -
     2     1394      0.04041     19211.5248      40.4473      4.78235     4.78235   17480.4608     4.56181      1 chain_02/itr_01394_trial_01.rho
     2     1395      0.04032     19211.5248       0.0000      4.78235     4.78235   17480.4608     4.56181      0 -
     2     1396      0.04023     19211.5248       0.0000      4.78235     4.78235   17480.4608     4.56181      0 -
     2     1397      0.04014     19211.5248       0.0000      4.78235     4.78235   17480.4608     4.56181      0 -
     2     1398      0.04004     18854.3883    -357.1365      4.73769     4.73769   17480.4608     4.56181      1 chain_02/itr_01398_trial_01.rho
     2     1399      0.03995     19164.5416     310.1533      4.77650     4.77650   17480.4608     4.56181      1 chain_02/itr_01399_trial_01.rho
     2     1400      0.03986     18115.3689   -1049.1727      4.64391     4.64391   17480.4608     4.56181      1 chain_02/itr_01400_trial_01.rho
     2     1401      0.03977     18785.9208     670.5519      4.72908     4.72908   17480.4608     4.56181      1 chain_02/itr_01401_trial_01.rho
     2     1402      0.03968     18814.0137      28.0929      4.73261     4.73261   17480.4608     4.56181      1 chain_02/itr_01402_trial_01.rho
     2     1403      0.03959     18959.2025     145.1888      4.75084     4.75084   17480.4608     4.56181      1 chain_02/itr_01403_trial_01.rho
     2     1404      0.03949     19641.2937     682.0913      4.83554     4.83554   17480.4608     4.56181      1 chain_02/itr_01404_trial_01.rho
     2     1405       0.0394     19887.0711     245.7773      4.86570     4.86570   17480.4608     4.56181      1 chain_02/itr_01405_trial_01.rho
     2     1406      0.03931     19887.0711       0.0000      4.86570     4.86570   17480.4608     4.56181      0 -
     2     1407      0.03922     19887.0711       0.0000      4.86570     4.86570   17480.4608     4.56181      0 -
     2     1408      0.03913     19887.0711       0.0000      4.86570     4.86570   17480.4608     4.56181      0 -
     2     1409      0.03904     19836.1469     -50.9241      4.85947     4.85947   17480.4608     4.56181      1 chain_02/itr_01409_trial_01.rho
     2     1410      0.03895     19705.5403    -130.6067      4.84345     4.84345   17480.4608     4.56181      1 chain_02/itr_01410_trial_01.rho
     2     1411      0.03886     19705.5403       0.0000      4.84345     4.84345   17480.4608     4.56181      0 -
     2     1412      0.03877     19705.5403       0.0000      4.84345     4.84345   17480.4608     4.56181      0 -
     2     1413      0.03868     19705.5403       0.0000      4.84345     4.84345   17480.4608     4.56181      0 -
     2     1414      0.03859     19638.0631     -67.4771      4.83515     4.83515   17480.4608     4.56181      1 chain_02/itr_01414_trial_01.rho
     2     1415      0.03851     19669.3613      31.2982      4.83900     4.83900   17480.4608     4.56181      1 chain_02/itr_01415_trial_01.rho
     2     1416      0.03842     20168.0136     498.6523      4.89995     4.89995   17480.4608     4.56181      1 chain_02/itr_01416_trial_01.rho
     2     1417      0.03833     20168.0136       0.0000      4.89995     4.89995   17480.4608     4.56181      0 -
     2     1418      0.03824     20168.0136       0.0000      4.89995     4.89995   17480.4608     4.56181      0 -
     2     1419      0.03815     19762.0503    -405.9633      4.85039     4.85039   17480.4608     4.56181      1 chain_02/itr_01419_trial_01.rho
     2     1420      0.03807     18841.6008    -920.4494      4.73608     4.73608   17480.4608     4.56181      1 chain_02/itr_01420_trial_01.rho
     2     1421      0.03798     18841.6008       0.0000      4.73608     4.73608   17480.4608     4.56181      0 -
     2     1422      0.03789     19558.9263     717.3254      4.82539     4.82539   17480.4608     4.56181      1 chain_02/itr_01422_trial_01.rho
     2     1423       0.0378     19558.9263       0.0000      4.82539     4.82539   17480.4608     4.56181      0 -
     2     1424      0.03772     19558.9263       0.0000      4.82539     4.82539   17480.4608     4.56181      0 -
     2     1425      0.03763     19558.9263       0.0000      4.82539     4.82539   17480.4608     4.56181      0 -
     2     1426      0.03754     19523.8980     -35.0283      4.82107     4.82107   17480.4608     4.56181      1 chain_02/itr_01426_trial_01.rho
     2     1427      0.03746     20303.3660     779.4680      4.91637     4.91637   17480.4608     4.56181      1 chain_02/itr_01427_trial_01.rho
     2     1428      0.03737     19331.2940    -972.0720      4.79723     4.79723   17480.4608     4.56181      1 chain_02/itr_01428_trial_01.rho
     2     1429      0.03728     19331.2940       0.0000      4.79723     4.79723   17480.4608     4.56181      0 -
     2     1430       0.0372     19331.2940       0.0000      4.79723     4.79723   17480.4608     4.56181      0 -
     2     1431      0.03711     19303.8559     -27.4381      4.79383     4.79383   17480.4608     4.56181      1 chain_02/itr_01431_trial_01.rho
     2     1432      0.03703     17765.4145   -1538.4414      4.59884     4.59884   17480.4608     4.56181      1 chain_02/itr_01432_trial_01.rho
     2     1433      0.03694     17765.4145       0.0000      4.59884     4.59884   17480.4608     4.56181      0 -
     2     1434      0.03686     18506.2277     740.8133      4.69374     4.69374   17480.4608     4.56181      1 chain_02/itr_01434_trial_01.rho
     2     1435      0.03677     17450.8759   -1055.3519      4.55794     4.55794   17450.8759     4.55794      1 chain_02/itr_01435_trial_01.rho
     2     1436      0.03669     17705.3969     254.5210      4.59106     4.59106   17450.8759     4.55794      1 chain_02/itr_01436_trial_01.rho
     2     1437       0.0366     17558.9013    -146.4956      4.57203     4.57203   17450.8759     4.55794      1 chain_02/itr_01437_trial_01.rho
     2     1438      0.03652     18489.8400     930.9386      4.69166     4.69166   17450.8759     4.55794      1 chain_02/itr_01438_trial_01.rho
     2     1439      0.03644     18489.8400       0.0000      4.69166     4.69166   17450.8759     4.55794      0 -
     2     1440      0.03635     18489.8400       0.0000      4.69166     4.69166   17450.8759     4.55794      0 -
     2     1441      0.03627     18489.8400       0.0000      4.69166     4.69166   17450.8759     4.55794      0 -
     2     1442      0.03618     19116.0383     626.1984      4.77045     4.77045   17450.8759     4.55794      1 chain_02/itr_01442_trial_01.rho
     2     1443       0.0361     19622.1229     506.0845      4.83318     4.83318   17450.8759     4.55794      1 chain_02/itr_01443_trial_01.rho
     2     1444      0.03602     19622.1229       0.0000      4.83318     4.83318   17450.8759     4.55794      0 -
     2     1445      0.03594     20022.2022     400.0793      4.88221     4.88221   17450.8759     4.55794      1 chain_02/itr_01445_trial_01.rho
     2     1446      0.03585     20022.2022       0.0000      4.88221     4.88221   17450.8759     4.55794      0 -
     2     1447      0.03577     19007.8066   -1014.3955      4.75693     4.75693   17450.8759     4.55794      1 chain_02/itr_01447_trial_01.rho
     2     1448      0.03569     19007.8066       0.0000      4.75693     4.75693   17450.8759     4.55794      0 -
     2     1449      0.03561     19007.8066       0.0000      4.75693     4.75693   17450.8759     4.55794      0 -
     2     1450      0.03552     19359.7632     351.9566      4.80076     4.80076   17450.8759     4.55794      1 chain_02/itr_01450_trial_01.rho
     2     1451      0.03544     19359.7632       0.0000      4.80076     4.80076   17450.8759     4.55794      0 -
     2     1452      0.03536     19942.7398     582.9766      4.87251     4.87251   17450.8759     4.55794      1 chain_02/itr_01452_trial_01.rho
     2     1453      0.03528     19693.4899    -249.2499      4.84197     4.84197   17450.8759     4.55794      1 chain_02/itr_01453_trial_01.rho
     2     1454       0.0352     19693.4899       0.0000      4.84197     4.84197   17450.8759     4.55794      0 -
     2     1455      0.03512     19666.2261     -27.2638      4.83861     4.83861   17450.8759     4.55794      1 chain_02/itr_01455_trial_01.rho
     2     1456      0.03504     19666.2261       0.0000      4.83861     4.83861   17450.8759     4.55794      0 -
     2     1457      0.03496     19479.8533    -186.3728      4.81563     4.81563   17450.8759     4.55794      1 chain_02/itr_01457_trial_01.rho
     2     1458      0.03487     19823.7675     343.9142      4.85795     4.85795   17450.8759     4.55794      1 chain_02/itr_01458_trial_01.rho
     2     1459      0.03479     19823.7675       0.0000      4.85795     4.85795   17450.8759     4.55794      0 -
     2     1460      0.03471     19759.2581     -64.5093      4.85004     4.85004   17450.8759     4.55794      1 chain_02/itr_01460_trial_01.rho
     2     1461      0.03463     19759.2581       0.0000      4.85004     4.85004   17450.8759     4.55794      0 -
     2     1462      0.03456     19167.0187    -592.2395      4.77681     4.77681   17450.8759     4.55794      1 chain_02/itr_01462_trial_01.rho
     2     1463      0.03448     19163.4598      -3.5589      4.77636     4.77636   17450.8759     4.55794      1 chain_02/itr_01463_trial_01.rho
     2     1464       0.0344     19431.4801     268.0202      4.80965     4.80965   17450.8759     4.55794      1 chain_02/itr_01464_trial_01.rho
     2     1465      0.03432     19020.1883    -411.2917      4.75847     4.75847   17450.8759     4.55794      1 chain_02/itr_01465_trial_01.rho
     2     1466      0.03424     18769.6290    -250.5593      4.72703     4.72703   17450.8759     4.55794      1 chain_02/itr_01466_trial_01.rho
     2     1467      0.03416     18022.9484    -746.6806      4.63205     4.63205   17450.8759     4.55794      1 chain_02/itr_01467_trial_01.rho
     2     1468      0.03408     18161.2167     138.2683      4.64978     4.64978   17450.8759     4.55794      1 chain_02/itr_01468_trial_01.rho
     2     1469        0.034     18161.2167       0.0000      4.64978     4.64978   17450.8759     4.55794      0 -
     2     1470      0.03392     17715.4832    -445.7335      4.59237     4.59237   17450.8759     4.55794      1 chain_02/itr_01470_trial_01.rho
     2     1471      0.03385     17730.0406      14.5574      4.59426     4.59426   17450.8759     4.55794      1 chain_02/itr_01471_trial_01.rho
     2     1472      0.03377     18513.2926     783.2519      4.69464     4.69464   17450.8759     4.55794      1 chain_02/itr_01472_trial_01.rho
     2     1473      0.03369     19193.1304     679.8378      4.78006     4.78006   17450.8759     4.55794      1 chain_02/itr_01473_trial_01.rho
     2     1474      0.03361     19193.1304       0.0000      4.78006     4.78006   17450.8759     4.55794      0 -
     2     1475      0.03354     20500.6025    1307.4722      4.94019     4.94019   17450.8759     4.55794      1 chain_02/itr_01475_trial_01.rho
     2     1476      0.03346     20500.6025       0.0000      4.94019     4.94019   17450.8759     4.55794      0 -
     2     1477      0.03338     21885.5788    1384.9763      5.10434     5.10434   17450.8759     4.55794      1 chain_02/itr_01477_trial_01.rho
     2     1478       0.0333     21885.5788       0.0000      5.10434     5.10434   17450.8759     4.55794      0 -
     2     1479      0.03323     21916.2333      30.6545      5.10791     5.10791   17450.8759     4.55794      1 chain_02/itr_01479_trial_01.rho
     2     1480      0.03315     21149.8751    -766.3582      5.01781     5.01781   17450.8759     4.55794      1 chain_02/itr_01480_trial_01.rho
     2     1481      0.03308     21149.8751       0.0000      5.01781     5.01781   17450.8759     4.55794      0 -
     2     1482        0.033     20342.1938    -807.6812      4.92107     4.92107   17450.8759     4.55794      1 chain_02/itr_01482_trial_01.rho
     2     1483      0.03292     20540.8561     198.6623      4.94504     4.94504   17450.8759     4.55794      1 chain_02/itr_01483_trial_01.rho
     2     1484      0.03285     19441.0291   -1099.8270      4.81083     4.81083   17450.8759     4.55794      1 chain_02/itr_01484_trial_01.rho
     2     1485      0.03277     19441.0291       0.0000      4.81083     4.81083   17450.8759     4.55794      0 -
     2     1486       0.0327     19315.3587    -125.6704      4.79526     4.79526   17450.8759     4.55794      1 chain_02/itr_01486_trial_01.rho
     2     1487      0.03262     18745.6237    -569.7351      4.72400     4.72400   17450.8759     4.55794      1 chain_02/itr_01487_trial_01.rho
     2     1488      0.03255     18625.7071    -119.9165      4.70887     4.70887   17450.8759     4.55794      1 chain_02/itr_01488_trial_01.rho
     2     1489      0.03247     18346.8646    -278.8425      4.67349     4.67349   17450.8759     4.55794      1 chain_02/itr_01489_trial_01.rho
     2     1490       0.0324     18208.1220    -138.7426      4.65579     4.65579   17450.8759     4.55794      1 chain_02/itr_01490_trial_01.rho
     2     1491      0.03232     17928.4772    -279.6448      4.61989     4.61989   17450.8759     4.55794      1 chain_02/itr_01491_trial_01.rho
     2     1492      0.03225     16719.3621   -1209.1151      4.46139     4.46139   16719.3621     4.46139      1 chain_02/itr_01492_trial_01.rho
     2     1493      0.03217     16638.9730     -80.3891      4.45065     4.45065   16638.9730     4.45065      1 chain_02/itr_01493_trial_01.rho
     2     1494       0.0321     16638.9730       0.0000      4.45065     4.45065   16638.9730     4.45065      0 -
     2     1495      0.03203     16620.1127     -18.8603      4.44813     4.44813   16620.1127     4.44813      1 chain_02/itr_01495_trial_01.rho
     2     1496      0.03195     16620.1127       0.0000      4.44813     4.44813   16620.1127     4.44813      0 -
     2     1497      0.03188     17108.2255     488.1128      4.51297     4.51297   16620.1127     4.44813      1 chain_02/itr_01497_trial_01.rho
     2     1498      0.03181     17620.3986     512.1731      4.58003     4.58003   16620.1127     4.44813      1 chain_02/itr_01498_trial_01.rho
     2     1499      0.03173     17335.7633    -284.6353      4.54289     4.54289   16620.1127     4.44813      1 chain_02/itr_01499_trial_01.rho
     2     1500      0.03166     17335.7633       0.0000      4.54289     4.54289   16620.1127     4.44813      0 -
     2     1501      0.03159     17295.0588     -40.7046      4.53755     4.53755   16620.1127     4.44813      1 chain_02/itr_01501_trial_01.rho
     2     1502      0.03151     17043.1692    -251.8895      4.50439     4.50439   16620.1127     4.44813      1 chain_02/itr_01502_trial_01.rho
     2     1503      0.03144     16650.0340    -393.1352      4.45213     4.45213   16620.1127     4.44813      1 chain_02/itr_01503_trial_01.rho
     2     1504      0.03137     16650.0340       0.0000      4.45213     4.45213   16620.1127     4.44813      0 -
     2     1505       0.0313     16556.7901     -93.2439      4.43965     4.43965   16556.7901     4.43965      1 chain_02/itr_01505_trial_01.rho
     2     1506      0.03122     16000.4858    -556.3043      4.36442     4.36442   16000.4858     4.36442      1 chain_02/itr_01506_trial_01.rho
     2     1507      0.03115     15781.9014    -218.5844      4.33451     4.33451   15781.9014     4.33451      1 chain_02/itr_01507_trial_01.rho
     2     1508      0.03108     15742.7056     -39.1958      4.32912     4.32912   15742.7056     4.32912      1 chain_02/itr_01508_trial_01.rho
     2     1509      0.03101     15516.9567    -225.7488      4.29797     4.29797   15516.9567     4.29797      1 chain_02/itr_01509_trial_01.rho
     2     1510      0.03094     15645.1796     128.2229      4.31569     4.31569   15516.9567     4.29797      1 chain_02/itr_01510_trial_01.rho
     2     1511      0.03087     15645.1796       0.0000      4.31569     4.31569   15516.9567     4.29797      0 -
     2     1512       0.0308     15645.1796       0.0000      4.31569     4.31569   15516.9567     4.29797      0 -
     2     1513      0.03073     14428.6255   -1216.5541      4.14451     4.14451   14428.6255     4.14451      1 chain_02/itr_01513_trial_01.rho
     2     1514      0.03065     14428.6255       0.0000      4.14451     4.14451   14428.6255     4.14451      0 -
     2     1515      0.03058     14166.8583    -261.7672      4.10674     4.10674   14166.8583     4.10674      1 chain_02/itr_01515_trial_01.rho
     2     1516      0.03051     14166.8583       0.0000      4.10674     4.10674   14166.8583     4.10674      0 -
     2     1517      0.03044     14358.1049     191.2466      4.13437     4.13437   14166.8583     4.10674      1 chain_02/itr_01517_trial_01.rho
     2     1518      0.03037     14358.1049       0.0000      4.13437     4.13437   14166.8583     4.10674      0 -
     2     1519       0.0303     14358.1049       0.0000      4.13437     4.13437   14166.8583     4.10674      0 -
     2     1520      0.03023     14358.1049       0.0000      4.13437     4.13437   14166.8583     4.10674      0 -
     2     1521      0.03016     14477.8740     119.7691      4.15157     4.15157   14166.8583     4.10674      1 chain_02/itr_01521_trial_01.rho
     2     1522      0.03009     14477.8740       0.0000      4.15157     4.15157   14166.8583     4.10674      0 -
     2     1523      0.03003     14477.8740       0.0000      4.15157     4.15157   14166.8583     4.10674      0 -
     2     1524      0.02996     14477.8740       0.0000      4.15157     4.15157   14166.8583     4.10674      0 -
     2     1525      0.02989     14477.8740       0.0000      4.15157     4.15157   14166.8583     4.10674      0 -
     2     1526      0.02982     14282.4965    -195.3775      4.12347     4.12347   14166.8583     4.10674      1 chain_02/itr_01526_trial_01.rho
     2     1527      0.02975     14515.4094     232.9129      4.15695     4.15695   14166.8583     4.10674      1 chain_02/itr_01527_trial_01.rho
     2     1528      0.02968     14524.0904       8.6810      4.15819     4.15819   14166.8583     4.10674      1 chain_02/itr_01528_trial_01.rho
     2     1529      0.02961     14138.4634    -385.6270      4.10262     4.10262   14138.4634     4.10262      1 chain_02/itr_01529_trial_01.rho
     2     1530      0.02955     14129.0434      -9.4200      4.10125     4.10125   14129.0434     4.10125      1 chain_02/itr_01530_trial_01.rho
     2     1531      0.02948     14003.2256    -125.8178      4.08295     4.08295   14003.2256     4.08295      1 chain_02/itr_01531_trial_01.rho
     2     1532      0.02941     13910.1347     -93.0909      4.06936     4.06936   13910.1347     4.06936      1 chain_02/itr_01532_trial_01.rho
     2     1533      0.02934     14048.8456     138.7109      4.08960     4.08960   13910.1347     4.06936      1 chain_02/itr_01533_trial_01.rho
     2     1534      0.02927     14048.8456       0.0000      4.08960     4.08960   13910.1347     4.06936      0 -
     2     1535      0.02921     13907.3230    -141.5226      4.06895     4.06895   13907.3230     4.06895      1 chain_02/itr_01535_trial_01.rho
     2     1536      0.02914     13907.3230       0.0000      4.06895     4.06895   13907.3230     4.06895      0 -
     2     1537      0.02907     13907.3230       0.0000      4.06895     4.06895   13907.3230     4.06895      0 -
     2     1538      0.02901     13907.3230       0.0000      4.06895     4.06895   13907.3230     4.06895      0 -
     2     1539      0.02894     13907.3230       0.0000      4.06895     4.06895   13907.3230     4.06895      0 -
     2     1540      0.02887     14352.4266     445.1036      4.13355     4.13355   13907.3230     4.06895      1 chain_02/itr_01540_trial_01.rho
     2     1541      0.02881     13987.3247    -365.1019      4.08063     4.08063   13907.3230     4.06895      1 chain_02/itr_01541_trial_01.rho
     2     1542      0.02874     13788.6183    -198.7064      4.05155     4.05155   13788.6183     4.05155      1 chain_02/itr_01542_trial_01.rho
     2     1543      0.02867     14322.7761     534.1578      4.12928     4.12928   13788.6183     4.05155      1 chain_02/itr_01543_trial_01.rho
     2     1544      0.02861     13927.9831    -394.7930      4.07197     4.07197   13788.6183     4.05155      1 chain_02/itr_01544_trial_01.rho
     2     1545      0.02854     14320.6161     392.6330      4.12897     4.12897   13788.6183     4.05155      1 chain_02/itr_01545_trial_01.rho
     2     1546      0.02848     14320.6161       0.0000      4.12897     4.12897   13788.6183     4.05155      0 -
     2     1547      0.02841     14249.0824     -71.5337      4.11864     4.11864   13788.6183     4.05155      1 chain_02/itr_01547_trial_01.rho
     2     1548      0.02835     14249.0824       0.0000      4.11864     4.11864   13788.6183     4.05155      0 -
     2     1549      0.02828     14249.0824       0.0000      4.11864     4.11864   13788.6183     4.05155      0 -
     2     1550      0.02822     14249.0824       0.0000      4.11864     4.11864   13788.6183     4.05155      0 -
     2     1551      0.02815     14249.0824       0.0000      4.11864     4.11864   13788.6183     4.05155      0 -
     2     1552      0.02809     14164.8726     -84.2098      4.10645     4.10645   13788.6183     4.05155      1 chain_02/itr_01552_trial_01.rho
     2     1553      0.02802     14164.8726       0.0000      4.10645     4.10645   13788.6183     4.05155      0 -
     2     1554      0.02796     14395.7809     230.9084      4.13979     4.13979   13788.6183     4.05155      1 chain_02/itr_01554_trial_01.rho
     2     1555      0.02789     14613.4279     217.6469      4.17096     4.17096   13788.6183     4.05155      1 chain_02/itr_01555_trial_01.rho
     2     1556      0.02783     14127.7368    -485.6911      4.10107     4.10107   13788.6183     4.05155      1 chain_02/itr_01556_trial_01.rho
     2     1557      0.02776     14127.7368       0.0000      4.10107     4.10107   13788.6183     4.05155      0 -
     2     1558       0.0277     13271.8417    -855.8950      3.97490     3.97490   13271.8417     3.97490      1 chain_02/itr_01558_trial_01.rho
     2     1559      0.02764     14007.4749     735.6332      4.08357     4.08357   13271.8417     3.97490      1 chain_02/itr_01559_trial_01.rho
     2     1560      0.02757     13485.2176    -522.2573      4.00672     4.00672   13271.8417     3.97490      1 chain_02/itr_01560_trial_01.rho
     2     1561      0.02751     14032.8100     547.5924      4.08726     4.08726   13271.8417     3.97490      1 chain_02/itr_01561_trial_01.rho
     2     1562      0.02745     13065.3719    -967.4381      3.94386     3.94386   13065.3719     3.94386      1 chain_02/itr_01562_trial_01.rho
     2     1563      0.02738     13065.3719       0.0000      3.94386     3.94386   13065.3719     3.94386      0 -
     2     1564      0.02732     13065.3719       0.0000      3.94386     3.94386   13065.3719     3.94386      0 -
     2     1565      0.02726     13065.3719       0.0000      3.94386     3.94386   13065.3719     3.94386      0 -
     2     1566      0.02719     13653.3684     587.9964      4.03163     4.03163   13065.3719     3.94386      1 chain_02/itr_01566_trial_01.rho
     2     1567      0.02713     13833.3334     179.9650      4.05811     4.05811   13065.3719     3.94386      1 chain_02/itr_01567_trial_01.rho
     2     1568      0.02707     13833.3334       0.0000      4.05811     4.05811   13065.3719     3.94386      0 -
     2     1569      0.02701     13224.8445    -608.4888      3.96785     3.96785   13065.3719     3.94386      1 chain_02/itr_01569_trial_01.rho
     2     1570      0.02694     12702.8258    -522.0187      3.88875     3.88875   12702.8258     3.88875      1 chain_02/itr_01570_trial_01.rho
     2     1571      0.02688     12702.8258       0.0000      3.88875     3.88875   12702.8258     3.88875      0 -
     2     1572      0.02682     12716.9454      14.1195      3.89092     3.89092   12702.8258     3.88875      1 chain_02/itr_01572_trial_01.rho
     2     1573      0.02676     12219.4756    -497.4697      3.81405     3.81405   12219.4756     3.81405      1 chain_02/itr_01573_trial_01.rho
     2     1574       0.0267     12219.4756       0.0000      3.81405     3.81405   12219.4756     3.81405      0 -
     2     1575      0.02664     12409.2800     189.8044      3.84356     3.84356   12219.4756     3.81405      1 chain_02/itr_01575_trial_01.rho
     2     1576      0.02658     12409.2800       0.0000      3.84356     3.84356   12219.4756     3.81405      0 -
     2     1577      0.02651     12409.2800       0.0000      3.84356     3.84356   12219.4756     3.81405      0 -
     2     1578      0.02645     12376.2803     -32.9997      3.83845     3.83845   12219.4756     3.81405      1 chain_02/itr_01578_trial_01.rho
     2     1579      0.02639     12376.2803       0.0000      3.83845     3.83845   12219.4756     3.81405      0 -
     2     1580      0.02633     12376.2803       0.0000      3.83845     3.83845   12219.4756     3.81405      0 -
     2     1581      0.02627     12376.2803       0.0000      3.83845     3.83845   12219.4756     3.81405      0 -
     2     1582      0.02621     11735.6611    -640.6192      3.73778     3.73778   11735.6611     3.73778      1 chain_02/itr_01582_trial_01.rho
     2     1583      0.02615     12123.8439     388.1828      3.79910     3.79910   11735.6611     3.73778      1 chain_02/itr_01583_trial_01.rho
     2     1584      0.02609     11418.1752    -705.6687      3.68688     3.68688   11418.1752     3.68688      1 chain_02/itr_01584_trial_01.rho
     2     1585      0.02603     11331.1607     -87.0144      3.67280     3.67280   11331.1607     3.67280      1 chain_02/itr_01585_trial_01.rho
     2     1586      0.02597     11331.1607       0.0000      3.67280     3.67280   11331.1607     3.67280      0 -
     2     1587      0.02591     11418.5222      87.3615      3.68693     3.68693   11331.1607     3.67280      1 chain_02/itr_01587_trial_01.rho
     2     1588      0.02585     10697.2135    -721.3087      3.56858     3.56858   10697.2135     3.56858      1 chain_02/itr_01588_trial_01.rho
     2     1589      0.02579     10777.3807      80.1671      3.58193     3.58193   10697.2135     3.56858      1 chain_02/itr_01589_trial_01.rho
     2     1590      0.02573     10872.6464      95.2657      3.59773     3.59773   10697.2135     3.56858      1 chain_02/itr_01590_trial_01.rho
     2     1591      0.02567     10872.6464       0.0000      3.59773     3.59773   10697.2135     3.56858      0 -
     2     1592      0.02561     10872.6464       0.0000      3.59773     3.59773   10697.2135     3.56858      0 -
     2     1593      0.02555     10872.6464       0.0000      3.59773     3.59773   10697.2135     3.56858      0 -
     2     1594       0.0255     10872.6464       0.0000      3.59773     3.59773   10697.2135     3.56858      0 -
     2     1595      0.02544     10778.3650     -94.2814      3.58209     3.58209   10697.2135     3.56858      1 chain_02/itr_01595_trial_01.rho
     2     1596      0.02538     10778.3650       0.0000      3.58209     3.58209   10697.2135     3.56858      0 -
     2     1597      0.02532     10778.3650       0.0000      3.58209     3.58209   10697.2135     3.56858      0 -
     2     1598      0.02526     10778.3650       0.0000      3.58209     3.58209   10697.2135     3.56858      0 -
     2     1599       0.0252     10778.3650       0.0000      3.58209     3.58209   10697.2135     3.56858      0 -
     2     1600      0.02515     10778.3650       0.0000      3.58209     3.58209   10697.2135     3.56858      0 -
     2     1601      0.02509     10888.9272     110.5622      3.60042     3.60042   10697.2135     3.56858      1 chain_02/itr_01601_trial_01.rho
     2     1602      0.02503     10888.9272       0.0000      3.60042     3.60042   10697.2135     3.56858      0 -
     2     1603      0.02497     11239.1918     350.2647      3.65787     3.65787   10697.2135     3.56858      1 chain_02/itr_01603_trial_01.rho
     2     1604      0.02492     11239.1918       0.0000      3.65787     3.65787   10697.2135     3.56858      0 -
     2     1605      0.02486     11346.2462     107.0544      3.67525     3.67525   10697.2135     3.56858      1 chain_02/itr_01605_trial_01.rho
     2     1606       0.0248     11259.2339     -87.0123      3.66113     3.66113   10697.2135     3.56858      1 chain_02/itr_01606_trial_01.rho
     2     1607      0.02474     11259.2339       0.0000      3.66113     3.66113   10697.2135     3.56858      0 -
     2     1608      0.02469     10711.5609    -547.6730      3.57097     3.57097   10697.2135     3.56858      1 chain_02/itr_01608_trial_01.rho
     2     1609      0.02463     10711.5609       0.0000      3.57097     3.57097   10697.2135     3.56858      0 -
     2     1610      0.02457     10685.6721     -25.8889      3.56666     3.56666   10685.6721     3.56666      1 chain_02/itr_01610_trial_01.rho
     2     1611      0.02452     10620.3445     -65.3276      3.55574     3.55574   10620.3445     3.55574      1 chain_02/itr_01611_trial_01.rho
     2     1612      0.02446     10467.6162    -152.7283      3.53008     3.53008   10467.6162     3.53008      1 chain_02/itr_01612_trial_01.rho
     2     1613       0.0244     10467.6162       0.0000      3.53008     3.53008   10467.6162     3.53008      0 -
     2     1614      0.02435     10418.0398     -49.5764      3.52171     3.52171   10418.0398     3.52171      1 chain_02/itr_01614_trial_01.rho
     2     1615      0.02429     10418.0398       0.0000      3.52171     3.52171   10418.0398     3.52171      0 -
     2     1616      0.02424     10661.9826     243.9428      3.56270     3.56270   10418.0398     3.52171      1 chain_02/itr_01616_trial_01.rho
     2     1617      0.02418     10661.9826       0.0000      3.56270     3.56270   10418.0398     3.52171      0 -
     2     1618      0.02412     10661.9826       0.0000      3.56270     3.56270   10418.0398     3.52171      0 -
     2     1619      0.02407     10683.2714      21.2889      3.56626     3.56626   10418.0398     3.52171      1 chain_02/itr_01619_trial_01.rho
     2     1620      0.02401     10683.2714       0.0000      3.56626     3.56626   10418.0398     3.52171      0 -
     2     1621      0.02396     10424.1253    -259.1461      3.52274     3.52274   10418.0398     3.52171      1 chain_02/itr_01621_trial_01.rho
     2     1622       0.0239     10381.2827     -42.8426      3.51549     3.51549   10381.2827     3.51549      1 chain_02/itr_01622_trial_01.rho
     2     1623      0.02385     10381.2827       0.0000      3.51549     3.51549   10381.2827     3.51549      0 -
     2     1624      0.02379     10570.2636     188.9809      3.54734     3.54734   10381.2827     3.51549      1 chain_02/itr_01624_trial_01.rho
     2     1625      0.02374     10570.2636       0.0000      3.54734     3.54734   10381.2827     3.51549      0 -
     2     1626      0.02368     10501.7638     -68.4998      3.53583     3.53583   10381.2827     3.51549      1 chain_02/itr_01626_trial_01.rho
     2     1627      0.02363     10501.7638       0.0000      3.53583     3.53583   10381.2827     3.51549      0 -
     2     1628      0.02358     10501.7638       0.0000      3.53583     3.53583   10381.2827     3.51549      0 -
     2     1629      0.02352     10501.7638       0.0000      3.53583     3.53583   10381.2827     3.51549      0 -
     2     1630      0.02347     10753.4925     251.7287      3.57796     3.57796   10381.2827     3.51549      1 chain_02/itr_01630_trial_01.rho
     2     1631      0.02341     10753.4925       0.0000      3.57796     3.57796   10381.2827     3.51549      0 -
     2     1632      0.02336     10753.4925       0.0000      3.57796     3.57796   10381.2827     3.51549      0 -
     2     1633      0.02331     10753.4925       0.0000      3.57796     3.57796   10381.2827     3.51549      0 -
     2     1634      0.02325     10627.9304    -125.5622      3.55701     3.55701   10381.2827     3.51549      1 chain_02/itr_01634_trial_01.rho
     2     1635       0.0232     10627.9304       0.0000      3.55701     3.55701   10381.2827     3.51549      0 -
     2     1636      0.02314     10627.9304       0.0000      3.55701     3.55701   10381.2827     3.51549      0 -
     2     1637      0.02309     10627.9304       0.0000      3.55701     3.55701   10381.2827     3.51549      0 -
     2     1638      0.02304     10627.9304       0.0000      3.55701     3.55701   10381.2827     3.51549      0 -
     2     1639      0.02299     10886.2960     258.3657      3.59998     3.59998   10381.2827     3.51549      1 chain_02/itr_01639_trial_01.rho
     2     1640      0.02293     10886.2960       0.0000      3.59998     3.59998   10381.2827     3.51549      0 -
     2     1641      0.02288     10886.2960       0.0000      3.59998     3.59998   10381.2827     3.51549      0 -
     2     1642      0.02283     10886.2960       0.0000      3.59998     3.59998   10381.2827     3.51549      0 -
     2     1643      0.02277     10632.9205    -253.3755      3.55784     3.55784   10381.2827     3.51549      1 chain_02/itr_01643_trial_01.rho
     2     1644      0.02272     11041.5939     408.6733      3.62557     3.62557   10381.2827     3.51549      1 chain_02/itr_01644_trial_01.rho
     2     1645      0.02267     10812.4717    -229.1222      3.58776     3.58776   10381.2827     3.51549      1 chain_02/itr_01645_trial_01.rho
     2     1646      0.02262     10812.4717       0.0000      3.58776     3.58776   10381.2827     3.51549      0 -
     2     1647      0.02257     10812.4717       0.0000      3.58776     3.58776   10381.2827     3.51549      0 -
     2     1648      0.02251     10812.4717       0.0000      3.58776     3.58776   10381.2827     3.51549      0 -
     2     1649      0.02246     10812.4717       0.0000      3.58776     3.58776   10381.2827     3.51549      0 -
     2     1650      0.02241     10812.4717       0.0000      3.58776     3.58776   10381.2827     3.51549      0 -
     2     1651      0.02236     10812.4717       0.0000      3.58776     3.58776   10381.2827     3.51549      0 -
     2     1652      0.02231     10812.4717       0.0000      3.58776     3.58776   10381.2827     3.51549      0 -
     2     1653      0.02226     10812.4717       0.0000      3.58776     3.58776   10381.2827     3.51549      0 -
     2     1654       0.0222     10975.4168     162.9451      3.61469     3.61469   10381.2827     3.51549      1 chain_02/itr_01654_trial_01.rho
     2     1655      0.02215     10976.2346       0.8178      3.61482     3.61482   10381.2827     3.51549      1 chain_02/itr_01655_trial_01.rho
     2     1656       0.0221     10976.2346       0.0000      3.61482     3.61482   10381.2827     3.51549      0 -
     2     1657      0.02205     10976.2346       0.0000      3.61482     3.61482   10381.2827     3.51549      0 -
     2     1658        0.022     10662.4789    -313.7557      3.56278     3.56278   10381.2827     3.51549      1 chain_02/itr_01658_trial_01.rho
     2     1659      0.02195     10662.4789       0.0000      3.56278     3.56278   10381.2827     3.51549      0 -
     2     1660       0.0219     10662.4789       0.0000      3.56278     3.56278   10381.2827     3.51549      0 -
     2     1661      0.02185     10662.4789       0.0000      3.56278     3.56278   10381.2827     3.51549      0 -
     2     1662       0.0218     11098.0581     435.5792      3.63483     3.63483   10381.2827     3.51549      1 chain_02/itr_01662_trial_01.rho
     2     1663      0.02175     11098.0581       0.0000      3.63483     3.63483   10381.2827     3.51549      0 -
     2     1664       0.0217     11300.8690     202.8108      3.66789     3.66789   10381.2827     3.51549      1 chain_02/itr_01664_trial_01.rho
     2     1665      0.02165     11754.8964     454.0274      3.74085     3.74085   10381.2827     3.51549      1 chain_02/itr_01665_trial_01.rho
     2     1666       0.0216     11754.8964       0.0000      3.74085     3.74085   10381.2827     3.51549      0 -
     2     1667      0.02155     11754.8964       0.0000      3.74085     3.74085   10381.2827     3.51549      0 -
     2     1668       0.0215     11754.8964       0.0000      3.74085     3.74085   10381.2827     3.51549      0 -
     2     1669      0.02145     11754.8964       0.0000      3.74085     3.74085   10381.2827     3.51549      0 -
     2     1670       0.0214     11754.8964       0.0000      3.74085     3.74085   10381.2827     3.51549      0 -
     2     1671      0.02135     11465.4680    -289.4284      3.69450     3.69450   10381.2827     3.51549      1 chain_02/itr_01671_trial_01.rho
     2     1672       0.0213     11465.4680       0.0000      3.69450     3.69450   10381.2827     3.51549      0 -
     2     1673      0.02125     11465.4680       0.0000      3.69450     3.69450   10381.2827     3.51549      0 -
     2     1674      0.02121     11465.4680       0.0000      3.69450     3.69450   10381.2827     3.51549      0 -
     2     1675      0.02116     11465.4680       0.0000      3.69450     3.69450   10381.2827     3.51549      0 -
     2     1676      0.02111     11110.9437    -354.5243      3.63694     3.63694   10381.2827     3.51549      1 chain_02/itr_01676_trial_01.rho
     2     1677      0.02106     11110.9437       0.0000      3.63694     3.63694   10381.2827     3.51549      0 -
     2     1678      0.02101     11110.9437       0.0000      3.63694     3.63694   10381.2827     3.51549      0 -
     2     1679      0.02096     11403.0307     292.0870      3.68443     3.68443   10381.2827     3.51549      1 chain_02/itr_01679_trial_01.rho
     2     1680      0.02091     11403.0307       0.0000      3.68443     3.68443   10381.2827     3.51549      0 -
     2     1681      0.02087     11206.4698    -196.5609      3.65254     3.65254   10381.2827     3.51549      1 chain_02/itr_01681_trial_01.rho
     2     1682      0.02082     11206.4698       0.0000      3.65254     3.65254   10381.2827     3.51549      0 -
     2     1683      0.02077     11206.4698       0.0000      3.65254     3.65254   10381.2827     3.51549      0 -
     2     1684      0.02072     11206.4698       0.0000      3.65254     3.65254   10381.2827     3.51549      0 -
     2     1685      0.02067     11365.4658     158.9960      3.67836     3.67836   10381.2827     3.51549      1 chain_02/itr_01685_trial_01.rho
     2     1686      0.02063     11365.4658       0.0000      3.67836     3.67836   10381.2827     3.51549      0 -
     2     1687      0.02058     11365.4658       0.0000      3.67836     3.67836   10381.2827     3.51549      0 -
     2     1688      0.02053     11365.4658       0.0000      3.67836     3.67836   10381.2827     3.51549      0 -
     2     1689      0.02049     11331.3570     -34.1088      3.67283     3.67283   10381.2827     3.51549      1 chain_02/itr_01689_trial_01.rho
     2     1690      0.02044     11331.3570       0.0000      3.67283     3.67283   10381.2827     3.51549      0 -
     2     1691      0.02039     10963.5556    -367.8014      3.61273     3.61273   10381.2827     3.51549      1 chain_02/itr_01691_trial_01.rho
     2     1692      0.02034     11134.4464     170.8908      3.64078     3.64078   10381.2827     3.51549      1 chain_02/itr_01692_trial_01.rho
     2     1693       0.0203     11134.4464       0.0000      3.64078     3.64078   10381.2827     3.51549      0 -
     2     1694      0.02025     11134.4464       0.0000      3.64078     3.64078   10381.2827     3.51549      0 -
     2     1695       0.0202     11134.4464       0.0000      3.64078     3.64078   10381.2827     3.51549      0 -
     2     1696      0.02016     11134.4464       0.0000      3.64078     3.64078   10381.2827     3.51549      0 -
     2     1697      0.02011     11134.4464       0.0000      3.64078     3.64078   10381.2827     3.51549      0 -
     2     1698      0.02006     11134.4464       0.0000      3.64078     3.64078   10381.2827     3.51549      0 -
     2     1699      0.02002     11134.4464       0.0000      3.64078     3.64078   10381.2827     3.51549      0 -
     2     1700      0.01997     11634.4961     500.0497      3.72164     3.72164   10381.2827     3.51549      1 chain_02/itr_01700_trial_01.rho
     2     1701      0.01993     11634.4961       0.0000      3.72164     3.72164   10381.2827     3.51549      0 -
     2     1702      0.01988     11634.4961       0.0000      3.72164     3.72164   10381.2827     3.51549      0 -
     2     1703      0.01984     11634.4961       0.0000      3.72164     3.72164   10381.2827     3.51549      0 -
     2     1704      0.01979     11634.4961       0.0000      3.72164     3.72164   10381.2827     3.51549      0 -
     2     1705      0.01974     11634.4961       0.0000      3.72164     3.72164   10381.2827     3.51549      0 -
     2     1706       0.0197     11898.5593     264.0632      3.76364     3.76364   10381.2827     3.51549      1 chain_02/itr_01706_trial_01.rho
     2     1707      0.01965     11641.1468    -257.4125      3.72270     3.72270   10381.2827     3.51549      1 chain_02/itr_01707_trial_01.rho
     2     1708      0.01961     11641.1468       0.0000      3.72270     3.72270   10381.2827     3.51549      0 -
     2     1709      0.01956     11720.1482      79.0015      3.73531     3.73531   10381.2827     3.51549      1 chain_02/itr_01709_trial_01.rho
     2     1710      0.01952     11720.1482       0.0000      3.73531     3.73531   10381.2827     3.51549      0 -
     2     1711      0.01947     11597.1531    -122.9951      3.71566     3.71566   10381.2827     3.51549      1 chain_02/itr_01711_trial_01.rho
     2     1712      0.01943     11597.1531       0.0000      3.71566     3.71566   10381.2827     3.51549      0 -
     2     1713      0.01938     11597.1531       0.0000      3.71566     3.71566   10381.2827     3.51549      0 -
     2     1714      0.01934     11467.9647    -129.1884      3.69491     3.69491   10381.2827     3.51549      1 chain_02/itr_01714_trial_01.rho
     2     1715      0.01929     11348.7265    -119.2382      3.67565     3.67565   10381.2827     3.51549      1 chain_02/itr_01715_trial_01.rho
     2     1716      0.01925     11378.6616      29.9351      3.68049     3.68049   10381.2827     3.51549      1 chain_02/itr_01716_trial_01.rho
     2     1717      0.01921     11378.6616       0.0000      3.68049     3.68049   10381.2827     3.51549      0 -
     2     1718      0.01916     12051.5424     672.8808      3.78775     3.78775   10381.2827     3.51549      1 chain_02/itr_01718_trial_01.rho
     2     1719      0.01912     11901.7392    -149.8032      3.76414     3.76414   10381.2827     3.51549      1 chain_02/itr_01719_trial_01.rho
     2     1720      0.01907     11690.3751    -211.3641      3.73056     3.73056   10381.2827     3.51549      1 chain_02/itr_01720_trial_01.rho
     2     1721      0.01903     12004.9828     314.6076      3.78043     3.78043   10381.2827     3.51549      1 chain_02/itr_01721_trial_01.rho
     2     1722      0.01899     12004.9828       0.0000      3.78043     3.78043   10381.2827     3.51549      0 -
     2     1723      0.01894     12171.8085     166.8257      3.80661     3.80661   10381.2827     3.51549      1 chain_02/itr_01723_trial_01.rho
     2     1724       0.0189     12171.8085       0.0000      3.80661     3.80661   10381.2827     3.51549      0 -
     2     1725      0.01885     12171.8085       0.0000      3.80661     3.80661   10381.2827     3.51549      0 -
     2     1726      0.01881     11839.1235    -332.6850      3.75422     3.75422   10381.2827     3.51549      1 chain_02/itr_01726_trial_01.rho
     2     1727      0.01877     11839.1235       0.0000      3.75422     3.75422   10381.2827     3.51549      0 -
     2     1728      0.01873     12041.3571     202.2336      3.78615     3.78615   10381.2827     3.51549      1 chain_02/itr_01728_trial_01.rho
     2     1729      0.01868     12041.3571       0.0000      3.78615     3.78615   10381.2827     3.51549      0 -
     2     1730      0.01864     11826.1614    -215.1957      3.75217     3.75217   10381.2827     3.51549      1 chain_02/itr_01730_trial_01.rho
     2     1731       0.0186     11811.6957     -14.4658      3.74987     3.74987   10381.2827     3.51549      1 chain_02/itr_01731_trial_01.rho
     2     1732      0.01855     11811.6957       0.0000      3.74987     3.74987   10381.2827     3.51549      0 -
     2     1733      0.01851     11804.0133      -7.6824      3.74865     3.74865   10381.2827     3.51549      1 chain_02/itr_01733_trial_01.rho
     2     1734      0.01847     11855.3132      51.2999      3.75679     3.75679   10381.2827     3.51549      1 chain_02/itr_01734_trial_01.rho
     2     1735      0.01843     11855.3132       0.0000      3.75679     3.75679   10381.2827     3.51549      0 -
     2     1736      0.01838     11855.3132       0.0000      3.75679     3.75679   10381.2827     3.51549      0 -
     2     1737      0.01834     11855.3132       0.0000      3.75679     3.75679   10381.2827     3.51549      0 -
     2     1738       0.0183     12045.8513     190.5381      3.78686     3.78686   10381.2827     3.51549      1 chain_02/itr_01738_trial_01.rho
     2     1739      0.01826     12045.8513       0.0000      3.78686     3.78686   10381.2827     3.51549      0 -
     2     1740      0.01821     12033.4179     -12.4334      3.78490     3.78490   10381.2827     3.51549      1 chain_02/itr_01740_trial_01.rho
     2     1741      0.01817     12033.4179       0.0000      3.78490     3.78490   10381.2827     3.51549      0 -
     2     1742      0.01813     12033.4179       0.0000      3.78490     3.78490   10381.2827     3.51549      0 -
     2     1743      0.01809     12293.4534     260.0355      3.82558     3.82558   10381.2827     3.51549      1 chain_02/itr_01743_trial_01.rho
     2     1744      0.01805     12340.3552      46.9018      3.83287     3.83287   10381.2827     3.51549      1 chain_02/itr_01744_trial_01.rho
     2     1745      0.01801     12340.3552       0.0000      3.83287     3.83287   10381.2827     3.51549      0 -
     2     1746      0.01796     12250.9488     -89.4064      3.81896     3.81896   10381.2827     3.51549      1 chain_02/itr_01746_trial_01.rho
     2     1747      0.01792     12602.7812     351.8324      3.87341     3.87341   10381.2827     3.51549      1 chain_02/itr_01747_trial_01.rho
     2     1748      0.01788     12602.7812       0.0000      3.87341     3.87341   10381.2827     3.51549      0 -
     2     1749      0.01784     12602.7812       0.0000      3.87341     3.87341   10381.2827     3.51549      0 -
     2     1750       0.0178     12452.9375    -149.8438      3.85031     3.85031   10381.2827     3.51549      1 chain_02/itr_01750_trial_01.rho
     2     1751      0.01776     12452.9375       0.0000      3.85031     3.85031   10381.2827     3.51549      0 -
     2     1752      0.01772     12452.9375       0.0000      3.85031     3.85031   10381.2827     3.51549      0 -
     2     1753      0.01768     12419.9809     -32.9566      3.84522     3.84522   10381.2827     3.51549      1 chain_02/itr_01753_trial_01.rho
     2     1754      0.01764     12164.5760    -255.4049      3.80547     3.80547   10381.2827     3.51549      1 chain_02/itr_01754_trial_01.rho
     2     1755       0.0176     11877.6530    -286.9230      3.76033     3.76033   10381.2827     3.51549      1 chain_02/itr_01755_trial_01.rho
     2     1756      0.01756     11704.7275    -172.9254      3.73285     3.73285   10381.2827     3.51549      1 chain_02/itr_01756_trial_01.rho
     2     1757      0.01752     11746.5563      41.8288      3.73952     3.73952   10381.2827     3.51549      1 chain_02/itr_01757_trial_01.rho
     2     1758      0.01747     11658.1971     -88.3591      3.72543     3.72543   10381.2827     3.51549      1 chain_02/itr_01758_trial_01.rho
     2     1759      0.01743     11658.1971       0.0000      3.72543     3.72543   10381.2827     3.51549      0 -
     2     1760      0.01739     11658.1971       0.0000      3.72543     3.72543   10381.2827     3.51549      0 -
     2     1761      0.01735     11658.1971       0.0000      3.72543     3.72543   10381.2827     3.51549      0 -
     2     1762      0.01731     11590.5769     -67.6202      3.71461     3.71461   10381.2827     3.51549      1 chain_02/itr_01762_trial_01.rho
     2     1763      0.01727     11793.0714     202.4945      3.74691     3.74691   10381.2827     3.51549      1 chain_02/itr_01763_trial_01.rho
     2     1764      0.01724     11793.0714       0.0000      3.74691     3.74691   10381.2827     3.51549      0 -
     2     1765       0.0172     11505.5841    -287.4873      3.70096     3.70096   10381.2827     3.51549      1 chain_02/itr_01765_trial_01.rho
     2     1766      0.01716     11505.5841       0.0000      3.70096     3.70096   10381.2827     3.51549      0 -
     2     1767      0.01712     11475.1565     -30.4277      3.69607     3.69607   10381.2827     3.51549      1 chain_02/itr_01767_trial_01.rho
     2     1768      0.01708     11475.1565       0.0000      3.69607     3.69607   10381.2827     3.51549      0 -
     2     1769      0.01704     11475.1565       0.0000      3.69607     3.69607   10381.2827     3.51549      0 -
     2     1770        0.017     11475.1565       0.0000      3.69607     3.69607   10381.2827     3.51549      0 -
     2     1771      0.01696     11462.5044     -12.6521      3.69403     3.69403   10381.2827     3.51549      1 chain_02/itr_01771_trial_01.rho
     2     1772      0.01692     11462.5044       0.0000      3.69403     3.69403   10381.2827     3.51549      0 -
     2     1773      0.01688     11462.5044       0.0000      3.69403     3.69403   10381.2827     3.51549      0 -
     2     1774      0.01684     11462.5044       0.0000      3.69403     3.69403   10381.2827     3.51549      0 -
     2     1775       0.0168     11462.5044       0.0000      3.69403     3.69403   10381.2827     3.51549      0 -
     2     1776      0.01677     11462.5044       0.0000      3.69403     3.69403   10381.2827     3.51549      0 -
     2     1777      0.01673     11310.9943    -151.5101      3.66953     3.66953   10381.2827     3.51549      1 chain_02/itr_01777_trial_01.rho
     2     1778      0.01669     11318.8453       7.8510      3.67081     3.67081   10381.2827     3.51549      1 chain_02/itr_01778_trial_01.rho
     2     1779      0.01665     11318.8453       0.0000      3.67081     3.67081   10381.2827     3.51549      0 -
     2     1780      0.01661     11318.8453       0.0000      3.67081     3.67081   10381.2827     3.51549      0 -
     2     1781      0.01657     11001.1998    -317.6455      3.61893     3.61893   10381.2827     3.51549      1 chain_02/itr_01781_trial_01.rho
     2     1782      0.01654     10791.0302    -210.1696      3.58420     3.58420   10381.2827     3.51549      1 chain_02/itr_01782_trial_01.rho
     2     1783       0.0165     10791.0302       0.0000      3.58420     3.58420   10381.2827     3.51549      0 -
     2     1784      0.01646     11136.7365     345.7063      3.64116     3.64116   10381.2827     3.51549      1 chain_02/itr_01784_trial_01.rho
     2     1785      0.01642     11136.7365       0.0000      3.64116     3.64116   10381.2827     3.51549      0 -
     2     1786      0.01638     11136.7365       0.0000      3.64116     3.64116   10381.2827     3.51549      0 -
     2     1787      0.01635     11136.7365       0.0000      3.64116     3.64116   10381.2827     3.51549      0 -
     2     1788      0.01631     11136.7365       0.0000      3.64116     3.64116   10381.2827     3.51549      0 -
     2     1789      0.01627     11136.7365       0.0000      3.64116     3.64116   10381.2827     3.51549      0 -
     2     1790      0.01623     11136.7365       0.0000      3.64116     3.64116   10381.2827     3.51549      0 -
     2     1791       0.0162     11136.7365       0.0000      3.64116     3.64116   10381.2827     3.51549      0 -
     2     1792      0.01616     11136.7365       0.0000      3.64116     3.64116   10381.2827     3.51549      0 -
     2     1793      0.01612     11136.7365       0.0000      3.64116     3.64116   10381.2827     3.51549      0 -
     2     1794      0.01608     10955.2184    -181.5180      3.61136     3.61136   10381.2827     3.51549      1 chain_02/itr_01794_trial_01.rho
     2     1795      0.01605     11201.4893     246.2709      3.65173     3.65173   10381.2827     3.51549      1 chain_02/itr_01795_trial_01.rho
     2     1796      0.01601     11201.4893       0.0000      3.65173     3.65173   10381.2827     3.51549      0 -
     2     1797      0.01597     11201.4893       0.0000      3.65173     3.65173   10381.2827     3.51549      0 -
     2     1798      0.01594     10971.8923    -229.5970      3.61411     3.61411   10381.2827     3.51549      1 chain_02/itr_01798_trial_01.rho
     2     1799       0.0159     10971.8923       0.0000      3.61411     3.61411   10381.2827     3.51549      0 -
     2     1800      0.01586     10971.8923       0.0000      3.61411     3.61411   10381.2827     3.51549      0 -
     2     1801      0.01583     10971.8923       0.0000      3.61411     3.61411   10381.2827     3.51549      0 -
     2     1802      0.01579     10971.8923       0.0000      3.61411     3.61411   10381.2827     3.51549      0 -
     2     1803      0.01575     10971.8923       0.0000      3.61411     3.61411   10381.2827     3.51549      0 -
     2     1804      0.01572     10971.8923       0.0000      3.61411     3.61411   10381.2827     3.51549      0 -
     2     1805      0.01568     11203.7432     231.8509      3.65209     3.65209   10381.2827     3.51549      1 chain_02/itr_01805_trial_01.rho
     2     1806      0.01565     11203.7432       0.0000      3.65209     3.65209   10381.2827     3.51549      0 -
     2     1807      0.01561     11203.7432       0.0000      3.65209     3.65209   10381.2827     3.51549      0 -
     2     1808      0.01557     11203.7432       0.0000      3.65209     3.65209   10381.2827     3.51549      0 -
     2     1809      0.01554     11203.7432       0.0000      3.65209     3.65209   10381.2827     3.51549      0 -
     2     1810       0.0155     11203.7432       0.0000      3.65209     3.65209   10381.2827     3.51549      0 -
     2     1811      0.01547     11203.7432       0.0000      3.65209     3.65209   10381.2827     3.51549      0 -
     2     1812      0.01543     11121.2623     -82.4809      3.63863     3.63863   10381.2827     3.51549      1 chain_02/itr_01812_trial_01.rho
     2     1813       0.0154     11121.2623       0.0000      3.63863     3.63863   10381.2827     3.51549      0 -
     2     1814      0.01536     11121.2623       0.0000      3.63863     3.63863   10381.2827     3.51549      0 -
     2     1815      0.01532     11121.2623       0.0000      3.63863     3.63863   10381.2827     3.51549      0 -
     2     1816      0.01529     11121.2623       0.0000      3.63863     3.63863   10381.2827     3.51549      0 -
     2     1817      0.01525     11121.2623       0.0000      3.63863     3.63863   10381.2827     3.51549      0 -
     2     1818      0.01522     11121.2623       0.0000      3.63863     3.63863   10381.2827     3.51549      0 -
     2     1819      0.01518     11121.2623       0.0000      3.63863     3.63863   10381.2827     3.51549      0 -
     2     1820      0.01515     11121.2623       0.0000      3.63863     3.63863   10381.2827     3.51549      0 -
     2     1821      0.01511     11121.2623       0.0000      3.63863     3.63863   10381.2827     3.51549      0 -
     2     1822      0.01508     11121.2623       0.0000      3.63863     3.63863   10381.2827     3.51549      0 -
     2     1823      0.01505     11121.2623       0.0000      3.63863     3.63863   10381.2827     3.51549      0 -
     2     1824      0.01501     11017.8946    -103.3677      3.62168     3.62168   10381.2827     3.51549      1 chain_02/itr_01824_trial_01.rho
     2     1825      0.01498     11017.8946       0.0000      3.62168     3.62168   10381.2827     3.51549      0 -
     2     1826      0.01494     11017.8946       0.0000      3.62168     3.62168   10381.2827     3.51549      0 -
     2     1827      0.01491     11017.8946       0.0000      3.62168     3.62168   10381.2827     3.51549      0 -
     2     1828      0.01487     11050.8544      32.9598      3.62709     3.62709   10381.2827     3.51549      1 chain_02/itr_01828_trial_01.rho
     2     1829      0.01484     11050.8544       0.0000      3.62709     3.62709   10381.2827     3.51549      0 -
     2     1830       0.0148     10997.3800     -53.4744      3.61830     3.61830   10381.2827     3.51549      1 chain_02/itr_01830_trial_01.rho
     2     1831      0.01477     10997.3800       0.0000      3.61830     3.61830   10381.2827     3.51549      0 -
     2     1832      0.01474     10997.3800       0.0000      3.61830     3.61830   10381.2827     3.51549      0 -
     2     1833       0.0147     10997.3800       0.0000      3.61830     3.61830   10381.2827     3.51549      0 -
     2     1834      0.01467     11090.1911      92.8111      3.63354     3.63354   10381.2827     3.51549      1 chain_02/itr_01834_trial_01.rho
     2     1835      0.01463     11011.7789     -78.4122      3.62067     3.62067   10381.2827     3.51549      1 chain_02/itr_01835_trial_01.rho
     2     1836       0.0146     11011.7789       0.0000      3.62067     3.62067   10381.2827     3.51549      0 -
     2     1837      0.01457     11011.7789       0.0000      3.62067     3.62067   10381.2827     3.51549      0 -
     2     1838      0.01453     11011.7789       0.0000      3.62067     3.62067   10381.2827     3.51549      0 -
     2     1839       0.0145     10768.5236    -243.2553      3.58046     3.58046   10381.2827     3.51549      1 chain_02/itr_01839_trial_01.rho
     2     1840      0.01447     10711.1427     -57.3808      3.57090     3.57090   10381.2827     3.51549      1 chain_02/itr_01840_trial_01.rho
     2     1841      0.01443     10711.1427       0.0000      3.57090     3.57090   10381.2827     3.51549      0 -
     2     1842       0.0144     10711.1427       0.0000      3.57090     3.57090   10381.2827     3.51549      0 -
     2     1843      0.01437     10711.1427       0.0000      3.57090     3.57090   10381.2827     3.51549      0 -
     2     1844      0.01433     10711.1427       0.0000      3.57090     3.57090   10381.2827     3.51549      0 -
     2     1845       0.0143     10711.1427       0.0000      3.57090     3.57090   10381.2827     3.51549      0 -
     2     1846      0.01427     10852.3348     141.1921      3.59436     3.59436   10381.2827     3.51549      1 chain_02/itr_01846_trial_01.rho
     2     1847      0.01424     10856.5141       4.1793      3.59506     3.59506   10381.2827     3.51549      1 chain_02/itr_01847_trial_01.rho
     2     1848       0.0142     10641.8355    -214.6786      3.55933     3.55933   10381.2827     3.51549      1 chain_02/itr_01848_trial_01.rho
     2     1849      0.01417     10641.8355       0.0000      3.55933     3.55933   10381.2827     3.51549      0 -
     2     1850      0.01414     10641.8355       0.0000      3.55933     3.55933   10381.2827     3.51549      0 -
     2     1851      0.01411     10603.1918     -38.6437      3.55286     3.55286   10381.2827     3.51549      1 chain_02/itr_01851_trial_01.rho
     2     1852      0.01407     10603.1918       0.0000      3.55286     3.55286   10381.2827     3.51549      0 -
     2     1853      0.01404     10603.1918       0.0000      3.55286     3.55286   10381.2827     3.51549      0 -
     2     1854      0.01401     10603.1918       0.0000      3.55286     3.55286   10381.2827     3.51549      0 -
     2     1855      0.01398     10204.7534    -398.4385      3.48547     3.48547   10204.7534     3.48547      1 chain_02/itr_01855_trial_01.rho
     2     1856      0.01394     10249.8473      45.0939      3.49316     3.49316   10204.7534     3.48547      1 chain_02/itr_01856_trial_01.rho
     2     1857      0.01391     10249.8473       0.0000      3.49316     3.49316   10204.7534     3.48547      0 -
     2     1858      0.01388     10249.8473       0.0000      3.49316     3.49316   10204.7534     3.48547      0 -
     2     1859      0.01385     10143.6729    -106.1744      3.47503     3.47503   10143.6729     3.47503      1 chain_02/itr_01859_trial_01.rho
     2     1860      0.01382     10143.6729       0.0000      3.47503     3.47503   10143.6729     3.47503      0 -
     2     1861      0.01378     10143.6729       0.0000      3.47503     3.47503   10143.6729     3.47503      0 -
     2     1862      0.01375     10143.6729       0.0000      3.47503     3.47503   10143.6729     3.47503      0 -
     2     1863      0.01372     10143.6729       0.0000      3.47503     3.47503   10143.6729     3.47503      0 -
     2     1864      0.01369      9872.5035    -271.1694      3.42826     3.42826    9872.5035     3.42826      1 chain_02/itr_01864_trial_01.rho
     2     1865      0.01366      9872.5035       0.0000      3.42826     3.42826    9872.5035     3.42826      0 -
     2     1866      0.01363      9848.5947     -23.9088      3.42411     3.42411    9848.5947     3.42411      1 chain_02/itr_01866_trial_01.rho
     2     1867      0.01359      9848.5947       0.0000      3.42411     3.42411    9848.5947     3.42411      0 -
     2     1868      0.01356      9848.5947       0.0000      3.42411     3.42411    9848.5947     3.42411      0 -
     2     1869      0.01353      9848.5947       0.0000      3.42411     3.42411    9848.5947     3.42411      0 -
     2     1870       0.0135      9606.8061    -241.7886      3.38182     3.38182    9606.8061     3.38182      1 chain_02/itr_01870_trial_01.rho
     2     1871      0.01347      9606.8061       0.0000      3.38182     3.38182    9606.8061     3.38182      0 -
     2     1872      0.01344      9606.8061       0.0000      3.38182     3.38182    9606.8061     3.38182      0 -
     2     1873      0.01341      9700.6409      93.8349      3.39829     3.39829    9606.8061     3.38182      1 chain_02/itr_01873_trial_01.rho
     2     1874      0.01338      9768.2541      67.6132      3.41011     3.41011    9606.8061     3.38182      1 chain_02/itr_01874_trial_01.rho
     2     1875      0.01335      9768.2541       0.0000      3.41011     3.41011    9606.8061     3.38182      0 -
     2     1876      0.01332      9768.2541       0.0000      3.41011     3.41011    9606.8061     3.38182      0 -
     2     1877      0.01329      9755.5175     -12.7366      3.40789     3.40789    9606.8061     3.38182      1 chain_02/itr_01877_trial_01.rho
     2     1878      0.01325      9755.5175       0.0000      3.40789     3.40789    9606.8061     3.38182      0 -
     2     1879      0.01322      9755.5175       0.0000      3.40789     3.40789    9606.8061     3.38182      0 -
     2     1880      0.01319      9916.0032     160.4857      3.43581     3.43581    9606.8061     3.38182      1 chain_02/itr_01880_trial_01.rho
     2     1881      0.01316     10168.9591     252.9558      3.47935     3.47935    9606.8061     3.38182      1 chain_02/itr_01881_trial_01.rho
     2     1882      0.01313      9902.1545    -266.8046      3.43341     3.43341    9606.8061     3.38182      1 chain_02/itr_01882_trial_01.rho
     2     1883       0.0131      9893.4857      -8.6687      3.43190     3.43190    9606.8061     3.38182      1 chain_02/itr_01883_trial_01.rho
     2     1884      0.01307      9893.4857       0.0000      3.43190     3.43190    9606.8061     3.38182      0 -
     2     1885      0.01304      9893.4857       0.0000      3.43190     3.43190    9606.8061     3.38182      0 -
     2     1886      0.01301      9698.1599    -195.3259      3.39786     3.39786    9606.8061     3.38182      1 chain_02/itr_01886_trial_01.rho
     2     1887      0.01298      9754.2560      56.0961      3.40767     3.40767    9606.8061     3.38182      1 chain_02/itr_01887_trial_01.rho
     2     1888      0.01295      9754.2560       0.0000      3.40767     3.40767    9606.8061     3.38182      0 -
     2     1889      0.01292      9898.7849     144.5289      3.43282     3.43282    9606.8061     3.38182      1 chain_02/itr_01889_trial_01.rho
     2     1890      0.01289      9898.7849       0.0000      3.43282     3.43282    9606.8061     3.38182      0 -
     2     1891      0.01286      9898.7849       0.0000      3.43282     3.43282    9606.8061     3.38182      0 -
     2     1892      0.01283      9898.7849       0.0000      3.43282     3.43282    9606.8061     3.38182      0 -
     2     1893       0.0128      9898.7849       0.0000      3.43282     3.43282    9606.8061     3.38182      0 -
     2     1894      0.01278      9838.7676     -60.0173      3.42240     3.42240    9606.8061     3.38182      1 chain_02/itr_01894_trial_01.rho
     2     1895      0.01275      9838.7676       0.0000      3.42240     3.42240    9606.8061     3.38182      0 -
     2     1896      0.01272      9838.7676       0.0000      3.42240     3.42240    9606.8061     3.38182      0 -
     2     1897      0.01269      9838.7676       0.0000      3.42240     3.42240    9606.8061     3.38182      0 -
     2     1898      0.01266      9838.7676       0.0000      3.42240     3.42240    9606.8061     3.38182      0 -
     2     1899      0.01263      9750.6646     -88.1030      3.40704     3.40704    9606.8061     3.38182      1 chain_02/itr_01899_trial_01.rho
     2     1900       0.0126      9750.6646       0.0000      3.40704     3.40704    9606.8061     3.38182      0 -
     2     1901      0.01257      9750.6646       0.0000      3.40704     3.40704    9606.8061     3.38182      0 -
     2     1902      0.01254      9750.6646       0.0000      3.40704     3.40704    9606.8061     3.38182      0 -
     2     1903      0.01251      9750.6646       0.0000      3.40704     3.40704    9606.8061     3.38182      0 -
     2     1904      0.01248      9750.6646       0.0000      3.40704     3.40704    9606.8061     3.38182      0 -
     2     1905      0.01246      9750.6646       0.0000      3.40704     3.40704    9606.8061     3.38182      0 -
     2     1906      0.01243      9750.6646       0.0000      3.40704     3.40704    9606.8061     3.38182      0 -
     2     1907       0.0124      9750.6646       0.0000      3.40704     3.40704    9606.8061     3.38182      0 -
     2     1908      0.01237      9750.6646       0.0000      3.40704     3.40704    9606.8061     3.38182      0 -
     2     1909      0.01234      9725.3240     -25.3406      3.40261     3.40261    9606.8061     3.38182      1 chain_02/itr_01909_trial_01.rho
     2     1910      0.01231      9725.3240       0.0000      3.40261     3.40261    9606.8061     3.38182      0 -
     2     1911      0.01228      9725.3240       0.0000      3.40261     3.40261    9606.8061     3.38182      0 -
     2     1912      0.01226      9915.4445     190.1205      3.43571     3.43571    9606.8061     3.38182      1 chain_02/itr_01912_trial_01.rho
     2     1913      0.01223      9915.4445       0.0000      3.43571     3.43571    9606.8061     3.38182      0 -
     2     1914       0.0122      9915.4445       0.0000      3.43571     3.43571    9606.8061     3.38182      0 -
     2     1915      0.01217      9915.4445       0.0000      3.43571     3.43571    9606.8061     3.38182      0 -
     2     1916      0.01214      9882.3814     -33.0631      3.42998     3.42998    9606.8061     3.38182      1 chain_02/itr_01916_trial_01.rho
     2     1917      0.01212      9882.3814       0.0000      3.42998     3.42998    9606.8061     3.38182      0 -
     2     1918      0.01209     10175.1938     292.8124      3.48042     3.48042    9606.8061     3.38182      1 chain_02/itr_01918_trial_01.rho
     2     1919      0.01206     10175.1938       0.0000      3.48042     3.48042    9606.8061     3.38182      0 -
     2     1920      0.01203     10141.0623     -34.1315      3.47458     3.47458    9606.8061     3.38182      1 chain_02/itr_01920_trial_01.rho
     2     1921        0.012     10141.0623       0.0000      3.47458     3.47458    9606.8061     3.38182      0 -
     2     1922      0.01198     10141.0623       0.0000      3.47458     3.47458    9606.8061     3.38182      0 -
     2     1923      0.01195     10141.0623       0.0000      3.47458     3.47458    9606.8061     3.38182      0 -
     2     1924      0.01192     10141.0623       0.0000      3.47458     3.47458    9606.8061     3.38182      0 -
     2     1925      0.01189     10141.0623       0.0000      3.47458     3.47458    9606.8061     3.38182      0 -
     2     1926      0.01187     10141.0623       0.0000      3.47458     3.47458    9606.8061     3.38182      0 -
     2     1927      0.01184     10141.0623       0.0000      3.47458     3.47458    9606.8061     3.38182      0 -
     2     1928      0.01181     10141.0623       0.0000      3.47458     3.47458    9606.8061     3.38182      0 -
     2     1929      0.01179     10141.0623       0.0000      3.47458     3.47458    9606.8061     3.38182      0 -
     2     1930      0.01176     10212.1470      71.0847      3.48673     3.48673    9606.8061     3.38182      1 chain_02/itr_01930_trial_01.rho
     2     1931      0.01173     10212.1470       0.0000      3.48673     3.48673    9606.8061     3.38182      0 -
     2     1932       0.0117     10212.1470       0.0000      3.48673     3.48673    9606.8061     3.38182      0 -
     2     1933      0.01168      9881.2833    -330.8637      3.42979     3.42979    9606.8061     3.38182      1 chain_02/itr_01933_trial_01.rho
     2     1934      0.01165      9881.2833       0.0000      3.42979     3.42979    9606.8061     3.38182      0 -
     2     1935      0.01162      9881.2833       0.0000      3.42979     3.42979    9606.8061     3.38182      0 -
     2     1936       0.0116      9881.2833       0.0000      3.42979     3.42979    9606.8061     3.38182      0 -
     2     1937      0.01157      9881.2833       0.0000      3.42979     3.42979    9606.8061     3.38182      0 -
     2     1938      0.01154      9881.2833       0.0000      3.42979     3.42979    9606.8061     3.38182      0 -
     2     1939      0.01152      9881.2833       0.0000      3.42979     3.42979    9606.8061     3.38182      0 -
     2     1940      0.01149      9881.2833       0.0000      3.42979     3.42979    9606.8061     3.38182      0 -
     2     1941      0.01146      9881.2833       0.0000      3.42979     3.42979    9606.8061     3.38182      0 -
     2     1942      0.01144      9881.2833       0.0000      3.42979     3.42979    9606.8061     3.38182      0 -
     2     1943      0.01141      9881.2833       0.0000      3.42979     3.42979    9606.8061     3.38182      0 -
     2     1944      0.01139      9881.2833       0.0000      3.42979     3.42979    9606.8061     3.38182      0 -
     2     1945      0.01136      9881.2833       0.0000      3.42979     3.42979    9606.8061     3.38182      0 -
     2     1946      0.01133      9802.2022     -79.0810      3.41603     3.41603    9606.8061     3.38182      1 chain_02/itr_01946_trial_01.rho
     2     1947      0.01131      9766.2022     -36.0001      3.40976     3.40976    9606.8061     3.38182      1 chain_02/itr_01947_trial_01.rho
     2     1948      0.01128      9766.2022       0.0000      3.40976     3.40976    9606.8061     3.38182      0 -
     2     1949      0.01126      9766.2022       0.0000      3.40976     3.40976    9606.8061     3.38182      0 -
     2     1950      0.01123      9541.8714    -224.3308      3.37037     3.37037    9541.8714     3.37037      1 chain_02/itr_01950_trial_01.rho
     2     1951       0.0112      9316.1481    -225.7233      3.33026     3.33026    9316.1481     3.33026      1 chain_02/itr_01951_trial_01.rho
     2     1952      0.01118      9316.1481       0.0000      3.33026     3.33026    9316.1481     3.33026      0 -
     2     1953      0.01115      9316.1481       0.0000      3.33026     3.33026    9316.1481     3.33026      0 -
     2     1954      0.01113      9316.1481       0.0000      3.33026     3.33026    9316.1481     3.33026      0 -
     2     1955       0.0111      9316.1481       0.0000      3.33026     3.33026    9316.1481     3.33026      0 -
     2     1956      0.01108      9172.4525    -143.6956      3.30448     3.30448    9172.4525     3.30448      1 chain_02/itr_01956_trial_01.rho
     2     1957      0.01105      9172.4525       0.0000      3.30448     3.30448    9172.4525     3.30448      0 -
     2     1958      0.01102      9172.4525       0.0000      3.30448     3.30448    9172.4525     3.30448      0 -
     2     1959        0.011      9172.4525       0.0000      3.30448     3.30448    9172.4525     3.30448      0 -
     2     1960      0.01097      9172.4525       0.0000      3.30448     3.30448    9172.4525     3.30448      0 -
     2     1961      0.01095      8919.2481    -253.2043      3.25855     3.25855    8919.2481     3.25855      1 chain_02/itr_01961_trial_01.rho
     2     1962      0.01092      8919.2481       0.0000      3.25855     3.25855    8919.2481     3.25855      0 -
     2     1963       0.0109      8919.2481       0.0000      3.25855     3.25855    8919.2481     3.25855      0 -
     2     1964      0.01087      8919.2481       0.0000      3.25855     3.25855    8919.2481     3.25855      0 -
     2     1965      0.01085      8919.2481       0.0000      3.25855     3.25855    8919.2481     3.25855      0 -
     2     1966      0.01082      8919.2481       0.0000      3.25855     3.25855    8919.2481     3.25855      0 -
     2     1967       0.0108      8919.2481       0.0000      3.25855     3.25855    8919.2481     3.25855      0 -
     2     1968      0.01077      8919.2481       0.0000      3.25855     3.25855    8919.2481     3.25855      0 -
     2     1969      0.01075      8786.1242    -133.1239      3.23414     3.23414    8786.1242     3.23414      1 chain_02/itr_01969_trial_01.rho
     2     1970      0.01072      9034.4224     248.2982      3.27952     3.27952    8786.1242     3.23414      1 chain_02/itr_01970_trial_01.rho
     2     1971       0.0107      8918.4799    -115.9425      3.25841     3.25841    8786.1242     3.23414      1 chain_02/itr_01971_trial_01.rho
     2     1972      0.01067      8918.4799       0.0000      3.25841     3.25841    8786.1242     3.23414      0 -
     2     1973      0.01065      8918.4799       0.0000      3.25841     3.25841    8786.1242     3.23414      0 -
     2     1974      0.01063      8853.5034     -64.9765      3.24652     3.24652    8786.1242     3.23414      1 chain_02/itr_01974_trial_01.rho
     2     1975       0.0106      8853.5034       0.0000      3.24652     3.24652    8786.1242     3.23414      0 -
     2     1976      0.01058      8853.5034       0.0000      3.24652     3.24652    8786.1242     3.23414      0 -
     2     1977      0.01055      8853.5034       0.0000      3.24652     3.24652    8786.1242     3.23414      0 -
     2     1978      0.01053      8853.5034       0.0000      3.24652     3.24652    8786.1242     3.23414      0 -
     2     1979       0.0105      8853.5034       0.0000      3.24652     3.24652    8786.1242     3.23414      0 -
     2     1980      0.01048      8853.5034       0.0000      3.24652     3.24652    8786.1242     3.23414      0 -
     2     1981      0.01046      8906.7551      53.2517      3.25627     3.25627    8786.1242     3.23414      1 chain_02/itr_01981_trial_01.rho
     2     1982      0.01043      8949.1663      42.4112      3.26401     3.26401    8786.1242     3.23414      1 chain_02/itr_01982_trial_01.rho
     2     1983      0.01041      8949.1663       0.0000      3.26401     3.26401    8786.1242     3.23414      0 -
     2     1984      0.01038      8949.1663       0.0000      3.26401     3.26401    8786.1242     3.23414      0 -
     2     1985      0.01036      8949.1663       0.0000      3.26401     3.26401    8786.1242     3.23414      0 -
     2     1986      0.01034      8949.1663       0.0000      3.26401     3.26401    8786.1242     3.23414      0 -
     2     1987      0.01031      8939.0044     -10.1619      3.26216     3.26216    8786.1242     3.23414      1 chain_02/itr_01987_trial_01.rho
     2     1988      0.01029      8939.0044       0.0000      3.26216     3.26216    8786.1242     3.23414      0 -
     2     1989      0.01026      8939.0044       0.0000      3.26216     3.26216    8786.1242     3.23414      0 -
     2     1990      0.01024      8939.0044       0.0000      3.26216     3.26216    8786.1242     3.23414      0 -
     2     1991      0.01022      8939.0044       0.0000      3.26216     3.26216    8786.1242     3.23414      0 -
     2     1992      0.01019      8974.9073      35.9029      3.26870     3.26870    8786.1242     3.23414      1 chain_02/itr_01992_trial_01.rho
     2     1993      0.01017      8974.9073       0.0000      3.26870     3.26870    8786.1242     3.23414      0 -
     2     1994      0.01015      8906.6491     -68.2581      3.25625     3.25625    8786.1242     3.23414      1 chain_02/itr_01994_trial_01.rho
     2     1995      0.01012      8976.1198      69.4707      3.26892     3.26892    8786.1242     3.23414      1 chain_02/itr_01995_trial_01.rho
     2     1996       0.0101      8976.1198       0.0000      3.26892     3.26892    8786.1242     3.23414      0 -
     2     1997      0.01008      8976.1198       0.0000      3.26892     3.26892    8786.1242     3.23414      0 -
     2     1998      0.01005      8861.8921    -114.2277      3.24806     3.24806    8786.1242     3.23414      1 chain_02/itr_01998_trial_01.rho
     2     1999      0.01003      8861.8921       0.0000      3.24806     3.24806    8786.1242     3.23414      0 -
     2     2000      0.01001      8861.8921       0.0000      3.24806     3.24806    8786.1242     3.23414      0 -
     2     2001     0.009985      8861.8921       0.0000      3.24806     3.24806    8786.1242     3.23414      0 -
     2     2002     0.009962      8861.8921       0.0000      3.24806     3.24806    8786.1242     3.23414      0 -
     2     2003     0.009939      8632.3441    -229.5480      3.20571     3.20571    8632.3441     3.20571      1 chain_02/itr_02003_trial_01.rho
     2     2004     0.009916      8632.3441       0.0000      3.20571     3.20571    8632.3441     3.20571      0 -
     2     2005     0.009893      8632.3441       0.0000      3.20571     3.20571    8632.3441     3.20571      0 -
     2     2006      0.00987      8632.3441       0.0000      3.20571     3.20571    8632.3441     3.20571      0 -
     2     2007     0.009848      8751.0015     118.6574      3.22767     3.22767    8632.3441     3.20571      1 chain_02/itr_02007_trial_01.rho
     2     2008     0.009825      8908.4577     157.4562      3.25658     3.25658    8632.3441     3.20571      1 chain_02/itr_02008_trial_01.rho
     2     2009     0.009802      8908.4577       0.0000      3.25658     3.25658    8632.3441     3.20571      0 -
     2     2010      0.00978      8908.4577       0.0000      3.25658     3.25658    8632.3441     3.20571      0 -
     2     2011     0.009757      8908.4577       0.0000      3.25658     3.25658    8632.3441     3.20571      0 -
     2     2012     0.009735      8908.4577       0.0000      3.25658     3.25658    8632.3441     3.20571      0 -
     2     2013     0.009712      9010.8288     102.3711      3.27524     3.27524    8632.3441     3.20571      1 chain_02/itr_02013_trial_01.rho
     2     2014      0.00969      9010.8288       0.0000      3.27524     3.27524    8632.3441     3.20571      0 -
     2     2015     0.009668      9010.8288       0.0000      3.27524     3.27524    8632.3441     3.20571      0 -
     2     2016     0.009646      9010.8288       0.0000      3.27524     3.27524    8632.3441     3.20571      0 -
     2     2017     0.009623      9010.8288       0.0000      3.27524     3.27524    8632.3441     3.20571      0 -
     2     2018     0.009601      9110.6827      99.8540      3.29333     3.29333    8632.3441     3.20571      1 chain_02/itr_02018_trial_01.rho
     2     2019     0.009579      9041.0741     -69.6087      3.28073     3.28073    8632.3441     3.20571      1 chain_02/itr_02019_trial_01.rho
     2     2020     0.009557      9041.0741       0.0000      3.28073     3.28073    8632.3441     3.20571      0 -
     2     2021     0.009535      9148.1474     107.0733      3.30010     3.30010    8632.3441     3.20571      1 chain_02/itr_02021_trial_01.rho
     2     2022     0.009513      9148.1474       0.0000      3.30010     3.30010    8632.3441     3.20571      0 -
     2     2023     0.009491      9148.1474       0.0000      3.30010     3.30010    8632.3441     3.20571      0 -
     2     2024     0.009469      9148.1474       0.0000      3.30010     3.30010    8632.3441     3.20571      0 -
     2     2025     0.009448      9148.1474       0.0000      3.30010     3.30010    8632.3441     3.20571      0 -
     2     2026     0.009426      9148.1474       0.0000      3.30010     3.30010    8632.3441     3.20571      0 -
     2     2027     0.009404      9148.1474       0.0000      3.30010     3.30010    8632.3441     3.20571      0 -
     2     2028     0.009383      8986.6916    -161.4558      3.27085     3.27085    8632.3441     3.20571      1 chain_02/itr_02028_trial_01.rho
     2     2029     0.009361      9069.2785      82.5869      3.28584     3.28584    8632.3441     3.20571      1 chain_02/itr_02029_trial_01.rho
     2     2030     0.009339      9089.9310      20.6525      3.28958     3.28958    8632.3441     3.20571      1 chain_02/itr_02030_trial_01.rho
     2     2031     0.009318      9089.9310       0.0000      3.28958     3.28958    8632.3441     3.20571      0 -
     2     2032     0.009297      9258.0738     168.1428      3.31987     3.31987    8632.3441     3.20571      1 chain_02/itr_02032_trial_01.rho
     2     2033     0.009275      9258.0738       0.0000      3.31987     3.31987    8632.3441     3.20571      0 -
     2     2034     0.009254      9258.0738       0.0000      3.31987     3.31987    8632.3441     3.20571      0 -
     2     2035     0.009233      9413.3101     155.2363      3.34758     3.34758    8632.3441     3.20571      1 chain_02/itr_02035_trial_01.rho
     2     2036     0.009211      9413.3101       0.0000      3.34758     3.34758    8632.3441     3.20571      0 -
     2     2037      0.00919      9413.3101       0.0000      3.34758     3.34758    8632.3441     3.20571      0 -
     2     2038     0.009169      9181.4265    -231.8836      3.30610     3.30610    8632.3441     3.20571      1 chain_02/itr_02038_trial_01.rho
     2     2039     0.009148      9181.4265       0.0000      3.30610     3.30610    8632.3441     3.20571      0 -
     2     2040     0.009127      8878.8536    -302.5730      3.25116     3.25116    8632.3441     3.20571      1 chain_02/itr_02040_trial_01.rho
     2     2041     0.009106      8872.9217      -5.9319      3.25008     3.25008    8632.3441     3.20571      1 chain_02/itr_02041_trial_01.rho
     2     2042     0.009085      8872.9217       0.0000      3.25008     3.25008    8632.3441     3.20571      0 -
     2     2043     0.009064      8872.9217       0.0000      3.25008     3.25008    8632.3441     3.20571      0 -
     2     2044     0.009043      8947.4723      74.5506      3.26370     3.26370    8632.3441     3.20571      1 chain_02/itr_02044_trial_01.rho
     2     2045     0.009022      8947.4723       0.0000      3.26370     3.26370    8632.3441     3.20571      0 -
     2     2046     0.009002      8947.4723       0.0000      3.26370     3.26370    8632.3441     3.20571      0 -
     2     2047     0.008981      8947.4723       0.0000      3.26370     3.26370    8632.3441     3.20571      0 -
     2     2048      0.00896      8947.4723       0.0000      3.26370     3.26370    8632.3441     3.20571      0 -
     2     2049      0.00894      8947.4723       0.0000      3.26370     3.26370    8632.3441     3.20571      0 -
     2     2050     0.008919      8947.4723       0.0000      3.26370     3.26370    8632.3441     3.20571      0 -
     2     2051     0.008898      8811.4166    -136.0557      3.23879     3.23879    8632.3441     3.20571      1 chain_02/itr_02051_trial_01.rho
     2     2052     0.008878      8762.8817     -48.5349      3.22986     3.22986    8632.3441     3.20571      1 chain_02/itr_02052_trial_01.rho
     2     2053     0.008858      9210.6498     447.7682      3.31135     3.31135    8632.3441     3.20571      1 chain_02/itr_02053_trial_01.rho
     2     2054     0.008837      9210.6498       0.0000      3.31135     3.31135    8632.3441     3.20571      0 -
     2     2055     0.008817      9139.5393     -71.1105      3.29855     3.29855    8632.3441     3.20571      1 chain_02/itr_02055_trial_01.rho
     2     2056     0.008797      9139.5393       0.0000      3.29855     3.29855    8632.3441     3.20571      0 -
     2     2057     0.008776      8942.4981    -197.0412      3.26279     3.26279    8632.3441     3.20571      1 chain_02/itr_02057_trial_01.rho
     2     2058     0.008756      8942.4981       0.0000      3.26279     3.26279    8632.3441     3.20571      0 -
     2     2059     0.008736      8942.4981       0.0000      3.26279     3.26279    8632.3441     3.20571      0 -
     2     2060     0.008716      8942.4981       0.0000      3.26279     3.26279    8632.3441     3.20571      0 -
     2     2061     0.008696      8942.4981       0.0000      3.26279     3.26279    8632.3441     3.20571      0 -
     2     2062     0.008676      8942.4981       0.0000      3.26279     3.26279    8632.3441     3.20571      0 -
     2     2063     0.008656      8942.4981       0.0000      3.26279     3.26279    8632.3441     3.20571      0 -
     2     2064     0.008636      8942.4981       0.0000      3.26279     3.26279    8632.3441     3.20571      0 -
     2     2065     0.008616      8942.4981       0.0000      3.26279     3.26279    8632.3441     3.20571      0 -
     2     2066     0.008596      8942.4981       0.0000      3.26279     3.26279    8632.3441     3.20571      0 -
     2     2067     0.008577      8942.4981       0.0000      3.26279     3.26279    8632.3441     3.20571      0 -
     2     2068     0.008557      8942.4981       0.0000      3.26279     3.26279    8632.3441     3.20571      0 -
     2     2069     0.008537      8942.4981       0.0000      3.26279     3.26279    8632.3441     3.20571      0 -
     2     2070     0.008517      8942.4981       0.0000      3.26279     3.26279    8632.3441     3.20571      0 -
     2     2071     0.008498      8962.2897      19.7915      3.26640     3.26640    8632.3441     3.20571      1 chain_02/itr_02071_trial_01.rho
     2     2072     0.008478      8962.2897       0.0000      3.26640     3.26640    8632.3441     3.20571      0 -
     2     2073     0.008459      8962.2897       0.0000      3.26640     3.26640    8632.3441     3.20571      0 -
     2     2074     0.008439      8962.2897       0.0000      3.26640     3.26640    8632.3441     3.20571      0 -
     2     2075      0.00842      8962.2897       0.0000      3.26640     3.26640    8632.3441     3.20571      0 -
     2     2076     0.008401      8962.2897       0.0000      3.26640     3.26640    8632.3441     3.20571      0 -
     2     2077     0.008381      8962.2897       0.0000      3.26640     3.26640    8632.3441     3.20571      0 -
     2     2078     0.008362      8962.2897       0.0000      3.26640     3.26640    8632.3441     3.20571      0 -
     2     2079     0.008343      8869.0796     -93.2100      3.24937     3.24937    8632.3441     3.20571      1 chain_02/itr_02079_trial_01.rho
     2     2080     0.008324      8731.8209    -137.2588      3.22413     3.22413    8632.3441     3.20571      1 chain_02/itr_02080_trial_01.rho
     2     2081     0.008304      8577.7143    -154.1065      3.19555     3.19555    8577.7143     3.19555      1 chain_02/itr_02081_trial_01.rho
     2     2082     0.008285      8543.8469     -33.8674      3.18924     3.18924    8543.8469     3.18924      1 chain_02/itr_02082_trial_01.rho
     2     2083     0.008266      8543.8469       0.0000      3.18924     3.18924    8543.8469     3.18924      0 -
     2     2084     0.008247      8543.8469       0.0000      3.18924     3.18924    8543.8469     3.18924      0 -
     2     2085     0.008228      8531.5051     -12.3419      3.18693     3.18693    8531.5051     3.18693      1 chain_02/itr_02085_trial_01.rho
     2     2086     0.008209      8531.5051       0.0000      3.18693     3.18693    8531.5051     3.18693      0 -
     2     2087      0.00819      8531.5051       0.0000      3.18693     3.18693    8531.5051     3.18693      0 -
     2     2088     0.008172      8531.5051       0.0000      3.18693     3.18693    8531.5051     3.18693      0 -
     2     2089     0.008153      8531.5051       0.0000      3.18693     3.18693    8531.5051     3.18693      0 -
     2     2090     0.008134      8531.5051       0.0000      3.18693     3.18693    8531.5051     3.18693      0 -
     2     2091     0.008115      8531.5051       0.0000      3.18693     3.18693    8531.5051     3.18693      0 -
     2     2092     0.008097      8531.5051       0.0000      3.18693     3.18693    8531.5051     3.18693      0 -
     2     2093     0.008078      8531.5051       0.0000      3.18693     3.18693    8531.5051     3.18693      0 -
     2     2094     0.008059      8582.8622      51.3571      3.19651     3.19651    8531.5051     3.18693      1 chain_02/itr_02094_trial_01.rho
     2     2095     0.008041      8582.8622       0.0000      3.19651     3.19651    8531.5051     3.18693      0 -
     2     2096     0.008022      8582.8622       0.0000      3.19651     3.19651    8531.5051     3.18693      0 -
     2     2097     0.008004      8468.3691    -114.4930      3.17512     3.17512    8468.3691     3.17512      1 chain_02/itr_02097_trial_01.rho
     2     2098     0.007985      8468.3691       0.0000      3.17512     3.17512    8468.3691     3.17512      0 -
     2     2099     0.007967      8468.3691       0.0000      3.17512     3.17512    8468.3691     3.17512      0 -
     2     2100     0.007949      8468.3691       0.0000      3.17512     3.17512    8468.3691     3.17512      0 -
     2     2101      0.00793      8468.3691       0.0000      3.17512     3.17512    8468.3691     3.17512      0 -
     2     2102     0.007912      8578.3089     109.9397      3.19566     3.19566    8468.3691     3.17512      1 chain_02/itr_02102_trial_01.rho
     2     2103     0.007894      8578.3089       0.0000      3.19566     3.19566    8468.3691     3.17512      0 -
     2     2104     0.007876      8536.5891     -41.7198      3.18788     3.18788    8468.3691     3.17512      1 chain_02/itr_02104_trial_01.rho
     2     2105     0.007858      8536.5891       0.0000      3.18788     3.18788    8468.3691     3.17512      0 -
     2     2106      0.00784      8536.5891       0.0000      3.18788     3.18788    8468.3691     3.17512      0 -
     2     2107     0.007822      8423.1331    -113.4560      3.16663     3.16663    8423.1331     3.16663      1 chain_02/itr_02107_trial_01.rho
     2     2108     0.007804      8423.1331       0.0000      3.16663     3.16663    8423.1331     3.16663      0 -
     2     2109     0.007786      8423.1331       0.0000      3.16663     3.16663    8423.1331     3.16663      0 -
     2     2110     0.007768      8423.1331       0.0000      3.16663     3.16663    8423.1331     3.16663      0 -
     2     2111      0.00775      8423.1331       0.0000      3.16663     3.16663    8423.1331     3.16663      0 -
     2     2112     0.007732      8423.1331       0.0000      3.16663     3.16663    8423.1331     3.16663      0 -
     2     2113     0.007714      8423.1331       0.0000      3.16663     3.16663    8423.1331     3.16663      0 -
     2     2114     0.007697      8455.2932      32.1602      3.17267     3.17267    8423.1331     3.16663      1 chain_02/itr_02114_trial_01.rho
     2     2115     0.007679      8455.2932       0.0000      3.17267     3.17267    8423.1331     3.16663      0 -
     2     2116     0.007661      8488.7317      33.4385      3.17894     3.17894    8423.1331     3.16663      1 chain_02/itr_02116_trial_01.rho
     2     2117     0.007644      8488.7317       0.0000      3.17894     3.17894    8423.1331     3.16663      0 -
     2     2118     0.007626      8488.7317       0.0000      3.17894     3.17894    8423.1331     3.16663      0 -
     2     2119     0.007608      8423.6504     -65.0813      3.16673     3.16673    8423.1331     3.16663      1 chain_02/itr_02119_trial_01.rho
     2     2120     0.007591      8423.6504       0.0000      3.16673     3.16673    8423.1331     3.16663      0 -
     2     2121     0.007573      8423.6504       0.0000      3.16673     3.16673    8423.1331     3.16663      0 -
     2     2122     0.007556      8423.6504       0.0000      3.16673     3.16673    8423.1331     3.16663      0 -
     2     2123     0.007539      8423.6504       0.0000      3.16673     3.16673    8423.1331     3.16663      0 -
     2     2124     0.007521      8664.6495     240.9990      3.21171     3.21171    8423.1331     3.16663      1 chain_02/itr_02124_trial_01.rho
     2     2125     0.007504      8664.6495       0.0000      3.21171     3.21171    8423.1331     3.16663      0 -
     2     2126     0.007487      8664.6495       0.0000      3.21171     3.21171    8423.1331     3.16663      0 -
     2     2127     0.007469      8664.6495       0.0000      3.21171     3.21171    8423.1331     3.16663      0 -
     2     2128     0.007452      8558.7803    -105.8692      3.19203     3.19203    8423.1331     3.16663      1 chain_02/itr_02128_trial_01.rho
     2     2129     0.007435      8558.7803       0.0000      3.19203     3.19203    8423.1331     3.16663      0 -
     2     2130     0.007418      8558.7803       0.0000      3.19203     3.19203    8423.1331     3.16663      0 -
     2     2131     0.007401      8558.7803       0.0000      3.19203     3.19203    8423.1331     3.16663      0 -
     2     2132     0.007384      8558.7803       0.0000      3.19203     3.19203    8423.1331     3.16663      0 -
     2     2133     0.007367      8558.7803       0.0000      3.19203     3.19203    8423.1331     3.16663      0 -
     2     2134      0.00735      8558.7803       0.0000      3.19203     3.19203    8423.1331     3.16663      0 -
     2     2135     0.007333      8558.7803       0.0000      3.19203     3.19203    8423.1331     3.16663      0 -
     2     2136     0.007316      8558.7803       0.0000      3.19203     3.19203    8423.1331     3.16663      0 -
     2     2137     0.007299      8558.7803       0.0000      3.19203     3.19203    8423.1331     3.16663      0 -
     2     2138     0.007283      8558.7803       0.0000      3.19203     3.19203    8423.1331     3.16663      0 -
     2     2139     0.007266      8558.7803       0.0000      3.19203     3.19203    8423.1331     3.16663      0 -
     2     2140     0.007249      8558.7803       0.0000      3.19203     3.19203    8423.1331     3.16663      0 -
     2     2141     0.007232      8558.7803       0.0000      3.19203     3.19203    8423.1331     3.16663      0 -
     2     2142     0.007216      8558.7803       0.0000      3.19203     3.19203    8423.1331     3.16663      0 -
     2     2143     0.007199      8558.7803       0.0000      3.19203     3.19203    8423.1331     3.16663      0 -
     2     2144     0.007183      8558.7803       0.0000      3.19203     3.19203    8423.1331     3.16663      0 -
     2     2145     0.007166      8648.3168      89.5365      3.20868     3.20868    8423.1331     3.16663      1 chain_02/itr_02145_trial_01.rho
     2     2146      0.00715      8648.3168       0.0000      3.20868     3.20868    8423.1331     3.16663      0 -
     2     2147     0.007133      8648.3168       0.0000      3.20868     3.20868    8423.1331     3.16663      0 -
     2     2148     0.007117      8648.3168       0.0000      3.20868     3.20868    8423.1331     3.16663      0 -
     2     2149       0.0071      8648.3168       0.0000      3.20868     3.20868    8423.1331     3.16663      0 -
     2     2150     0.007084      8713.1821      64.8653      3.22069     3.22069    8423.1331     3.16663      1 chain_02/itr_02150_trial_01.rho
     2     2151     0.007068      8713.1821       0.0000      3.22069     3.22069    8423.1331     3.16663      0 -
     2     2152     0.007052      8713.1821       0.0000      3.22069     3.22069    8423.1331     3.16663      0 -
     2     2153     0.007035      8546.8940    -166.2881      3.18981     3.18981    8423.1331     3.16663      1 chain_02/itr_02153_trial_01.rho
     2     2154     0.007019      8546.8940       0.0000      3.18981     3.18981    8423.1331     3.16663      0 -
     2     2155     0.007003      8546.8940       0.0000      3.18981     3.18981    8423.1331     3.16663      0 -
     2     2156     0.006987      8546.8940       0.0000      3.18981     3.18981    8423.1331     3.16663      0 -
     2     2157     0.006971      8394.7424    -152.1516      3.16129     3.16129    8394.7424     3.16129      1 chain_02/itr_02157_trial_01.rho
     2     2158     0.006955      8349.0164     -45.7260      3.15267     3.15267    8349.0164     3.15267      1 chain_02/itr_02158_trial_01.rho
     2     2159     0.006939      8278.2478     -70.7685      3.13928     3.13928    8278.2478     3.13928      1 chain_02/itr_02159_trial_01.rho
     2     2160     0.006923      8278.2478       0.0000      3.13928     3.13928    8278.2478     3.13928      0 -
     2     2161     0.006907      8278.2478       0.0000      3.13928     3.13928    8278.2478     3.13928      0 -
     2     2162     0.006891      8278.2478       0.0000      3.13928     3.13928    8278.2478     3.13928      0 -
     2     2163     0.006875      8278.2478       0.0000      3.13928     3.13928    8278.2478     3.13928      0 -
     2     2164     0.006859      8271.0503      -7.1975      3.13791     3.13791    8271.0503     3.13791      1 chain_02/itr_02164_trial_01.rho
     2     2165     0.006844      8271.0503       0.0000      3.13791     3.13791    8271.0503     3.13791      0 -
     2     2166     0.006828      8271.0503       0.0000      3.13791     3.13791    8271.0503     3.13791      0 -
     2     2167     0.006812      8271.0503       0.0000      3.13791     3.13791    8271.0503     3.13791      0 -
     2     2168     0.006796      8271.0503       0.0000      3.13791     3.13791    8271.0503     3.13791      0 -
     2     2169     0.006781      8271.0503       0.0000      3.13791     3.13791    8271.0503     3.13791      0 -
     2     2170     0.006765      8353.5647      82.5144      3.15352     3.15352    8271.0503     3.13791      1 chain_02/itr_02170_trial_01.rho
     2     2171      0.00675      8353.5647       0.0000      3.15352     3.15352    8271.0503     3.13791      0 -
     2     2172     0.006734      8353.5647       0.0000      3.15352     3.15352    8271.0503     3.13791      0 -
     2     2173     0.006719      8353.5647       0.0000      3.15352     3.15352    8271.0503     3.13791      0 -
     2     2174     0.006703      8353.5647       0.0000      3.15352     3.15352    8271.0503     3.13791      0 -
     2     2175     0.006688      8353.5647       0.0000      3.15352     3.15352    8271.0503     3.13791      0 -
     2     2176     0.006672      8353.5647       0.0000      3.15352     3.15352    8271.0503     3.13791      0 -
     2     2177     0.006657      8193.6401    -159.9246      3.12319     3.12319    8193.6401     3.12319      1 chain_02/itr_02177_trial_01.rho
     2     2178     0.006642      8193.6401       0.0000      3.12319     3.12319    8193.6401     3.12319      0 -
     2     2179     0.006626      8193.6401       0.0000      3.12319     3.12319    8193.6401     3.12319      0 -
     2     2180     0.006611      8193.6401       0.0000      3.12319     3.12319    8193.6401     3.12319      0 -
     2     2181     0.006596      8193.6401       0.0000      3.12319     3.12319    8193.6401     3.12319      0 -
     2     2182     0.006581      8193.6401       0.0000      3.12319     3.12319    8193.6401     3.12319      0 -
     2     2183     0.006566      8193.6401       0.0000      3.12319     3.12319    8193.6401     3.12319      0 -
     2     2184      0.00655      8193.6401       0.0000      3.12319     3.12319    8193.6401     3.12319      0 -
     2     2185     0.006535      8193.6401       0.0000      3.12319     3.12319    8193.6401     3.12319      0 -
     2     2186      0.00652      8193.6401       0.0000      3.12319     3.12319    8193.6401     3.12319      0 -
     2     2187     0.006505      8193.6401       0.0000      3.12319     3.12319    8193.6401     3.12319      0 -
     2     2188      0.00649      8193.6401       0.0000      3.12319     3.12319    8193.6401     3.12319      0 -
     2     2189     0.006475      8193.6401       0.0000      3.12319     3.12319    8193.6401     3.12319      0 -
     2     2190     0.006461      8193.6401       0.0000      3.12319     3.12319    8193.6401     3.12319      0 -
     2     2191     0.006446      8193.6401       0.0000      3.12319     3.12319    8193.6401     3.12319      0 -
     2     2192     0.006431      8169.8483     -23.7919      3.11866     3.11866    8169.8483     3.11866      1 chain_02/itr_02192_trial_01.rho
     2     2193     0.006416      8169.8483       0.0000      3.11866     3.11866    8169.8483     3.11866      0 -
     2     2194     0.006401      8169.8483       0.0000      3.11866     3.11866    8169.8483     3.11866      0 -
     2     2195     0.006387      8169.8483       0.0000      3.11866     3.11866    8169.8483     3.11866      0 -
     2     2196     0.006372      8169.8483       0.0000      3.11866     3.11866    8169.8483     3.11866      0 -
     2     2197     0.006357      8169.8483       0.0000      3.11866     3.11866    8169.8483     3.11866      0 -
     2     2198     0.006343      8148.5061     -21.3421      3.11458     3.11458    8148.5061     3.11458      1 chain_02/itr_02198_trial_01.rho
     2     2199     0.006328      8148.5061       0.0000      3.11458     3.11458    8148.5061     3.11458      0 -
     2     2200     0.006313      8148.5061       0.0000      3.11458     3.11458    8148.5061     3.11458      0 -
     2     2201     0.006299      8148.5061       0.0000      3.11458     3.11458    8148.5061     3.11458      0 -
     2     2202     0.006284      8148.5061       0.0000      3.11458     3.11458    8148.5061     3.11458      0 -
     2     2203      0.00627      8148.5061       0.0000      3.11458     3.11458    8148.5061     3.11458      0 -
     2     2204     0.006256      8142.4374      -6.0687      3.11342     3.11342    8142.4374     3.11342      1 chain_02/itr_02204_trial_01.rho
     2     2205     0.006241      8125.6943     -16.7432      3.11022     3.11022    8125.6943     3.11022      1 chain_02/itr_02205_trial_01.rho
     2     2206     0.006227      8125.6943       0.0000      3.11022     3.11022    8125.6943     3.11022      0 -
     2     2207     0.006212      8125.6943       0.0000      3.11022     3.11022    8125.6943     3.11022      0 -
     2     2208     0.006198      8125.6943       0.0000      3.11022     3.11022    8125.6943     3.11022      0 -
     2     2209     0.006184      8125.6943       0.0000      3.11022     3.11022    8125.6943     3.11022      0 -
     2     2210      0.00617      8125.6943       0.0000      3.11022     3.11022    8125.6943     3.11022      0 -
     2     2211     0.006155      8125.6943       0.0000      3.11022     3.11022    8125.6943     3.11022      0 -
     2     2212     0.006141      7959.9999    -165.6943      3.07834     3.07834    7959.9999     3.07834      1 chain_02/itr_02212_trial_01.rho
     2     2213     0.006127      7959.9999       0.0000      3.07834     3.07834    7959.9999     3.07834      0 -
     2     2214     0.006113      7959.9999       0.0000      3.07834     3.07834    7959.9999     3.07834      0 -
     2     2215     0.006099      7959.9999       0.0000      3.07834     3.07834    7959.9999     3.07834      0 -
     2     2216     0.006085      7959.9999       0.0000      3.07834     3.07834    7959.9999     3.07834      0 -
     2     2217     0.006071      7959.9999       0.0000      3.07834     3.07834    7959.9999     3.07834      0 -
     2     2218     0.006057      7949.4635     -10.5365      3.07630     3.07630    7949.4635     3.07630      1 chain_02/itr_02218_trial_01.rho
     2     2219     0.006043      7949.4635       0.0000      3.07630     3.07630    7949.4635     3.07630      0 -
     2     2220     0.006029      7917.8141     -31.6493      3.07017     3.07017    7917.8141     3.07017      1 chain_02/itr_02220_trial_01.rho
     2     2221     0.006015      7917.8141       0.0000      3.07017     3.07017    7917.8141     3.07017      0 -
     2     2222     0.006001      7917.8141       0.0000      3.07017     3.07017    7917.8141     3.07017      0 -
     2     2223     0.005988      7917.8141       0.0000      3.07017     3.07017    7917.8141     3.07017      0 -
     2     2224     0.005974      7917.8141       0.0000      3.07017     3.07017    7917.8141     3.07017      0 -
     2     2225      0.00596      7917.8141       0.0000      3.07017     3.07017    7917.8141     3.07017      0 -
     2     2226     0.005946      7917.8141       0.0000      3.07017     3.07017    7917.8141     3.07017      0 -
     2     2227     0.005933      7917.8141       0.0000      3.07017     3.07017    7917.8141     3.07017      0 -
     2     2228     0.005919      7917.8141       0.0000      3.07017     3.07017    7917.8141     3.07017      0 -
     2     2229     0.005906      7917.8141       0.0000      3.07017     3.07017    7917.8141     3.07017      0 -
     2     2230     0.005892      7917.8141       0.0000      3.07017     3.07017    7917.8141     3.07017      0 -
     2     2231     0.005878      7917.8141       0.0000      3.07017     3.07017    7917.8141     3.07017      0 -
     2     2232     0.005865      7916.1576      -1.6565      3.06985     3.06985    7916.1576     3.06985      1 chain_02/itr_02232_trial_01.rho
     2     2233     0.005851      7916.1576       0.0000      3.06985     3.06985    7916.1576     3.06985      0 -
     2     2234     0.005838      7916.1576       0.0000      3.06985     3.06985    7916.1576     3.06985      0 -
     2     2235     0.005824      7916.1576       0.0000      3.06985     3.06985    7916.1576     3.06985      0 -
     2     2236     0.005811      7916.1576       0.0000      3.06985     3.06985    7916.1576     3.06985      0 -
     2     2237     0.005798      7916.1576       0.0000      3.06985     3.06985    7916.1576     3.06985      0 -
     2     2238     0.005784      7916.1576       0.0000      3.06985     3.06985    7916.1576     3.06985      0 -
     2     2239     0.005771      7916.1576       0.0000      3.06985     3.06985    7916.1576     3.06985      0 -
     2     2240     0.005758      7916.1576       0.0000      3.06985     3.06985    7916.1576     3.06985      0 -
     2     2241     0.005745      7916.1576       0.0000      3.06985     3.06985    7916.1576     3.06985      0 -
     2     2242     0.005731      7916.1576       0.0000      3.06985     3.06985    7916.1576     3.06985      0 -
     2     2243     0.005718      7916.1576       0.0000      3.06985     3.06985    7916.1576     3.06985      0 -
     2     2244     0.005705      7885.7347     -30.4229      3.06395     3.06395    7885.7347     3.06395      1 chain_02/itr_02244_trial_01.rho
     2     2245     0.005692      7885.7347       0.0000      3.06395     3.06395    7885.7347     3.06395      0 -
     2     2246     0.005679      7885.7347       0.0000      3.06395     3.06395    7885.7347     3.06395      0 -
     2     2247     0.005666      7885.7347       0.0000      3.06395     3.06395    7885.7347     3.06395      0 -
     2     2248     0.005653      7885.7347       0.0000      3.06395     3.06395    7885.7347     3.06395      0 -
     2     2249      0.00564      7885.7347       0.0000      3.06395     3.06395    7885.7347     3.06395      0 -
     2     2250     0.005627      7885.7347       0.0000      3.06395     3.06395    7885.7347     3.06395      0 -
     2     2251     0.005614      7885.7347       0.0000      3.06395     3.06395    7885.7347     3.06395      0 -
     2     2252     0.005601      7885.7347       0.0000      3.06395     3.06395    7885.7347     3.06395      0 -
     2     2253     0.005588      7885.7347       0.0000      3.06395     3.06395    7885.7347     3.06395      0 -
     2     2254     0.005575      7885.7347       0.0000      3.06395     3.06395    7885.7347     3.06395      0 -
     2     2255     0.005562      7885.7347       0.0000      3.06395     3.06395    7885.7347     3.06395      0 -
     2     2256     0.005549      7885.7347       0.0000      3.06395     3.06395    7885.7347     3.06395      0 -
     2     2257     0.005537      7885.7347       0.0000      3.06395     3.06395    7885.7347     3.06395      0 -
     2     2258     0.005524      7885.7347       0.0000      3.06395     3.06395    7885.7347     3.06395      0 -
     2     2259     0.005511      7795.6034     -90.1313      3.04639     3.04639    7795.6034     3.04639      1 chain_02/itr_02259_trial_01.rho
     2     2260     0.005499      7667.2783    -128.3251      3.02121     3.02121    7667.2783     3.02121      1 chain_02/itr_02260_trial_01.rho
     2     2261     0.005486      7658.0083      -9.2699      3.01938     3.01938    7658.0083     3.01938      1 chain_02/itr_02261_trial_01.rho
     2     2262     0.005473      7658.0083       0.0000      3.01938     3.01938    7658.0083     3.01938      0 -
     2     2263     0.005461      7658.0083       0.0000      3.01938     3.01938    7658.0083     3.01938      0 -
     2     2264     0.005448      7658.0083       0.0000      3.01938     3.01938    7658.0083     3.01938      0 -
     2     2265     0.005436      7658.0083       0.0000      3.01938     3.01938    7658.0083     3.01938      0 -
     2     2266     0.005423      7658.0083       0.0000      3.01938     3.01938    7658.0083     3.01938      0 -
     2     2267     0.005411      7658.0083       0.0000      3.01938     3.01938    7658.0083     3.01938      0 -
     2     2268     0.005398      7658.0083       0.0000      3.01938     3.01938    7658.0083     3.01938      0 -
     2     2269     0.005386      7658.0083       0.0000      3.01938     3.01938    7658.0083     3.01938      0 -
     2     2270     0.005373      7658.0083       0.0000      3.01938     3.01938    7658.0083     3.01938      0 -
     2     2271     0.005361      7658.0083       0.0000      3.01938     3.01938    7658.0083     3.01938      0 -
     2     2272     0.005349      7658.0083       0.0000      3.01938     3.01938    7658.0083     3.01938      0 -
     2     2273     0.005336      7658.0083       0.0000      3.01938     3.01938    7658.0083     3.01938      0 -
     2     2274     0.005324      7658.0083       0.0000      3.01938     3.01938    7658.0083     3.01938      0 -
     2     2275     0.005312      7683.7995      25.7911      3.02446     3.02446    7658.0083     3.01938      1 chain_02/itr_02275_trial_01.rho
     2     2276       0.0053      7683.7995       0.0000      3.02446     3.02446    7658.0083     3.01938      0 -
     2     2277     0.005287      7683.7995       0.0000      3.02446     3.02446    7658.0083     3.01938      0 -
     2     2278     0.005275      7683.7995       0.0000      3.02446     3.02446    7658.0083     3.01938      0 -
     2     2279     0.005263      7662.1131     -21.6864      3.02019     3.02019    7658.0083     3.01938      1 chain_02/itr_02279_trial_01.rho
     2     2280     0.005251      7662.1131       0.0000      3.02019     3.02019    7658.0083     3.01938      0 -
     2     2281     0.005239      7662.1131       0.0000      3.02019     3.02019    7658.0083     3.01938      0 -
     2     2282     0.005227      7662.1131       0.0000      3.02019     3.02019    7658.0083     3.01938      0 -
     2     2283     0.005215      7662.1131       0.0000      3.02019     3.02019    7658.0083     3.01938      0 -
     2     2284     0.005203      7662.1131       0.0000      3.02019     3.02019    7658.0083     3.01938      0 -
     2     2285     0.005191      7563.9146     -98.1985      3.00078     3.00078    7563.9146     3.00078      1 chain_02/itr_02285_trial_01.rho
     2     2286     0.005179      7563.9146       0.0000      3.00078     3.00078    7563.9146     3.00078      0 -
     2     2287     0.005167      7563.9146       0.0000      3.00078     3.00078    7563.9146     3.00078      0 -
     2     2288     0.005155      7563.9146       0.0000      3.00078     3.00078    7563.9146     3.00078      0 -
     2     2289     0.005143      7563.9146       0.0000      3.00078     3.00078    7563.9146     3.00078      0 -
     2     2290     0.005131      7563.9146       0.0000      3.00078     3.00078    7563.9146     3.00078      0 -
     2     2291      0.00512      7563.9146       0.0000      3.00078     3.00078    7563.9146     3.00078      0 -
     2     2292     0.005108      7563.9146       0.0000      3.00078     3.00078    7563.9146     3.00078      0 -
     2     2293     0.005096      7563.9146       0.0000      3.00078     3.00078    7563.9146     3.00078      0 -
     2     2294     0.005084      7563.9146       0.0000      3.00078     3.00078    7563.9146     3.00078      0 -
     2     2295     0.005073      7563.9146       0.0000      3.00078     3.00078    7563.9146     3.00078      0 -
     2     2296     0.005061      7563.9146       0.0000      3.00078     3.00078    7563.9146     3.00078      0 -
     2     2297     0.005049      7563.9146       0.0000      3.00078     3.00078    7563.9146     3.00078      0 -
     2     2298     0.005038      7563.9146       0.0000      3.00078     3.00078    7563.9146     3.00078      0 -
     2     2299     0.005026      7563.9146       0.0000      3.00078     3.00078    7563.9146     3.00078      0 -
     2     2300     0.005015      7563.9146       0.0000      3.00078     3.00078    7563.9146     3.00078      0 -
     2     2301     0.005003      7563.9146       0.0000      3.00078     3.00078    7563.9146     3.00078      0 -
     2     2302     0.004992      7594.4334      30.5188      3.00682     3.00682    7563.9146     3.00078      1 chain_02/itr_02302_trial_01.rho
     2     2303      0.00498      7594.4334       0.0000      3.00682     3.00682    7563.9146     3.00078      0 -
     2     2304     0.004969      7594.4334       0.0000      3.00682     3.00682    7563.9146     3.00078      0 -
     2     2305     0.004957      7594.4334       0.0000      3.00682     3.00682    7563.9146     3.00078      0 -
     2     2306     0.004946      7594.4334       0.0000      3.00682     3.00682    7563.9146     3.00078      0 -
     2     2307     0.004934      7594.4334       0.0000      3.00682     3.00682    7563.9146     3.00078      0 -
     2     2308     0.004923      7594.4334       0.0000      3.00682     3.00682    7563.9146     3.00078      0 -
     2     2309     0.004912      7594.4334       0.0000      3.00682     3.00682    7563.9146     3.00078      0 -
     2     2310       0.0049      7594.4334       0.0000      3.00682     3.00682    7563.9146     3.00078      0 -
     2     2311     0.004889      7594.4334       0.0000      3.00682     3.00682    7563.9146     3.00078      0 -
     2     2312     0.004878      7594.4334       0.0000      3.00682     3.00682    7563.9146     3.00078      0 -
     2     2313     0.004867      7594.4334       0.0000      3.00682     3.00682    7563.9146     3.00078      0 -
     2     2314     0.004855      7594.4334       0.0000      3.00682     3.00682    7563.9146     3.00078      0 -
     2     2315     0.004844      7594.4334       0.0000      3.00682     3.00682    7563.9146     3.00078      0 -
     2     2316     0.004833      7571.3477     -23.0857      3.00225     3.00225    7563.9146     3.00078      1 chain_02/itr_02316_trial_01.rho
     2     2317     0.004822      7571.3477       0.0000      3.00225     3.00225    7563.9146     3.00078      0 -
     2     2318     0.004811      7571.3477       0.0000      3.00225     3.00225    7563.9146     3.00078      0 -
     2     2319       0.0048      7571.3477       0.0000      3.00225     3.00225    7563.9146     3.00078      0 -
     2     2320     0.004789      7571.3477       0.0000      3.00225     3.00225    7563.9146     3.00078      0 -
     2     2321     0.004778      7571.3477       0.0000      3.00225     3.00225    7563.9146     3.00078      0 -
     2     2322     0.004767      7571.3477       0.0000      3.00225     3.00225    7563.9146     3.00078      0 -
     2     2323     0.004756      7571.3477       0.0000      3.00225     3.00225    7563.9146     3.00078      0 -
     2     2324     0.004745      7571.3477       0.0000      3.00225     3.00225    7563.9146     3.00078      0 -
     2     2325     0.004734      7571.3477       0.0000      3.00225     3.00225    7563.9146     3.00078      0 -
     2     2326     0.004723      7571.3477       0.0000      3.00225     3.00225    7563.9146     3.00078      0 -
     2     2327     0.004712      7571.3477       0.0000      3.00225     3.00225    7563.9146     3.00078      0 -
     2     2328     0.004701      7571.3477       0.0000      3.00225     3.00225    7563.9146     3.00078      0 -
     2     2329     0.004691      7571.3477       0.0000      3.00225     3.00225    7563.9146     3.00078      0 -
     2     2330      0.00468      7571.3477       0.0000      3.00225     3.00225    7563.9146     3.00078      0 -
     2     2331     0.004669      7571.3477       0.0000      3.00225     3.00225    7563.9146     3.00078      0 -
     2     2332     0.004658      7571.3477       0.0000      3.00225     3.00225    7563.9146     3.00078      0 -
     2     2333     0.004648      7571.3477       0.0000      3.00225     3.00225    7563.9146     3.00078      0 -
     2     2334     0.004637      7542.5049     -28.8429      2.99653     2.99653    7542.5049     2.99653      1 chain_02/itr_02334_trial_01.rho
     2     2335     0.004626      7542.5049       0.0000      2.99653     2.99653    7542.5049     2.99653      0 -
     2     2336     0.004616      7542.5049       0.0000      2.99653     2.99653    7542.5049     2.99653      0 -
     2     2337     0.004605      7542.5049       0.0000      2.99653     2.99653    7542.5049     2.99653      0 -
     2     2338     0.004594      7542.5049       0.0000      2.99653     2.99653    7542.5049     2.99653      0 -
     2     2339     0.004584      7457.4582     -85.0466      2.97958     2.97958    7457.4582     2.97958      1 chain_02/itr_02339_trial_01.rho
     2     2340     0.004573      7457.4582       0.0000      2.97958     2.97958    7457.4582     2.97958      0 -
     2     2341     0.004563      7457.4582       0.0000      2.97958     2.97958    7457.4582     2.97958      0 -
     2     2342     0.004552      7457.4582       0.0000      2.97958     2.97958    7457.4582     2.97958      0 -
     2     2343     0.004542      7457.4582       0.0000      2.97958     2.97958    7457.4582     2.97958      0 -
     2     2344     0.004531      7457.4582       0.0000      2.97958     2.97958    7457.4582     2.97958      0 -
     2     2345     0.004521      7448.4577      -9.0006      2.97779     2.97779    7448.4577     2.97779      1 chain_02/itr_02345_trial_01.rho
     2     2346      0.00451      7448.4577       0.0000      2.97779     2.97779    7448.4577     2.97779      0 -
     2     2347       0.0045      7448.4577       0.0000      2.97779     2.97779    7448.4577     2.97779      0 -
     2     2348      0.00449      7448.4577       0.0000      2.97779     2.97779    7448.4577     2.97779      0 -
     2     2349     0.004479      7448.4577       0.0000      2.97779     2.97779    7448.4577     2.97779      0 -
     2     2350     0.004469      7448.4577       0.0000      2.97779     2.97779    7448.4577     2.97779      0 -
     2     2351     0.004459      7448.4577       0.0000      2.97779     2.97779    7448.4577     2.97779      0 -
     2     2352     0.004449      7448.4577       0.0000      2.97779     2.97779    7448.4577     2.97779      0 -
     2     2353     0.004438      7417.0981     -31.3596      2.97151     2.97151    7417.0981     2.97151      1 chain_02/itr_02353_trial_01.rho
     2     2354     0.004428      7417.0981       0.0000      2.97151     2.97151    7417.0981     2.97151      0 -
     2     2355     0.004418      7417.0981       0.0000      2.97151     2.97151    7417.0981     2.97151      0 -
     2     2356     0.004408      7417.0981       0.0000      2.97151     2.97151    7417.0981     2.97151      0 -
     2     2357     0.004398      7417.0981       0.0000      2.97151     2.97151    7417.0981     2.97151      0 -
     2     2358     0.004387      7417.0981       0.0000      2.97151     2.97151    7417.0981     2.97151      0 -
     2     2359     0.004377      7417.0981       0.0000      2.97151     2.97151    7417.0981     2.97151      0 -
     2     2360     0.004367      7417.0981       0.0000      2.97151     2.97151    7417.0981     2.97151      0 -
     2     2361     0.004357      7417.0981       0.0000      2.97151     2.97151    7417.0981     2.97151      0 -
     2     2362     0.004347      7417.0981       0.0000      2.97151     2.97151    7417.0981     2.97151      0 -
     2     2363     0.004337      7417.0981       0.0000      2.97151     2.97151    7417.0981     2.97151      0 -
     2     2364     0.004327      7471.2124      54.1143      2.98233     2.98233    7417.0981     2.97151      1 chain_02/itr_02364_trial_01.rho
     2     2365     0.004317      7471.2124       0.0000      2.98233     2.98233    7417.0981     2.97151      0 -
     2     2366     0.004307      7471.2124       0.0000      2.98233     2.98233    7417.0981     2.97151      0 -
     2     2367     0.004297      7471.2124       0.0000      2.98233     2.98233    7417.0981     2.97151      0 -
     2     2368     0.004288      7471.2124       0.0000      2.98233     2.98233    7417.0981     2.97151      0 -
     2     2369     0.004278      7471.2124       0.0000      2.98233     2.98233    7417.0981     2.97151      0 -
     2     2370     0.004268      7471.2124       0.0000      2.98233     2.98233    7417.0981     2.97151      0 -
     2     2371     0.004258      7471.2124       0.0000      2.98233     2.98233    7417.0981     2.97151      0 -
     2     2372     0.004248      7471.2124       0.0000      2.98233     2.98233    7417.0981     2.97151      0 -
     2     2373     0.004238      7471.2124       0.0000      2.98233     2.98233    7417.0981     2.97151      0 -
     2     2374     0.004229      7471.2124       0.0000      2.98233     2.98233    7417.0981     2.97151      0 -
     2     2375     0.004219      7471.2124       0.0000      2.98233     2.98233    7417.0981     2.97151      0 -
     2     2376     0.004209      7471.2124       0.0000      2.98233     2.98233    7417.0981     2.97151      0 -
     2     2377       0.0042      7471.2124       0.0000      2.98233     2.98233    7417.0981     2.97151      0 -
     2     2378      0.00419      7471.2124       0.0000      2.98233     2.98233    7417.0981     2.97151      0 -
     2     2379      0.00418      7471.2124       0.0000      2.98233     2.98233    7417.0981     2.97151      0 -
     2     2380     0.004171      7471.2124       0.0000      2.98233     2.98233    7417.0981     2.97151      0 -
     2     2381     0.004161      7471.2124       0.0000      2.98233     2.98233    7417.0981     2.97151      0 -
     2     2382     0.004152      7471.2124       0.0000      2.98233     2.98233    7417.0981     2.97151      0 -
     2     2383     0.004142      7471.2124       0.0000      2.98233     2.98233    7417.0981     2.97151      0 -
     2     2384     0.004132      7471.2124       0.0000      2.98233     2.98233    7417.0981     2.97151      0 -
     2     2385     0.004123      7471.2124       0.0000      2.98233     2.98233    7417.0981     2.97151      0 -
     2     2386     0.004113      7471.2124       0.0000      2.98233     2.98233    7417.0981     2.97151      0 -
     2     2387     0.004104      7471.2124       0.0000      2.98233     2.98233    7417.0981     2.97151      0 -
     2     2388     0.004095      7471.2124       0.0000      2.98233     2.98233    7417.0981     2.97151      0 -
     2     2389     0.004085      7428.6675     -42.5449      2.97383     2.97383    7417.0981     2.97151      1 chain_02/itr_02389_trial_01.rho
     2     2390     0.004076      7428.6675       0.0000      2.97383     2.97383    7417.0981     2.97151      0 -
     2     2391     0.004066      7428.6675       0.0000      2.97383     2.97383    7417.0981     2.97151      0 -
     2     2392     0.004057      7428.6675       0.0000      2.97383     2.97383    7417.0981     2.97151      0 -
     2     2393     0.004048      7428.6675       0.0000      2.97383     2.97383    7417.0981     2.97151      0 -
     2     2394     0.004038      7428.6675       0.0000      2.97383     2.97383    7417.0981     2.97151      0 -
     2     2395     0.004029      7536.0930     107.4254      2.99525     2.99525    7417.0981     2.97151      1 chain_02/itr_02395_trial_01.rho
     2     2396      0.00402      7536.0930       0.0000      2.99525     2.99525    7417.0981     2.97151      0 -
     2     2397     0.004011      7536.0930       0.0000      2.99525     2.99525    7417.0981     2.97151      0 -
     2     2398     0.004001      7536.0930       0.0000      2.99525     2.99525    7417.0981     2.97151      0 -
     2     2399     0.003992      7536.0930       0.0000      2.99525     2.99525    7417.0981     2.97151      0 -
     2     2400     0.003983      7536.0930       0.0000      2.99525     2.99525    7417.0981     2.97151      0 -
     2     2401     0.003974      7536.0930       0.0000      2.99525     2.99525    7417.0981     2.97151      0 -
     2     2402     0.003965      7536.0930       0.0000      2.99525     2.99525    7417.0981     2.97151      0 -
     2     2403     0.003955      7536.0930       0.0000      2.99525     2.99525    7417.0981     2.97151      0 -
     2     2404     0.003946      7536.0930       0.0000      2.99525     2.99525    7417.0981     2.97151      0 -
     2     2405     0.003937      7536.0930       0.0000      2.99525     2.99525    7417.0981     2.97151      0 -
     2     2406     0.003928      7536.0930       0.0000      2.99525     2.99525    7417.0981     2.97151      0 -
     2     2407     0.003919      7536.0930       0.0000      2.99525     2.99525    7417.0981     2.97151      0 -
     2     2408      0.00391      7536.0930       0.0000      2.99525     2.99525    7417.0981     2.97151      0 -
     2     2409     0.003901      7536.0930       0.0000      2.99525     2.99525    7417.0981     2.97151      0 -
     2     2410     0.003892      7536.0930       0.0000      2.99525     2.99525    7417.0981     2.97151      0 -
     2     2411     0.003883      7536.0930       0.0000      2.99525     2.99525    7417.0981     2.97151      0 -
     2     2412     0.003874      7536.0930       0.0000      2.99525     2.99525    7417.0981     2.97151      0 -
     2     2413     0.003865      7536.0930       0.0000      2.99525     2.99525    7417.0981     2.97151      0 -
     2     2414     0.003857      7536.0930       0.0000      2.99525     2.99525    7417.0981     2.97151      0 -
     2     2415     0.003848      7536.0930       0.0000      2.99525     2.99525    7417.0981     2.97151      0 -
     2     2416     0.003839      7536.0930       0.0000      2.99525     2.99525    7417.0981     2.97151      0 -
     2     2417      0.00383      7536.0930       0.0000      2.99525     2.99525    7417.0981     2.97151      0 -
     2     2418     0.003821      7536.0930       0.0000      2.99525     2.99525    7417.0981     2.97151      0 -
     2     2419     0.003812      7536.0930       0.0000      2.99525     2.99525    7417.0981     2.97151      0 -
     2     2420     0.003804      7536.0930       0.0000      2.99525     2.99525    7417.0981     2.97151      0 -
     2     2421     0.003795      7536.0930       0.0000      2.99525     2.99525    7417.0981     2.97151      0 -
     2     2422     0.003786      7536.0930       0.0000      2.99525     2.99525    7417.0981     2.97151      0 -
     2     2423     0.003777      7547.6521      11.5592      2.99755     2.99755    7417.0981     2.97151      1 chain_02/itr_02423_trial_01.rho
     2     2424     0.003769      7547.6521       0.0000      2.99755     2.99755    7417.0981     2.97151      0 -
     2     2425      0.00376      7547.6521       0.0000      2.99755     2.99755    7417.0981     2.97151      0 -
     2     2426     0.003751      7547.6521       0.0000      2.99755     2.99755    7417.0981     2.97151      0 -
     2     2427     0.003743      7547.6521       0.0000      2.99755     2.99755    7417.0981     2.97151      0 -
     2     2428     0.003734      7547.6521       0.0000      2.99755     2.99755    7417.0981     2.97151      0 -
     2     2429     0.003726      7547.6521       0.0000      2.99755     2.99755    7417.0981     2.97151      0 -
     2     2430     0.003717      7547.6521       0.0000      2.99755     2.99755    7417.0981     2.97151      0 -
     2     2431     0.003708      7547.6521       0.0000      2.99755     2.99755    7417.0981     2.97151      0 -
     2     2432       0.0037      7547.6521       0.0000      2.99755     2.99755    7417.0981     2.97151      0 -
     2     2433     0.003691      7547.6521       0.0000      2.99755     2.99755    7417.0981     2.97151      0 -
     2     2434     0.003683      7547.6521       0.0000      2.99755     2.99755    7417.0981     2.97151      0 -
     2     2435     0.003674      7547.6521       0.0000      2.99755     2.99755    7417.0981     2.97151      0 -
     2     2436     0.003666      7547.6521       0.0000      2.99755     2.99755    7417.0981     2.97151      0 -
     2     2437     0.003658      7547.6521       0.0000      2.99755     2.99755    7417.0981     2.97151      0 -
     2     2438     0.003649      7547.6521       0.0000      2.99755     2.99755    7417.0981     2.97151      0 -
     2     2439     0.003641      7547.6521       0.0000      2.99755     2.99755    7417.0981     2.97151      0 -
     2     2440     0.003632      7547.6521       0.0000      2.99755     2.99755    7417.0981     2.97151      0 -
     2     2441     0.003624      7547.6521       0.0000      2.99755     2.99755    7417.0981     2.97151      0 -
     2     2442     0.003616      7547.6521       0.0000      2.99755     2.99755    7417.0981     2.97151      0 -
     2     2443     0.003607      7547.6521       0.0000      2.99755     2.99755    7417.0981     2.97151      0 -
     2     2444     0.003599      7547.6521       0.0000      2.99755     2.99755    7417.0981     2.97151      0 -
     2     2445     0.003591      7547.6521       0.0000      2.99755     2.99755    7417.0981     2.97151      0 -
     2     2446     0.003582      7547.6521       0.0000      2.99755     2.99755    7417.0981     2.97151      0 -
     2     2447     0.003574      7547.6521       0.0000      2.99755     2.99755    7417.0981     2.97151      0 -
     2     2448     0.003566      7533.6693     -13.9828      2.99477     2.99477    7417.0981     2.97151      1 chain_02/itr_02448_trial_01.rho
     2     2449     0.003558      7533.6693       0.0000      2.99477     2.99477    7417.0981     2.97151      0 -
     2     2450      0.00355      7533.6693       0.0000      2.99477     2.99477    7417.0981     2.97151      0 -
     2     2451     0.003541      7533.6693       0.0000      2.99477     2.99477    7417.0981     2.97151      0 -
     2     2452     0.003533      7533.6693       0.0000      2.99477     2.99477    7417.0981     2.97151      0 -
     2     2453     0.003525      7533.6693       0.0000      2.99477     2.99477    7417.0981     2.97151      0 -
     2     2454     0.003517      7533.6693       0.0000      2.99477     2.99477    7417.0981     2.97151      0 -
     2     2455     0.003509      7533.6693       0.0000      2.99477     2.99477    7417.0981     2.97151      0 -
     2     2456     0.003501      7533.6693       0.0000      2.99477     2.99477    7417.0981     2.97151      0 -
     2     2457     0.003493      7533.6693       0.0000      2.99477     2.99477    7417.0981     2.97151      0 -
     2     2458     0.003485      7533.6693       0.0000      2.99477     2.99477    7417.0981     2.97151      0 -
     2     2459     0.003477      7533.6693       0.0000      2.99477     2.99477    7417.0981     2.97151      0 -
     2     2460     0.003469      7533.6693       0.0000      2.99477     2.99477    7417.0981     2.97151      0 -
     2     2461     0.003461      7533.6693       0.0000      2.99477     2.99477    7417.0981     2.97151      0 -
     2     2462     0.003453      7533.6693       0.0000      2.99477     2.99477    7417.0981     2.97151      0 -
     2     2463     0.003445      7533.6693       0.0000      2.99477     2.99477    7417.0981     2.97151      0 -
     2     2464     0.003437      7533.6693       0.0000      2.99477     2.99477    7417.0981     2.97151      0 -
     2     2465     0.003429      7533.6693       0.0000      2.99477     2.99477    7417.0981     2.97151      0 -
     2     2466     0.003421      7533.6693       0.0000      2.99477     2.99477    7417.0981     2.97151      0 -
     2     2467     0.003413      7533.6693       0.0000      2.99477     2.99477    7417.0981     2.97151      0 -
     2     2468     0.003405      7533.6693       0.0000      2.99477     2.99477    7417.0981     2.97151      0 -
     2     2469     0.003398      7533.6693       0.0000      2.99477     2.99477    7417.0981     2.97151      0 -
     2     2470      0.00339      7533.6693       0.0000      2.99477     2.99477    7417.0981     2.97151      0 -
     2     2471     0.003382      7533.6693       0.0000      2.99477     2.99477    7417.0981     2.97151      0 -
     2     2472     0.003374      7533.6693       0.0000      2.99477     2.99477    7417.0981     2.97151      0 -
     2     2473     0.003366      7533.6693       0.0000      2.99477     2.99477    7417.0981     2.97151      0 -
     2     2474     0.003359      7533.6693       0.0000      2.99477     2.99477    7417.0981     2.97151      0 -
     2     2475     0.003351      7533.6693       0.0000      2.99477     2.99477    7417.0981     2.97151      0 -
     2     2476     0.003343      7533.6693       0.0000      2.99477     2.99477    7417.0981     2.97151      0 -
     2     2477     0.003336      7533.6693       0.0000      2.99477     2.99477    7417.0981     2.97151      0 -
     2     2478     0.003328      7533.6693       0.0000      2.99477     2.99477    7417.0981     2.97151      0 -
     2     2479      0.00332      7533.6693       0.0000      2.99477     2.99477    7417.0981     2.97151      0 -
     2     2480     0.003313      7533.6693       0.0000      2.99477     2.99477    7417.0981     2.97151      0 -
     2     2481     0.003305      7533.6693       0.0000      2.99477     2.99477    7417.0981     2.97151      0 -
     2     2482     0.003297      7533.6693       0.0000      2.99477     2.99477    7417.0981     2.97151      0 -
     2     2483      0.00329      7533.6693       0.0000      2.99477     2.99477    7417.0981     2.97151      0 -
     2     2484     0.003282      7533.6693       0.0000      2.99477     2.99477    7417.0981     2.97151      0 -
     2     2485     0.003275      7533.6693       0.0000      2.99477     2.99477    7417.0981     2.97151      0 -
     2     2486     0.003267      7533.6693       0.0000      2.99477     2.99477    7417.0981     2.97151      0 -
     2     2487      0.00326      7533.6693       0.0000      2.99477     2.99477    7417.0981     2.97151      0 -
     2     2488     0.003252      7533.6693       0.0000      2.99477     2.99477    7417.0981     2.97151      0 -
     2     2489     0.003245      7533.6693       0.0000      2.99477     2.99477    7417.0981     2.97151      0 -
     2     2490     0.003237      7533.6693       0.0000      2.99477     2.99477    7417.0981     2.97151      0 -
     2     2491      0.00323      7533.6693       0.0000      2.99477     2.99477    7417.0981     2.97151      0 -
     2     2492     0.003222      7533.6693       0.0000      2.99477     2.99477    7417.0981     2.97151      0 -
     2     2493     0.003215      7533.6693       0.0000      2.99477     2.99477    7417.0981     2.97151      0 -
     2     2494     0.003208      7533.6693       0.0000      2.99477     2.99477    7417.0981     2.97151      0 -
     2     2495       0.0032      7533.6693       0.0000      2.99477     2.99477    7417.0981     2.97151      0 -
     2     2496     0.003193      7533.6693       0.0000      2.99477     2.99477    7417.0981     2.97151      0 -
     2     2497     0.003185      7533.6693       0.0000      2.99477     2.99477    7417.0981     2.97151      0 -
     2     2498     0.003178      7533.6693       0.0000      2.99477     2.99477    7417.0981     2.97151      0 -
     2     2499     0.003171      7533.6693       0.0000      2.99477     2.99477    7417.0981     2.97151      0 -
     2     2500     0.003163      7533.6693       0.0000      2.99477     2.99477    7417.0981     2.97151      0 -
     2     2501     0.003156      7533.6693       0.0000      2.99477     2.99477    7417.0981     2.97151      0 -
     2     2502     0.003149      7533.6693       0.0000      2.99477     2.99477    7417.0981     2.97151      0 -
     2     2503     0.003142      7533.6693       0.0000      2.99477     2.99477    7417.0981     2.97151      0 -
     2     2504     0.003134      7533.6693       0.0000      2.99477     2.99477    7417.0981     2.97151      0 -
     2     2505     0.003127      7533.6693       0.0000      2.99477     2.99477    7417.0981     2.97151      0 -
     2     2506      0.00312      7533.6693       0.0000      2.99477     2.99477    7417.0981     2.97151      0 -
     2     2507     0.003113      7533.6693       0.0000      2.99477     2.99477    7417.0981     2.97151      0 -
     2     2508     0.003106      7533.6693       0.0000      2.99477     2.99477    7417.0981     2.97151      0 -
     2     2509     0.003099      7533.6693       0.0000      2.99477     2.99477    7417.0981     2.97151      0 -
     2     2510     0.003091      7533.6693       0.0000      2.99477     2.99477    7417.0981     2.97151      0 -
     2     2511     0.003084      7537.8527       4.1835      2.99560     2.99560    7417.0981     2.97151      1 chain_02/itr_02511_trial_01.rho
     2     2512     0.003077      7537.8527       0.0000      2.99560     2.99560    7417.0981     2.97151      0 -
     2     2513      0.00307      7537.8527       0.0000      2.99560     2.99560    7417.0981     2.97151      0 -
     2     2514     0.003063      7537.8527       0.0000      2.99560     2.99560    7417.0981     2.97151      0 -
     2     2515     0.003056      7537.8527       0.0000      2.99560     2.99560    7417.0981     2.97151      0 -
     2     2516     0.003049      7387.5150    -150.3377      2.96558     2.96558    7387.5150     2.96558      1 chain_02/itr_02516_trial_01.rho
     2     2517     0.003042      7387.5150       0.0000      2.96558     2.96558    7387.5150     2.96558      0 -
     2     2518     0.003035      7387.5150       0.0000      2.96558     2.96558    7387.5150     2.96558      0 -
     2     2519     0.003028      7387.5150       0.0000      2.96558     2.96558    7387.5150     2.96558      0 -
     2     2520     0.003021      7387.5150       0.0000      2.96558     2.96558    7387.5150     2.96558      0 -
     2     2521     0.003014      7387.5150       0.0000      2.96558     2.96558    7387.5150     2.96558      0 -
     2     2522     0.003007      7387.5150       0.0000      2.96558     2.96558    7387.5150     2.96558      0 -
     2     2523        0.003      7356.5317     -30.9833      2.95935     2.95935    7356.5317     2.95935      1 chain_02/itr_02523_trial_01.rho
     2     2524     0.002993      7356.5317       0.0000      2.95935     2.95935    7356.5317     2.95935      0 -
     2     2525     0.002986      7356.5317       0.0000      2.95935     2.95935    7356.5317     2.95935      0 -
     2     2526      0.00298      7356.5317       0.0000      2.95935     2.95935    7356.5317     2.95935      0 -
     2     2527     0.002973      7308.7489     -47.7827      2.94973     2.94973    7308.7489     2.94973      1 chain_02/itr_02527_trial_01.rho
     2     2528     0.002966      7308.7489       0.0000      2.94973     2.94973    7308.7489     2.94973      0 -
     2     2529     0.002959      7308.7489       0.0000      2.94973     2.94973    7308.7489     2.94973      0 -
     2     2530     0.002952      7308.7489       0.0000      2.94973     2.94973    7308.7489     2.94973      0 -
     2     2531     0.002945      7308.7489       0.0000      2.94973     2.94973    7308.7489     2.94973      0 -
     2     2532     0.002939      7308.7489       0.0000      2.94973     2.94973    7308.7489     2.94973      0 -
     2     2533     0.002932      7308.7489       0.0000      2.94973     2.94973    7308.7489     2.94973      0 -
     2     2534     0.002925      7303.6175      -5.1315      2.94869     2.94869    7303.6175     2.94869      1 chain_02/itr_02534_trial_01.rho
     2     2535     0.002918      7303.6175       0.0000      2.94869     2.94869    7303.6175     2.94869      0 -
     2     2536     0.002912      7303.6175       0.0000      2.94869     2.94869    7303.6175     2.94869      0 -
     2     2537     0.002905      7303.6175       0.0000      2.94869     2.94869    7303.6175     2.94869      0 -
     2     2538     0.002898      7303.6175       0.0000      2.94869     2.94869    7303.6175     2.94869      0 -
     2     2539     0.002892      7303.6175       0.0000      2.94869     2.94869    7303.6175     2.94869      0 -
     2     2540     0.002885      7303.6175       0.0000      2.94869     2.94869    7303.6175     2.94869      0 -
     2     2541     0.002878      7303.6175       0.0000      2.94869     2.94869    7303.6175     2.94869      0 -
     2     2542     0.002872      7303.6175       0.0000      2.94869     2.94869    7303.6175     2.94869      0 -
     2     2543     0.002865      7288.3294     -15.2881      2.94560     2.94560    7288.3294     2.94560      1 chain_02/itr_02543_trial_01.rho
     2     2544     0.002859      7288.3294       0.0000      2.94560     2.94560    7288.3294     2.94560      0 -
     2     2545     0.002852      7288.3294       0.0000      2.94560     2.94560    7288.3294     2.94560      0 -
     2     2546     0.002845      7288.3294       0.0000      2.94560     2.94560    7288.3294     2.94560      0 -
     2     2547     0.002839      7288.3294       0.0000      2.94560     2.94560    7288.3294     2.94560      0 -
     2     2548     0.002832      7288.3294       0.0000      2.94560     2.94560    7288.3294     2.94560      0 -
     2     2549     0.002826      7288.3294       0.0000      2.94560     2.94560    7288.3294     2.94560      0 -
     2     2550     0.002819      7288.3294       0.0000      2.94560     2.94560    7288.3294     2.94560      0 -
     2     2551     0.002813      7288.3294       0.0000      2.94560     2.94560    7288.3294     2.94560      0 -
     2     2552     0.002806      7288.3294       0.0000      2.94560     2.94560    7288.3294     2.94560      0 -
     2     2553       0.0028      7288.3294       0.0000      2.94560     2.94560    7288.3294     2.94560      0 -
     2     2554     0.002794      7288.3294       0.0000      2.94560     2.94560    7288.3294     2.94560      0 -
     2     2555     0.002787      7288.3294       0.0000      2.94560     2.94560    7288.3294     2.94560      0 -
     2     2556     0.002781      7288.3294       0.0000      2.94560     2.94560    7288.3294     2.94560      0 -
     2     2557     0.002774      7288.3294       0.0000      2.94560     2.94560    7288.3294     2.94560      0 -
     2     2558     0.002768      7288.3294       0.0000      2.94560     2.94560    7288.3294     2.94560      0 -
     2     2559     0.002762      7288.3294       0.0000      2.94560     2.94560    7288.3294     2.94560      0 -
     2     2560     0.002755      7288.3294       0.0000      2.94560     2.94560    7288.3294     2.94560      0 -
     2     2561     0.002749      7288.3294       0.0000      2.94560     2.94560    7288.3294     2.94560      0 -
     2     2562     0.002742      7346.9047      58.5753      2.95742     2.95742    7288.3294     2.94560      1 chain_02/itr_02562_trial_01.rho
     2     2563     0.002736      7346.9047       0.0000      2.95742     2.95742    7288.3294     2.94560      0 -
     2     2564      0.00273      7346.9047       0.0000      2.95742     2.95742    7288.3294     2.94560      0 -
     2     2565     0.002724      7346.9047       0.0000      2.95742     2.95742    7288.3294     2.94560      0 -
     2     2566     0.002717      7346.9047       0.0000      2.95742     2.95742    7288.3294     2.94560      0 -
     2     2567     0.002711      7346.9047       0.0000      2.95742     2.95742    7288.3294     2.94560      0 -
     2     2568     0.002705      7346.9047       0.0000      2.95742     2.95742    7288.3294     2.94560      0 -
     2     2569     0.002699      7346.9047       0.0000      2.95742     2.95742    7288.3294     2.94560      0 -
     2     2570     0.002692      7346.9047       0.0000      2.95742     2.95742    7288.3294     2.94560      0 -
     2     2571     0.002686      7346.9047       0.0000      2.95742     2.95742    7288.3294     2.94560      0 -
     2     2572      0.00268      7346.9047       0.0000      2.95742     2.95742    7288.3294     2.94560      0 -
     2     2573     0.002674      7346.9047       0.0000      2.95742     2.95742    7288.3294     2.94560      0 -
     2     2574     0.002668      7346.9047       0.0000      2.95742     2.95742    7288.3294     2.94560      0 -
     2     2575     0.002662      7346.9047       0.0000      2.95742     2.95742    7288.3294     2.94560      0 -
     2     2576     0.002655      7346.9047       0.0000      2.95742     2.95742    7288.3294     2.94560      0 -
     2     2577     0.002649      7346.9047       0.0000      2.95742     2.95742    7288.3294     2.94560      0 -
     2     2578     0.002643      7346.9047       0.0000      2.95742     2.95742    7288.3294     2.94560      0 -
     2     2579     0.002637      7346.9047       0.0000      2.95742     2.95742    7288.3294     2.94560      0 -
     2     2580     0.002631      7346.9047       0.0000      2.95742     2.95742    7288.3294     2.94560      0 -
     2     2581     0.002625      7346.9047       0.0000      2.95742     2.95742    7288.3294     2.94560      0 -
     2     2582     0.002619      7346.9047       0.0000      2.95742     2.95742    7288.3294     2.94560      0 -
     2     2583     0.002613      7346.9047       0.0000      2.95742     2.95742    7288.3294     2.94560      0 -
     2     2584     0.002607      7346.9047       0.0000      2.95742     2.95742    7288.3294     2.94560      0 -
     2     2585     0.002601      7346.9047       0.0000      2.95742     2.95742    7288.3294     2.94560      0 -
     2     2586     0.002595      7346.9047       0.0000      2.95742     2.95742    7288.3294     2.94560      0 -
     2     2587     0.002589      7346.9047       0.0000      2.95742     2.95742    7288.3294     2.94560      0 -
     2     2588     0.002583      7352.5894       5.6847      2.95856     2.95856    7288.3294     2.94560      1 chain_02/itr_02588_trial_01.rho
     2     2589     0.002577      7352.5894       0.0000      2.95856     2.95856    7288.3294     2.94560      0 -
     2     2590     0.002571      7352.5894       0.0000      2.95856     2.95856    7288.3294     2.94560      0 -
     2     2591     0.002565      7352.5894       0.0000      2.95856     2.95856    7288.3294     2.94560      0 -
     2     2592     0.002559      7352.5894       0.0000      2.95856     2.95856    7288.3294     2.94560      0 -
     2     2593     0.002553      7340.1583     -12.4311      2.95606     2.95606    7288.3294     2.94560      1 chain_02/itr_02593_trial_01.rho
     2     2594     0.002548      7340.1583       0.0000      2.95606     2.95606    7288.3294     2.94560      0 -
     2     2595     0.002542      7340.1583       0.0000      2.95606     2.95606    7288.3294     2.94560      0 -
     2     2596     0.002536      7340.1583       0.0000      2.95606     2.95606    7288.3294     2.94560      0 -
     2     2597      0.00253      7340.1583       0.0000      2.95606     2.95606    7288.3294     2.94560      0 -
     2     2598     0.002524      7340.1583       0.0000      2.95606     2.95606    7288.3294     2.94560      0 -
     2     2599     0.002518      7340.1583       0.0000      2.95606     2.95606    7288.3294     2.94560      0 -
     2     2600     0.002513      7340.1583       0.0000      2.95606     2.95606    7288.3294     2.94560      0 -
     2     2601     0.002507      7340.1583       0.0000      2.95606     2.95606    7288.3294     2.94560      0 -
     2     2602     0.002501      7340.1583       0.0000      2.95606     2.95606    7288.3294     2.94560      0 -
     2     2603     0.002495      7340.1583       0.0000      2.95606     2.95606    7288.3294     2.94560      0 -
     2     2604      0.00249      7340.1583       0.0000      2.95606     2.95606    7288.3294     2.94560      0 -
     2     2605     0.002484      7340.1583       0.0000      2.95606     2.95606    7288.3294     2.94560      0 -
     2     2606     0.002478      7340.1583       0.0000      2.95606     2.95606    7288.3294     2.94560      0 -
     2     2607     0.002472      7340.1583       0.0000      2.95606     2.95606    7288.3294     2.94560      0 -
     2     2608     0.002467      7246.8505     -93.3078      2.93721     2.93721    7246.8505     2.93721      1 chain_02/itr_02608_trial_01.rho
     2     2609     0.002461      7246.8505       0.0000      2.93721     2.93721    7246.8505     2.93721      0 -
     2     2610     0.002455      7246.8505       0.0000      2.93721     2.93721    7246.8505     2.93721      0 -
     2     2611      0.00245      7246.8505       0.0000      2.93721     2.93721    7246.8505     2.93721      0 -
     2     2612     0.002444      7246.8505       0.0000      2.93721     2.93721    7246.8505     2.93721      0 -
     2     2613     0.002439      7246.8505       0.0000      2.93721     2.93721    7246.8505     2.93721      0 -
     2     2614     0.002433      7246.8505       0.0000      2.93721     2.93721    7246.8505     2.93721      0 -
     2     2615     0.002427      7246.8505       0.0000      2.93721     2.93721    7246.8505     2.93721      0 -
     2     2616     0.002422      7246.8505       0.0000      2.93721     2.93721    7246.8505     2.93721      0 -
     2     2617     0.002416      7246.8505       0.0000      2.93721     2.93721    7246.8505     2.93721      0 -
     2     2618     0.002411      7246.8505       0.0000      2.93721     2.93721    7246.8505     2.93721      0 -
     2     2619     0.002405      7246.8505       0.0000      2.93721     2.93721    7246.8505     2.93721      0 -
     2     2620       0.0024      7246.8505       0.0000      2.93721     2.93721    7246.8505     2.93721      0 -
     2     2621     0.002394      7246.8505       0.0000      2.93721     2.93721    7246.8505     2.93721      0 -
     2     2622     0.002389      7246.8505       0.0000      2.93721     2.93721    7246.8505     2.93721      0 -
     2     2623     0.002383      7246.8505       0.0000      2.93721     2.93721    7246.8505     2.93721      0 -
     2     2624     0.002378      7246.8505       0.0000      2.93721     2.93721    7246.8505     2.93721      0 -
     2     2625     0.002372      7246.8505       0.0000      2.93721     2.93721    7246.8505     2.93721      0 -
     2     2626     0.002367      7246.8505       0.0000      2.93721     2.93721    7246.8505     2.93721      0 -
     2     2627     0.002361      7246.8505       0.0000      2.93721     2.93721    7246.8505     2.93721      0 -
     2     2628     0.002356      7246.8505       0.0000      2.93721     2.93721    7246.8505     2.93721      0 -
     2     2629      0.00235      7246.8505       0.0000      2.93721     2.93721    7246.8505     2.93721      0 -
     2     2630     0.002345      7246.8505       0.0000      2.93721     2.93721    7246.8505     2.93721      0 -
     2     2631     0.002339      7246.8505       0.0000      2.93721     2.93721    7246.8505     2.93721      0 -
     2     2632     0.002334      7246.8505       0.0000      2.93721     2.93721    7246.8505     2.93721      0 -
     2     2633     0.002329      7246.8505       0.0000      2.93721     2.93721    7246.8505     2.93721      0 -
     2     2634     0.002323      7246.8505       0.0000      2.93721     2.93721    7246.8505     2.93721      0 -
     2     2635     0.002318      7246.8505       0.0000      2.93721     2.93721    7246.8505     2.93721      0 -
     2     2636     0.002313      7246.8505       0.0000      2.93721     2.93721    7246.8505     2.93721      0 -
     2     2637     0.002307      7246.8505       0.0000      2.93721     2.93721    7246.8505     2.93721      0 -
     2     2638     0.002302      7246.8505       0.0000      2.93721     2.93721    7246.8505     2.93721      0 -
     2     2639     0.002297      7246.8505       0.0000      2.93721     2.93721    7246.8505     2.93721      0 -
     2     2640     0.002292      7246.8505       0.0000      2.93721     2.93721    7246.8505     2.93721      0 -
     2     2641     0.002286      7246.8505       0.0000      2.93721     2.93721    7246.8505     2.93721      0 -
     2     2642     0.002281      7246.8505       0.0000      2.93721     2.93721    7246.8505     2.93721      0 -
     2     2643     0.002276      7246.8505       0.0000      2.93721     2.93721    7246.8505     2.93721      0 -
     2     2644      0.00227      7246.8505       0.0000      2.93721     2.93721    7246.8505     2.93721      0 -
     2     2645     0.002265      7246.8505       0.0000      2.93721     2.93721    7246.8505     2.93721      0 -
     2     2646      0.00226      7246.8505       0.0000      2.93721     2.93721    7246.8505     2.93721      0 -
     2     2647     0.002255      7246.8505       0.0000      2.93721     2.93721    7246.8505     2.93721      0 -
     2     2648      0.00225      7246.8505       0.0000      2.93721     2.93721    7246.8505     2.93721      0 -
     2     2649     0.002244      7246.8505       0.0000      2.93721     2.93721    7246.8505     2.93721      0 -
     2     2650     0.002239      7246.8505       0.0000      2.93721     2.93721    7246.8505     2.93721      0 -
     2     2651     0.002234      7268.4941      21.6436      2.94159     2.94159    7246.8505     2.93721      1 chain_02/itr_02651_trial_01.rho
     2     2652     0.002229      7268.4941       0.0000      2.94159     2.94159    7246.8505     2.93721      0 -
     2     2653     0.002224      7268.4941       0.0000      2.94159     2.94159    7246.8505     2.93721      0 -
     2     2654     0.002219      7268.4941       0.0000      2.94159     2.94159    7246.8505     2.93721      0 -
     2     2655     0.002214      7268.4941       0.0000      2.94159     2.94159    7246.8505     2.93721      0 -
     2     2656     0.002209      7268.4941       0.0000      2.94159     2.94159    7246.8505     2.93721      0 -
     2     2657     0.002204      7268.4941       0.0000      2.94159     2.94159    7246.8505     2.93721      0 -
     2     2658     0.002198      7268.4941       0.0000      2.94159     2.94159    7246.8505     2.93721      0 -
     2     2659     0.002193      7268.4941       0.0000      2.94159     2.94159    7246.8505     2.93721      0 -
     2     2660     0.002188      7268.4941       0.0000      2.94159     2.94159    7246.8505     2.93721      0 -
     2     2661     0.002183      7268.4941       0.0000      2.94159     2.94159    7246.8505     2.93721      0 -
     2     2662     0.002178      7268.4941       0.0000      2.94159     2.94159    7246.8505     2.93721      0 -
     2     2663     0.002173      7268.4941       0.0000      2.94159     2.94159    7246.8505     2.93721      0 -
     2     2664     0.002168      7268.4941       0.0000      2.94159     2.94159    7246.8505     2.93721      0 -
     2     2665     0.002163      7268.4941       0.0000      2.94159     2.94159    7246.8505     2.93721      0 -
     2     2666     0.002158      7268.4941       0.0000      2.94159     2.94159    7246.8505     2.93721      0 -
     2     2667     0.002153      7268.4941       0.0000      2.94159     2.94159    7246.8505     2.93721      0 -
     2     2668     0.002148      7268.4941       0.0000      2.94159     2.94159    7246.8505     2.93721      0 -
     2     2669     0.002143      7268.4941       0.0000      2.94159     2.94159    7246.8505     2.93721      0 -
     2     2670     0.002139      7268.4941       0.0000      2.94159     2.94159    7246.8505     2.93721      0 -
     2     2671     0.002134      7268.4941       0.0000      2.94159     2.94159    7246.8505     2.93721      0 -
     2     2672     0.002129      7268.4941       0.0000      2.94159     2.94159    7246.8505     2.93721      0 -
     2     2673     0.002124      7268.4941       0.0000      2.94159     2.94159    7246.8505     2.93721      0 -
     2     2674     0.002119      7268.4941       0.0000      2.94159     2.94159    7246.8505     2.93721      0 -
     2     2675     0.002114      7268.4941       0.0000      2.94159     2.94159    7246.8505     2.93721      0 -
     2     2676     0.002109      7268.4941       0.0000      2.94159     2.94159    7246.8505     2.93721      0 -
     2     2677     0.002104      7268.4941       0.0000      2.94159     2.94159    7246.8505     2.93721      0 -
     2     2678     0.002099      7268.4941       0.0000      2.94159     2.94159    7246.8505     2.93721      0 -
     2     2679     0.002095      7268.4941       0.0000      2.94159     2.94159    7246.8505     2.93721      0 -
     2     2680      0.00209      7268.4941       0.0000      2.94159     2.94159    7246.8505     2.93721      0 -
     2     2681     0.002085      7268.4941       0.0000      2.94159     2.94159    7246.8505     2.93721      0 -
     2     2682      0.00208      7268.4941       0.0000      2.94159     2.94159    7246.8505     2.93721      0 -
     2     2683     0.002075      7268.4941       0.0000      2.94159     2.94159    7246.8505     2.93721      0 -
     2     2684     0.002071      7268.4941       0.0000      2.94159     2.94159    7246.8505     2.93721      0 -
     2     2685     0.002066      7244.0771     -24.4170      2.93665     2.93665    7244.0771     2.93665      1 chain_02/itr_02685_trial_01.rho
     2     2686     0.002061      7244.0771       0.0000      2.93665     2.93665    7244.0771     2.93665      0 -
     2     2687     0.002056      7244.0771       0.0000      2.93665     2.93665    7244.0771     2.93665      0 -
     2     2688     0.002052      7244.0771       0.0000      2.93665     2.93665    7244.0771     2.93665      0 -
     2     2689     0.002047      7244.0771       0.0000      2.93665     2.93665    7244.0771     2.93665      0 -
     2     2690     0.002042      7244.0771       0.0000      2.93665     2.93665    7244.0771     2.93665      0 -
     2     2691     0.002038      7244.0771       0.0000      2.93665     2.93665    7244.0771     2.93665      0 -
     2     2692     0.002033      7244.0771       0.0000      2.93665     2.93665    7244.0771     2.93665      0 -
     2     2693     0.002028      7244.0771       0.0000      2.93665     2.93665    7244.0771     2.93665      0 -
     2     2694     0.002023      7244.0771       0.0000      2.93665     2.93665    7244.0771     2.93665      0 -
     2     2695     0.002019      7244.0771       0.0000      2.93665     2.93665    7244.0771     2.93665      0 -
     2     2696     0.002014      7244.0771       0.0000      2.93665     2.93665    7244.0771     2.93665      0 -
     2     2697      0.00201      7244.0771       0.0000      2.93665     2.93665    7244.0771     2.93665      0 -
     2     2698     0.002005      7244.0771       0.0000      2.93665     2.93665    7244.0771     2.93665      0 -
     2     2699        0.002      7244.0771       0.0000      2.93665     2.93665    7244.0771     2.93665      0 -
     2     2700     0.001996      7244.0771       0.0000      2.93665     2.93665    7244.0771     2.93665      0 -
     2     2701     0.001991      7244.0771       0.0000      2.93665     2.93665    7244.0771     2.93665      0 -
     2     2702     0.001987      7244.0771       0.0000      2.93665     2.93665    7244.0771     2.93665      0 -
     2     2703     0.001982      7244.0771       0.0000      2.93665     2.93665    7244.0771     2.93665      0 -
     2     2704     0.001977      7244.0771       0.0000      2.93665     2.93665    7244.0771     2.93665      0 -
     2     2705     0.001973      7244.0771       0.0000      2.93665     2.93665    7244.0771     2.93665      0 -
     2     2706     0.001968      7244.0771       0.0000      2.93665     2.93665    7244.0771     2.93665      0 -
     2     2707     0.001964      7244.0771       0.0000      2.93665     2.93665    7244.0771     2.93665      0 -
     2     2708     0.001959      7244.0771       0.0000      2.93665     2.93665    7244.0771     2.93665      0 -
     2     2709     0.001955      7244.0771       0.0000      2.93665     2.93665    7244.0771     2.93665      0 -
     2     2710      0.00195      7244.0771       0.0000      2.93665     2.93665    7244.0771     2.93665      0 -
     2     2711     0.001946      7244.0771       0.0000      2.93665     2.93665    7244.0771     2.93665      0 -
     2     2712     0.001941      7244.0771       0.0000      2.93665     2.93665    7244.0771     2.93665      0 -
     2     2713     0.001937      7244.0771       0.0000      2.93665     2.93665    7244.0771     2.93665      0 -
     2     2714     0.001932      7244.0771       0.0000      2.93665     2.93665    7244.0771     2.93665      0 -
     2     2715     0.001928      7244.0771       0.0000      2.93665     2.93665    7244.0771     2.93665      0 -
     2     2716     0.001924      7244.0771       0.0000      2.93665     2.93665    7244.0771     2.93665      0 -
     2     2717     0.001919      7244.0771       0.0000      2.93665     2.93665    7244.0771     2.93665      0 -
     2     2718     0.001915      7244.0771       0.0000      2.93665     2.93665    7244.0771     2.93665      0 -
     2     2719      0.00191      7244.0771       0.0000      2.93665     2.93665    7244.0771     2.93665      0 -
     2     2720     0.001906      7244.0771       0.0000      2.93665     2.93665    7244.0771     2.93665      0 -
     2     2721     0.001901      7244.0771       0.0000      2.93665     2.93665    7244.0771     2.93665      0 -
     2     2722     0.001897      7244.0771       0.0000      2.93665     2.93665    7244.0771     2.93665      0 -
     2     2723     0.001893      7244.0771       0.0000      2.93665     2.93665    7244.0771     2.93665      0 -
     2     2724     0.001888      7244.0771       0.0000      2.93665     2.93665    7244.0771     2.93665      0 -
     2     2725     0.001884      7244.0771       0.0000      2.93665     2.93665    7244.0771     2.93665      0 -
     2     2726      0.00188      7244.0771       0.0000      2.93665     2.93665    7244.0771     2.93665      0 -
     2     2727     0.001875      7244.0771       0.0000      2.93665     2.93665    7244.0771     2.93665      0 -
     2     2728     0.001871      7244.0771       0.0000      2.93665     2.93665    7244.0771     2.93665      0 -
     2     2729     0.001867      7244.0771       0.0000      2.93665     2.93665    7244.0771     2.93665      0 -
     2     2730     0.001862      7244.0771       0.0000      2.93665     2.93665    7244.0771     2.93665      0 -
     2     2731     0.001858      7244.0771       0.0000      2.93665     2.93665    7244.0771     2.93665      0 -
     2     2732     0.001854      7244.0771       0.0000      2.93665     2.93665    7244.0771     2.93665      0 -
     2     2733      0.00185      7244.0771       0.0000      2.93665     2.93665    7244.0771     2.93665      0 -
     2     2734     0.001845      7244.0771       0.0000      2.93665     2.93665    7244.0771     2.93665      0 -
     2     2735     0.001841      7244.0771       0.0000      2.93665     2.93665    7244.0771     2.93665      0 -
     2     2736     0.001837      7244.0771       0.0000      2.93665     2.93665    7244.0771     2.93665      0 -
     2     2737     0.001833      7244.0771       0.0000      2.93665     2.93665    7244.0771     2.93665      0 -
     2     2738     0.001828      7244.0771       0.0000      2.93665     2.93665    7244.0771     2.93665      0 -
     2     2739     0.001824      7244.0771       0.0000      2.93665     2.93665    7244.0771     2.93665      0 -
     2     2740      0.00182      7244.0771       0.0000      2.93665     2.93665    7244.0771     2.93665      0 -
     2     2741     0.001816      7244.0771       0.0000      2.93665     2.93665    7244.0771     2.93665      0 -
     2     2742     0.001812      7244.0771       0.0000      2.93665     2.93665    7244.0771     2.93665      0 -
     2     2743     0.001808      7244.0771       0.0000      2.93665     2.93665    7244.0771     2.93665      0 -
     2     2744     0.001803      7244.0771       0.0000      2.93665     2.93665    7244.0771     2.93665      0 -
     2     2745     0.001799      7244.0771       0.0000      2.93665     2.93665    7244.0771     2.93665      0 -
     2     2746     0.001795      7244.0771       0.0000      2.93665     2.93665    7244.0771     2.93665      0 -
     2     2747     0.001791      7244.0771       0.0000      2.93665     2.93665    7244.0771     2.93665      0 -
     2     2748     0.001787      7244.0771       0.0000      2.93665     2.93665    7244.0771     2.93665      0 -
     2     2749     0.001783      7244.0771       0.0000      2.93665     2.93665    7244.0771     2.93665      0 -
     2     2750     0.001779      7244.0771       0.0000      2.93665     2.93665    7244.0771     2.93665      0 -
     2     2751     0.001775      7244.0771       0.0000      2.93665     2.93665    7244.0771     2.93665      0 -
     2     2752      0.00177      7244.0771       0.0000      2.93665     2.93665    7244.0771     2.93665      0 -
     2     2753     0.001766      7244.0771       0.0000      2.93665     2.93665    7244.0771     2.93665      0 -
     2     2754     0.001762      7244.0771       0.0000      2.93665     2.93665    7244.0771     2.93665      0 -
     2     2755     0.001758      7244.0771       0.0000      2.93665     2.93665    7244.0771     2.93665      0 -
     2     2756     0.001754      7244.0771       0.0000      2.93665     2.93665    7244.0771     2.93665      0 -
     2     2757      0.00175      7244.0771       0.0000      2.93665     2.93665    7244.0771     2.93665      0 -
     2     2758     0.001746      7244.0771       0.0000      2.93665     2.93665    7244.0771     2.93665      0 -
     2     2759     0.001742      7209.3907     -34.6864      2.92961     2.92961    7209.3907     2.92961      1 chain_02/itr_02759_trial_01.rho
     2     2760     0.001738      7209.3907       0.0000      2.92961     2.92961    7209.3907     2.92961      0 -
     2     2761     0.001734      7209.3907       0.0000      2.92961     2.92961    7209.3907     2.92961      0 -
     2     2762      0.00173      7209.3907       0.0000      2.92961     2.92961    7209.3907     2.92961      0 -
     2     2763     0.001726      7209.3907       0.0000      2.92961     2.92961    7209.3907     2.92961      0 -
     2     2764     0.001722      7209.3907       0.0000      2.92961     2.92961    7209.3907     2.92961      0 -
     2     2765     0.001718      7209.3907       0.0000      2.92961     2.92961    7209.3907     2.92961      0 -
     2     2766     0.001714      7209.3907       0.0000      2.92961     2.92961    7209.3907     2.92961      0 -
     2     2767      0.00171      7209.3907       0.0000      2.92961     2.92961    7209.3907     2.92961      0 -
     2     2768     0.001706      7209.3907       0.0000      2.92961     2.92961    7209.3907     2.92961      0 -
     2     2769     0.001702      7209.3907       0.0000      2.92961     2.92961    7209.3907     2.92961      0 -
     2     2770     0.001699      7209.3907       0.0000      2.92961     2.92961    7209.3907     2.92961      0 -
     2     2771     0.001695      7209.3907       0.0000      2.92961     2.92961    7209.3907     2.92961      0 -
     2     2772     0.001691      7209.3907       0.0000      2.92961     2.92961    7209.3907     2.92961      0 -
     2     2773     0.001687      7166.8687     -42.5220      2.92096     2.92096    7166.8687     2.92096      1 chain_02/itr_02773_trial_01.rho
     2     2774     0.001683      7103.4218     -63.4469      2.90800     2.90800    7103.4218     2.90800      1 chain_02/itr_02774_trial_01.rho
     2     2775     0.001679      7103.4218       0.0000      2.90800     2.90800    7103.4218     2.90800      0 -
     2     2776     0.001675      7103.4218       0.0000      2.90800     2.90800    7103.4218     2.90800      0 -
     2     2777     0.001671      7103.4218       0.0000      2.90800     2.90800    7103.4218     2.90800      0 -
     2     2778     0.001668      7103.4218       0.0000      2.90800     2.90800    7103.4218     2.90800      0 -
     2     2779     0.001664      7103.4218       0.0000      2.90800     2.90800    7103.4218     2.90800      0 -
     2     2780      0.00166      7103.4218       0.0000      2.90800     2.90800    7103.4218     2.90800      0 -
     2     2781     0.001656      7103.4218       0.0000      2.90800     2.90800    7103.4218     2.90800      0 -
     2     2782     0.001652      7103.4218       0.0000      2.90800     2.90800    7103.4218     2.90800      0 -
     2     2783     0.001648      7103.4218       0.0000      2.90800     2.90800    7103.4218     2.90800      0 -
     2     2784     0.001645      7103.4218       0.0000      2.90800     2.90800    7103.4218     2.90800      0 -
     2     2785     0.001641      7103.4218       0.0000      2.90800     2.90800    7103.4218     2.90800      0 -
     2     2786     0.001637      7103.4218       0.0000      2.90800     2.90800    7103.4218     2.90800      0 -
     2     2787     0.001633      7103.4218       0.0000      2.90800     2.90800    7103.4218     2.90800      0 -
     2     2788      0.00163      7103.4218       0.0000      2.90800     2.90800    7103.4218     2.90800      0 -
     2     2789     0.001626      7103.4218       0.0000      2.90800     2.90800    7103.4218     2.90800      0 -
     2     2790     0.001622      7103.4218       0.0000      2.90800     2.90800    7103.4218     2.90800      0 -
     2     2791     0.001618      7103.4218       0.0000      2.90800     2.90800    7103.4218     2.90800      0 -
     2     2792     0.001615      7103.4218       0.0000      2.90800     2.90800    7103.4218     2.90800      0 -
     2     2793     0.001611      7103.4218       0.0000      2.90800     2.90800    7103.4218     2.90800      0 -
     2     2794     0.001607      7068.6331     -34.7887      2.90087     2.90087    7068.6331     2.90087      1 chain_02/itr_02794_trial_01.rho
     2     2795     0.001603      7068.6331       0.0000      2.90087     2.90087    7068.6331     2.90087      0 -
     2     2796       0.0016      7068.6331       0.0000      2.90087     2.90087    7068.6331     2.90087      0 -
     2     2797     0.001596      7068.6331       0.0000      2.90087     2.90087    7068.6331     2.90087      0 -
     2     2798     0.001592      7068.6331       0.0000      2.90087     2.90087    7068.6331     2.90087      0 -
     2     2799     0.001589      7068.6331       0.0000      2.90087     2.90087    7068.6331     2.90087      0 -
     2     2800     0.001585      7068.6331       0.0000      2.90087     2.90087    7068.6331     2.90087      0 -
     2     2801     0.001581      7068.6331       0.0000      2.90087     2.90087    7068.6331     2.90087      0 -
     2     2802     0.001578      7068.6331       0.0000      2.90087     2.90087    7068.6331     2.90087      0 -
     2     2803     0.001574      7068.6331       0.0000      2.90087     2.90087    7068.6331     2.90087      0 -
     2     2804     0.001571      7068.6331       0.0000      2.90087     2.90087    7068.6331     2.90087      0 -
     2     2805     0.001567      7068.6331       0.0000      2.90087     2.90087    7068.6331     2.90087      0 -
     2     2806     0.001563      6994.7356     -73.8975      2.88567     2.88567    6994.7356     2.88567      1 chain_02/itr_02806_trial_01.rho
     2     2807      0.00156      6994.7356       0.0000      2.88567     2.88567    6994.7356     2.88567      0 -
     2     2808     0.001556      6994.7356       0.0000      2.88567     2.88567    6994.7356     2.88567      0 -
     2     2809     0.001553      6994.7356       0.0000      2.88567     2.88567    6994.7356     2.88567      0 -
     2     2810     0.001549      6994.7356       0.0000      2.88567     2.88567    6994.7356     2.88567      0 -
     2     2811     0.001545      6994.7356       0.0000      2.88567     2.88567    6994.7356     2.88567      0 -
     2     2812     0.001542      6994.7356       0.0000      2.88567     2.88567    6994.7356     2.88567      0 -
     2     2813     0.001538      6994.7356       0.0000      2.88567     2.88567    6994.7356     2.88567      0 -
     2     2814     0.001535      6982.0806     -12.6550      2.88305     2.88305    6982.0806     2.88305      1 chain_02/itr_02814_trial_01.rho
     2     2815     0.001531      6982.0806       0.0000      2.88305     2.88305    6982.0806     2.88305      0 -
     2     2816     0.001528      6982.0806       0.0000      2.88305     2.88305    6982.0806     2.88305      0 -
     2     2817     0.001524      6982.0806       0.0000      2.88305     2.88305    6982.0806     2.88305      0 -
     2     2818     0.001521      6982.0806       0.0000      2.88305     2.88305    6982.0806     2.88305      0 -
     2     2819     0.001517      6982.0806       0.0000      2.88305     2.88305    6982.0806     2.88305      0 -
     2     2820     0.001514      6982.0806       0.0000      2.88305     2.88305    6982.0806     2.88305      0 -
     2     2821      0.00151      6982.0806       0.0000      2.88305     2.88305    6982.0806     2.88305      0 -
     2     2822     0.001507      6973.8167      -8.2639      2.88135     2.88135    6973.8167     2.88135      1 chain_02/itr_02822_trial_01.rho
     2     2823     0.001503      6973.8167       0.0000      2.88135     2.88135    6973.8167     2.88135      0 -
     2     2824       0.0015      6973.8167       0.0000      2.88135     2.88135    6973.8167     2.88135      0 -
     2     2825     0.001496      6973.8167       0.0000      2.88135     2.88135    6973.8167     2.88135      0 -
     2     2826     0.001493      6973.8167       0.0000      2.88135     2.88135    6973.8167     2.88135      0 -
     2     2827      0.00149      6973.8167       0.0000      2.88135     2.88135    6973.8167     2.88135      0 -
     2     2828     0.001486      6973.8167       0.0000      2.88135     2.88135    6973.8167     2.88135      0 -
     2     2829     0.001483      6973.8167       0.0000      2.88135     2.88135    6973.8167     2.88135      0 -
     2     2830     0.001479      6973.8167       0.0000      2.88135     2.88135    6973.8167     2.88135      0 -
     2     2831     0.001476      6973.8167       0.0000      2.88135     2.88135    6973.8167     2.88135      0 -
     2     2832     0.001473      6973.8167       0.0000      2.88135     2.88135    6973.8167     2.88135      0 -
     2     2833     0.001469      6973.8167       0.0000      2.88135     2.88135    6973.8167     2.88135      0 -
     2     2834     0.001466      6973.8167       0.0000      2.88135     2.88135    6973.8167     2.88135      0 -
     2     2835     0.001462      6973.8167       0.0000      2.88135     2.88135    6973.8167     2.88135      0 -
     2     2836     0.001459      6973.8167       0.0000      2.88135     2.88135    6973.8167     2.88135      0 -
     2     2837     0.001456      6920.6499     -53.1668      2.87034     2.87034    6920.6499     2.87034      1 chain_02/itr_02837_trial_01.rho
     2     2838     0.001452      6920.6499       0.0000      2.87034     2.87034    6920.6499     2.87034      0 -
     2     2839     0.001449      6920.6499       0.0000      2.87034     2.87034    6920.6499     2.87034      0 -
     2     2840     0.001446      6920.6499       0.0000      2.87034     2.87034    6920.6499     2.87034      0 -
     2     2841     0.001442      6920.6499       0.0000      2.87034     2.87034    6920.6499     2.87034      0 -
     2     2842     0.001439      6920.6499       0.0000      2.87034     2.87034    6920.6499     2.87034      0 -
     2     2843     0.001436      6920.6499       0.0000      2.87034     2.87034    6920.6499     2.87034      0 -
     2     2844     0.001432      6920.6499       0.0000      2.87034     2.87034    6920.6499     2.87034      0 -
     2     2845     0.001429      6920.6499       0.0000      2.87034     2.87034    6920.6499     2.87034      0 -
     2     2846     0.001426      6920.6499       0.0000      2.87034     2.87034    6920.6499     2.87034      0 -
     2     2847     0.001422      6920.6499       0.0000      2.87034     2.87034    6920.6499     2.87034      0 -
     2     2848     0.001419      6920.6499       0.0000      2.87034     2.87034    6920.6499     2.87034      0 -
     2     2849     0.001416      6920.6499       0.0000      2.87034     2.87034    6920.6499     2.87034      0 -
     2     2850     0.001413      6920.6499       0.0000      2.87034     2.87034    6920.6499     2.87034      0 -
     2     2851     0.001409      6920.6499       0.0000      2.87034     2.87034    6920.6499     2.87034      0 -
     2     2852     0.001406      6919.0954      -1.5545      2.87002     2.87002    6919.0954     2.87002      1 chain_02/itr_02852_trial_01.rho
     2     2853     0.001403      6919.0954       0.0000      2.87002     2.87002    6919.0954     2.87002      0 -
     2     2854       0.0014      6837.3737     -81.7217      2.85302     2.85302    6837.3737     2.85302      1 chain_02/itr_02854_trial_01.rho
     2     2855     0.001397      6837.3737       0.0000      2.85302     2.85302    6837.3737     2.85302      0 -
     2     2856     0.001393      6837.3737       0.0000      2.85302     2.85302    6837.3737     2.85302      0 -
     2     2857      0.00139      6837.3737       0.0000      2.85302     2.85302    6837.3737     2.85302      0 -
     2     2858     0.001387      6837.3737       0.0000      2.85302     2.85302    6837.3737     2.85302      0 -
     2     2859     0.001384      6837.3737       0.0000      2.85302     2.85302    6837.3737     2.85302      0 -
     2     2860     0.001381      6837.3737       0.0000      2.85302     2.85302    6837.3737     2.85302      0 -
     2     2861     0.001377      6837.3737       0.0000      2.85302     2.85302    6837.3737     2.85302      0 -
     2     2862     0.001374      6837.3737       0.0000      2.85302     2.85302    6837.3737     2.85302      0 -
     2     2863     0.001371      6837.3737       0.0000      2.85302     2.85302    6837.3737     2.85302      0 -
     2     2864     0.001368      6837.3737       0.0000      2.85302     2.85302    6837.3737     2.85302      0 -
     2     2865     0.001365      6837.3737       0.0000      2.85302     2.85302    6837.3737     2.85302      0 -
     2     2866     0.001362      6837.3737       0.0000      2.85302     2.85302    6837.3737     2.85302      0 -
     2     2867     0.001358      6837.3737       0.0000      2.85302     2.85302    6837.3737     2.85302      0 -
     2     2868     0.001355      6837.3737       0.0000      2.85302     2.85302    6837.3737     2.85302      0 -
     2     2869     0.001352      6837.3737       0.0000      2.85302     2.85302    6837.3737     2.85302      0 -
     2     2870     0.001349      6837.3737       0.0000      2.85302     2.85302    6837.3737     2.85302      0 -
     2     2871     0.001346      6837.3737       0.0000      2.85302     2.85302    6837.3737     2.85302      0 -
     2     2872     0.001343      6837.3737       0.0000      2.85302     2.85302    6837.3737     2.85302      0 -
     2     2873      0.00134      6837.3737       0.0000      2.85302     2.85302    6837.3737     2.85302      0 -
     2     2874     0.001337      6837.3737       0.0000      2.85302     2.85302    6837.3737     2.85302      0 -
     2     2875     0.001334      6837.3737       0.0000      2.85302     2.85302    6837.3737     2.85302      0 -
     2     2876     0.001331      6837.3737       0.0000      2.85302     2.85302    6837.3737     2.85302      0 -
     2     2877     0.001328      6837.3737       0.0000      2.85302     2.85302    6837.3737     2.85302      0 -
     2     2878     0.001324      6837.3737       0.0000      2.85302     2.85302    6837.3737     2.85302      0 -
     2     2879     0.001321      6837.3737       0.0000      2.85302     2.85302    6837.3737     2.85302      0 -
     2     2880     0.001318      6837.3737       0.0000      2.85302     2.85302    6837.3737     2.85302      0 -
     2     2881     0.001315      6837.3737       0.0000      2.85302     2.85302    6837.3737     2.85302      0 -
     2     2882     0.001312      6837.3737       0.0000      2.85302     2.85302    6837.3737     2.85302      0 -
     2     2883     0.001309      6837.3737       0.0000      2.85302     2.85302    6837.3737     2.85302      0 -
     2     2884     0.001306      6837.3737       0.0000      2.85302     2.85302    6837.3737     2.85302      0 -
     2     2885     0.001303      6837.3737       0.0000      2.85302     2.85302    6837.3737     2.85302      0 -
     2     2886       0.0013      6837.3737       0.0000      2.85302     2.85302    6837.3737     2.85302      0 -
     2     2887     0.001297      6837.3737       0.0000      2.85302     2.85302    6837.3737     2.85302      0 -
     2     2888     0.001294      6837.3737       0.0000      2.85302     2.85302    6837.3737     2.85302      0 -
     2     2889     0.001291      6837.3737       0.0000      2.85302     2.85302    6837.3737     2.85302      0 -
     2     2890     0.001288      6837.3737       0.0000      2.85302     2.85302    6837.3737     2.85302      0 -
     2     2891     0.001285      6837.3737       0.0000      2.85302     2.85302    6837.3737     2.85302      0 -
     2     2892     0.001282      6837.3737       0.0000      2.85302     2.85302    6837.3737     2.85302      0 -
     2     2893     0.001279      6837.3737       0.0000      2.85302     2.85302    6837.3737     2.85302      0 -
     2     2894     0.001277      6837.3737       0.0000      2.85302     2.85302    6837.3737     2.85302      0 -
     2     2895     0.001274      6837.3737       0.0000      2.85302     2.85302    6837.3737     2.85302      0 -
     2     2896     0.001271      6837.3737       0.0000      2.85302     2.85302    6837.3737     2.85302      0 -
     2     2897     0.001268      6837.3737       0.0000      2.85302     2.85302    6837.3737     2.85302      0 -
     2     2898     0.001265      6837.3737       0.0000      2.85302     2.85302    6837.3737     2.85302      0 -
     2     2899     0.001262      6837.3737       0.0000      2.85302     2.85302    6837.3737     2.85302      0 -
     2     2900     0.001259      6837.3737       0.0000      2.85302     2.85302    6837.3737     2.85302      0 -
     2     2901     0.001256      6837.3737       0.0000      2.85302     2.85302    6837.3737     2.85302      0 -
     2     2902     0.001253      6837.3737       0.0000      2.85302     2.85302    6837.3737     2.85302      0 -
     2     2903      0.00125      6837.3737       0.0000      2.85302     2.85302    6837.3737     2.85302      0 -
     2     2904     0.001247      6837.3737       0.0000      2.85302     2.85302    6837.3737     2.85302      0 -
     2     2905     0.001245      6837.3737       0.0000      2.85302     2.85302    6837.3737     2.85302      0 -
     2     2906     0.001242      6837.3737       0.0000      2.85302     2.85302    6837.3737     2.85302      0 -
     2     2907     0.001239      6837.3737       0.0000      2.85302     2.85302    6837.3737     2.85302      0 -
     2     2908     0.001236      6837.3737       0.0000      2.85302     2.85302    6837.3737     2.85302      0 -
     2     2909     0.001233      6837.3737       0.0000      2.85302     2.85302    6837.3737     2.85302      0 -
     2     2910      0.00123      6837.3737       0.0000      2.85302     2.85302    6837.3737     2.85302      0 -
     2     2911     0.001228      6837.3737       0.0000      2.85302     2.85302    6837.3737     2.85302      0 -
     2     2912     0.001225      6837.3737       0.0000      2.85302     2.85302    6837.3737     2.85302      0 -
     2     2913     0.001222      6837.3737       0.0000      2.85302     2.85302    6837.3737     2.85302      0 -
     2     2914     0.001219      6837.3737       0.0000      2.85302     2.85302    6837.3737     2.85302      0 -
     2     2915     0.001216      6837.3737       0.0000      2.85302     2.85302    6837.3737     2.85302      0 -
     2     2916     0.001213      6837.3737       0.0000      2.85302     2.85302    6837.3737     2.85302      0 -
     2     2917     0.001211      6837.3737       0.0000      2.85302     2.85302    6837.3737     2.85302      0 -
     2     2918     0.001208      6837.3737       0.0000      2.85302     2.85302    6837.3737     2.85302      0 -
     2     2919     0.001205      6837.3737       0.0000      2.85302     2.85302    6837.3737     2.85302      0 -
     2     2920     0.001202      6837.3737       0.0000      2.85302     2.85302    6837.3737     2.85302      0 -
     2     2921       0.0012      6837.3737       0.0000      2.85302     2.85302    6837.3737     2.85302      0 -
     2     2922     0.001197      6837.3737       0.0000      2.85302     2.85302    6837.3737     2.85302      0 -
     2     2923     0.001194      6809.1348     -28.2388      2.84712     2.84712    6809.1348     2.84712      1 chain_02/itr_02923_trial_01.rho
     2     2924     0.001191      6809.1348       0.0000      2.84712     2.84712    6809.1348     2.84712      0 -
     2     2925     0.001189      6809.1348       0.0000      2.84712     2.84712    6809.1348     2.84712      0 -
     2     2926     0.001186      6809.1348       0.0000      2.84712     2.84712    6809.1348     2.84712      0 -
     2     2927     0.001183      6809.1348       0.0000      2.84712     2.84712    6809.1348     2.84712      0 -
     2     2928      0.00118      6809.1348       0.0000      2.84712     2.84712    6809.1348     2.84712      0 -
     2     2929     0.001178      6809.1348       0.0000      2.84712     2.84712    6809.1348     2.84712      0 -
     2     2930     0.001175      6809.1348       0.0000      2.84712     2.84712    6809.1348     2.84712      0 -
     2     2931     0.001172      6809.1348       0.0000      2.84712     2.84712    6809.1348     2.84712      0 -
     2     2932      0.00117      6809.1348       0.0000      2.84712     2.84712    6809.1348     2.84712      0 -
     2     2933     0.001167      6809.1348       0.0000      2.84712     2.84712    6809.1348     2.84712      0 -
     2     2934     0.001164      6809.1348       0.0000      2.84712     2.84712    6809.1348     2.84712      0 -
     2     2935     0.001162      6790.1593     -18.9755      2.84315     2.84315    6790.1593     2.84315      1 chain_02/itr_02935_trial_01.rho
     2     2936     0.001159      6790.1593       0.0000      2.84315     2.84315    6790.1593     2.84315      0 -
     2     2937     0.001156      6790.1593       0.0000      2.84315     2.84315    6790.1593     2.84315      0 -
     2     2938     0.001154      6790.1593       0.0000      2.84315     2.84315    6790.1593     2.84315      0 -
     2     2939     0.001151      6790.1593       0.0000      2.84315     2.84315    6790.1593     2.84315      0 -
     2     2940     0.001148      6790.1593       0.0000      2.84315     2.84315    6790.1593     2.84315      0 -
     2     2941     0.001146      6790.1593       0.0000      2.84315     2.84315    6790.1593     2.84315      0 -
     2     2942     0.001143      6786.2941      -3.8652      2.84234     2.84234    6786.2941     2.84234      1 chain_02/itr_02942_trial_01.rho
     2     2943      0.00114      6786.2941       0.0000      2.84234     2.84234    6786.2941     2.84234      0 -
     2     2944     0.001138      6786.2941       0.0000      2.84234     2.84234    6786.2941     2.84234      0 -
     2     2945     0.001135      6786.2941       0.0000      2.84234     2.84234    6786.2941     2.84234      0 -
     2     2946     0.001132      6786.2941       0.0000      2.84234     2.84234    6786.2941     2.84234      0 -
     2     2947      0.00113      6786.2941       0.0000      2.84234     2.84234    6786.2941     2.84234      0 -
     2     2948     0.001127      6786.2941       0.0000      2.84234     2.84234    6786.2941     2.84234      0 -
     2     2949     0.001125      6786.2941       0.0000      2.84234     2.84234    6786.2941     2.84234      0 -
     2     2950     0.001122      6786.2941       0.0000      2.84234     2.84234    6786.2941     2.84234      0 -
     2     2951     0.001119      6786.2941       0.0000      2.84234     2.84234    6786.2941     2.84234      0 -
     2     2952     0.001117      6786.2941       0.0000      2.84234     2.84234    6786.2941     2.84234      0 -
     2     2953     0.001114      6786.2941       0.0000      2.84234     2.84234    6786.2941     2.84234      0 -
     2     2954     0.001112      6786.2941       0.0000      2.84234     2.84234    6786.2941     2.84234      0 -
     2     2955     0.001109      6786.2941       0.0000      2.84234     2.84234    6786.2941     2.84234      0 -
     2     2956     0.001107      6786.2941       0.0000      2.84234     2.84234    6786.2941     2.84234      0 -
     2     2957     0.001104      6786.2941       0.0000      2.84234     2.84234    6786.2941     2.84234      0 -
     2     2958     0.001102      6786.2941       0.0000      2.84234     2.84234    6786.2941     2.84234      0 -
     2     2959     0.001099      6786.2941       0.0000      2.84234     2.84234    6786.2941     2.84234      0 -
     2     2960     0.001097      6786.2941       0.0000      2.84234     2.84234    6786.2941     2.84234      0 -
     2     2961     0.001094      6786.2941       0.0000      2.84234     2.84234    6786.2941     2.84234      0 -
     2     2962     0.001091      6786.2941       0.0000      2.84234     2.84234    6786.2941     2.84234      0 -
     2     2963     0.001089      6786.2941       0.0000      2.84234     2.84234    6786.2941     2.84234      0 -
     2     2964     0.001086      6786.2941       0.0000      2.84234     2.84234    6786.2941     2.84234      0 -
     2     2965     0.001084      6786.2941       0.0000      2.84234     2.84234    6786.2941     2.84234      0 -
     2     2966     0.001081      6786.2941       0.0000      2.84234     2.84234    6786.2941     2.84234      0 -
     2     2967     0.001079      6786.2941       0.0000      2.84234     2.84234    6786.2941     2.84234      0 -
     2     2968     0.001076      6786.2941       0.0000      2.84234     2.84234    6786.2941     2.84234      0 -
     2     2969     0.001074      6786.2941       0.0000      2.84234     2.84234    6786.2941     2.84234      0 -
     2     2970     0.001072      6786.2941       0.0000      2.84234     2.84234    6786.2941     2.84234      0 -
     2     2971     0.001069      6786.2941       0.0000      2.84234     2.84234    6786.2941     2.84234      0 -
     2     2972     0.001067      6786.2941       0.0000      2.84234     2.84234    6786.2941     2.84234      0 -
     2     2973     0.001064      6786.2941       0.0000      2.84234     2.84234    6786.2941     2.84234      0 -
     2     2974     0.001062      6786.2941       0.0000      2.84234     2.84234    6786.2941     2.84234      0 -
     2     2975     0.001059      6786.2941       0.0000      2.84234     2.84234    6786.2941     2.84234      0 -
     2     2976     0.001057      6786.2941       0.0000      2.84234     2.84234    6786.2941     2.84234      0 -
     2     2977     0.001054      6786.2941       0.0000      2.84234     2.84234    6786.2941     2.84234      0 -
     2     2978     0.001052      6786.2941       0.0000      2.84234     2.84234    6786.2941     2.84234      0 -
     2     2979      0.00105      6786.2941       0.0000      2.84234     2.84234    6786.2941     2.84234      0 -
     2     2980     0.001047      6786.2941       0.0000      2.84234     2.84234    6786.2941     2.84234      0 -
     2     2981     0.001045      6786.2941       0.0000      2.84234     2.84234    6786.2941     2.84234      0 -
     2     2982     0.001042      6786.2941       0.0000      2.84234     2.84234    6786.2941     2.84234      0 -
     2     2983      0.00104      6786.2941       0.0000      2.84234     2.84234    6786.2941     2.84234      0 -
     2     2984     0.001038      6786.2941       0.0000      2.84234     2.84234    6786.2941     2.84234      0 -
     2     2985     0.001035      6786.2941       0.0000      2.84234     2.84234    6786.2941     2.84234      0 -
     2     2986     0.001033      6786.2941       0.0000      2.84234     2.84234    6786.2941     2.84234      0 -
     2     2987      0.00103      6786.2941       0.0000      2.84234     2.84234    6786.2941     2.84234      0 -
     2     2988     0.001028      6786.2941       0.0000      2.84234     2.84234    6786.2941     2.84234      0 -
     2     2989     0.001026      6786.2941       0.0000      2.84234     2.84234    6786.2941     2.84234      0 -
     2     2990     0.001023      6786.2941       0.0000      2.84234     2.84234    6786.2941     2.84234      0 -
     2     2991     0.001021      6786.2941       0.0000      2.84234     2.84234    6786.2941     2.84234      0 -
     2     2992     0.001019      6786.2941       0.0000      2.84234     2.84234    6786.2941     2.84234      0 -
     2     2993     0.001016      6786.2941       0.0000      2.84234     2.84234    6786.2941     2.84234      0 -
     2     2994     0.001014      6786.2941       0.0000      2.84234     2.84234    6786.2941     2.84234      0 -
     2     2995     0.001012      6786.2941       0.0000      2.84234     2.84234    6786.2941     2.84234      0 -
     2     2996     0.001009      6786.2941       0.0000      2.84234     2.84234    6786.2941     2.84234      0 -
     2     2997     0.001007      6786.2941       0.0000      2.84234     2.84234    6786.2941     2.84234      0 -
     2     2998     0.001005      6786.2941       0.0000      2.84234     2.84234    6786.2941     2.84234      0 -
     2     2999     0.001002      6786.2941       0.0000      2.84234     2.84234    6786.2941     2.84234      0 -
     2     3000        0.001      6786.2941       0.0000      2.84234     2.84234    6786.2941     2.84234      0 -
