# VFSA 2D iteration best - 2026-09-15 00:27:51
# chains=2  n_ctrl=250  frac_update_controls=1.0  temp_kappa=1.0  cool_ratio=0.001  target_rms=1.0  n_trials=1
--------------------------------------------------------------------------------------------------------------------------------------------------------------------------------------------------------
 Chain     Iter         Temp       Chi2Curr        dChi2      RMSCurr     CurrRMS     Chi2Best     RMSBest   Nacc Model
--------------------------------------------------------------------------------------------------------------------------------------------------------------------------------------------------------
     2        1            1    860555.2480   90493.2694     32.00735    32.00735  770061.9786    30.27772      1 chain_02/itr_00001_trial_01.rho
     2        2       0.9914   1028238.4176  167683.1695     34.98705    34.98705  770061.9786    30.27772      1 chain_02/itr_00002_trial_01.rho
     2        3       0.9829   1124478.3793   96239.9617     36.58777    36.58777  770061.9786    30.27772      1 chain_02/itr_00003_trial_01.rho
     2        4       0.9744    997620.0662 -126858.3132     34.46220    34.46220  770061.9786    30.27772      1 chain_02/itr_00004_trial_01.rho
     2        5        0.966    939377.4901  -58242.5761     33.44109    33.44109  770061.9786    30.27772      1 chain_02/itr_00005_trial_01.rho
     2        6       0.9577    923929.9931  -15447.4970     33.16499    33.16499  770061.9786    30.27772      1 chain_02/itr_00006_trial_01.rho
     2        7       0.9494   1003874.8765   79944.8834     34.57006    34.57006  770061.9786    30.27772      1 chain_02/itr_00007_trial_01.rho
     2        8       0.9413   1133707.4994  129832.6229     36.73761    36.73761  770061.9786    30.27772      1 chain_02/itr_00008_trial_01.rho
     2        9       0.9332   1206705.4759   72997.9765     37.90190    37.90190  770061.9786    30.27772      1 chain_02/itr_00009_trial_01.rho
     2       10       0.9251   1306008.3910   99302.9151     39.43060    39.43060  770061.9786    30.27772      1 chain_02/itr_00010_trial_01.rho
     2       11       0.9172   1217681.4191  -88326.9720     38.07389    38.07389  770061.9786    30.27772      1 chain_02/itr_00011_trial_01.rho
     2       12       0.9093   1271834.3070   54152.8880     38.91129    38.91129  770061.9786    30.27772      1 chain_02/itr_00012_trial_01.rho
     2       13       0.9015   1256006.2695  -15828.0376     38.66841    38.66841  770061.9786    30.27772      1 chain_02/itr_00013_trial_01.rho
     2       14       0.8937   1085722.9368 -170283.3326     35.95174    35.95174  770061.9786    30.27772      1 chain_02/itr_00014_trial_01.rho
     2       15        0.886    961673.0714 -124049.8655     33.83562    33.83562  770061.9786    30.27772      1 chain_02/itr_00015_trial_01.rho
     2       16       0.8784    769348.3077 -192324.7637     30.26369    30.26369  769348.3077    30.26369      1 chain_02/itr_00016_trial_01.rho
     2       17       0.8708    776056.1767    6707.8690     30.39534    30.39534  769348.3077    30.26369      1 chain_02/itr_00017_trial_01.rho
     2       18       0.8633    689099.5494  -86956.6273     28.64187    28.64187  689099.5494    28.64187      1 chain_02/itr_00018_trial_01.rho
     2       19       0.8559    556879.1703 -132220.3791     25.74784    25.74784  556879.1703    25.74784      1 chain_02/itr_00019_trial_01.rho
     2       20       0.8485    544515.3392  -12363.8310     25.46041    25.46041  544515.3392    25.46041      1 chain_02/itr_00020_trial_01.rho
     2       21       0.8412    509104.2440  -35411.0952     24.61862    24.61862  509104.2440    24.61862      1 chain_02/itr_00021_trial_01.rho
     2       22        0.834    446742.0825  -62362.1614     23.06157    23.06157  446742.0825    23.06157      1 chain_02/itr_00022_trial_01.rho
     2       23       0.8268    447749.8686    1007.7860     23.08756    23.08756  446742.0825    23.06157      1 chain_02/itr_00023_trial_01.rho
     2       24       0.8197    400006.1583  -47743.7102     21.82196    21.82196  400006.1583    21.82196      1 chain_02/itr_00024_trial_01.rho
     2       25       0.8126    382407.5064  -17598.6520     21.33652    21.33652  382407.5064    21.33652      1 chain_02/itr_00025_trial_01.rho
     2       26       0.8056    363725.7392  -18681.7671     20.80882    20.80882  363725.7392    20.80882      1 chain_02/itr_00026_trial_01.rho
     2       27       0.7987    367208.4234    3482.6842     20.90820    20.90820  363725.7392    20.80882      1 chain_02/itr_00027_trial_01.rho
     2       28       0.7918    363061.4650   -4146.9584     20.78981    20.78981  363061.4650    20.78981      1 chain_02/itr_00028_trial_01.rho
     2       29        0.785    324255.9704  -38805.4946     19.64737    19.64737  324255.9704    19.64737      1 chain_02/itr_00029_trial_01.rho
     2       30       0.7782    332427.5664    8171.5959     19.89339    19.89339  324255.9704    19.64737      1 chain_02/itr_00030_trial_01.rho
     2       31       0.7715    292949.0623  -39478.5041     18.67482    18.67482  292949.0623    18.67482      1 chain_02/itr_00031_trial_01.rho
     2       32       0.7649    258171.7846  -34777.2776     17.53133    17.53133  258171.7846    17.53133      1 chain_02/itr_00032_trial_01.rho
     2       33       0.7583    258171.7846       0.0000     17.53133    17.53133  258171.7846    17.53133      0 -
     2       34       0.7518    271140.0507   12968.2661     17.96624    17.96624  258171.7846    17.53133      1 chain_02/itr_00034_trial_01.rho
     2       35       0.7453    321953.7100   50813.6593     19.57749    19.57749  258171.7846    17.53133      1 chain_02/itr_00035_trial_01.rho
     2       36       0.7389    372970.1699   51016.4599     21.07159    21.07159  258171.7846    17.53133      1 chain_02/itr_00036_trial_01.rho
     2       37       0.7325    334842.4820  -38127.6879     19.96552    19.96552  258171.7846    17.53133      1 chain_02/itr_00037_trial_01.rho
     2       38       0.7262    332761.2261   -2081.2559     19.90337    19.90337  258171.7846    17.53133      1 chain_02/itr_00038_trial_01.rho
     2       39         0.72    284790.6109  -47970.6152     18.41294    18.41294  258171.7846    17.53133      1 chain_02/itr_00039_trial_01.rho
     2       40       0.7138    287215.1000    2424.4891     18.49115    18.49115  258171.7846    17.53133      1 chain_02/itr_00040_trial_01.rho
     2       41       0.7076    258496.9179  -28718.1821     17.54236    17.54236  258171.7846    17.53133      1 chain_02/itr_00041_trial_01.rho
     2       42       0.7015    328499.3804   70002.4625     19.77551    19.77551  258171.7846    17.53133      1 chain_02/itr_00042_trial_01.rho
     2       43       0.6955    285734.8816  -42764.4989     18.44344    18.44344  258171.7846    17.53133      1 chain_02/itr_00043_trial_01.rho
     2       44       0.6895    252832.5448  -32902.3367     17.34910    17.34910  252832.5448    17.34910      1 chain_02/itr_00044_trial_01.rho
     2       45       0.6836    259445.7797    6613.2348     17.57453    17.57453  252832.5448    17.34910      1 chain_02/itr_00045_trial_01.rho
     2       46       0.6777    203623.5379  -55822.2418     15.56949    15.56949  203623.5379    15.56949      1 chain_02/itr_00046_trial_01.rho
     2       47       0.6719    182059.7969  -21563.7410     14.72202    14.72202  182059.7969    14.72202      1 chain_02/itr_00047_trial_01.rho
     2       48       0.6661    165978.8133  -16080.9836     14.05681    14.05681  165978.8133    14.05681      1 chain_02/itr_00048_trial_01.rho
     2       49       0.6604    128320.7726  -37658.0408     12.35973    12.35973  128320.7726    12.35973      1 chain_02/itr_00049_trial_01.rho
     2       50       0.6547    134622.6903    6301.9177     12.65959    12.65959  128320.7726    12.35973      1 chain_02/itr_00050_trial_01.rho
     2       51        0.649    124769.9144   -9852.7759     12.18752    12.18752  124769.9144    12.18752      1 chain_02/itr_00051_trial_01.rho
     2       52       0.6434    151747.5107   26977.5963     13.44068    13.44068  124769.9144    12.18752      1 chain_02/itr_00052_trial_01.rho
     2       53       0.6379    149934.5543   -1812.9563     13.36015    13.36015  124769.9144    12.18752      1 chain_02/itr_00053_trial_01.rho
     2       54       0.6324    179124.9317   29190.3773     14.60288    14.60288  124769.9144    12.18752      1 chain_02/itr_00054_trial_01.rho
     2       55        0.627    179124.9317       0.0000     14.60288    14.60288  124769.9144    12.18752      0 -
     2       56       0.6216    167629.5807  -11495.3509     14.12654    14.12654  124769.9144    12.18752      1 chain_02/itr_00056_trial_01.rho
     2       57       0.6162    167629.5807       0.0000     14.12654    14.12654  124769.9144    12.18752      0 -
     2       58       0.6109    191010.7909   23381.2102     15.07958    15.07958  124769.9144    12.18752      1 chain_02/itr_00058_trial_01.rho
     2       59       0.6057    201518.6937   10507.9027     15.48881    15.48881  124769.9144    12.18752      1 chain_02/itr_00059_trial_01.rho
     2       60       0.6004    161790.4815  -39728.2122     13.87832    13.87832  124769.9144    12.18752      1 chain_02/itr_00060_trial_01.rho
     2       61       0.5953    146076.7963  -15713.6852     13.18715    13.18715  124769.9144    12.18752      1 chain_02/itr_00061_trial_01.rho
     2       62       0.5902    114212.9924  -31863.8039     11.66053    11.66053  114212.9924    11.66053      1 chain_02/itr_00062_trial_01.rho
     2       63       0.5851    101774.9812  -12438.0112     11.00730    11.00730  101774.9812    11.00730      1 chain_02/itr_00063_trial_01.rho
     2       64         0.58     98758.8173   -3016.1639     10.84297    10.84297   98758.8173    10.84297      1 chain_02/itr_00064_trial_01.rho
     2       65        0.575     94271.3058   -4487.5115     10.59376    10.59376   94271.3058    10.59376      1 chain_02/itr_00065_trial_01.rho
     2       66       0.5701     94271.3058       0.0000     10.59376    10.59376   94271.3058    10.59376      0 -
     2       67       0.5652     96581.7245    2310.4187     10.72279    10.72279   94271.3058    10.59376      1 chain_02/itr_00067_trial_01.rho
     2       68       0.5603     93371.5821   -3210.1425     10.54309    10.54309   93371.5821    10.54309      1 chain_02/itr_00068_trial_01.rho
     2       69       0.5555     93371.5821       0.0000     10.54309    10.54309   93371.5821    10.54309      0 -
     2       70       0.5507     94786.1602    1414.5782     10.62265    10.62265   93371.5821    10.54309      1 chain_02/itr_00070_trial_01.rho
     2       71        0.546    121213.6171   26427.4569     12.01257    12.01257   93371.5821    10.54309      1 chain_02/itr_00071_trial_01.rho
     2       72       0.5413    115547.3708   -5666.2463     11.72844    11.72844   93371.5821    10.54309      1 chain_02/itr_00072_trial_01.rho
     2       73       0.5366    130428.8886   14881.5177     12.46084    12.46084   93371.5821    10.54309      1 chain_02/itr_00073_trial_01.rho
     2       74        0.532    142737.5698   12308.6812     13.03555    13.03555   93371.5821    10.54309      1 chain_02/itr_00074_trial_01.rho
     2       75       0.5274    142737.5698       0.0000     13.03555    13.03555   93371.5821    10.54309      0 -
     2       76       0.5229    139475.7649   -3261.8049     12.88575    12.88575   93371.5821    10.54309      1 chain_02/itr_00076_trial_01.rho
     2       77       0.5184    127268.5113  -12207.2536     12.30895    12.30895   93371.5821    10.54309      1 chain_02/itr_00077_trial_01.rho
     2       78       0.5139    126125.0960   -1143.4153     12.25353    12.25353   93371.5821    10.54309      1 chain_02/itr_00078_trial_01.rho
     2       79       0.5095    118944.3084   -7180.7876     11.89960    11.89960   93371.5821    10.54309      1 chain_02/itr_00079_trial_01.rho
     2       80       0.5051    131469.5270   12525.2186     12.51045    12.51045   93371.5821    10.54309      1 chain_02/itr_00080_trial_01.rho
     2       81       0.5008    157454.6111   25985.0841     13.69109    13.69109   93371.5821    10.54309      1 chain_02/itr_00081_trial_01.rho
     2       82       0.4964    175030.1259   17575.5147     14.43500    14.43500   93371.5821    10.54309      1 chain_02/itr_00082_trial_01.rho
     2       83       0.4922    185890.2837   10860.1579     14.87609    14.87609   93371.5821    10.54309      1 chain_02/itr_00083_trial_01.rho
     2       84       0.4879    179111.6286   -6778.6551     14.60233    14.60233   93371.5821    10.54309      1 chain_02/itr_00084_trial_01.rho
     2       85       0.4837    168419.5015  -10692.1271     14.15978    14.15978   93371.5821    10.54309      1 chain_02/itr_00085_trial_01.rho
     2       86       0.4796    166354.3158   -2065.1857     14.07270    14.07270   93371.5821    10.54309      1 chain_02/itr_00086_trial_01.rho
     2       87       0.4754    166354.3158       0.0000     14.07270    14.07270   93371.5821    10.54309      0 -
     2       88       0.4713    163582.9737   -2771.3421     13.95499    13.95499   93371.5821    10.54309      1 chain_02/itr_00088_trial_01.rho
     2       89       0.4673    165578.0978    1995.1241     14.03983    14.03983   93371.5821    10.54309      1 chain_02/itr_00089_trial_01.rho
     2       90       0.4633    178548.8204   12970.7227     14.57937    14.57937   93371.5821    10.54309      1 chain_02/itr_00090_trial_01.rho
     2       91       0.4593    162872.1228  -15676.6976     13.92463    13.92463   93371.5821    10.54309      1 chain_02/itr_00091_trial_01.rho
     2       92       0.4553    166361.7152    3489.5923     14.07301    14.07301   93371.5821    10.54309      1 chain_02/itr_00092_trial_01.rho
     2       93       0.4514    186022.1636   19660.4484     14.88136    14.88136   93371.5821    10.54309      1 chain_02/itr_00093_trial_01.rho
     2       94       0.4475    208158.4958   22136.3322     15.74191    15.74191   93371.5821    10.54309      1 chain_02/itr_00094_trial_01.rho
     2       95       0.4437    212731.4359    4572.9401     15.91388    15.91388   93371.5821    10.54309      1 chain_02/itr_00095_trial_01.rho
     2       96       0.4398    240174.2446   27442.8087     16.90922    16.90922   93371.5821    10.54309      1 chain_02/itr_00096_trial_01.rho
     2       97       0.4361    259487.5450   19313.3004     17.57594    17.57594   93371.5821    10.54309      1 chain_02/itr_00097_trial_01.rho
     2       98       0.4323    312632.4623   53144.9174     19.29201    19.29201   93371.5821    10.54309      1 chain_02/itr_00098_trial_01.rho
     2       99       0.4286    253506.7396  -59125.7228     17.37221    17.37221   93371.5821    10.54309      1 chain_02/itr_00099_trial_01.rho
     2      100       0.4249    253506.7396       0.0000     17.37221    17.37221   93371.5821    10.54309      0 -
     2      101       0.4212    268524.3518   15017.6123     17.87937    17.87937   93371.5821    10.54309      1 chain_02/itr_00101_trial_01.rho
     2      102       0.4176    316580.8469   48056.4950     19.41345    19.41345   93371.5821    10.54309      1 chain_02/itr_00102_trial_01.rho
     2      103        0.414    331042.7322   14461.8854     19.85191    19.85191   93371.5821    10.54309      1 chain_02/itr_00103_trial_01.rho
     2      104       0.4105    260872.4750  -70170.2572     17.62278    17.62278   93371.5821    10.54309      1 chain_02/itr_00104_trial_01.rho
     2      105       0.4069    269900.8614    9028.3864     17.92514    17.92514   93371.5821    10.54309      1 chain_02/itr_00105_trial_01.rho
     2      106       0.4034    258806.1935  -11094.6678     17.55285    17.55285   93371.5821    10.54309      1 chain_02/itr_00106_trial_01.rho
     2      107       0.3999    278692.0789   19885.8854     18.21473    18.21473   93371.5821    10.54309      1 chain_02/itr_00107_trial_01.rho
     2      108       0.3965    284466.3017    5774.2228     18.40246    18.40246   93371.5821    10.54309      1 chain_02/itr_00108_trial_01.rho
     2      109       0.3931    282301.5606   -2164.7412     18.33230    18.33230   93371.5821    10.54309      1 chain_02/itr_00109_trial_01.rho
     2      110       0.3897    245994.6050  -36306.9555     17.11288    17.11288   93371.5821    10.54309      1 chain_02/itr_00110_trial_01.rho
     2      111       0.3864    266624.7178   20630.1127     17.81601    17.81601   93371.5821    10.54309      1 chain_02/itr_00111_trial_01.rho
     2      112        0.383    298382.2379   31757.5201     18.84720    18.84720   93371.5821    10.54309      1 chain_02/itr_00112_trial_01.rho
     2      113       0.3797    310212.4880   11830.2501     19.21719    19.21719   93371.5821    10.54309      1 chain_02/itr_00113_trial_01.rho
     2      114       0.3765    328490.6852   18278.1972     19.77525    19.77525   93371.5821    10.54309      1 chain_02/itr_00114_trial_01.rho
     2      115       0.3732    328490.6852       0.0000     19.77525    19.77525   93371.5821    10.54309      0 -
     2      116         0.37    328490.6852       0.0000     19.77525    19.77525   93371.5821    10.54309      0 -
     2      117       0.3668    328490.6852       0.0000     19.77525    19.77525   93371.5821    10.54309      0 -
     2      118       0.3637    378566.4734   50075.7882     21.22909    21.22909   93371.5821    10.54309      1 chain_02/itr_00118_trial_01.rho
     2      119       0.3605    340197.2149  -38369.2585     20.12453    20.12453   93371.5821    10.54309      1 chain_02/itr_00119_trial_01.rho
     2      120       0.3574    340197.2149       0.0000     20.12453    20.12453   93371.5821    10.54309      0 -
     2      121       0.3544    313551.2909  -26645.9240     19.32034    19.32034   93371.5821    10.54309      1 chain_02/itr_00121_trial_01.rho
     2      122       0.3513    313551.2909       0.0000     19.32034    19.32034   93371.5821    10.54309      0 -
     2      123       0.3483    380013.5529   66462.2620     21.26963    21.26963   93371.5821    10.54309      1 chain_02/itr_00123_trial_01.rho
     2      124       0.3453    356596.4477  -23417.1052     20.60387    20.60387   93371.5821    10.54309      1 chain_02/itr_00124_trial_01.rho
     2      125       0.3423    430296.6774   73700.2297     22.63312    22.63312   93371.5821    10.54309      1 chain_02/itr_00125_trial_01.rho
     2      126       0.3394    473776.4066   43479.7291     23.74910    23.74910   93371.5821    10.54309      1 chain_02/itr_00126_trial_01.rho
     2      127       0.3364    386793.5358  -86982.8708     21.45853    21.45853   93371.5821    10.54309      1 chain_02/itr_00127_trial_01.rho
     2      128       0.3335    386793.5358       0.0000     21.45853    21.45853   93371.5821    10.54309      0 -
     2      129       0.3307    374017.6546  -12775.8812     21.10116    21.10116   93371.5821    10.54309      1 chain_02/itr_00129_trial_01.rho
     2      130       0.3278    308149.6567  -65867.9979     19.15319    19.15319   93371.5821    10.54309      1 chain_02/itr_00130_trial_01.rho
     2      131        0.325    289645.7737  -18503.8830     18.56923    18.56923   93371.5821    10.54309      1 chain_02/itr_00131_trial_01.rho
     2      132       0.3222    276807.1919  -12838.5818     18.15303    18.15303   93371.5821    10.54309      1 chain_02/itr_00132_trial_01.rho
     2      133       0.3194    276807.1919       0.0000     18.15303    18.15303   93371.5821    10.54309      0 -
     2      134       0.3167    276807.1919       0.0000     18.15303    18.15303   93371.5821    10.54309      0 -
     2      135        0.314    271451.3926   -5355.7993     17.97655    17.97655   93371.5821    10.54309      1 chain_02/itr_00135_trial_01.rho
     2      136       0.3113    255467.6647  -15983.7279     17.43927    17.43927   93371.5821    10.54309      1 chain_02/itr_00136_trial_01.rho
     2      137       0.3086    255467.6647       0.0000     17.43927    17.43927   93371.5821    10.54309      0 -
     2      138       0.3059    215306.6116  -40161.0532     16.00992    16.00992   93371.5821    10.54309      1 chain_02/itr_00138_trial_01.rho
     2      139       0.3033    255537.4427   40230.8312     17.44165    17.44165   93371.5821    10.54309      1 chain_02/itr_00139_trial_01.rho
     2      140       0.3007    250935.6966   -4601.7461     17.28389    17.28389   93371.5821    10.54309      1 chain_02/itr_00140_trial_01.rho
     2      141       0.2981    244575.1441   -6360.5525     17.06344    17.06344   93371.5821    10.54309      1 chain_02/itr_00141_trial_01.rho
     2      142       0.2955    231869.5047  -12705.6394     16.61430    16.61430   93371.5821    10.54309      1 chain_02/itr_00142_trial_01.rho
     2      143        0.293    226521.3432   -5348.1614     16.42158    16.42158   93371.5821    10.54309      1 chain_02/itr_00143_trial_01.rho
     2      144       0.2905    211904.1213  -14617.2219     15.88291    15.88291   93371.5821    10.54309      1 chain_02/itr_00144_trial_01.rho
     2      145        0.288    237859.7777   25955.6564     16.82755    16.82755   93371.5821    10.54309      1 chain_02/itr_00145_trial_01.rho
     2      146       0.2855    274989.6796   37129.9020     18.09333    18.09333   93371.5821    10.54309      1 chain_02/itr_00146_trial_01.rho
     2      147        0.283    280806.2430    5816.5634     18.28369    18.28369   93371.5821    10.54309      1 chain_02/itr_00147_trial_01.rho
     2      148       0.2806    242378.5079  -38427.7352     16.98664    16.98664   93371.5821    10.54309      1 chain_02/itr_00148_trial_01.rho
     2      149       0.2782    242378.5079       0.0000     16.98664    16.98664   93371.5821    10.54309      0 -
     2      150       0.2758    289569.3460   47190.8381     18.56678    18.56678   93371.5821    10.54309      1 chain_02/itr_00150_trial_01.rho
     2      151       0.2734    281116.3975   -8452.9485     18.29378    18.29378   93371.5821    10.54309      1 chain_02/itr_00151_trial_01.rho
     2      152        0.271    281116.3975       0.0000     18.29378    18.29378   93371.5821    10.54309      0 -
     2      153       0.2687    229041.7061  -52074.6913     16.51268    16.51268   93371.5821    10.54309      1 chain_02/itr_00153_trial_01.rho
     2      154       0.2664    208993.4322  -20048.2739     15.77345    15.77345   93371.5821    10.54309      1 chain_02/itr_00154_trial_01.rho
     2      155       0.2641    225844.5217   16851.0895     16.39703    16.39703   93371.5821    10.54309      1 chain_02/itr_00155_trial_01.rho
     2      156       0.2618    257226.1757   31381.6540     17.49919    17.49919   93371.5821    10.54309      1 chain_02/itr_00156_trial_01.rho
     2      157       0.2596    238361.5139  -18864.6618     16.84529    16.84529   93371.5821    10.54309      1 chain_02/itr_00157_trial_01.rho
     2      158       0.2573    238361.5139       0.0000     16.84529    16.84529   93371.5821    10.54309      0 -
     2      159       0.2551    202531.8019  -35829.7121     15.52769    15.52769   93371.5821    10.54309      1 chain_02/itr_00159_trial_01.rho
     2      160       0.2529    200422.7965   -2109.0054     15.44664    15.44664   93371.5821    10.54309      1 chain_02/itr_00160_trial_01.rho
     2      161       0.2508    202531.2508    2108.4543     15.52767    15.52767   93371.5821    10.54309      1 chain_02/itr_00161_trial_01.rho
     2      162       0.2486    182754.2113  -19777.0394     14.75007    14.75007   93371.5821    10.54309      1 chain_02/itr_00162_trial_01.rho
     2      163       0.2465    174875.5386   -7878.6728     14.42862    14.42862   93371.5821    10.54309      1 chain_02/itr_00163_trial_01.rho
     2      164       0.2443    169046.2489   -5829.2897     14.18610    14.18610   93371.5821    10.54309      1 chain_02/itr_00164_trial_01.rho
     2      165       0.2422    137783.4193  -31262.8296     12.80734    12.80734   93371.5821    10.54309      1 chain_02/itr_00165_trial_01.rho
     2      166       0.2401    135088.2319   -2695.1873     12.68146    12.68146   93371.5821    10.54309      1 chain_02/itr_00166_trial_01.rho
     2      167       0.2381    137930.3159    2842.0839     12.81416    12.81416   93371.5821    10.54309      1 chain_02/itr_00167_trial_01.rho
     2      168        0.236    172961.6781   35031.3622     14.34945    14.34945   93371.5821    10.54309      1 chain_02/itr_00168_trial_01.rho
     2      169        0.234    172961.6781       0.0000     14.34945    14.34945   93371.5821    10.54309      0 -
     2      170        0.232    155224.9285  -17736.7496     13.59381    13.59381   93371.5821    10.54309      1 chain_02/itr_00170_trial_01.rho
     2      171         0.23    172758.8340   17533.9055     14.34103    14.34103   93371.5821    10.54309      1 chain_02/itr_00171_trial_01.rho
     2      172        0.228    193417.6733   20658.8393     15.17429    15.17429   93371.5821    10.54309      1 chain_02/itr_00172_trial_01.rho
     2      173        0.226    207348.7677   13931.0943     15.71126    15.71126   93371.5821    10.54309      1 chain_02/itr_00173_trial_01.rho
     2      174       0.2241    182770.7198  -24578.0478     14.75074    14.75074   93371.5821    10.54309      1 chain_02/itr_00174_trial_01.rho
     2      175       0.2222    191779.9188    9009.1989     15.10991    15.10991   93371.5821    10.54309      1 chain_02/itr_00175_trial_01.rho
     2      176       0.2203    224436.9406   32657.0219     16.34585    16.34585   93371.5821    10.54309      1 chain_02/itr_00176_trial_01.rho
     2      177       0.2184    223099.2173   -1337.7234     16.29706    16.29706   93371.5821    10.54309      1 chain_02/itr_00177_trial_01.rho
     2      178       0.2165    224715.4528    1616.2355     16.35599    16.35599   93371.5821    10.54309      1 chain_02/itr_00178_trial_01.rho
     2      179       0.2146    209313.7636  -15401.6891     15.78553    15.78553   93371.5821    10.54309      1 chain_02/itr_00179_trial_01.rho
     2      180       0.2128    213870.7645    4557.0009     15.95644    15.95644   93371.5821    10.54309      1 chain_02/itr_00180_trial_01.rho
     2      181       0.2109    214141.7203     270.9558     15.96655    15.96655   93371.5821    10.54309      1 chain_02/itr_00181_trial_01.rho
     2      182       0.2091    204009.5584  -10132.1619     15.58424    15.58424   93371.5821    10.54309      1 chain_02/itr_00182_trial_01.rho
     2      183       0.2073    170912.3432  -33097.2152     14.26419    14.26419   93371.5821    10.54309      1 chain_02/itr_00183_trial_01.rho
     2      184       0.2055    191500.1277   20587.7845     15.09889    15.09889   93371.5821    10.54309      1 chain_02/itr_00184_trial_01.rho
     2      185       0.2038    174738.2911  -16761.8366     14.42296    14.42296   93371.5821    10.54309      1 chain_02/itr_00185_trial_01.rho
     2      186        0.202    165969.7610   -8768.5301     14.05642    14.05642   93371.5821    10.54309      1 chain_02/itr_00186_trial_01.rho
     2      187       0.2003    165969.7610       0.0000     14.05642    14.05642   93371.5821    10.54309      0 -
     2      188       0.1986    172449.3981    6479.6371     14.32819    14.32819   93371.5821    10.54309      1 chain_02/itr_00188_trial_01.rho
     2      189       0.1968    190113.6569   17664.2588     15.04413    15.04413   93371.5821    10.54309      1 chain_02/itr_00189_trial_01.rho
     2      190       0.1951    161803.2394  -28310.4175     13.87887    13.87887   93371.5821    10.54309      1 chain_02/itr_00190_trial_01.rho
     2      191       0.1935    151373.5464  -10429.6931     13.42411    13.42411   93371.5821    10.54309      1 chain_02/itr_00191_trial_01.rho
     2      192       0.1918    140961.0680  -10412.4784     12.95418    12.95418   93371.5821    10.54309      1 chain_02/itr_00192_trial_01.rho
     2      193       0.1902    145005.9363    4044.8683     13.13873    13.13873   93371.5821    10.54309      1 chain_02/itr_00193_trial_01.rho
     2      194       0.1885    142556.6815   -2449.2548     13.02729    13.02729   93371.5821    10.54309      1 chain_02/itr_00194_trial_01.rho
     2      195       0.1869    153025.4765   10468.7950     13.49715    13.49715   93371.5821    10.54309      1 chain_02/itr_00195_trial_01.rho
     2      196       0.1853    143709.9503   -9315.5263     13.07988    13.07988   93371.5821    10.54309      1 chain_02/itr_00196_trial_01.rho
     2      197       0.1837    137503.9303   -6206.0200     12.79434    12.79434   93371.5821    10.54309      1 chain_02/itr_00197_trial_01.rho
     2      198       0.1821    142502.8034    4998.8730     13.02483    13.02483   93371.5821    10.54309      1 chain_02/itr_00198_trial_01.rho
     2      199       0.1805    146124.9578    3622.1544     13.18932    13.18932   93371.5821    10.54309      1 chain_02/itr_00199_trial_01.rho
     2      200        0.179    138458.0408   -7666.9169     12.83865    12.83865   93371.5821    10.54309      1 chain_02/itr_00200_trial_01.rho
     2      201       0.1774    128259.4008  -10198.6400     12.35677    12.35677   93371.5821    10.54309      1 chain_02/itr_00201_trial_01.rho
     2      202       0.1759    141438.6079   13179.2071     12.97610    12.97610   93371.5821    10.54309      1 chain_02/itr_00202_trial_01.rho
     2      203       0.1744    142582.8256    1144.2178     13.02849    13.02849   93371.5821    10.54309      1 chain_02/itr_00203_trial_01.rho
     2      204       0.1729    143736.8429    1154.0173     13.08110    13.08110   93371.5821    10.54309      1 chain_02/itr_00204_trial_01.rho
     2      205       0.1714    127879.9659  -15856.8770     12.33848    12.33848   93371.5821    10.54309      1 chain_02/itr_00205_trial_01.rho
     2      206       0.1699    129781.1370    1901.1710     12.42986    12.42986   93371.5821    10.54309      1 chain_02/itr_00206_trial_01.rho
     2      207       0.1685    121330.0564   -8451.0805     12.01834    12.01834   93371.5821    10.54309      1 chain_02/itr_00207_trial_01.rho
     2      208        0.167    132463.5628   11133.5063     12.55766    12.55766   93371.5821    10.54309      1 chain_02/itr_00208_trial_01.rho
     2      209       0.1656    115995.8491  -16467.7136     11.75118    11.75118   93371.5821    10.54309      1 chain_02/itr_00209_trial_01.rho
     2      210       0.1642    118148.3215    2152.4724     11.85971    11.85971   93371.5821    10.54309      1 chain_02/itr_00210_trial_01.rho
     2      211       0.1627    118148.3215       0.0000     11.85971    11.85971   93371.5821    10.54309      0 -
     2      212       0.1613    118148.3215       0.0000     11.85971    11.85971   93371.5821    10.54309      0 -
     2      213         0.16    125294.1681    7145.8465     12.21310    12.21310   93371.5821    10.54309      1 chain_02/itr_00213_trial_01.rho
     2      214       0.1586    116004.3927   -9289.7753     11.75162    11.75162   93371.5821    10.54309      1 chain_02/itr_00214_trial_01.rho
     2      215       0.1572    106622.2216   -9382.1711     11.26638    11.26638   93371.5821    10.54309      1 chain_02/itr_00215_trial_01.rho
     2      216       0.1559     99121.0081   -7501.2136     10.86284    10.86284   93371.5821    10.54309      1 chain_02/itr_00216_trial_01.rho
     2      217       0.1545     97085.3168   -2035.6913     10.75071    10.75071   93371.5821    10.54309      1 chain_02/itr_00217_trial_01.rho
     2      218       0.1532     95785.1215   -1300.1953     10.67848    10.67848   93371.5821    10.54309      1 chain_02/itr_00218_trial_01.rho
     2      219       0.1519    101971.4726    6186.3511     11.01792    11.01792   93371.5821    10.54309      1 chain_02/itr_00219_trial_01.rho
     2      220       0.1506     98574.8413   -3396.6313     10.83287    10.83287   93371.5821    10.54309      1 chain_02/itr_00220_trial_01.rho
     2      221       0.1493     93520.4679   -5054.3734     10.55149    10.55149   93371.5821    10.54309      1 chain_02/itr_00221_trial_01.rho
     2      222        0.148    100127.4091    6606.9412     10.91784    10.91784   93371.5821    10.54309      1 chain_02/itr_00222_trial_01.rho
     2      223       0.1467    100127.4091       0.0000     10.91784    10.91784   93371.5821    10.54309      0 -
     2      224       0.1454    105777.1891    5649.7800     11.22164    11.22164   93371.5821    10.54309      1 chain_02/itr_00224_trial_01.rho
     2      225       0.1442    117883.3688   12106.1796     11.84641    11.84641   93371.5821    10.54309      1 chain_02/itr_00225_trial_01.rho
     2      226        0.143    117883.3688       0.0000     11.84641    11.84641   93371.5821    10.54309      0 -
     2      227       0.1417    110376.3528   -7507.0160     11.46300    11.46300   93371.5821    10.54309      1 chain_02/itr_00227_trial_01.rho
     2      228       0.1405    115989.3797    5613.0269     11.75086    11.75086   93371.5821    10.54309      1 chain_02/itr_00228_trial_01.rho
     2      229       0.1393    107428.8349   -8560.5448     11.30891    11.30891   93371.5821    10.54309      1 chain_02/itr_00229_trial_01.rho
     2      230       0.1381    107428.8349       0.0000     11.30891    11.30891   93371.5821    10.54309      0 -
     2      231       0.1369    105382.3371   -2046.4977     11.20068    11.20068   93371.5821    10.54309      1 chain_02/itr_00231_trial_01.rho
     2      232       0.1357     96666.9546   -8715.3825     10.72752    10.72752   93371.5821    10.54309      1 chain_02/itr_00232_trial_01.rho
     2      233       0.1346    106168.4058    9501.4512     11.24237    11.24237   93371.5821    10.54309      1 chain_02/itr_00233_trial_01.rho
     2      234       0.1334    102875.8121   -3292.5937     11.06667    11.06667   93371.5821    10.54309      1 chain_02/itr_00234_trial_01.rho
     2      235       0.1323     99856.9040   -3018.9081     10.90309    10.90309   93371.5821    10.54309      1 chain_02/itr_00235_trial_01.rho
     2      236       0.1311     93853.1053   -6003.7987     10.57024    10.57024   93371.5821    10.54309      1 chain_02/itr_00236_trial_01.rho
     2      237         0.13     88948.0096   -4905.0957     10.29031    10.29031   88948.0096    10.29031      1 chain_02/itr_00237_trial_01.rho
     2      238       0.1289     84409.8134   -4538.1961     10.02436    10.02436   84409.8134    10.02436      1 chain_02/itr_00238_trial_01.rho
     2      239       0.1278     87062.2191    2652.4056     10.18064    10.18064   84409.8134    10.02436      1 chain_02/itr_00239_trial_01.rho
     2      240       0.1267     88204.1152    1141.8962     10.24719    10.24719   84409.8134    10.02436      1 chain_02/itr_00240_trial_01.rho
     2      241       0.1256     94344.5437    6140.4285     10.59787    10.59787   84409.8134    10.02436      1 chain_02/itr_00241_trial_01.rho
     2      242       0.1245     94344.5437       0.0000     10.59787    10.59787   84409.8134    10.02436      0 -
     2      243       0.1234     94344.5437       0.0000     10.59787    10.59787   84409.8134    10.02436      0 -
     2      244       0.1224     95079.7432     735.1995     10.63909    10.63909   84409.8134    10.02436      1 chain_02/itr_00244_trial_01.rho
     2      245       0.1213     92850.8997   -2228.8435     10.51365    10.51365   84409.8134    10.02436      1 chain_02/itr_00245_trial_01.rho
     2      246       0.1203     87052.0026   -5798.8971     10.18005    10.18005   84409.8134    10.02436      1 chain_02/itr_00246_trial_01.rho
     2      247       0.1192     92309.4199    5257.4173     10.48295    10.48295   84409.8134    10.02436      1 chain_02/itr_00247_trial_01.rho
     2      248       0.1182     93571.4221    1262.0022     10.55436    10.55436   84409.8134    10.02436      1 chain_02/itr_00248_trial_01.rho
     2      249       0.1172     93571.4221       0.0000     10.55436    10.55436   84409.8134    10.02436      0 -
     2      250       0.1162     89755.4617   -3815.9604     10.33691    10.33691   84409.8134    10.02436      1 chain_02/itr_00250_trial_01.rho
     2      251       0.1152     89755.4617       0.0000     10.33691    10.33691   84409.8134    10.02436      0 -
     2      252       0.1142     90015.5425     260.0809     10.35188    10.35188   84409.8134    10.02436      1 chain_02/itr_00252_trial_01.rho
     2      253       0.1132     90064.1676      48.6251     10.35467    10.35467   84409.8134    10.02436      1 chain_02/itr_00253_trial_01.rho
     2      254       0.1122     87692.5692   -2371.5984     10.21743    10.21743   84409.8134    10.02436      1 chain_02/itr_00254_trial_01.rho
     2      255       0.1113     87692.5692       0.0000     10.21743    10.21743   84409.8134    10.02436      0 -
     2      256       0.1103     85421.2927   -2271.2765     10.08425    10.08425   84409.8134    10.02436      1 chain_02/itr_00256_trial_01.rho
     2      257       0.1093     95240.6780    9819.3853     10.64809    10.64809   84409.8134    10.02436      1 chain_02/itr_00257_trial_01.rho
     2      258       0.1084     97741.7264    2501.0485     10.78699    10.78699   84409.8134    10.02436      1 chain_02/itr_00258_trial_01.rho
     2      259       0.1075    103723.8052    5982.0788     11.11219    11.11219   84409.8134    10.02436      1 chain_02/itr_00259_trial_01.rho
     2      260       0.1065    103723.8052       0.0000     11.11219    11.11219   84409.8134    10.02436      0 -
     2      261       0.1056     98816.8500   -4906.9552     10.84616    10.84616   84409.8134    10.02436      1 chain_02/itr_00261_trial_01.rho
     2      262       0.1047    104811.8207    5994.9707     11.17032    11.17032   84409.8134    10.02436      1 chain_02/itr_00262_trial_01.rho
     2      263       0.1038    105866.9526    1055.1320     11.22640    11.22640   84409.8134    10.02436      1 chain_02/itr_00263_trial_01.rho
     2      264       0.1029    112527.8066    6660.8540     11.57418    11.57418   84409.8134    10.02436      1 chain_02/itr_00264_trial_01.rho
     2      265        0.102    115441.2461    2913.4394     11.72306    11.72306   84409.8134    10.02436      1 chain_02/itr_00265_trial_01.rho
     2      266       0.1012    115441.2461       0.0000     11.72306    11.72306   84409.8134    10.02436      0 -
     2      267       0.1003    120579.7200    5138.4739     11.98112    11.98112   84409.8134    10.02436      1 chain_02/itr_00267_trial_01.rho
     2      268      0.09943    122410.6348    1830.9148     12.07174    12.07174   84409.8134    10.02436      1 chain_02/itr_00268_trial_01.rho
     2      269      0.09857    124355.4697    1944.8349     12.16726    12.16726   84409.8134    10.02436      1 chain_02/itr_00269_trial_01.rho
     2      270      0.09772    116229.7809   -8125.6888     11.76303    11.76303   84409.8134    10.02436      1 chain_02/itr_00270_trial_01.rho
     2      271      0.09688    116817.4825     587.7017     11.79273    11.79273   84409.8134    10.02436      1 chain_02/itr_00271_trial_01.rho
     2      272      0.09605    116817.4825       0.0000     11.79273    11.79273   84409.8134    10.02436      0 -
     2      273      0.09522    116817.4825       0.0000     11.79273    11.79273   84409.8134    10.02436      0 -
     2      274       0.0944    116817.4825       0.0000     11.79273    11.79273   84409.8134    10.02436      0 -
     2      275      0.09359    116817.4825       0.0000     11.79273    11.79273   84409.8134    10.02436      0 -
     2      276      0.09278    109549.6456   -7267.8370     11.41999    11.41999   84409.8134    10.02436      1 chain_02/itr_00276_trial_01.rho
     2      277      0.09198    106654.0122   -2895.6334     11.26805    11.26805   84409.8134    10.02436      1 chain_02/itr_00277_trial_01.rho
     2      278      0.09119    106654.0122       0.0000     11.26805    11.26805   84409.8134    10.02436      0 -
     2      279      0.09041    106241.3370    -412.6751     11.24623    11.24623   84409.8134    10.02436      1 chain_02/itr_00279_trial_01.rho
     2      280      0.08963    106241.3370       0.0000     11.24623    11.24623   84409.8134    10.02436      0 -
     2      281      0.08886    106105.9774    -135.3596     11.23907    11.23907   84409.8134    10.02436      1 chain_02/itr_00281_trial_01.rho
     2      282      0.08809     93911.2885  -12194.6890     10.57351    10.57351   84409.8134    10.02436      1 chain_02/itr_00282_trial_01.rho
     2      283      0.08733     89736.0460   -4175.2424     10.33579    10.33579   84409.8134    10.02436      1 chain_02/itr_00283_trial_01.rho
     2      284      0.08658     90008.3251     272.2791     10.35146    10.35146   84409.8134    10.02436      1 chain_02/itr_00284_trial_01.rho
     2      285      0.08584     85119.5543   -4888.7708     10.06642    10.06642   84409.8134    10.02436      1 chain_02/itr_00285_trial_01.rho
     2      286       0.0851     85119.5543       0.0000     10.06642    10.06642   84409.8134    10.02436      0 -
     2      287      0.08436     84490.1348    -629.4196     10.02913    10.02913   84409.8134    10.02436      1 chain_02/itr_00287_trial_01.rho
     2      288      0.08364     84490.1348       0.0000     10.02913    10.02913   84409.8134    10.02436      0 -
     2      289      0.08292     81625.4800   -2864.6548      9.85765     9.85765   81625.4800     9.85765      1 chain_02/itr_00289_trial_01.rho
     2      290       0.0822     81625.4800       0.0000      9.85765     9.85765   81625.4800     9.85765      0 -
     2      291       0.0815     81625.4800       0.0000      9.85765     9.85765   81625.4800     9.85765      0 -
     2      292      0.08079     80571.1338   -1054.3462      9.79377     9.79377   80571.1338     9.79377      1 chain_02/itr_00292_trial_01.rho
     2      293       0.0801     80571.1338       0.0000      9.79377     9.79377   80571.1338     9.79377      0 -
     2      294      0.07941     80093.5442    -477.5896      9.76470     9.76470   80093.5442     9.76470      1 chain_02/itr_00294_trial_01.rho
     2      295      0.07873     74009.1265   -6084.4177      9.38649     9.38649   74009.1265     9.38649      1 chain_02/itr_00295_trial_01.rho
     2      296      0.07805     74826.4695     817.3430      9.43817     9.43817   74009.1265     9.38649      1 chain_02/itr_00296_trial_01.rho
     2      297      0.07738     76308.7087    1482.2391      9.53120     9.53120   74009.1265     9.38649      1 chain_02/itr_00297_trial_01.rho
     2      298      0.07671     71758.9569   -4549.7518      9.24269     9.24269   71758.9569     9.24269      1 chain_02/itr_00298_trial_01.rho
     2      299      0.07605     72148.4078     389.4509      9.26774     9.26774   71758.9569     9.24269      1 chain_02/itr_00299_trial_01.rho
     2      300       0.0754     60784.0947  -11364.3131      8.50659     8.50659   60784.0947     8.50659      1 chain_02/itr_00300_trial_01.rho
     2      301      0.07475     60056.8821    -727.2126      8.45555     8.45555   60056.8821     8.45555      1 chain_02/itr_00301_trial_01.rho
     2      302       0.0741     60454.5754     397.6932      8.48350     8.48350   60056.8821     8.45555      1 chain_02/itr_00302_trial_01.rho
     2      303      0.07347     60454.5754       0.0000      8.48350     8.48350   60056.8821     8.45555      0 -
     2      304      0.07283     59128.8701   -1325.7053      8.38996     8.38996   59128.8701     8.38996      1 chain_02/itr_00304_trial_01.rho
     2      305      0.07221     57420.7830   -1708.0870      8.26789     8.26789   57420.7830     8.26789      1 chain_02/itr_00305_trial_01.rho
     2      306      0.07158     57420.7830       0.0000      8.26789     8.26789   57420.7830     8.26789      0 -
     2      307      0.07097     53485.1962   -3935.5868      7.97953     7.97953   53485.1962     7.97953      1 chain_02/itr_00307_trial_01.rho
     2      308      0.07036     59877.8316    6392.6354      8.44293     8.44293   53485.1962     7.97953      1 chain_02/itr_00308_trial_01.rho
     2      309      0.06975     59778.8926     -98.9390      8.43596     8.43596   53485.1962     7.97953      1 chain_02/itr_00309_trial_01.rho
     2      310      0.06915     59778.8926       0.0000      8.43596     8.43596   53485.1962     7.97953      0 -
     2      311      0.06856     60902.4428    1123.5503      8.51486     8.51486   53485.1962     7.97953      1 chain_02/itr_00311_trial_01.rho
     2      312      0.06797     58382.6422   -2519.8006      8.33685     8.33685   53485.1962     7.97953      1 chain_02/itr_00312_trial_01.rho
     2      313      0.06738     56835.3420   -1547.3002      8.22564     8.22564   53485.1962     7.97953      1 chain_02/itr_00313_trial_01.rho
     2      314       0.0668     58758.5224    1923.1804      8.36365     8.36365   53485.1962     7.97953      1 chain_02/itr_00314_trial_01.rho
     2      315      0.06623     59843.6824    1085.1601      8.44053     8.44053   53485.1962     7.97953      1 chain_02/itr_00315_trial_01.rho
     2      316      0.06566     58812.4755   -1031.2070      8.36749     8.36749   53485.1962     7.97953      1 chain_02/itr_00316_trial_01.rho
     2      317      0.06509     58812.4755       0.0000      8.36749     8.36749   53485.1962     7.97953      0 -
     2      318      0.06453     59148.2115     335.7360      8.39134     8.39134   53485.1962     7.97953      1 chain_02/itr_00318_trial_01.rho
     2      319      0.06397     58245.8320    -902.3794      8.32708     8.32708   53485.1962     7.97953      1 chain_02/itr_00319_trial_01.rho
     2      320      0.06342     58644.0614     398.2294      8.35550     8.35550   53485.1962     7.97953      1 chain_02/itr_00320_trial_01.rho
     2      321      0.06288     57756.3072    -887.7542      8.29201     8.29201   53485.1962     7.97953      1 chain_02/itr_00321_trial_01.rho
     2      322      0.06234     59209.6168    1453.3096      8.39569     8.39569   53485.1962     7.97953      1 chain_02/itr_00322_trial_01.rho
     2      323       0.0618     59209.6168       0.0000      8.39569     8.39569   53485.1962     7.97953      0 -
     2      324      0.06127     59209.6168       0.0000      8.39569     8.39569   53485.1962     7.97953      0 -
     2      325      0.06074     60387.4281    1177.8112      8.47879     8.47879   53485.1962     7.97953      1 chain_02/itr_00325_trial_01.rho
     2      326      0.06022     60387.4281       0.0000      8.47879     8.47879   53485.1962     7.97953      0 -
     2      327       0.0597     61613.2445    1225.8164      8.56441     8.56441   53485.1962     7.97953      1 chain_02/itr_00327_trial_01.rho
     2      328      0.05919     64090.7800    2477.5355      8.73490     8.73490   53485.1962     7.97953      1 chain_02/itr_00328_trial_01.rho
     2      329      0.05868     64090.7800       0.0000      8.73490     8.73490   53485.1962     7.97953      0 -
     2      330      0.05817     60193.0595   -3897.7204      8.46513     8.46513   53485.1962     7.97953      1 chain_02/itr_00330_trial_01.rho
     2      331      0.05767     60193.0595       0.0000      8.46513     8.46513   53485.1962     7.97953      0 -
     2      332      0.05717     59315.6667    -877.3928      8.40321     8.40321   53485.1962     7.97953      1 chain_02/itr_00332_trial_01.rho
     2      333      0.05668     57438.8357   -1876.8310      8.26919     8.26919   53485.1962     7.97953      1 chain_02/itr_00333_trial_01.rho
     2      334      0.05619     57438.8357       0.0000      8.26919     8.26919   53485.1962     7.97953      0 -
     2      335      0.05571     58174.8759     736.0402      8.32201     8.32201   53485.1962     7.97953      1 chain_02/itr_00335_trial_01.rho
     2      336      0.05523     58174.8759       0.0000      8.32201     8.32201   53485.1962     7.97953      0 -
     2      337      0.05475     59098.0187     923.1428      8.38778     8.38778   53485.1962     7.97953      1 chain_02/itr_00337_trial_01.rho
     2      338      0.05428     58699.4458    -398.5729      8.35944     8.35944   53485.1962     7.97953      1 chain_02/itr_00338_trial_01.rho
     2      339      0.05382     58247.9295    -451.5163      8.32723     8.32723   53485.1962     7.97953      1 chain_02/itr_00339_trial_01.rho
     2      340      0.05335     58247.9295       0.0000      8.32723     8.32723   53485.1962     7.97953      0 -
     2      341      0.05289     58247.9295       0.0000      8.32723     8.32723   53485.1962     7.97953      0 -
     2      342      0.05244     58333.5280      85.5985      8.33335     8.33335   53485.1962     7.97953      1 chain_02/itr_00342_trial_01.rho
     2      343      0.05199     58333.5280       0.0000      8.33335     8.33335   53485.1962     7.97953      0 -
     2      344      0.05154     58796.3753     462.8472      8.36634     8.36634   53485.1962     7.97953      1 chain_02/itr_00344_trial_01.rho
     2      345       0.0511     55815.7780   -2980.5973      8.15152     8.15152   53485.1962     7.97953      1 chain_02/itr_00345_trial_01.rho
     2      346      0.05066     55815.7780       0.0000      8.15152     8.15152   53485.1962     7.97953      0 -
     2      347      0.05022     55815.7780       0.0000      8.15152     8.15152   53485.1962     7.97953      0 -
     2      348      0.04979     54588.0971   -1227.6809      8.06138     8.06138   53485.1962     7.97953      1 chain_02/itr_00348_trial_01.rho
     2      349      0.04936     53185.1007   -1402.9964      7.95711     7.95711   53185.1007     7.95711      1 chain_02/itr_00349_trial_01.rho
     2      350      0.04893     53185.1007       0.0000      7.95711     7.95711   53185.1007     7.95711      0 -
     2      351      0.04851     51995.0653   -1190.0354      7.86758     7.86758   51995.0653     7.86758      1 chain_02/itr_00351_trial_01.rho
     2      352       0.0481     49529.5118   -2465.5534      7.67878     7.67878   49529.5118     7.67878      1 chain_02/itr_00352_trial_01.rho
     2      353      0.04768     52142.3886    2612.8767      7.87872     7.87872   49529.5118     7.67878      1 chain_02/itr_00353_trial_01.rho
     2      354      0.04727     52142.3886       0.0000      7.87872     7.87872   49529.5118     7.67878      0 -
     2      355      0.04686     51071.9387   -1070.4499      7.79743     7.79743   49529.5118     7.67878      1 chain_02/itr_00355_trial_01.rho
     2      356      0.04646     51251.9341     179.9954      7.81116     7.81116   49529.5118     7.67878      1 chain_02/itr_00356_trial_01.rho
     2      357      0.04606     51251.9341       0.0000      7.81116     7.81116   49529.5118     7.67878      0 -
     2      358      0.04566     52381.0409    1129.1068      7.89673     7.89673   49529.5118     7.67878      1 chain_02/itr_00358_trial_01.rho
     2      359      0.04527     53725.2967    1344.2558      7.99742     7.99742   49529.5118     7.67878      1 chain_02/itr_00359_trial_01.rho
     2      360      0.04488     52353.0130   -1372.2837      7.89462     7.89462   49529.5118     7.67878      1 chain_02/itr_00360_trial_01.rho
     2      361      0.04449     52353.0130       0.0000      7.89462     7.89462   49529.5118     7.67878      0 -
     2      362      0.04411     52815.0956     462.0826      7.92938     7.92938   49529.5118     7.67878      1 chain_02/itr_00362_trial_01.rho
     2      363      0.04373     52815.0956       0.0000      7.92938     7.92938   49529.5118     7.67878      0 -
     2      364      0.04336     53947.2106    1132.1150      8.01392     8.01392   49529.5118     7.67878      1 chain_02/itr_00364_trial_01.rho
     2      365      0.04298     56197.2903    2250.0796      8.17934     8.17934   49529.5118     7.67878      1 chain_02/itr_00365_trial_01.rho
     2      366      0.04261     57662.1002    1464.8100      8.28525     8.28525   49529.5118     7.67878      1 chain_02/itr_00366_trial_01.rho
     2      367      0.04225     57970.3058     308.2056      8.30736     8.30736   49529.5118     7.67878      1 chain_02/itr_00367_trial_01.rho
     2      368      0.04188     56742.7327   -1227.5731      8.21893     8.21893   49529.5118     7.67878      1 chain_02/itr_00368_trial_01.rho
     2      369      0.04152     58693.5044    1950.7717      8.35902     8.35902   49529.5118     7.67878      1 chain_02/itr_00369_trial_01.rho
     2      370      0.04116     58693.5044       0.0000      8.35902     8.35902   49529.5118     7.67878      0 -
     2      371      0.04081     56385.2801   -2308.2243      8.19301     8.19301   49529.5118     7.67878      1 chain_02/itr_00371_trial_01.rho
     2      372      0.04046     55912.1432    -473.1369      8.15856     8.15856   49529.5118     7.67878      1 chain_02/itr_00372_trial_01.rho
     2      373      0.04011     56134.2814     222.1382      8.17475     8.17475   49529.5118     7.67878      1 chain_02/itr_00373_trial_01.rho
     2      374      0.03976     55661.2353    -473.0461      8.14023     8.14023   49529.5118     7.67878      1 chain_02/itr_00374_trial_01.rho
     2      375      0.03942     55661.2353       0.0000      8.14023     8.14023   49529.5118     7.67878      0 -
     2      376      0.03908     53453.6950   -2207.5403      7.97718     7.97718   49529.5118     7.67878      1 chain_02/itr_00376_trial_01.rho
     2      377      0.03875     52775.0427    -678.6523      7.92638     7.92638   49529.5118     7.67878      1 chain_02/itr_00377_trial_01.rho
     2      378      0.03841     50632.6517   -2142.3910      7.76382     7.76382   49529.5118     7.67878      1 chain_02/itr_00378_trial_01.rho
     2      379      0.03808     50611.1559     -21.4958      7.76218     7.76218   49529.5118     7.67878      1 chain_02/itr_00379_trial_01.rho
     2      380      0.03775     50611.1559       0.0000      7.76218     7.76218   49529.5118     7.67878      0 -
     2      381      0.03743     50052.0349    -559.1210      7.71918     7.71918   49529.5118     7.67878      1 chain_02/itr_00381_trial_01.rho
     2      382      0.03711     49942.7214    -109.3136      7.71075     7.71075   49529.5118     7.67878      1 chain_02/itr_00382_trial_01.rho
     2      383      0.03679     51688.7067    1745.9854      7.84437     7.84437   49529.5118     7.67878      1 chain_02/itr_00383_trial_01.rho
     2      384      0.03647     53930.8182    2242.1115      8.01270     8.01270   49529.5118     7.67878      1 chain_02/itr_00384_trial_01.rho
     2      385      0.03616     53744.4349    -186.3833      7.99884     7.99884   49529.5118     7.67878      1 chain_02/itr_00385_trial_01.rho
     2      386      0.03585     53128.3619    -616.0730      7.95286     7.95286   49529.5118     7.67878      1 chain_02/itr_00386_trial_01.rho
     2      387      0.03554     53128.3619       0.0000      7.95286     7.95286   49529.5118     7.67878      0 -
     2      388      0.03523     56334.9153    3206.5533      8.18935     8.18935   49529.5118     7.67878      1 chain_02/itr_00388_trial_01.rho
     2      389      0.03493     58042.3081    1707.3928      8.31252     8.31252   49529.5118     7.67878      1 chain_02/itr_00389_trial_01.rho
     2      390      0.03463     57905.0081    -137.3000      8.30268     8.30268   49529.5118     7.67878      1 chain_02/itr_00390_trial_01.rho
     2      391      0.03433     57570.6949    -334.3132      8.27868     8.27868   49529.5118     7.67878      1 chain_02/itr_00391_trial_01.rho
     2      392      0.03403     56411.8572   -1158.8378      8.19494     8.19494   49529.5118     7.67878      1 chain_02/itr_00392_trial_01.rho
     2      393      0.03374     55353.1872   -1058.6700      8.11768     8.11768   49529.5118     7.67878      1 chain_02/itr_00393_trial_01.rho
     2      394      0.03345     55353.1872       0.0000      8.11768     8.11768   49529.5118     7.67878      0 -
     2      395      0.03316     54941.6174    -411.5698      8.08744     8.08744   49529.5118     7.67878      1 chain_02/itr_00395_trial_01.rho
     2      396      0.03288     53014.6127   -1927.0047      7.94435     7.94435   49529.5118     7.67878      1 chain_02/itr_00396_trial_01.rho
     2      397      0.03259     54199.3861    1184.7734      8.03263     8.03263   49529.5118     7.67878      1 chain_02/itr_00397_trial_01.rho
     2      398      0.03231     54199.3861       0.0000      8.03263     8.03263   49529.5118     7.67878      0 -
     2      399      0.03204     54125.4080     -73.9782      8.02714     8.02714   49529.5118     7.67878      1 chain_02/itr_00399_trial_01.rho
     2      400      0.03176     54902.7655     777.3576      8.08458     8.08458   49529.5118     7.67878      1 chain_02/itr_00400_trial_01.rho
     2      401      0.03149     54902.7655       0.0000      8.08458     8.08458   49529.5118     7.67878      0 -
     2      402      0.03122     54902.7655       0.0000      8.08458     8.08458   49529.5118     7.67878      0 -
     2      403      0.03095     53774.2652   -1128.5003      8.00106     8.00106   49529.5118     7.67878      1 chain_02/itr_00403_trial_01.rho
     2      404      0.03068     53774.2652       0.0000      8.00106     8.00106   49529.5118     7.67878      0 -
     2      405      0.03042     52439.4079   -1334.8573      7.90113     7.90113   49529.5118     7.67878      1 chain_02/itr_00405_trial_01.rho
     2      406      0.03015     54161.2704    1721.8625      8.02980     8.02980   49529.5118     7.67878      1 chain_02/itr_00406_trial_01.rho
     2      407      0.02989     54161.2704       0.0000      8.02980     8.02980   49529.5118     7.67878      0 -
     2      408      0.02964     52672.7291   -1488.5414      7.91869     7.91869   49529.5118     7.67878      1 chain_02/itr_00408_trial_01.rho
     2      409      0.02938     52575.3088     -97.4203      7.91136     7.91136   49529.5118     7.67878      1 chain_02/itr_00409_trial_01.rho
     2      410      0.02913     52684.0073     108.6985      7.91954     7.91954   49529.5118     7.67878      1 chain_02/itr_00410_trial_01.rho
     2      411      0.02888     51766.8416    -917.1657      7.85030     7.85030   49529.5118     7.67878      1 chain_02/itr_00411_trial_01.rho
     2      412      0.02863     51766.8416       0.0000      7.85030     7.85030   49529.5118     7.67878      0 -
     2      413      0.02838     53644.4084    1877.5668      7.99139     7.99139   49529.5118     7.67878      1 chain_02/itr_00413_trial_01.rho
     2      414      0.02814     53644.4084       0.0000      7.99139     7.99139   49529.5118     7.67878      0 -
     2      415       0.0279     53644.4084       0.0000      7.99139     7.99139   49529.5118     7.67878      0 -
     2      416      0.02766     55410.4329    1766.0245      8.12187     8.12187   49529.5118     7.67878      1 chain_02/itr_00416_trial_01.rho
     2      417      0.02742     54979.3969    -431.0360      8.09022     8.09022   49529.5118     7.67878      1 chain_02/itr_00417_trial_01.rho
     2      418      0.02718     54979.3969       0.0000      8.09022     8.09022   49529.5118     7.67878      0 -
     2      419      0.02695     52094.0997   -2885.2972      7.87507     7.87507   49529.5118     7.67878      1 chain_02/itr_00419_trial_01.rho
     2      420      0.02672     52094.0997       0.0000      7.87507     7.87507   49529.5118     7.67878      0 -
     2      421      0.02649     52094.0997       0.0000      7.87507     7.87507   49529.5118     7.67878      0 -
     2      422      0.02626     51759.3129    -334.7867      7.84973     7.84973   49529.5118     7.67878      1 chain_02/itr_00422_trial_01.rho
     2      423      0.02603     53116.5680    1357.2551      7.95198     7.95198   49529.5118     7.67878      1 chain_02/itr_00423_trial_01.rho
     2      424      0.02581     52456.7729    -659.7951      7.90244     7.90244   49529.5118     7.67878      1 chain_02/itr_00424_trial_01.rho
     2      425      0.02559     52456.7729       0.0000      7.90244     7.90244   49529.5118     7.67878      0 -
     2      426      0.02537     52066.3717    -390.4012      7.87298     7.87298   49529.5118     7.67878      1 chain_02/itr_00426_trial_01.rho
     2      427      0.02515     52501.6369     435.2652      7.90582     7.90582   49529.5118     7.67878      1 chain_02/itr_00427_trial_01.rho
     2      428      0.02493     49675.3792   -2826.2576      7.69008     7.69008   49529.5118     7.67878      1 chain_02/itr_00428_trial_01.rho
     2      429      0.02472     49675.3792       0.0000      7.69008     7.69008   49529.5118     7.67878      0 -
     2      430       0.0245     49675.3792       0.0000      7.69008     7.69008   49529.5118     7.67878      0 -
     2      431      0.02429     49675.3792       0.0000      7.69008     7.69008   49529.5118     7.67878      0 -
     2      432      0.02408     49675.3792       0.0000      7.69008     7.69008   49529.5118     7.67878      0 -
     2      433      0.02388     48931.8132    -743.5660      7.63231     7.63231   48931.8132     7.63231      1 chain_02/itr_00433_trial_01.rho
     2      434      0.02367     47237.9489   -1693.8642      7.49904     7.49904   47237.9489     7.49904      1 chain_02/itr_00434_trial_01.rho
     2      435      0.02347     47237.9489       0.0000      7.49904     7.49904   47237.9489     7.49904      0 -
     2      436      0.02327     46527.7020    -710.2470      7.44245     7.44245   46527.7020     7.44245      1 chain_02/itr_00436_trial_01.rho
     2      437      0.02307     46240.8239    -286.8780      7.41947     7.41947   46240.8239     7.41947      1 chain_02/itr_00437_trial_01.rho
     2      438      0.02287     46240.8239       0.0000      7.41947     7.41947   46240.8239     7.41947      0 -
     2      439      0.02267     46725.4233     484.5994      7.45825     7.45825   46240.8239     7.41947      1 chain_02/itr_00439_trial_01.rho
     2      440      0.02247     45955.7650    -769.6584      7.39657     7.39657   45955.7650     7.39657      1 chain_02/itr_00440_trial_01.rho
     2      441      0.02228     45955.7650       0.0000      7.39657     7.39657   45955.7650     7.39657      0 -
     2      442      0.02209     45094.7392    -861.0258      7.32695     7.32695   45094.7392     7.32695      1 chain_02/itr_00442_trial_01.rho
     2      443       0.0219     45094.7392       0.0000      7.32695     7.32695   45094.7392     7.32695      0 -
     2      444      0.02171     45636.6611     541.9220      7.37085     7.37085   45094.7392     7.32695      1 chain_02/itr_00444_trial_01.rho
     2      445      0.02152     45636.6611       0.0000      7.37085     7.37085   45094.7392     7.32695      0 -
     2      446      0.02134     44753.7501    -882.9111      7.29920     7.29920   44753.7501     7.29920      1 chain_02/itr_00446_trial_01.rho
     2      447      0.02115     45018.4691     264.7191      7.32075     7.32075   44753.7501     7.29920      1 chain_02/itr_00447_trial_01.rho
     2      448      0.02097     45018.4691       0.0000      7.32075     7.32075   44753.7501     7.29920      0 -
     2      449      0.02079     44681.0997    -337.3694      7.29327     7.29327   44681.0997     7.29327      1 chain_02/itr_00449_trial_01.rho
     2      450      0.02061     45223.9770     542.8773      7.33744     7.33744   44681.0997     7.29327      1 chain_02/itr_00450_trial_01.rho
     2      451      0.02044     44406.7995    -817.1776      7.27085     7.27085   44406.7995     7.27085      1 chain_02/itr_00451_trial_01.rho
     2      452      0.02026     44432.0026      25.2031      7.27291     7.27291   44406.7995     7.27085      1 chain_02/itr_00452_trial_01.rho
     2      453      0.02009     43558.2783    -873.7242      7.20105     7.20105   43558.2783     7.20105      1 chain_02/itr_00453_trial_01.rho
     2      454      0.01991     43326.5629    -231.7154      7.18187     7.18187   43326.5629     7.18187      1 chain_02/itr_00454_trial_01.rho
     2      455      0.01974     42538.7923    -787.7706      7.11628     7.11628   42538.7923     7.11628      1 chain_02/itr_00455_trial_01.rho
     2      456      0.01957     42472.8405     -65.9518      7.11076     7.11076   42472.8405     7.11076      1 chain_02/itr_00456_trial_01.rho
     2      457       0.0194     41330.1754   -1142.6651      7.01446     7.01446   41330.1754     7.01446      1 chain_02/itr_00457_trial_01.rho
     2      458      0.01924     41330.1754       0.0000      7.01446     7.01446   41330.1754     7.01446      0 -
     2      459      0.01907     40923.5788    -406.5966      6.97987     6.97987   40923.5788     6.97987      1 chain_02/itr_00459_trial_01.rho
     2      460      0.01891     40737.6110    -185.9678      6.96399     6.96399   40737.6110     6.96399      1 chain_02/itr_00460_trial_01.rho
     2      461      0.01874     40250.9725    -486.6385      6.92227     6.92227   40250.9725     6.92227      1 chain_02/itr_00461_trial_01.rho
     2      462      0.01858     39817.0279    -433.9446      6.88485     6.88485   39817.0279     6.88485      1 chain_02/itr_00462_trial_01.rho
     2      463      0.01842     39504.4456    -312.5823      6.85778     6.85778   39504.4456     6.85778      1 chain_02/itr_00463_trial_01.rho
     2      464      0.01826     40087.8617     583.4161      6.90823     6.90823   39504.4456     6.85778      1 chain_02/itr_00464_trial_01.rho
     2      465      0.01811     39172.0809    -915.7808      6.82887     6.82887   39172.0809     6.82887      1 chain_02/itr_00465_trial_01.rho
     2      466      0.01795     39335.0790     162.9981      6.84306     6.84306   39172.0809     6.82887      1 chain_02/itr_00466_trial_01.rho
     2      467       0.0178     38387.6239    -947.4551      6.76014     6.76014   38387.6239     6.76014      1 chain_02/itr_00467_trial_01.rho
     2      468      0.01764     38387.6239       0.0000      6.76014     6.76014   38387.6239     6.76014      0 -
     2      469      0.01749     38387.6239       0.0000      6.76014     6.76014   38387.6239     6.76014      0 -
     2      470      0.01734     38538.3906     150.7666      6.77341     6.77341   38387.6239     6.76014      1 chain_02/itr_00470_trial_01.rho
     2      471      0.01719     38638.3532      99.9626      6.78219     6.78219   38387.6239     6.76014      1 chain_02/itr_00471_trial_01.rho
     2      472      0.01704     38197.4257    -440.9276      6.74338     6.74338   38197.4257     6.74338      1 chain_02/itr_00472_trial_01.rho
     2      473       0.0169     38836.4373     639.0116      6.79955     6.79955   38197.4257     6.74338      1 chain_02/itr_00473_trial_01.rho
     2      474      0.01675     39162.1383     325.7010      6.82800     6.82800   38197.4257     6.74338      1 chain_02/itr_00474_trial_01.rho
     2      475      0.01661     39392.9902     230.8520      6.84810     6.84810   38197.4257     6.74338      1 chain_02/itr_00475_trial_01.rho
     2      476      0.01646     40279.6894     886.6991      6.92474     6.92474   38197.4257     6.74338      1 chain_02/itr_00476_trial_01.rho
     2      477      0.01632     40279.6894       0.0000      6.92474     6.92474   38197.4257     6.74338      0 -
     2      478      0.01618     40631.4395     351.7502      6.95491     6.95491   38197.4257     6.74338      1 chain_02/itr_00478_trial_01.rho
     2      479      0.01604     41203.1422     571.7027      7.00367     7.00367   38197.4257     6.74338      1 chain_02/itr_00479_trial_01.rho
     2      480       0.0159     42140.5925     937.4503      7.08289     7.08289   38197.4257     6.74338      1 chain_02/itr_00480_trial_01.rho
     2      481      0.01577     41816.8266    -323.7659      7.05563     7.05563   38197.4257     6.74338      1 chain_02/itr_00481_trial_01.rho
     2      482      0.01563     41816.8266       0.0000      7.05563     7.05563   38197.4257     6.74338      0 -
     2      483       0.0155     41816.8266       0.0000      7.05563     7.05563   38197.4257     6.74338      0 -
     2      484      0.01536     41294.0737    -522.7529      7.01139     7.01139   38197.4257     6.74338      1 chain_02/itr_00484_trial_01.rho
     2      485      0.01523     41294.0737       0.0000      7.01139     7.01139   38197.4257     6.74338      0 -
     2      486       0.0151     41359.3114      65.2376      7.01693     7.01693   38197.4257     6.74338      1 chain_02/itr_00486_trial_01.rho
     2      487      0.01497     41359.3114       0.0000      7.01693     7.01693   38197.4257     6.74338      0 -
     2      488      0.01484     41359.3114       0.0000      7.01693     7.01693   38197.4257     6.74338      0 -
     2      489      0.01471     41359.3114       0.0000      7.01693     7.01693   38197.4257     6.74338      0 -
     2      490      0.01459     41505.4225     146.1112      7.02931     7.02931   38197.4257     6.74338      1 chain_02/itr_00490_trial_01.rho
     2      491      0.01446     40639.8896    -865.5330      6.95563     6.95563   38197.4257     6.74338      1 chain_02/itr_00491_trial_01.rho
     2      492      0.01434     41391.8395     751.9500      7.01969     7.01969   38197.4257     6.74338      1 chain_02/itr_00492_trial_01.rho
     2      493      0.01421     41391.8395       0.0000      7.01969     7.01969   38197.4257     6.74338      0 -
     2      494      0.01409     41267.0741    -124.7654      7.00910     7.00910   38197.4257     6.74338      1 chain_02/itr_00494_trial_01.rho
     2      495      0.01397     41267.0741       0.0000      7.00910     7.00910   38197.4257     6.74338      0 -
     2      496      0.01385     41267.0741       0.0000      7.00910     7.00910   38197.4257     6.74338      0 -
     2      497      0.01373     41574.6636     307.5894      7.03517     7.03517   38197.4257     6.74338      1 chain_02/itr_00497_trial_01.rho
     2      498      0.01361     41814.4078     239.7443      7.05543     7.05543   38197.4257     6.74338      1 chain_02/itr_00498_trial_01.rho
     2      499      0.01349     41814.4078       0.0000      7.05543     7.05543   38197.4257     6.74338      0 -
     2      500      0.01338     41814.4078       0.0000      7.05543     7.05543   38197.4257     6.74338      0 -
     2      501      0.01326     42835.4824    1021.0746      7.14105     7.14105   38197.4257     6.74338      1 chain_02/itr_00501_trial_01.rho
     2      502      0.01315     42835.4824       0.0000      7.14105     7.14105   38197.4257     6.74338      0 -
     2      503      0.01304     41376.6122   -1458.8702      7.01840     7.01840   38197.4257     6.74338      1 chain_02/itr_00503_trial_01.rho
     2      504      0.01292     41543.2722     166.6599      7.03252     7.03252   38197.4257     6.74338      1 chain_02/itr_00504_trial_01.rho
     2      505      0.01281     41543.2722       0.0000      7.03252     7.03252   38197.4257     6.74338      0 -
     2      506       0.0127     41543.2722       0.0000      7.03252     7.03252   38197.4257     6.74338      0 -
     2      507      0.01259     41592.0237      48.7515      7.03664     7.03664   38197.4257     6.74338      1 chain_02/itr_00507_trial_01.rho
     2      508      0.01248     41648.8563      56.8326      7.04145     7.04145   38197.4257     6.74338      1 chain_02/itr_00508_trial_01.rho
     2      509      0.01238     41648.8563       0.0000      7.04145     7.04145   38197.4257     6.74338      0 -
     2      510      0.01227     40896.1142    -752.7420      6.97752     6.97752   38197.4257     6.74338      1 chain_02/itr_00510_trial_01.rho
     2      511      0.01216     40896.1142       0.0000      6.97752     6.97752   38197.4257     6.74338      0 -
     2      512      0.01206     40896.1142       0.0000      6.97752     6.97752   38197.4257     6.74338      0 -
     2      513      0.01196     40896.1142       0.0000      6.97752     6.97752   38197.4257     6.74338      0 -
     2      514      0.01185     40893.3235      -2.7907      6.97729     6.97729   38197.4257     6.74338      1 chain_02/itr_00514_trial_01.rho
     2      515      0.01175     40893.3235       0.0000      6.97729     6.97729   38197.4257     6.74338      0 -
     2      516      0.01165     41548.2864     654.9629      7.03294     7.03294   38197.4257     6.74338      1 chain_02/itr_00516_trial_01.rho
     2      517      0.01155     41399.4966    -148.7898      7.02034     7.02034   38197.4257     6.74338      1 chain_02/itr_00517_trial_01.rho
     2      518      0.01145     41117.6600    -281.8366      6.99640     6.99640   38197.4257     6.74338      1 chain_02/itr_00518_trial_01.rho
     2      519      0.01135     40734.4724    -383.1876      6.96372     6.96372   38197.4257     6.74338      1 chain_02/itr_00519_trial_01.rho
     2      520      0.01125     40928.1966     193.7242      6.98026     6.98026   38197.4257     6.74338      1 chain_02/itr_00520_trial_01.rho
     2      521      0.01116     40442.4139    -485.7827      6.93871     6.93871   38197.4257     6.74338      1 chain_02/itr_00521_trial_01.rho
     2      522      0.01106     39492.8129    -949.6010      6.85677     6.85677   38197.4257     6.74338      1 chain_02/itr_00522_trial_01.rho
     2      523      0.01097     39762.5771     269.7642      6.88015     6.88015   38197.4257     6.74338      1 chain_02/itr_00523_trial_01.rho
     2      524      0.01087     39762.5771       0.0000      6.88015     6.88015   38197.4257     6.74338      0 -
     2      525      0.01078     39925.5367     162.9596      6.89423     6.89423   38197.4257     6.74338      1 chain_02/itr_00525_trial_01.rho
     2      526      0.01069     40181.5953     256.0586      6.91630     6.91630   38197.4257     6.74338      1 chain_02/itr_00526_trial_01.rho
     2      527      0.01059     40066.7843    -114.8110      6.90641     6.90641   38197.4257     6.74338      1 chain_02/itr_00527_trial_01.rho
     2      528       0.0105     39332.1175    -734.6668      6.84280     6.84280   38197.4257     6.74338      1 chain_02/itr_00528_trial_01.rho
     2      529      0.01041     39332.1175       0.0000      6.84280     6.84280   38197.4257     6.74338      0 -
     2      530      0.01032     39105.7639    -226.3536      6.82308     6.82308   38197.4257     6.74338      1 chain_02/itr_00530_trial_01.rho
     2      531      0.01023     39105.7639       0.0000      6.82308     6.82308   38197.4257     6.74338      0 -
     2      532      0.01015     39610.7307     504.9668      6.86700     6.86700   38197.4257     6.74338      1 chain_02/itr_00532_trial_01.rho
     2      533      0.01006     37285.7693   -2324.9615      6.66242     6.66242   37285.7693     6.66242      1 chain_02/itr_00533_trial_01.rho
     2      534     0.009971     36919.0924    -366.6768      6.62958     6.62958   36919.0924     6.62958      1 chain_02/itr_00534_trial_01.rho
     2      535     0.009885     37097.8782     178.7858      6.64561     6.64561   36919.0924     6.62958      1 chain_02/itr_00535_trial_01.rho
     2      536       0.0098     37097.8782       0.0000      6.64561     6.64561   36919.0924     6.62958      0 -
     2      537     0.009716     37097.8782       0.0000      6.64561     6.64561   36919.0924     6.62958      0 -
     2      538     0.009632     37097.8782       0.0000      6.64561     6.64561   36919.0924     6.62958      0 -
     2      539     0.009549     37097.8782       0.0000      6.64561     6.64561   36919.0924     6.62958      0 -
     2      540     0.009467     36387.0390    -710.8392      6.58163     6.58163   36387.0390     6.58163      1 chain_02/itr_00540_trial_01.rho
     2      541     0.009386     35657.6769    -729.3621      6.51534     6.51534   35657.6769     6.51534      1 chain_02/itr_00541_trial_01.rho
     2      542     0.009305     35094.4209    -563.2560      6.46367     6.46367   35094.4209     6.46367      1 chain_02/itr_00542_trial_01.rho
     2      543     0.009225     35094.4209       0.0000      6.46367     6.46367   35094.4209     6.46367      0 -
     2      544     0.009145     34673.0124    -421.4085      6.42475     6.42475   34673.0124     6.42475      1 chain_02/itr_00544_trial_01.rho
     2      545     0.009067     34673.0124       0.0000      6.42475     6.42475   34673.0124     6.42475      0 -
     2      546     0.008989     33564.6975   -1108.3150      6.32123     6.32123   33564.6975     6.32123      1 chain_02/itr_00546_trial_01.rho
     2      547     0.008911     33564.6975       0.0000      6.32123     6.32123   33564.6975     6.32123      0 -
     2      548     0.008835     33605.8290      41.1316      6.32510     6.32510   33564.6975     6.32123      1 chain_02/itr_00548_trial_01.rho
     2      549     0.008758     33605.8290       0.0000      6.32510     6.32510   33564.6975     6.32123      0 -
     2      550     0.008683     33314.7430    -291.0860      6.29765     6.29765   33314.7430     6.29765      1 chain_02/itr_00550_trial_01.rho
     2      551     0.008608     33054.5482    -260.1948      6.27301     6.27301   33054.5482     6.27301      1 chain_02/itr_00551_trial_01.rho
     2      552     0.008534     33520.5550     466.0068      6.31707     6.31707   33054.5482     6.27301      1 chain_02/itr_00552_trial_01.rho
     2      553     0.008461     33520.5550       0.0000      6.31707     6.31707   33054.5482     6.27301      0 -
     2      554     0.008388     33520.5550       0.0000      6.31707     6.31707   33054.5482     6.27301      0 -
     2      555     0.008316     32901.3260    -619.2290      6.25845     6.25845   32901.3260     6.25845      1 chain_02/itr_00555_trial_01.rho
     2      556     0.008244     32639.3863    -261.9397      6.23349     6.23349   32639.3863     6.23349      1 chain_02/itr_00556_trial_01.rho
     2      557     0.008173     32639.3863       0.0000      6.23349     6.23349   32639.3863     6.23349      0 -
     2      558     0.008103     32639.3863       0.0000      6.23349     6.23349   32639.3863     6.23349      0 -
     2      559     0.008033     32425.1932    -214.1931      6.21300     6.21300   32425.1932     6.21300      1 chain_02/itr_00559_trial_01.rho
     2      560     0.007964     32425.1932       0.0000      6.21300     6.21300   32425.1932     6.21300      0 -
     2      561     0.007895     31772.8832    -652.3100      6.15019     6.15019   31772.8832     6.15019      1 chain_02/itr_00561_trial_01.rho
     2      562     0.007827     31249.3735    -523.5097      6.09931     6.09931   31249.3735     6.09931      1 chain_02/itr_00562_trial_01.rho
     2      563      0.00776     31195.9939     -53.3796      6.09410     6.09410   31195.9939     6.09410      1 chain_02/itr_00563_trial_01.rho
     2      564     0.007693     31197.6141       1.6202      6.09426     6.09426   31195.9939     6.09410      1 chain_02/itr_00564_trial_01.rho
     2      565     0.007627     31093.8464    -103.7677      6.08412     6.08412   31093.8464     6.08412      1 chain_02/itr_00565_trial_01.rho
     2      566     0.007561     31093.8464       0.0000      6.08412     6.08412   31093.8464     6.08412      0 -
     2      567     0.007496     31177.0777      83.2313      6.09225     6.09225   31093.8464     6.08412      1 chain_02/itr_00567_trial_01.rho
     2      568     0.007432     31177.0777       0.0000      6.09225     6.09225   31093.8464     6.08412      0 -
     2      569     0.007368     31177.0777       0.0000      6.09225     6.09225   31093.8464     6.08412      0 -
     2      570     0.007304     31177.0777       0.0000      6.09225     6.09225   31093.8464     6.08412      0 -
     2      571     0.007241     31177.0777       0.0000      6.09225     6.09225   31093.8464     6.08412      0 -
     2      572     0.007179     31233.5860      56.5083      6.09777     6.09777   31093.8464     6.08412      1 chain_02/itr_00572_trial_01.rho
     2      573     0.007117     31165.8697     -67.7163      6.09116     6.09116   31093.8464     6.08412      1 chain_02/itr_00573_trial_01.rho
     2      574     0.007056     31165.8697       0.0000      6.09116     6.09116   31093.8464     6.08412      0 -
     2      575     0.006995     31165.8697       0.0000      6.09116     6.09116   31093.8464     6.08412      0 -
     2      576     0.006935     31016.0113    -149.8584      6.07650     6.07650   31016.0113     6.07650      1 chain_02/itr_00576_trial_01.rho
     2      577     0.006875     31029.6897      13.6784      6.07784     6.07784   31016.0113     6.07650      1 chain_02/itr_00577_trial_01.rho
     2      578     0.006816     31029.6897       0.0000      6.07784     6.07784   31016.0113     6.07650      0 -
     2      579     0.006758     31029.6897       0.0000      6.07784     6.07784   31016.0113     6.07650      0 -
     2      580     0.006699     30804.5223    -225.1674      6.05575     6.05575   30804.5223     6.05575      1 chain_02/itr_00580_trial_01.rho
     2      581     0.006642     30804.5223       0.0000      6.05575     6.05575   30804.5223     6.05575      0 -
     2      582     0.006585     30804.5223       0.0000      6.05575     6.05575   30804.5223     6.05575      0 -
     2      583     0.006528     30804.5223       0.0000      6.05575     6.05575   30804.5223     6.05575      0 -
     2      584     0.006472     30804.5223       0.0000      6.05575     6.05575   30804.5223     6.05575      0 -
     2      585     0.006416     30804.5223       0.0000      6.05575     6.05575   30804.5223     6.05575      0 -
     2      586     0.006361     30804.5223       0.0000      6.05575     6.05575   30804.5223     6.05575      0 -
     2      587     0.006306     30795.1862      -9.3361      6.05483     6.05483   30795.1862     6.05483      1 chain_02/itr_00587_trial_01.rho
     2      588     0.006252     30690.4358    -104.7504      6.04452     6.04452   30690.4358     6.04452      1 chain_02/itr_00588_trial_01.rho
     2      589     0.006198     30690.4358       0.0000      6.04452     6.04452   30690.4358     6.04452      0 -
     2      590     0.006144     30690.4358       0.0000      6.04452     6.04452   30690.4358     6.04452      0 -
     2      591     0.006092     30690.4358       0.0000      6.04452     6.04452   30690.4358     6.04452      0 -
     2      592     0.006039     30690.4358       0.0000      6.04452     6.04452   30690.4358     6.04452      0 -
     2      593     0.005987     30086.5104    -603.9254      5.98475     5.98475   30086.5104     5.98475      1 chain_02/itr_00593_trial_01.rho
     2      594     0.005936     30086.5104       0.0000      5.98475     5.98475   30086.5104     5.98475      0 -
     2      595     0.005885     30086.5104       0.0000      5.98475     5.98475   30086.5104     5.98475      0 -
     2      596     0.005834     29905.4892    -181.0212      5.96672     5.96672   29905.4892     5.96672      1 chain_02/itr_00596_trial_01.rho
     2      597     0.005784     29905.4892       0.0000      5.96672     5.96672   29905.4892     5.96672      0 -
     2      598     0.005734     29905.4892       0.0000      5.96672     5.96672   29905.4892     5.96672      0 -
     2      599     0.005685     29905.4892       0.0000      5.96672     5.96672   29905.4892     5.96672      0 -
     2      600     0.005636     29956.7321      51.2429      5.97183     5.97183   29905.4892     5.96672      1 chain_02/itr_00600_trial_01.rho
     2      601     0.005587     29956.7321       0.0000      5.97183     5.97183   29905.4892     5.96672      0 -
     2      602     0.005539     29755.1041    -201.6280      5.95170     5.95170   29755.1041     5.95170      1 chain_02/itr_00602_trial_01.rho
     2      603     0.005491     29755.1041       0.0000      5.95170     5.95170   29755.1041     5.95170      0 -
     2      604     0.005444     29755.1041       0.0000      5.95170     5.95170   29755.1041     5.95170      0 -
     2      605     0.005397     29755.1041       0.0000      5.95170     5.95170   29755.1041     5.95170      0 -
     2      606     0.005351     29755.1041       0.0000      5.95170     5.95170   29755.1041     5.95170      0 -
     2      607     0.005305     29799.0450      43.9409      5.95609     5.95609   29755.1041     5.95170      1 chain_02/itr_00607_trial_01.rho
     2      608     0.005259     29595.1978    -203.8472      5.93569     5.93569   29595.1978     5.93569      1 chain_02/itr_00608_trial_01.rho
     2      609     0.005214     29595.1978       0.0000      5.93569     5.93569   29595.1978     5.93569      0 -
     2      610     0.005169     29483.5606    -111.6371      5.92448     5.92448   29483.5606     5.92448      1 chain_02/itr_00610_trial_01.rho
     2      611     0.005124     29483.5606       0.0000      5.92448     5.92448   29483.5606     5.92448      0 -
     2      612      0.00508     29483.5606       0.0000      5.92448     5.92448   29483.5606     5.92448      0 -
     2      613     0.005036     29483.5606       0.0000      5.92448     5.92448   29483.5606     5.92448      0 -
     2      614     0.004993     29483.5606       0.0000      5.92448     5.92448   29483.5606     5.92448      0 -
     2      615      0.00495     29483.5606       0.0000      5.92448     5.92448   29483.5606     5.92448      0 -
     2      616     0.004908     29631.1508     147.5901      5.93929     5.93929   29483.5606     5.92448      1 chain_02/itr_00616_trial_01.rho
     2      617     0.004865     29631.1508       0.0000      5.93929     5.93929   29483.5606     5.92448      0 -
     2      618     0.004823     28858.9663    -772.1845      5.86139     5.86139   28858.9663     5.86139      1 chain_02/itr_00618_trial_01.rho
     2      619     0.004782     28471.3994    -387.5669      5.82190     5.82190   28471.3994     5.82190      1 chain_02/itr_00619_trial_01.rho
     2      620     0.004741     28471.3994       0.0000      5.82190     5.82190   28471.3994     5.82190      0 -
     2      621       0.0047     28471.3994       0.0000      5.82190     5.82190   28471.3994     5.82190      0 -
     2      622     0.004659     28214.5628    -256.8366      5.79558     5.79558   28214.5628     5.79558      1 chain_02/itr_00622_trial_01.rho
     2      623     0.004619     27579.9514    -634.6114      5.73003     5.73003   27579.9514     5.73003      1 chain_02/itr_00623_trial_01.rho
     2      624      0.00458     27113.6159    -466.3356      5.68138     5.68138   27113.6159     5.68138      1 chain_02/itr_00624_trial_01.rho
     2      625      0.00454     27113.6159       0.0000      5.68138     5.68138   27113.6159     5.68138      0 -
     2      626     0.004501     26806.1875    -307.4283      5.64908     5.64908   26806.1875     5.64908      1 chain_02/itr_00626_trial_01.rho
     2      627     0.004462     26549.5707    -256.6168      5.62198     5.62198   26549.5707     5.62198      1 chain_02/itr_00627_trial_01.rho
     2      628     0.004424     26549.5707       0.0000      5.62198     5.62198   26549.5707     5.62198      0 -
     2      629     0.004386     26549.5707       0.0000      5.62198     5.62198   26549.5707     5.62198      0 -
     2      630     0.004348     26649.5241      99.9534      5.63255     5.63255   26549.5707     5.62198      1 chain_02/itr_00630_trial_01.rho
     2      631     0.004311     26498.2187    -151.3055      5.61654     5.61654   26498.2187     5.61654      1 chain_02/itr_00631_trial_01.rho
     2      632     0.004274     26498.2187       0.0000      5.61654     5.61654   26498.2187     5.61654      0 -
     2      633     0.004237     26498.2187       0.0000      5.61654     5.61654   26498.2187     5.61654      0 -
     2      634       0.0042     26498.2187       0.0000      5.61654     5.61654   26498.2187     5.61654      0 -
     2      635     0.004164     26498.2187       0.0000      5.61654     5.61654   26498.2187     5.61654      0 -
     2      636     0.004128     26498.2187       0.0000      5.61654     5.61654   26498.2187     5.61654      0 -
     2      637     0.004093     26498.2187       0.0000      5.61654     5.61654   26498.2187     5.61654      0 -
     2      638     0.004058     26651.6978     153.4791      5.63278     5.63278   26498.2187     5.61654      1 chain_02/itr_00638_trial_01.rho
     2      639     0.004023     26651.6978       0.0000      5.63278     5.63278   26498.2187     5.61654      0 -
     2      640     0.003988     26651.6978       0.0000      5.63278     5.63278   26498.2187     5.61654      0 -
     2      641     0.003954     26651.6978       0.0000      5.63278     5.63278   26498.2187     5.61654      0 -
     2      642      0.00392     26651.6978       0.0000      5.63278     5.63278   26498.2187     5.61654      0 -
     2      643     0.003886     26651.6978       0.0000      5.63278     5.63278   26498.2187     5.61654      0 -
     2      644     0.003852     25930.5311    -721.1667      5.55605     5.55605   25930.5311     5.55605      1 chain_02/itr_00644_trial_01.rho
     2      645     0.003819     25930.5311       0.0000      5.55605     5.55605   25930.5311     5.55605      0 -
     2      646     0.003786     25881.6251     -48.9060      5.55081     5.55081   25881.6251     5.55081      1 chain_02/itr_00646_trial_01.rho
     2      647     0.003754     25881.6251       0.0000      5.55081     5.55081   25881.6251     5.55081      0 -
     2      648     0.003721     25879.0587      -2.5664      5.55053     5.55053   25879.0587     5.55053      1 chain_02/itr_00648_trial_01.rho
     2      649     0.003689     25476.1481    -402.9106      5.50715     5.50715   25476.1481     5.50715      1 chain_02/itr_00649_trial_01.rho
     2      650     0.003658     25476.1481       0.0000      5.50715     5.50715   25476.1481     5.50715      0 -
     2      651     0.003626     24886.3799    -589.7682      5.44304     5.44304   24886.3799     5.44304      1 chain_02/itr_00651_trial_01.rho
     2      652     0.003595     24780.1000    -106.2799      5.43140     5.43140   24780.1000     5.43140      1 chain_02/itr_00652_trial_01.rho
     2      653     0.003564     24780.1000       0.0000      5.43140     5.43140   24780.1000     5.43140      0 -
     2      654     0.003533     24780.1000       0.0000      5.43140     5.43140   24780.1000     5.43140      0 -
     2      655     0.003503     24618.7656    -161.3344      5.41369     5.41369   24618.7656     5.41369      1 chain_02/itr_00655_trial_01.rho
     2      656     0.003473     24618.7656       0.0000      5.41369     5.41369   24618.7656     5.41369      0 -
     2      657     0.003443     24455.1602    -163.6054      5.39567     5.39567   24455.1602     5.39567      1 chain_02/itr_00657_trial_01.rho
     2      658     0.003413     24455.1602       0.0000      5.39567     5.39567   24455.1602     5.39567      0 -
     2      659     0.003384     24455.1602       0.0000      5.39567     5.39567   24455.1602     5.39567      0 -
     2      660     0.003355     24455.1602       0.0000      5.39567     5.39567   24455.1602     5.39567      0 -
     2      661     0.003326     24455.1602       0.0000      5.39567     5.39567   24455.1602     5.39567      0 -
     2      662     0.003297     24455.1602       0.0000      5.39567     5.39567   24455.1602     5.39567      0 -
     2      663     0.003269     23916.6129    -538.5473      5.33593     5.33593   23916.6129     5.33593      1 chain_02/itr_00663_trial_01.rho
     2      664     0.003241     23874.9071     -41.7058      5.33128     5.33128   23874.9071     5.33128      1 chain_02/itr_00664_trial_01.rho
     2      665     0.003213     23874.9071       0.0000      5.33128     5.33128   23874.9071     5.33128      0 -
     2      666     0.003185     23858.3562     -16.5509      5.32943     5.32943   23858.3562     5.32943      1 chain_02/itr_00666_trial_01.rho
     2      667     0.003158     23790.3994     -67.9568      5.32183     5.32183   23790.3994     5.32183      1 chain_02/itr_00667_trial_01.rho
     2      668     0.003131     23790.3994       0.0000      5.32183     5.32183   23790.3994     5.32183      0 -
     2      669     0.003104     23691.9198     -98.4796      5.31081     5.31081   23691.9198     5.31081      1 chain_02/itr_00669_trial_01.rho
     2      670     0.003077     23383.3715    -308.5483      5.27611     5.27611   23383.3715     5.27611      1 chain_02/itr_00670_trial_01.rho
     2      671      0.00305     23173.3479    -210.0236      5.25236     5.25236   23173.3479     5.25236      1 chain_02/itr_00671_trial_01.rho
     2      672     0.003024     23173.3479       0.0000      5.25236     5.25236   23173.3479     5.25236      0 -
     2      673     0.002998     23173.3479       0.0000      5.25236     5.25236   23173.3479     5.25236      0 -
     2      674     0.002972     22608.8563    -564.4916      5.18800     5.18800   22608.8563     5.18800      1 chain_02/itr_00674_trial_01.rho
     2      675     0.002947     22750.0089     141.1526      5.20417     5.20417   22608.8563     5.18800      1 chain_02/itr_00675_trial_01.rho
     2      676     0.002921     22622.3685    -127.6404      5.18955     5.18955   22608.8563     5.18800      1 chain_02/itr_00676_trial_01.rho
     2      677     0.002896     22622.3685       0.0000      5.18955     5.18955   22608.8563     5.18800      0 -
     2      678     0.002871     22622.3685       0.0000      5.18955     5.18955   22608.8563     5.18800      0 -
     2      679     0.002847     22622.3685       0.0000      5.18955     5.18955   22608.8563     5.18800      0 -
     2      680     0.002822     22622.3685       0.0000      5.18955     5.18955   22608.8563     5.18800      0 -
     2      681     0.002798     22622.3685       0.0000      5.18955     5.18955   22608.8563     5.18800      0 -
     2      682     0.002774     22622.3685       0.0000      5.18955     5.18955   22608.8563     5.18800      0 -
     2      683      0.00275     22622.3685       0.0000      5.18955     5.18955   22608.8563     5.18800      0 -
     2      684     0.002726     22335.5471    -286.8214      5.15654     5.15654   22335.5471     5.15654      1 chain_02/itr_00684_trial_01.rho
     2      685     0.002703     22335.5471       0.0000      5.15654     5.15654   22335.5471     5.15654      0 -
     2      686     0.002679     22335.5471       0.0000      5.15654     5.15654   22335.5471     5.15654      0 -
     2      687     0.002656     22335.5471       0.0000      5.15654     5.15654   22335.5471     5.15654      0 -
     2      688     0.002633     22335.5471       0.0000      5.15654     5.15654   22335.5471     5.15654      0 -
     2      689     0.002611     22335.5471       0.0000      5.15654     5.15654   22335.5471     5.15654      0 -
     2      690     0.002588     22335.5471       0.0000      5.15654     5.15654   22335.5471     5.15654      0 -
     2      691     0.002566     22335.5471       0.0000      5.15654     5.15654   22335.5471     5.15654      0 -
     2      692     0.002544     22335.5471       0.0000      5.15654     5.15654   22335.5471     5.15654      0 -
     2      693     0.002522     22335.5471       0.0000      5.15654     5.15654   22335.5471     5.15654      0 -
     2      694       0.0025     22335.5471       0.0000      5.15654     5.15654   22335.5471     5.15654      0 -
     2      695     0.002479     22335.5471       0.0000      5.15654     5.15654   22335.5471     5.15654      0 -
     2      696     0.002457     22333.9988      -1.5483      5.15636     5.15636   22333.9988     5.15636      1 chain_02/itr_00696_trial_01.rho
     2      697     0.002436     22333.9988       0.0000      5.15636     5.15636   22333.9988     5.15636      0 -
     2      698     0.002415     22163.0202    -170.9786      5.13659     5.13659   22163.0202     5.13659      1 chain_02/itr_00698_trial_01.rho
     2      699     0.002395     22157.2327      -5.7875      5.13592     5.13592   22157.2327     5.13592      1 chain_02/itr_00699_trial_01.rho
     2      700     0.002374     22157.2327       0.0000      5.13592     5.13592   22157.2327     5.13592      0 -
     2      701     0.002354     22157.2327       0.0000      5.13592     5.13592   22157.2327     5.13592      0 -
     2      702     0.002333     22157.2327       0.0000      5.13592     5.13592   22157.2327     5.13592      0 -
     2      703     0.002313     21944.3634    -212.8694      5.11119     5.11119   21944.3634     5.11119      1 chain_02/itr_00703_trial_01.rho
     2      704     0.002293     21944.3634       0.0000      5.11119     5.11119   21944.3634     5.11119      0 -
     2      705     0.002274     21947.3568       2.9935      5.11154     5.11154   21944.3634     5.11119      1 chain_02/itr_00705_trial_01.rho
     2      706     0.002254     21947.3568       0.0000      5.11154     5.11154   21944.3634     5.11119      0 -
     2      707     0.002235     21947.3568       0.0000      5.11154     5.11154   21944.3634     5.11119      0 -
     2      708     0.002215     21947.3568       0.0000      5.11154     5.11154   21944.3634     5.11119      0 -
     2      709     0.002196     21947.3568       0.0000      5.11154     5.11154   21944.3634     5.11119      0 -
     2      710     0.002177     21947.3568       0.0000      5.11154     5.11154   21944.3634     5.11119      0 -
     2      711     0.002159     21947.3568       0.0000      5.11154     5.11154   21944.3634     5.11119      0 -
     2      712      0.00214     21947.3568       0.0000      5.11154     5.11154   21944.3634     5.11119      0 -
     2      713     0.002122     21761.5678    -185.7890      5.08986     5.08986   21761.5678     5.08986      1 chain_02/itr_00713_trial_01.rho
     2      714     0.002103     21525.1791    -236.3888      5.06214     5.06214   21525.1791     5.06214      1 chain_02/itr_00714_trial_01.rho
     2      715     0.002085     21525.1791       0.0000      5.06214     5.06214   21525.1791     5.06214      0 -
     2      716     0.002067     21436.9815     -88.1975      5.05175     5.05175   21436.9815     5.05175      1 chain_02/itr_00716_trial_01.rho
     2      717     0.002049     21265.4754    -171.5062      5.03150     5.03150   21265.4754     5.03150      1 chain_02/itr_00717_trial_01.rho
     2      718     0.002032     21265.4754       0.0000      5.03150     5.03150   21265.4754     5.03150      0 -
     2      719     0.002014     21265.4754       0.0000      5.03150     5.03150   21265.4754     5.03150      0 -
     2      720     0.001997     21265.4754       0.0000      5.03150     5.03150   21265.4754     5.03150      0 -
     2      721      0.00198     21265.4754       0.0000      5.03150     5.03150   21265.4754     5.03150      0 -
     2      722     0.001963     21265.4754       0.0000      5.03150     5.03150   21265.4754     5.03150      0 -
     2      723     0.001946     21265.4754       0.0000      5.03150     5.03150   21265.4754     5.03150      0 -
     2      724     0.001929     21165.1196    -100.3558      5.01962     5.01962   21165.1196     5.01962      1 chain_02/itr_00724_trial_01.rho
     2      725     0.001913     21165.1196       0.0000      5.01962     5.01962   21165.1196     5.01962      0 -
     2      726     0.001896     21165.1196       0.0000      5.01962     5.01962   21165.1196     5.01962      0 -
     2      727      0.00188     21165.1196       0.0000      5.01962     5.01962   21165.1196     5.01962      0 -
     2      728     0.001864     21165.1196       0.0000      5.01962     5.01962   21165.1196     5.01962      0 -
     2      729     0.001847     21165.1196       0.0000      5.01962     5.01962   21165.1196     5.01962      0 -
     2      730     0.001832     21050.5181    -114.6015      5.00601     5.00601   21050.5181     5.00601      1 chain_02/itr_00730_trial_01.rho
     2      731     0.001816     21008.0956     -42.4225      5.00096     5.00096   21008.0956     5.00096      1 chain_02/itr_00731_trial_01.rho
     2      732       0.0018     21008.0956       0.0000      5.00096     5.00096   21008.0956     5.00096      0 -
     2      733     0.001785     21008.0956       0.0000      5.00096     5.00096   21008.0956     5.00096      0 -
     2      734     0.001769     20775.7951    -232.3005      4.97324     4.97324   20775.7951     4.97324      1 chain_02/itr_00734_trial_01.rho
     2      735     0.001754     20775.7951       0.0000      4.97324     4.97324   20775.7951     4.97324      0 -
     2      736     0.001739     20775.7951       0.0000      4.97324     4.97324   20775.7951     4.97324      0 -
     2      737     0.001724     20775.7951       0.0000      4.97324     4.97324   20775.7951     4.97324      0 -
     2      738     0.001709     20496.9217    -278.8734      4.93975     4.93975   20496.9217     4.93975      1 chain_02/itr_00738_trial_01.rho
     2      739     0.001694     20496.9217       0.0000      4.93975     4.93975   20496.9217     4.93975      0 -
     2      740      0.00168     20496.9217       0.0000      4.93975     4.93975   20496.9217     4.93975      0 -
     2      741     0.001665     20496.9217       0.0000      4.93975     4.93975   20496.9217     4.93975      0 -
     2      742     0.001651     20496.9217       0.0000      4.93975     4.93975   20496.9217     4.93975      0 -
     2      743     0.001637     20539.2392      42.3175      4.94484     4.94484   20496.9217     4.93975      1 chain_02/itr_00743_trial_01.rho
     2      744     0.001623     20539.2392       0.0000      4.94484     4.94484   20496.9217     4.93975      0 -
     2      745     0.001609     20539.2392       0.0000      4.94484     4.94484   20496.9217     4.93975      0 -
     2      746     0.001595     20238.4219    -300.8173      4.90850     4.90850   20238.4219     4.90850      1 chain_02/itr_00746_trial_01.rho
     2      747     0.001581     20238.4219       0.0000      4.90850     4.90850   20238.4219     4.90850      0 -
     2      748     0.001568     20238.4219       0.0000      4.90850     4.90850   20238.4219     4.90850      0 -
     2      749     0.001554     20238.4219       0.0000      4.90850     4.90850   20238.4219     4.90850      0 -
     2      750     0.001541     20043.8156    -194.6064      4.88484     4.88484   20043.8156     4.88484      1 chain_02/itr_00750_trial_01.rho
     2      751     0.001527     20043.8156       0.0000      4.88484     4.88484   20043.8156     4.88484      0 -
     2      752     0.001514     20043.8156       0.0000      4.88484     4.88484   20043.8156     4.88484      0 -
     2      753     0.001501     19935.3080    -108.5076      4.87160     4.87160   19935.3080     4.87160      1 chain_02/itr_00753_trial_01.rho
     2      754     0.001488     19935.3080       0.0000      4.87160     4.87160   19935.3080     4.87160      0 -
     2      755     0.001476     19984.4540      49.1460      4.87760     4.87760   19935.3080     4.87160      1 chain_02/itr_00755_trial_01.rho
     2      756     0.001463     19984.4540       0.0000      4.87760     4.87760   19935.3080     4.87160      0 -
     2      757      0.00145     19985.1096       0.6556      4.87768     4.87768   19935.3080     4.87160      1 chain_02/itr_00757_trial_01.rho
     2      758     0.001438     19985.1096       0.0000      4.87768     4.87768   19935.3080     4.87160      0 -
     2      759     0.001425     19985.1096       0.0000      4.87768     4.87768   19935.3080     4.87160      0 -
     2      760     0.001413     19985.1096       0.0000      4.87768     4.87768   19935.3080     4.87160      0 -
     2      761     0.001401     19985.1096       0.0000      4.87768     4.87768   19935.3080     4.87160      0 -
     2      762     0.001389     19985.1096       0.0000      4.87768     4.87768   19935.3080     4.87160      0 -
     2      763     0.001377     19933.7482     -51.3614      4.87141     4.87141   19933.7482     4.87141      1 chain_02/itr_00763_trial_01.rho
     2      764     0.001365     20014.0983      80.3501      4.88122     4.88122   19933.7482     4.87141      1 chain_02/itr_00764_trial_01.rho
     2      765     0.001353     20014.0983       0.0000      4.88122     4.88122   19933.7482     4.87141      0 -
     2      766     0.001342     20014.0983       0.0000      4.88122     4.88122   19933.7482     4.87141      0 -
     2      767      0.00133     20014.0983       0.0000      4.88122     4.88122   19933.7482     4.87141      0 -
     2      768     0.001319     19759.2704    -254.8279      4.85005     4.85005   19759.2704     4.85005      1 chain_02/itr_00768_trial_01.rho
     2      769     0.001307     19541.3436    -217.9268      4.82323     4.82323   19541.3436     4.82323      1 chain_02/itr_00769_trial_01.rho
     2      770     0.001296     19541.3436       0.0000      4.82323     4.82323   19541.3436     4.82323      0 -
     2      771     0.001285     19306.2280    -235.1156      4.79412     4.79412   19306.2280     4.79412      1 chain_02/itr_00771_trial_01.rho
     2      772     0.001274     19306.2280       0.0000      4.79412     4.79412   19306.2280     4.79412      0 -
     2      773     0.001263     19306.2280       0.0000      4.79412     4.79412   19306.2280     4.79412      0 -
     2      774     0.001252     19306.2280       0.0000      4.79412     4.79412   19306.2280     4.79412      0 -
     2      775     0.001241     19306.2280       0.0000      4.79412     4.79412   19306.2280     4.79412      0 -
     2      776     0.001231     19201.7210    -104.5070      4.78113     4.78113   19201.7210     4.78113      1 chain_02/itr_00776_trial_01.rho
     2      777      0.00122     19201.7210       0.0000      4.78113     4.78113   19201.7210     4.78113      0 -
     2      778     0.001209     19201.7210       0.0000      4.78113     4.78113   19201.7210     4.78113      0 -
     2      779     0.001199     19201.7210       0.0000      4.78113     4.78113   19201.7210     4.78113      0 -
     2      780     0.001189     19201.7210       0.0000      4.78113     4.78113   19201.7210     4.78113      0 -
     2      781     0.001179     19201.7210       0.0000      4.78113     4.78113   19201.7210     4.78113      0 -
     2      782     0.001168     19201.7210       0.0000      4.78113     4.78113   19201.7210     4.78113      0 -
     2      783     0.001158     19201.7210       0.0000      4.78113     4.78113   19201.7210     4.78113      0 -
     2      784     0.001148     19201.7210       0.0000      4.78113     4.78113   19201.7210     4.78113      0 -
     2      785     0.001138     18755.5134    -446.2076      4.72525     4.72525   18755.5134     4.72525      1 chain_02/itr_00785_trial_01.rho
     2      786     0.001129     18755.5134       0.0000      4.72525     4.72525   18755.5134     4.72525      0 -
     2      787     0.001119     18755.5134       0.0000      4.72525     4.72525   18755.5134     4.72525      0 -
     2      788     0.001109     18490.7540    -264.7593      4.69178     4.69178   18490.7540     4.69178      1 chain_02/itr_00788_trial_01.rho
     2      789       0.0011     18490.7540       0.0000      4.69178     4.69178   18490.7540     4.69178      0 -
     2      790      0.00109     18490.7540       0.0000      4.69178     4.69178   18490.7540     4.69178      0 -
     2      791     0.001081     18472.5096     -18.2445      4.68947     4.68947   18472.5096     4.68947      1 chain_02/itr_00791_trial_01.rho
     2      792     0.001072     18472.5096       0.0000      4.68947     4.68947   18472.5096     4.68947      0 -
     2      793     0.001062     18290.2697    -182.2398      4.66628     4.66628   18290.2697     4.66628      1 chain_02/itr_00793_trial_01.rho
     2      794     0.001053     18290.2697       0.0000      4.66628     4.66628   18290.2697     4.66628      0 -
     2      795     0.001044     18273.8757     -16.3940      4.66418     4.66418   18273.8757     4.66418      1 chain_02/itr_00795_trial_01.rho
     2      796     0.001035     18182.5573     -91.3184      4.65252     4.65252   18182.5573     4.65252      1 chain_02/itr_00796_trial_01.rho
     2      797     0.001026     18182.5573       0.0000      4.65252     4.65252   18182.5573     4.65252      0 -
     2      798     0.001017     18135.6648     -46.8925      4.64651     4.64651   18135.6648     4.64651      1 chain_02/itr_00798_trial_01.rho
     2      799     0.001009     18013.6701    -121.9948      4.63086     4.63086   18013.6701     4.63086      1 chain_02/itr_00799_trial_01.rho
     2      800        0.001     18013.6701       0.0000      4.63086     4.63086   18013.6701     4.63086      0 -
