# VFSA 2D iteration best - 2026-09-15 00:29:55
# chains=2  n_ctrl=250  frac_update_controls=1.0  temp_kappa=1.0  cool_ratio=0.001  target_rms=1.0  n_trials=1
--------------------------------------------------------------------------------------------------------------------------------------------------------------------------------------------------------
 Chain     Iter         Temp       Chi2Curr        dChi2      RMSCurr     CurrRMS     Chi2Best     RMSBest   Nacc Model
--------------------------------------------------------------------------------------------------------------------------------------------------------------------------------------------------------
     1        1            1     17411.3631    -540.9892      4.55278     4.55278   17411.3631     4.55278      1 chain_01/itr_00001_trial_01.rho
     1        2       0.9914     15698.1518   -1713.2113      4.32299     4.32299   15698.1518     4.32299      1 chain_01/itr_00002_trial_01.rho
     1        3       0.9829     16340.8218     642.6700      4.41060     4.41060   15698.1518     4.32299      1 chain_01/itr_00003_trial_01.rho
     1        4       0.9744     16386.7756      45.9538      4.41679     4.41679   15698.1518     4.32299      1 chain_01/itr_00004_trial_01.rho
     1        5        0.966     17060.7270     673.9514      4.50670     4.50670   15698.1518     4.32299      1 chain_01/itr_00005_trial_01.rho
     1        6       0.9577     17218.1053     157.3783      4.52744     4.52744   15698.1518     4.32299      1 chain_01/itr_00006_trial_01.rho
     1        7       0.9494     16819.6439    -398.4614      4.47475     4.47475   15698.1518     4.32299      1 chain_01/itr_00007_trial_01.rho
     1        8       0.9413     16153.6982    -665.9457      4.38527     4.38527   15698.1518     4.32299      1 chain_01/itr_00008_trial_01.rho
     1        9       0.9332     16825.6056     671.9074      4.47554     4.47554   15698.1518     4.32299      1 chain_01/itr_00009_trial_01.rho
     1       10       0.9251     17274.2524     448.6468      4.53482     4.53482   15698.1518     4.32299      1 chain_01/itr_00010_trial_01.rho
     1       11       0.9172     16659.1264    -615.1261      4.45335     4.45335   15698.1518     4.32299      1 chain_01/itr_00011_trial_01.rho
     1       12       0.9093     16855.5253     196.3989      4.47952     4.47952   15698.1518     4.32299      1 chain_01/itr_00012_trial_01.rho
     1       13       0.9015     15681.5455   -1173.9798      4.32071     4.32071   15681.5455     4.32071      1 chain_01/itr_00013_trial_01.rho
     1       14       0.8937     15589.4633     -92.0822      4.30800     4.30800   15589.4633     4.30800      1 chain_01/itr_00014_trial_01.rho
     1       15        0.886     17464.6321    1875.1689      4.55974     4.55974   15589.4633     4.30800      1 chain_01/itr_00015_trial_01.rho
     1       16       0.8784     17554.6495      90.0173      4.57148     4.57148   15589.4633     4.30800      1 chain_01/itr_00016_trial_01.rho
     1       17       0.8708     18220.5408     665.8913      4.65737     4.65737   15589.4633     4.30800      1 chain_01/itr_00017_trial_01.rho
     1       18       0.8633     17325.0413    -895.4994      4.54148     4.54148   15589.4633     4.30800      1 chain_01/itr_00018_trial_01.rho
     1       19       0.8559     17643.0269     317.9856      4.58297     4.58297   15589.4633     4.30800      1 chain_01/itr_00019_trial_01.rho
     1       20       0.8485     18066.6125     423.5856      4.63766     4.63766   15589.4633     4.30800      1 chain_01/itr_00020_trial_01.rho
     1       21       0.8412     17435.9485    -630.6641      4.55599     4.55599   15589.4633     4.30800      1 chain_01/itr_00021_trial_01.rho
     1       22        0.834     17405.5484     -30.4000      4.55202     4.55202   15589.4633     4.30800      1 chain_01/itr_00022_trial_01.rho
     1       23       0.8268     19024.3161    1618.7677      4.75899     4.75899   15589.4633     4.30800      1 chain_01/itr_00023_trial_01.rho
     1       24       0.8197     19589.1996     564.8835      4.82913     4.82913   15589.4633     4.30800      1 chain_01/itr_00024_trial_01.rho
     1       25       0.8126     18791.4537    -797.7459      4.72978     4.72978   15589.4633     4.30800      1 chain_01/itr_00025_trial_01.rho
     1       26       0.8056     19624.7401     833.2864      4.83351     4.83351   15589.4633     4.30800      1 chain_01/itr_00026_trial_01.rho
     1       27       0.7987     18905.4509    -719.2892      4.74410     4.74410   15589.4633     4.30800      1 chain_01/itr_00027_trial_01.rho
     1       28       0.7918     18661.1003    -244.3506      4.71334     4.71334   15589.4633     4.30800      1 chain_01/itr_00028_trial_01.rho
     1       29        0.785     18974.7116     313.6114      4.75278     4.75278   15589.4633     4.30800      1 chain_01/itr_00029_trial_01.rho
     1       30       0.7782     20431.0196    1456.3079      4.93180     4.93180   15589.4633     4.30800      1 chain_01/itr_00030_trial_01.rho
     1       31       0.7715     21928.4652    1497.4456      5.10934     5.10934   15589.4633     4.30800      1 chain_01/itr_00031_trial_01.rho
     1       32       0.7649     20942.0299    -986.4353      4.99309     4.99309   15589.4633     4.30800      1 chain_01/itr_00032_trial_01.rho
     1       33       0.7583     20715.5722    -226.4577      4.96602     4.96602   15589.4633     4.30800      1 chain_01/itr_00033_trial_01.rho
     1       34       0.7518     21384.7764     669.2042      5.04560     5.04560   15589.4633     4.30800      1 chain_01/itr_00034_trial_01.rho
     1       35       0.7453     20946.3972    -438.3792      4.99361     4.99361   15589.4633     4.30800      1 chain_01/itr_00035_trial_01.rho
     1       36       0.7389     22174.9912    1228.5940      5.13798     5.13798   15589.4633     4.30800      1 chain_01/itr_00036_trial_01.rho
     1       37       0.7325     23587.8674    1412.8762      5.29913     5.29913   15589.4633     4.30800      1 chain_01/itr_00037_trial_01.rho
     1       38       0.7262     23284.2950    -303.5724      5.26492     5.26492   15589.4633     4.30800      1 chain_01/itr_00038_trial_01.rho
     1       39         0.72     23761.9005     477.6055      5.31864     5.31864   15589.4633     4.30800      1 chain_01/itr_00039_trial_01.rho
     1       40       0.7138     24035.0665     273.1661      5.34913     5.34913   15589.4633     4.30800      1 chain_01/itr_00040_trial_01.rho
     1       41       0.7076     22680.7554   -1354.3111      5.19624     5.19624   15589.4633     4.30800      1 chain_01/itr_00041_trial_01.rho
     1       42       0.7015     23180.6821     499.9266      5.25319     5.25319   15589.4633     4.30800      1 chain_01/itr_00042_trial_01.rho
     1       43       0.6955     23229.8500      49.1679      5.25876     5.25876   15589.4633     4.30800      1 chain_01/itr_00043_trial_01.rho
     1       44       0.6895     24582.1492    1352.2992      5.40966     5.40966   15589.4633     4.30800      1 chain_01/itr_00044_trial_01.rho
     1       45       0.6836     25172.6246     590.4754      5.47425     5.47425   15589.4633     4.30800      1 chain_01/itr_00045_trial_01.rho
     1       46       0.6777     25561.5319     388.9073      5.51638     5.51638   15589.4633     4.30800      1 chain_01/itr_00046_trial_01.rho
     1       47       0.6719     26660.5846    1099.0528      5.63372     5.63372   15589.4633     4.30800      1 chain_01/itr_00047_trial_01.rho
     1       48       0.6661     27133.8654     473.2808      5.68350     5.68350   15589.4633     4.30800      1 chain_01/itr_00048_trial_01.rho
     1       49       0.6604     27116.1108     -17.7547      5.68164     5.68164   15589.4633     4.30800      1 chain_01/itr_00049_trial_01.rho
     1       50       0.6547     26104.0778   -1012.0330      5.57461     5.57461   15589.4633     4.30800      1 chain_01/itr_00050_trial_01.rho
     1       51        0.649     26208.5696     104.4919      5.58576     5.58576   15589.4633     4.30800      1 chain_01/itr_00051_trial_01.rho
     1       52       0.6434     26366.3623     157.7927      5.60255     5.60255   15589.4633     4.30800      1 chain_01/itr_00052_trial_01.rho
     1       53       0.6379     26568.9610     202.5986      5.62403     5.62403   15589.4633     4.30800      1 chain_01/itr_00053_trial_01.rho
     1       54       0.6324     27598.8777    1029.9167      5.73200     5.73200   15589.4633     4.30800      1 chain_01/itr_00054_trial_01.rho
     1       55        0.627     26950.7489    -648.1288      5.66429     5.66429   15589.4633     4.30800      1 chain_01/itr_00055_trial_01.rho
     1       56       0.6216     27797.3038     846.5549      5.75257     5.75257   15589.4633     4.30800      1 chain_01/itr_00056_trial_01.rho
     1       57       0.6162     27718.6121     -78.6917      5.74442     5.74442   15589.4633     4.30800      1 chain_01/itr_00057_trial_01.rho
     1       58       0.6109     27388.7815    -329.8306      5.71014     5.71014   15589.4633     4.30800      1 chain_01/itr_00058_trial_01.rho
     1       59       0.6057     28356.2461     967.4646      5.81011     5.81011   15589.4633     4.30800      1 chain_01/itr_00059_trial_01.rho
     1       60       0.6004     28979.2210     622.9748      5.87359     5.87359   15589.4633     4.30800      1 chain_01/itr_00060_trial_01.rho
     1       61       0.5953     27232.3828   -1746.8381      5.69381     5.69381   15589.4633     4.30800      1 chain_01/itr_00061_trial_01.rho
     1       62       0.5902     28301.9027    1069.5198      5.80454     5.80454   15589.4633     4.30800      1 chain_01/itr_00062_trial_01.rho
     1       63       0.5851     28301.9027       0.0000      5.80454     5.80454   15589.4633     4.30800      0 -
     1       64         0.58     29054.7393     752.8367      5.88124     5.88124   15589.4633     4.30800      1 chain_01/itr_00064_trial_01.rho
     1       65        0.575     29399.3822     344.6429      5.91602     5.91602   15589.4633     4.30800      1 chain_01/itr_00065_trial_01.rho
     1       66       0.5701     28658.2953    -741.0869      5.84098     5.84098   15589.4633     4.30800      1 chain_01/itr_00066_trial_01.rho
     1       67       0.5652     30030.0041    1371.7088      5.97913     5.97913   15589.4633     4.30800      1 chain_01/itr_00067_trial_01.rho
     1       68       0.5603     30388.1914     358.1873      6.01468     6.01468   15589.4633     4.30800      1 chain_01/itr_00068_trial_01.rho
     1       69       0.5555     31652.3259    1264.1345      6.13851     6.13851   15589.4633     4.30800      1 chain_01/itr_00069_trial_01.rho
     1       70       0.5507     30522.7352   -1129.5907      6.02798     6.02798   15589.4633     4.30800      1 chain_01/itr_00070_trial_01.rho
     1       71        0.546     30963.5525     440.8173      6.07136     6.07136   15589.4633     4.30800      1 chain_01/itr_00071_trial_01.rho
     1       72       0.5413     30731.3676    -232.1849      6.04855     6.04855   15589.4633     4.30800      1 chain_01/itr_00072_trial_01.rho
     1       73       0.5366     29891.0091    -840.3585      5.96528     5.96528   15589.4633     4.30800      1 chain_01/itr_00073_trial_01.rho
     1       74        0.532     27617.2152   -2273.7939      5.73390     5.73390   15589.4633     4.30800      1 chain_01/itr_00074_trial_01.rho
     1       75       0.5274     27617.2152       0.0000      5.73390     5.73390   15589.4633     4.30800      0 -
     1       76       0.5229     27497.3714    -119.8438      5.72145     5.72145   15589.4633     4.30800      1 chain_01/itr_00076_trial_01.rho
     1       77       0.5184     28815.4887    1318.1173      5.85697     5.85697   15589.4633     4.30800      1 chain_01/itr_00077_trial_01.rho
     1       78       0.5139     28213.9652    -601.5235      5.79552     5.79552   15589.4633     4.30800      1 chain_01/itr_00078_trial_01.rho
     1       79       0.5095     28566.9618     352.9966      5.83166     5.83166   15589.4633     4.30800      1 chain_01/itr_00079_trial_01.rho
     1       80       0.5051     27993.9174    -573.0444      5.77288     5.77288   15589.4633     4.30800      1 chain_01/itr_00080_trial_01.rho
     1       81       0.5008     30427.2343    2433.3169      6.01855     6.01855   15589.4633     4.30800      1 chain_01/itr_00081_trial_01.rho
     1       82       0.4964     31509.9705    1082.7362      6.12469     6.12469   15589.4633     4.30800      1 chain_01/itr_00082_trial_01.rho
     1       83       0.4922     31288.4675    -221.5031      6.10313     6.10313   15589.4633     4.30800      1 chain_01/itr_00083_trial_01.rho
     1       84       0.4879     29881.4696   -1406.9979      5.96433     5.96433   15589.4633     4.30800      1 chain_01/itr_00084_trial_01.rho
     1       85       0.4837     29733.1848    -148.2848      5.94951     5.94951   15589.4633     4.30800      1 chain_01/itr_00085_trial_01.rho
     1       86       0.4796     29361.1546    -372.0302      5.91217     5.91217   15589.4633     4.30800      1 chain_01/itr_00086_trial_01.rho
     1       87       0.4754     29888.0611     526.9065      5.96498     5.96498   15589.4633     4.30800      1 chain_01/itr_00087_trial_01.rho
     1       88       0.4713     29888.0611       0.0000      5.96498     5.96498   15589.4633     4.30800      0 -
     1       89       0.4673     28560.6808   -1327.3803      5.83102     5.83102   15589.4633     4.30800      1 chain_01/itr_00089_trial_01.rho
     1       90       0.4633     29026.5376     465.8568      5.87838     5.87838   15589.4633     4.30800      1 chain_01/itr_00090_trial_01.rho
     1       91       0.4593     28136.4993    -890.0383      5.78756     5.78756   15589.4633     4.30800      1 chain_01/itr_00091_trial_01.rho
     1       92       0.4553     29560.3647    1423.8654      5.93219     5.93219   15589.4633     4.30800      1 chain_01/itr_00092_trial_01.rho
     1       93       0.4514     28883.8417    -676.5230      5.86392     5.86392   15589.4633     4.30800      1 chain_01/itr_00093_trial_01.rho
     1       94       0.4475     29348.0392     464.1975      5.91085     5.91085   15589.4633     4.30800      1 chain_01/itr_00094_trial_01.rho
     1       95       0.4437     30964.4448    1616.4056      6.07144     6.07144   15589.4633     4.30800      1 chain_01/itr_00095_trial_01.rho
     1       96       0.4398     31463.0515     498.6067      6.12013     6.12013   15589.4633     4.30800      1 chain_01/itr_00096_trial_01.rho
     1       97       0.4361     31040.4062    -422.6453      6.07889     6.07889   15589.4633     4.30800      1 chain_01/itr_00097_trial_01.rho
     1       98       0.4323     31872.7285     832.3223      6.15985     6.15985   15589.4633     4.30800      1 chain_01/itr_00098_trial_01.rho
     1       99       0.4286     33071.9071    1199.1786      6.27466     6.27466   15589.4633     4.30800      1 chain_01/itr_00099_trial_01.rho
     1      100       0.4249     32813.2595    -258.6476      6.25007     6.25007   15589.4633     4.30800      1 chain_01/itr_00100_trial_01.rho
     1      101       0.4212     31824.5342    -988.7253      6.15519     6.15519   15589.4633     4.30800      1 chain_01/itr_00101_trial_01.rho
     1      102       0.4176     33411.2763    1586.7421      6.30677     6.30677   15589.4633     4.30800      1 chain_01/itr_00102_trial_01.rho
     1      103        0.414     34215.3892     804.1129      6.38221     6.38221   15589.4633     4.30800      1 chain_01/itr_00103_trial_01.rho
     1      104       0.4105     34201.2096     -14.1796      6.38089     6.38089   15589.4633     4.30800      1 chain_01/itr_00104_trial_01.rho
     1      105       0.4069     36105.5205    1904.3108      6.55612     6.55612   15589.4633     4.30800      1 chain_01/itr_00105_trial_01.rho
     1      106       0.4034     36868.8696     763.3491      6.62507     6.62507   15589.4633     4.30800      1 chain_01/itr_00106_trial_01.rho
     1      107       0.3999     36939.4340      70.5644      6.63140     6.63140   15589.4633     4.30800      1 chain_01/itr_00107_trial_01.rho
     1      108       0.3965     37217.0861     277.6521      6.65628     6.65628   15589.4633     4.30800      1 chain_01/itr_00108_trial_01.rho
     1      109       0.3931     35911.8535   -1305.2325      6.53852     6.53852   15589.4633     4.30800      1 chain_01/itr_00109_trial_01.rho
     1      110       0.3897     35476.5278    -435.3258      6.49877     6.49877   15589.4633     4.30800      1 chain_01/itr_00110_trial_01.rho
     1      111       0.3864     33738.7789   -1737.7488      6.33760     6.33760   15589.4633     4.30800      1 chain_01/itr_00111_trial_01.rho
     1      112        0.383     33442.0829    -296.6960      6.30968     6.30968   15589.4633     4.30800      1 chain_01/itr_00112_trial_01.rho
     1      113       0.3797     32172.2238   -1269.8591      6.18872     6.18872   15589.4633     4.30800      1 chain_01/itr_00113_trial_01.rho
     1      114       0.3765     32552.1768     379.9530      6.22516     6.22516   15589.4633     4.30800      1 chain_01/itr_00114_trial_01.rho
     1      115       0.3732     31885.2102    -666.9666      6.16105     6.16105   15589.4633     4.30800      1 chain_01/itr_00115_trial_01.rho
     1      116         0.37     31477.4017    -407.8085      6.12153     6.12153   15589.4633     4.30800      1 chain_01/itr_00116_trial_01.rho
     1      117       0.3668     32215.3210     737.9192      6.19286     6.19286   15589.4633     4.30800      1 chain_01/itr_00117_trial_01.rho
     1      118       0.3637     31742.9711    -472.3499      6.14730     6.14730   15589.4633     4.30800      1 chain_01/itr_00118_trial_01.rho
     1      119       0.3605     33104.4628    1361.4917      6.27774     6.27774   15589.4633     4.30800      1 chain_01/itr_00119_trial_01.rho
     1      120       0.3574     34496.5300    1392.0672      6.40838     6.40838   15589.4633     4.30800      1 chain_01/itr_00120_trial_01.rho
     1      121       0.3544     35613.8473    1117.3173      6.51133     6.51133   15589.4633     4.30800      1 chain_01/itr_00121_trial_01.rho
     1      122       0.3513     36752.1514    1138.3042      6.61457     6.61457   15589.4633     4.30800      1 chain_01/itr_00122_trial_01.rho
     1      123       0.3483     36536.0016    -216.1498      6.59509     6.59509   15589.4633     4.30800      1 chain_01/itr_00123_trial_01.rho
     1      124       0.3453     36564.5581      28.5565      6.59767     6.59767   15589.4633     4.30800      1 chain_01/itr_00124_trial_01.rho
     1      125       0.3423     37308.5770     744.0189      6.66446     6.66446   15589.4633     4.30800      1 chain_01/itr_00125_trial_01.rho
     1      126       0.3394     36617.8843    -690.6927      6.60248     6.60248   15589.4633     4.30800      1 chain_01/itr_00126_trial_01.rho
     1      127       0.3364     36740.3855     122.5012      6.61351     6.61351   15589.4633     4.30800      1 chain_01/itr_00127_trial_01.rho
     1      128       0.3335     36049.2142    -691.1713      6.55101     6.55101   15589.4633     4.30800      1 chain_01/itr_00128_trial_01.rho
     1      129       0.3307     35411.0430    -638.1712      6.49277     6.49277   15589.4633     4.30800      1 chain_01/itr_00129_trial_01.rho
     1      130       0.3278     37289.9178    1878.8748      6.66279     6.66279   15589.4633     4.30800      1 chain_01/itr_00130_trial_01.rho
     1      131        0.325     37181.0999    -108.8179      6.65306     6.65306   15589.4633     4.30800      1 chain_01/itr_00131_trial_01.rho
     1      132       0.3222     37136.9673     -44.1326      6.64911     6.64911   15589.4633     4.30800      1 chain_01/itr_00132_trial_01.rho
     1      133       0.3194     37071.5941     -65.3732      6.64326     6.64326   15589.4633     4.30800      1 chain_01/itr_00133_trial_01.rho
     1      134       0.3167     38037.3414     965.7473      6.72923     6.72923   15589.4633     4.30800      1 chain_01/itr_00134_trial_01.rho
     1      135        0.314     38798.8487     761.5073      6.79626     6.79626   15589.4633     4.30800      1 chain_01/itr_00135_trial_01.rho
     1      136       0.3113     38676.6381    -122.2107      6.78554     6.78554   15589.4633     4.30800      1 chain_01/itr_00136_trial_01.rho
     1      137       0.3086     41132.3047    2455.6667      6.99764     6.99764   15589.4633     4.30800      1 chain_01/itr_00137_trial_01.rho
     1      138       0.3059     42278.2169    1145.9122      7.09445     7.09445   15589.4633     4.30800      1 chain_01/itr_00138_trial_01.rho
     1      139       0.3033     41901.7032    -376.5137      7.06279     7.06279   15589.4633     4.30800      1 chain_01/itr_00139_trial_01.rho
     1      140       0.3007     40386.7222   -1514.9810      6.93393     6.93393   15589.4633     4.30800      1 chain_01/itr_00140_trial_01.rho
     1      141       0.2981     41017.0258     630.3036      6.98783     6.98783   15589.4633     4.30800      1 chain_01/itr_00141_trial_01.rho
     1      142       0.2955     42661.5066    1644.4808      7.12654     7.12654   15589.4633     4.30800      1 chain_01/itr_00142_trial_01.rho
     1      143        0.293     41421.1688   -1240.3378      7.02217     7.02217   15589.4633     4.30800      1 chain_01/itr_00143_trial_01.rho
     1      144       0.2905     42367.5607     946.3919      7.10194     7.10194   15589.4633     4.30800      1 chain_01/itr_00144_trial_01.rho
     1      145        0.288     42446.0912      78.5305      7.10852     7.10852   15589.4633     4.30800      1 chain_01/itr_00145_trial_01.rho
     1      146       0.2855     40505.6923   -1940.3989      6.94414     6.94414   15589.4633     4.30800      1 chain_01/itr_00146_trial_01.rho
     1      147        0.283     41529.4049    1023.7126      7.03134     7.03134   15589.4633     4.30800      1 chain_01/itr_00147_trial_01.rho
     1      148       0.2806     42775.3050    1245.9001      7.13603     7.13603   15589.4633     4.30800      1 chain_01/itr_00148_trial_01.rho
     1      149       0.2782     42775.3050       0.0000      7.13603     7.13603   15589.4633     4.30800      0 -
     1      150       0.2758     42125.7212    -649.5838      7.08164     7.08164   15589.4633     4.30800      1 chain_01/itr_00150_trial_01.rho
     1      151       0.2734     41837.9094    -287.8118      7.05741     7.05741   15589.4633     4.30800      1 chain_01/itr_00151_trial_01.rho
     1      152        0.271     40804.0606   -1033.8488      6.96967     6.96967   15589.4633     4.30800      1 chain_01/itr_00152_trial_01.rho
     1      153       0.2687     40757.2862     -46.7744      6.96567     6.96567   15589.4633     4.30800      1 chain_01/itr_00153_trial_01.rho
     1      154       0.2664     38369.5014   -2387.7848      6.75855     6.75855   15589.4633     4.30800      1 chain_01/itr_00154_trial_01.rho
     1      155       0.2641     38103.4647    -266.0367      6.73508     6.73508   15589.4633     4.30800      1 chain_01/itr_00155_trial_01.rho
     1      156       0.2618     39274.4105    1170.9457      6.83778     6.83778   15589.4633     4.30800      1 chain_01/itr_00156_trial_01.rho
     1      157       0.2596     39817.7340     543.3235      6.88492     6.88492   15589.4633     4.30800      1 chain_01/itr_00157_trial_01.rho
     1      158       0.2573     40424.1900     606.4560      6.93715     6.93715   15589.4633     4.30800      1 chain_01/itr_00158_trial_01.rho
     1      159       0.2551     39746.9557    -677.2343      6.87879     6.87879   15589.4633     4.30800      1 chain_01/itr_00159_trial_01.rho
     1      160       0.2529     38632.5197   -1114.4360      6.78167     6.78167   15589.4633     4.30800      1 chain_01/itr_00160_trial_01.rho
     1      161       0.2508     35809.8660   -2822.6538      6.52923     6.52923   15589.4633     4.30800      1 chain_01/itr_00161_trial_01.rho
     1      162       0.2486     34535.1308   -1274.7352      6.41196     6.41196   15589.4633     4.30800      1 chain_01/itr_00162_trial_01.rho
     1      163       0.2465     34588.1353      53.0045      6.41688     6.41688   15589.4633     4.30800      1 chain_01/itr_00163_trial_01.rho
     1      164       0.2443     33964.9061    -623.2292      6.35881     6.35881   15589.4633     4.30800      1 chain_01/itr_00164_trial_01.rho
     1      165       0.2422     35047.9387    1083.0326      6.45939     6.45939   15589.4633     4.30800      1 chain_01/itr_00165_trial_01.rho
     1      166       0.2401     36193.3423    1145.4035      6.56409     6.56409   15589.4633     4.30800      1 chain_01/itr_00166_trial_01.rho
     1      167       0.2381     33515.7694   -2677.5729      6.31662     6.31662   15589.4633     4.30800      1 chain_01/itr_00167_trial_01.rho
     1      168        0.236     33319.1536    -196.6157      6.29807     6.29807   15589.4633     4.30800      1 chain_01/itr_00168_trial_01.rho
     1      169        0.234     32545.7616    -773.3921      6.22454     6.22454   15589.4633     4.30800      1 chain_01/itr_00169_trial_01.rho
     1      170        0.232     34543.0148    1997.2532      6.41269     6.41269   15589.4633     4.30800      1 chain_01/itr_00170_trial_01.rho
     1      171         0.23     35239.9267     696.9120      6.47706     6.47706   15589.4633     4.30800      1 chain_01/itr_00171_trial_01.rho
     1      172        0.228     33776.4119   -1463.5148      6.34114     6.34114   15589.4633     4.30800      1 chain_01/itr_00172_trial_01.rho
     1      173        0.226     36139.0577    2362.6458      6.55917     6.55917   15589.4633     4.30800      1 chain_01/itr_00173_trial_01.rho
     1      174       0.2241     36058.8263     -80.2314      6.55188     6.55188   15589.4633     4.30800      1 chain_01/itr_00174_trial_01.rho
     1      175       0.2222     37892.5214    1833.6951      6.71641     6.71641   15589.4633     4.30800      1 chain_01/itr_00175_trial_01.rho
     1      176       0.2203     39078.6740    1186.1526      6.82072     6.82072   15589.4633     4.30800      1 chain_01/itr_00176_trial_01.rho
     1      177       0.2184     39115.0832      36.4092      6.82390     6.82390   15589.4633     4.30800      1 chain_01/itr_00177_trial_01.rho
     1      178       0.2165     38803.8348    -311.2484      6.79669     6.79669   15589.4633     4.30800      1 chain_01/itr_00178_trial_01.rho
     1      179       0.2146     36727.4993   -2076.3354      6.61235     6.61235   15589.4633     4.30800      1 chain_01/itr_00179_trial_01.rho
     1      180       0.2128     36035.1043    -692.3950      6.54973     6.54973   15589.4633     4.30800      1 chain_01/itr_00180_trial_01.rho
     1      181       0.2109     37067.9711    1032.8669      6.64293     6.64293   15589.4633     4.30800      1 chain_01/itr_00181_trial_01.rho
     1      182       0.2091     36240.8261    -827.1450      6.56840     6.56840   15589.4633     4.30800      1 chain_01/itr_00182_trial_01.rho
     1      183       0.2073     38456.4095    2215.5834      6.76620     6.76620   15589.4633     4.30800      1 chain_01/itr_00183_trial_01.rho
     1      184       0.2055     39396.2682     939.8588      6.84838     6.84838   15589.4633     4.30800      1 chain_01/itr_00184_trial_01.rho
     1      185       0.2038     38633.3688    -762.8995      6.78175     6.78175   15589.4633     4.30800      1 chain_01/itr_00185_trial_01.rho
     1      186        0.202     40567.6690    1934.3002      6.94945     6.94945   15589.4633     4.30800      1 chain_01/itr_00186_trial_01.rho
     1      187       0.2003     40570.3492       2.6802      6.94968     6.94968   15589.4633     4.30800      1 chain_01/itr_00187_trial_01.rho
     1      188       0.1986     46197.5135    5627.1643      7.41600     7.41600   15589.4633     4.30800      1 chain_01/itr_00188_trial_01.rho
     1      189       0.1968     39392.9889   -6804.5246      6.84810     6.84810   15589.4633     4.30800      1 chain_01/itr_00189_trial_01.rho
     1      190       0.1951     38677.5773    -715.4116      6.78563     6.78563   15589.4633     4.30800      1 chain_01/itr_00190_trial_01.rho
     1      191       0.1935     38843.2820     165.7047      6.80015     6.80015   15589.4633     4.30800      1 chain_01/itr_00191_trial_01.rho
     1      192       0.1918     39249.5179     406.2359      6.83561     6.83561   15589.4633     4.30800      1 chain_01/itr_00192_trial_01.rho
     1      193       0.1902     38400.8852    -848.6327      6.76131     6.76131   15589.4633     4.30800      1 chain_01/itr_00193_trial_01.rho
     1      194       0.1885     39004.9353     604.0501      6.81428     6.81428   15589.4633     4.30800      1 chain_01/itr_00194_trial_01.rho
     1      195       0.1869     38026.0721    -978.8633      6.72823     6.72823   15589.4633     4.30800      1 chain_01/itr_00195_trial_01.rho
     1      196       0.1853     36610.1321   -1415.9400      6.60178     6.60178   15589.4633     4.30800      1 chain_01/itr_00196_trial_01.rho
     1      197       0.1837     36896.1145     285.9824      6.62751     6.62751   15589.4633     4.30800      1 chain_01/itr_00197_trial_01.rho
     1      198       0.1821     36827.4498     -68.6646      6.62134     6.62134   15589.4633     4.30800      1 chain_01/itr_00198_trial_01.rho
     1      199       0.1805     36148.4654    -678.9845      6.56002     6.56002   15589.4633     4.30800      1 chain_01/itr_00199_trial_01.rho
     1      200        0.179     37536.7285    1388.2632      6.68480     6.68480   15589.4633     4.30800      1 chain_01/itr_00200_trial_01.rho
     1      201       0.1774     36257.6914   -1279.0372      6.56993     6.56993   15589.4633     4.30800      1 chain_01/itr_00201_trial_01.rho
     1      202       0.1759     39256.0187    2998.3274      6.83618     6.83618   15589.4633     4.30800      1 chain_01/itr_00202_trial_01.rho
     1      203       0.1744     38860.7193    -395.2994      6.80167     6.80167   15589.4633     4.30800      1 chain_01/itr_00203_trial_01.rho
     1      204       0.1729     42313.7272    3453.0078      7.09743     7.09743   15589.4633     4.30800      1 chain_01/itr_00204_trial_01.rho
     1      205       0.1714     42313.7272       0.0000      7.09743     7.09743   15589.4633     4.30800      0 -
     1      206       0.1699     41361.7800    -951.9472      7.01714     7.01714   15589.4633     4.30800      1 chain_01/itr_00206_trial_01.rho
     1      207       0.1685     41361.7800       0.0000      7.01714     7.01714   15589.4633     4.30800      0 -
     1      208        0.167     41963.2787     601.4987      7.06798     7.06798   15589.4633     4.30800      1 chain_01/itr_00208_trial_01.rho
     1      209       0.1656     44650.9456    2687.6670      7.29081     7.29081   15589.4633     4.30800      1 chain_01/itr_00209_trial_01.rho
     1      210       0.1642     44650.9456       0.0000      7.29081     7.29081   15589.4633     4.30800      0 -
     1      211       0.1627     43036.6418   -1614.3038      7.15780     7.15780   15589.4633     4.30800      1 chain_01/itr_00211_trial_01.rho
     1      212       0.1613     42688.2192    -348.4226      7.12877     7.12877   15589.4633     4.30800      1 chain_01/itr_00212_trial_01.rho
     1      213         0.16     43244.2045     555.9853      7.17504     7.17504   15589.4633     4.30800      1 chain_01/itr_00213_trial_01.rho
     1      214       0.1586     45592.0306    2347.8261      7.36724     7.36724   15589.4633     4.30800      1 chain_01/itr_00214_trial_01.rho
     1      215       0.1572     47796.0414    2204.0108      7.54321     7.54321   15589.4633     4.30800      1 chain_01/itr_00215_trial_01.rho
     1      216       0.1559     47796.0414       0.0000      7.54321     7.54321   15589.4633     4.30800      0 -
     1      217       0.1545     46943.3236    -852.7177      7.47562     7.47562   15589.4633     4.30800      1 chain_01/itr_00217_trial_01.rho
     1      218       0.1532     46013.1755    -930.1482      7.40119     7.40119   15589.4633     4.30800      1 chain_01/itr_00218_trial_01.rho
     1      219       0.1519     46005.3892      -7.7863      7.40056     7.40056   15589.4633     4.30800      1 chain_01/itr_00219_trial_01.rho
     1      220       0.1506     45087.0321    -918.3571      7.32633     7.32633   15589.4633     4.30800      1 chain_01/itr_00220_trial_01.rho
     1      221       0.1493     45692.8935     605.8613      7.37538     7.37538   15589.4633     4.30800      1 chain_01/itr_00221_trial_01.rho
     1      222        0.148     45512.3280    -180.5654      7.36080     7.36080   15589.4633     4.30800      1 chain_01/itr_00222_trial_01.rho
     1      223       0.1467     45512.3280       0.0000      7.36080     7.36080   15589.4633     4.30800      0 -
     1      224       0.1454     45811.6840     299.3559      7.38497     7.38497   15589.4633     4.30800      1 chain_01/itr_00224_trial_01.rho
     1      225       0.1442     48689.7734    2878.0894      7.61341     7.61341   15589.4633     4.30800      1 chain_01/itr_00225_trial_01.rho
     1      226        0.143     49904.5452    1214.7718      7.70780     7.70780   15589.4633     4.30800      1 chain_01/itr_00226_trial_01.rho
     1      227       0.1417     49173.1792    -731.3660      7.65111     7.65111   15589.4633     4.30800      1 chain_01/itr_00227_trial_01.rho
     1      228       0.1405     49173.1792       0.0000      7.65111     7.65111   15589.4633     4.30800      0 -
     1      229       0.1393     48491.2354    -681.9437      7.59787     7.59787   15589.4633     4.30800      1 chain_01/itr_00229_trial_01.rho
     1      230       0.1381     48491.2354       0.0000      7.59787     7.59787   15589.4633     4.30800      0 -
     1      231       0.1369     52884.1171    4392.8816      7.93456     7.93456   15589.4633     4.30800      1 chain_01/itr_00231_trial_01.rho
     1      232       0.1357     52884.1171       0.0000      7.93456     7.93456   15589.4633     4.30800      0 -
     1      233       0.1346     52538.5492    -345.5679      7.90860     7.90860   15589.4633     4.30800      1 chain_01/itr_00233_trial_01.rho
     1      234       0.1334     50042.8580   -2495.6912      7.71847     7.71847   15589.4633     4.30800      1 chain_01/itr_00234_trial_01.rho
     1      235       0.1323     49922.0669    -120.7911      7.70915     7.70915   15589.4633     4.30800      1 chain_01/itr_00235_trial_01.rho
     1      236       0.1311     49517.8496    -404.2173      7.67788     7.67788   15589.4633     4.30800      1 chain_01/itr_00236_trial_01.rho
     1      237         0.13     50462.5740     944.7244      7.75077     7.75077   15589.4633     4.30800      1 chain_01/itr_00237_trial_01.rho
     1      238       0.1289     49623.0547    -839.5194      7.68603     7.68603   15589.4633     4.30800      1 chain_01/itr_00238_trial_01.rho
     1      239       0.1278     49021.8742    -601.1804      7.63933     7.63933   15589.4633     4.30800      1 chain_01/itr_00239_trial_01.rho
     1      240       0.1267     46410.1870   -2611.6872      7.43305     7.43305   15589.4633     4.30800      1 chain_01/itr_00240_trial_01.rho
     1      241       0.1256     47570.8648    1160.6778      7.52542     7.52542   15589.4633     4.30800      1 chain_01/itr_00241_trial_01.rho
     1      242       0.1245     47677.7081     106.8433      7.53387     7.53387   15589.4633     4.30800      1 chain_01/itr_00242_trial_01.rho
     1      243       0.1234     47677.7081       0.0000      7.53387     7.53387   15589.4633     4.30800      0 -
     1      244       0.1224     44309.5412   -3368.1669      7.26288     7.26288   15589.4633     4.30800      1 chain_01/itr_00244_trial_01.rho
     1      245       0.1213     44374.5674      65.0261      7.26821     7.26821   15589.4633     4.30800      1 chain_01/itr_00245_trial_01.rho
     1      246       0.1203     44203.8373    -170.7301      7.25421     7.25421   15589.4633     4.30800      1 chain_01/itr_00246_trial_01.rho
     1      247       0.1192     40960.8331   -3243.0042      6.98304     6.98304   15589.4633     4.30800      1 chain_01/itr_00247_trial_01.rho
     1      248       0.1182     40960.8331       0.0000      6.98304     6.98304   15589.4633     4.30800      0 -
     1      249       0.1172     40960.8331       0.0000      6.98304     6.98304   15589.4633     4.30800      0 -
     1      250       0.1162     40960.8331       0.0000      6.98304     6.98304   15589.4633     4.30800      0 -
     1      251       0.1152     40502.5305    -458.3026      6.94387     6.94387   15589.4633     4.30800      1 chain_01/itr_00251_trial_01.rho
     1      252       0.1142     40502.5305       0.0000      6.94387     6.94387   15589.4633     4.30800      0 -
     1      253       0.1132     40412.4122     -90.1184      6.93614     6.93614   15589.4633     4.30800      1 chain_01/itr_00253_trial_01.rho
     1      254       0.1122     42342.2955    1929.8833      7.09982     7.09982   15589.4633     4.30800      1 chain_01/itr_00254_trial_01.rho
     1      255       0.1113     42514.1001     171.8046      7.11421     7.11421   15589.4633     4.30800      1 chain_01/itr_00255_trial_01.rho
     1      256       0.1103     42514.1001       0.0000      7.11421     7.11421   15589.4633     4.30800      0 -
     1      257       0.1093     43548.9590    1034.8589      7.20028     7.20028   15589.4633     4.30800      1 chain_01/itr_00257_trial_01.rho
     1      258       0.1084     40809.9300   -2739.0291      6.97017     6.97017   15589.4633     4.30800      1 chain_01/itr_00258_trial_01.rho
     1      259       0.1075     41789.7768     979.8468      7.05335     7.05335   15589.4633     4.30800      1 chain_01/itr_00259_trial_01.rho
     1      260       0.1065     38196.3479   -3593.4288      6.74328     6.74328   15589.4633     4.30800      1 chain_01/itr_00260_trial_01.rho
     1      261       0.1056     39830.4591    1634.1111      6.88602     6.88602   15589.4633     4.30800      1 chain_01/itr_00261_trial_01.rho
     1      262       0.1047     38868.5509    -961.9082      6.80236     6.80236   15589.4633     4.30800      1 chain_01/itr_00262_trial_01.rho
     1      263       0.1038     40086.9253    1218.3744      6.90815     6.90815   15589.4633     4.30800      1 chain_01/itr_00263_trial_01.rho
     1      264       0.1029     40086.9253       0.0000      6.90815     6.90815   15589.4633     4.30800      0 -
     1      265        0.102     37317.4082   -2769.5171      6.66524     6.66524   15589.4633     4.30800      1 chain_01/itr_00265_trial_01.rho
     1      266       0.1012     38378.7301    1061.3219      6.75936     6.75936   15589.4633     4.30800      1 chain_01/itr_00266_trial_01.rho
     1      267       0.1003     38378.7301       0.0000      6.75936     6.75936   15589.4633     4.30800      0 -
     1      268      0.09943     38378.7301       0.0000      6.75936     6.75936   15589.4633     4.30800      0 -
     1      269      0.09857     38378.7301       0.0000      6.75936     6.75936   15589.4633     4.30800      0 -
     1      270      0.09772     38378.7301       0.0000      6.75936     6.75936   15589.4633     4.30800      0 -
     1      271      0.09688     38378.7301       0.0000      6.75936     6.75936   15589.4633     4.30800      0 -
     1      272      0.09605     39388.9816    1010.2515      6.84775     6.84775   15589.4633     4.30800      1 chain_01/itr_00272_trial_01.rho
     1      273      0.09522     37833.3057   -1555.6759      6.71116     6.71116   15589.4633     4.30800      1 chain_01/itr_00273_trial_01.rho
     1      274       0.0944     37065.6125    -767.6932      6.64272     6.64272   15589.4633     4.30800      1 chain_01/itr_00274_trial_01.rho
     1      275      0.09359     37921.9052     856.2928      6.71901     6.71901   15589.4633     4.30800      1 chain_01/itr_00275_trial_01.rho
     1      276      0.09278     37333.1601    -588.7452      6.66665     6.66665   15589.4633     4.30800      1 chain_01/itr_00276_trial_01.rho
     1      277      0.09198     38139.0647     805.9047      6.73822     6.73822   15589.4633     4.30800      1 chain_01/itr_00277_trial_01.rho
     1      278      0.09119     37179.9927    -959.0720      6.65296     6.65296   15589.4633     4.30800      1 chain_01/itr_00278_trial_01.rho
     1      279      0.09041     37179.9927       0.0000      6.65296     6.65296   15589.4633     4.30800      0 -
     1      280      0.08963     37236.4627      56.4700      6.65801     6.65801   15589.4633     4.30800      1 chain_01/itr_00280_trial_01.rho
     1      281      0.08886     36140.3148   -1096.1479      6.55928     6.55928   15589.4633     4.30800      1 chain_01/itr_00281_trial_01.rho
     1      282      0.08809     37034.3388     894.0240      6.63992     6.63992   15589.4633     4.30800      1 chain_01/itr_00282_trial_01.rho
     1      283      0.08733     35240.9336   -1793.4052      6.47715     6.47715   15589.4633     4.30800      1 chain_01/itr_00283_trial_01.rho
     1      284      0.08658     34684.8214    -556.1122      6.42584     6.42584   15589.4633     4.30800      1 chain_01/itr_00284_trial_01.rho
     1      285      0.08584     35636.9632     952.1418      6.51344     6.51344   15589.4633     4.30800      1 chain_01/itr_00285_trial_01.rho
     1      286       0.0851     35636.9632       0.0000      6.51344     6.51344   15589.4633     4.30800      0 -
     1      287      0.08436     35636.9632       0.0000      6.51344     6.51344   15589.4633     4.30800      0 -
     1      288      0.08364     34624.0986   -1012.8646      6.42022     6.42022   15589.4633     4.30800      1 chain_01/itr_00288_trial_01.rho
     1      289      0.08292     37663.2806    3039.1820      6.69606     6.69606   15589.4633     4.30800      1 chain_01/itr_00289_trial_01.rho
     1      290       0.0822     36349.9696   -1313.3110      6.57828     6.57828   15589.4633     4.30800      1 chain_01/itr_00290_trial_01.rho
     1      291       0.0815     36349.9696       0.0000      6.57828     6.57828   15589.4633     4.30800      0 -
     1      292      0.08079     35777.6310    -572.3386      6.52629     6.52629   15589.4633     4.30800      1 chain_01/itr_00292_trial_01.rho
     1      293       0.0801     37098.2364    1320.6053      6.64564     6.64564   15589.4633     4.30800      1 chain_01/itr_00293_trial_01.rho
     1      294      0.07941     35854.8515   -1243.3849      6.53333     6.53333   15589.4633     4.30800      1 chain_01/itr_00294_trial_01.rho
     1      295      0.07873     34619.5851   -1235.2664      6.41980     6.41980   15589.4633     4.30800      1 chain_01/itr_00295_trial_01.rho
     1      296      0.07805     35905.0700    1285.4849      6.53790     6.53790   15589.4633     4.30800      1 chain_01/itr_00296_trial_01.rho
     1      297      0.07738     36683.2301     778.1602      6.60837     6.60837   15589.4633     4.30800      1 chain_01/itr_00297_trial_01.rho
     1      298      0.07671     35928.2947    -754.9354      6.54001     6.54001   15589.4633     4.30800      1 chain_01/itr_00298_trial_01.rho
     1      299      0.07605     35672.9245    -255.3702      6.51673     6.51673   15589.4633     4.30800      1 chain_01/itr_00299_trial_01.rho
     1      300       0.0754     36740.8744    1067.9499      6.61356     6.61356   15589.4633     4.30800      1 chain_01/itr_00300_trial_01.rho
     1      301      0.07475     36740.8744       0.0000      6.61356     6.61356   15589.4633     4.30800      0 -
     1      302       0.0741     36740.8744       0.0000      6.61356     6.61356   15589.4633     4.30800      0 -
     1      303      0.07347     35759.0679    -981.8065      6.52459     6.52459   15589.4633     4.30800      1 chain_01/itr_00303_trial_01.rho
     1      304      0.07283     36771.0115    1011.9436      6.61627     6.61627   15589.4633     4.30800      1 chain_01/itr_00304_trial_01.rho
     1      305      0.07221     34096.5737   -2674.4378      6.37112     6.37112   15589.4633     4.30800      1 chain_01/itr_00305_trial_01.rho
     1      306      0.07158     34096.5737       0.0000      6.37112     6.37112   15589.4633     4.30800      0 -
     1      307      0.07097     35763.2872    1666.7135      6.52498     6.52498   15589.4633     4.30800      1 chain_01/itr_00307_trial_01.rho
     1      308      0.07036     35588.7431    -174.5441      6.50904     6.50904   15589.4633     4.30800      1 chain_01/itr_00308_trial_01.rho
     1      309      0.06975     32705.9072   -2882.8359      6.23984     6.23984   15589.4633     4.30800      1 chain_01/itr_00309_trial_01.rho
     1      310      0.06915     33391.7670     685.8597      6.30493     6.30493   15589.4633     4.30800      1 chain_01/itr_00310_trial_01.rho
     1      311      0.06856     33391.7670       0.0000      6.30493     6.30493   15589.4633     4.30800      0 -
     1      312      0.06797     33391.7670       0.0000      6.30493     6.30493   15589.4633     4.30800      0 -
     1      313      0.06738     34761.9148    1370.1478      6.43298     6.43298   15589.4633     4.30800      1 chain_01/itr_00313_trial_01.rho
     1      314       0.0668     32688.4039   -2073.5109      6.23817     6.23817   15589.4633     4.30800      1 chain_01/itr_00314_trial_01.rho
     1      315      0.06623     32688.4039       0.0000      6.23817     6.23817   15589.4633     4.30800      0 -
     1      316      0.06566     32688.4039       0.0000      6.23817     6.23817   15589.4633     4.30800      0 -
     1      317      0.06509     33399.9543     711.5504      6.30570     6.30570   15589.4633     4.30800      1 chain_01/itr_00317_trial_01.rho
     1      318      0.06453     33399.9543       0.0000      6.30570     6.30570   15589.4633     4.30800      0 -
     1      319      0.06397     32725.9818    -673.9725      6.24175     6.24175   15589.4633     4.30800      1 chain_01/itr_00319_trial_01.rho
     1      320      0.06342     33205.9513     479.9695      6.28736     6.28736   15589.4633     4.30800      1 chain_01/itr_00320_trial_01.rho
     1      321      0.06288     33205.9513       0.0000      6.28736     6.28736   15589.4633     4.30800      0 -
     1      322      0.06234     31783.1581   -1422.7932      6.15119     6.15119   15589.4633     4.30800      1 chain_01/itr_00322_trial_01.rho
     1      323       0.0618     31783.1581       0.0000      6.15119     6.15119   15589.4633     4.30800      0 -
     1      324      0.06127     30280.5228   -1502.6353      6.00402     6.00402   15589.4633     4.30800      1 chain_01/itr_00324_trial_01.rho
     1      325      0.06074     30280.5228       0.0000      6.00402     6.00402   15589.4633     4.30800      0 -
     1      326      0.06022     30280.5228       0.0000      6.00402     6.00402   15589.4633     4.30800      0 -
     1      327       0.0597     30282.7725       2.2497      6.00424     6.00424   15589.4633     4.30800      1 chain_01/itr_00327_trial_01.rho
     1      328      0.05919     30282.7725       0.0000      6.00424     6.00424   15589.4633     4.30800      0 -
     1      329      0.05868     30077.4320    -205.3405      5.98385     5.98385   15589.4633     4.30800      1 chain_01/itr_00329_trial_01.rho
     1      330      0.05817     30077.4320       0.0000      5.98385     5.98385   15589.4633     4.30800      0 -
     1      331      0.05767     30077.4320       0.0000      5.98385     5.98385   15589.4633     4.30800      0 -
     1      332      0.05717     31841.5782    1764.1461      6.15684     6.15684   15589.4633     4.30800      1 chain_01/itr_00332_trial_01.rho
     1      333      0.05668     29653.2345   -2188.3436      5.94150     5.94150   15589.4633     4.30800      1 chain_01/itr_00333_trial_01.rho
     1      334      0.05619     29600.3041     -52.9304      5.93620     5.93620   15589.4633     4.30800      1 chain_01/itr_00334_trial_01.rho
     1      335      0.05571     28851.9128    -748.3913      5.86068     5.86068   15589.4633     4.30800      1 chain_01/itr_00335_trial_01.rho
     1      336      0.05523     27594.5540   -1257.3588      5.73155     5.73155   15589.4633     4.30800      1 chain_01/itr_00336_trial_01.rho
     1      337      0.05475     27134.9517    -459.6023      5.68362     5.68362   15589.4633     4.30800      1 chain_01/itr_00337_trial_01.rho
     1      338      0.05428     27152.4497      17.4980      5.68545     5.68545   15589.4633     4.30800      1 chain_01/itr_00338_trial_01.rho
     1      339      0.05382     26748.1841    -404.2656      5.64297     5.64297   15589.4633     4.30800      1 chain_01/itr_00339_trial_01.rho
     1      340      0.05335     26748.1841       0.0000      5.64297     5.64297   15589.4633     4.30800      0 -
     1      341      0.05289     26748.1841       0.0000      5.64297     5.64297   15589.4633     4.30800      0 -
     1      342      0.05244     27144.9448     396.7608      5.68466     5.68466   15589.4633     4.30800      1 chain_01/itr_00342_trial_01.rho
     1      343      0.05199     27823.7467     678.8018      5.75530     5.75530   15589.4633     4.30800      1 chain_01/itr_00343_trial_01.rho
     1      344      0.05154     27787.3640     -36.3826      5.75154     5.75154   15589.4633     4.30800      1 chain_01/itr_00344_trial_01.rho
     1      345       0.0511     29067.5755    1280.2114      5.88254     5.88254   15589.4633     4.30800      1 chain_01/itr_00345_trial_01.rho
     1      346      0.05066     28875.1580    -192.4175      5.86304     5.86304   15589.4633     4.30800      1 chain_01/itr_00346_trial_01.rho
     1      347      0.05022     27574.2341   -1300.9239      5.72944     5.72944   15589.4633     4.30800      1 chain_01/itr_00347_trial_01.rho
     1      348      0.04979     26790.6067    -783.6274      5.64744     5.64744   15589.4633     4.30800      1 chain_01/itr_00348_trial_01.rho
     1      349      0.04936     25334.1123   -1456.4944      5.49178     5.49178   15589.4633     4.30800      1 chain_01/itr_00349_trial_01.rho
     1      350      0.04893     25129.5970    -204.5152      5.46957     5.46957   15589.4633     4.30800      1 chain_01/itr_00350_trial_01.rho
     1      351      0.04851     24520.9757    -608.6214      5.40293     5.40293   15589.4633     4.30800      1 chain_01/itr_00351_trial_01.rho
     1      352       0.0481     25021.3487     500.3730      5.45778     5.45778   15589.4633     4.30800      1 chain_01/itr_00352_trial_01.rho
     1      353      0.04768     24631.6881    -389.6605      5.41511     5.41511   15589.4633     4.30800      1 chain_01/itr_00353_trial_01.rho
     1      354      0.04727     24631.6881       0.0000      5.41511     5.41511   15589.4633     4.30800      0 -
     1      355      0.04686     24346.8197    -284.8685      5.38371     5.38371   15589.4633     4.30800      1 chain_01/itr_00355_trial_01.rho
     1      356      0.04646     24137.1163    -209.7033      5.36047     5.36047   15589.4633     4.30800      1 chain_01/itr_00356_trial_01.rho
     1      357      0.04606     24137.1163       0.0000      5.36047     5.36047   15589.4633     4.30800      0 -
     1      358      0.04566     24667.5229     530.4065      5.41905     5.41905   15589.4633     4.30800      1 chain_01/itr_00358_trial_01.rho
     1      359      0.04527     24643.0077     -24.5151      5.41636     5.41636   15589.4633     4.30800      1 chain_01/itr_00359_trial_01.rho
     1      360      0.04488     24643.0077       0.0000      5.41636     5.41636   15589.4633     4.30800      0 -
     1      361      0.04449     25289.8853     646.8776      5.48699     5.48699   15589.4633     4.30800      1 chain_01/itr_00361_trial_01.rho
     1      362      0.04411     25289.8853       0.0000      5.48699     5.48699   15589.4633     4.30800      0 -
     1      363      0.04373     25289.8853       0.0000      5.48699     5.48699   15589.4633     4.30800      0 -
     1      364      0.04336     25376.1907      86.3054      5.49634     5.49634   15589.4633     4.30800      1 chain_01/itr_00364_trial_01.rho
     1      365      0.04298     24829.7190    -546.4717      5.43684     5.43684   15589.4633     4.30800      1 chain_01/itr_00365_trial_01.rho
     1      366      0.04261     24674.9607    -154.7583      5.41987     5.41987   15589.4633     4.30800      1 chain_01/itr_00366_trial_01.rho
     1      367      0.04225     24172.2914    -502.6693      5.36438     5.36438   15589.4633     4.30800      1 chain_01/itr_00367_trial_01.rho
     1      368      0.04188     24463.7697     291.4783      5.39662     5.39662   15589.4633     4.30800      1 chain_01/itr_00368_trial_01.rho
     1      369      0.04152     24577.8576     114.0878      5.40919     5.40919   15589.4633     4.30800      1 chain_01/itr_00369_trial_01.rho
     1      370      0.04116     24626.7002      48.8427      5.41456     5.41456   15589.4633     4.30800      1 chain_01/itr_00370_trial_01.rho
     1      371      0.04081     24626.7002       0.0000      5.41456     5.41456   15589.4633     4.30800      0 -
     1      372      0.04046     24626.7002       0.0000      5.41456     5.41456   15589.4633     4.30800      0 -
     1      373      0.04011     25091.6450     464.9448      5.46544     5.46544   15589.4633     4.30800      1 chain_01/itr_00373_trial_01.rho
     1      374      0.03976     24525.5946    -566.0504      5.40344     5.40344   15589.4633     4.30800      1 chain_01/itr_00374_trial_01.rho
     1      375      0.03942     25177.4263     651.8317      5.47477     5.47477   15589.4633     4.30800      1 chain_01/itr_00375_trial_01.rho
     1      376      0.03908     25177.4263       0.0000      5.47477     5.47477   15589.4633     4.30800      0 -
     1      377      0.03875     25177.4263       0.0000      5.47477     5.47477   15589.4633     4.30800      0 -
     1      378      0.03841     25489.0422     311.6159      5.50855     5.50855   15589.4633     4.30800      1 chain_01/itr_00378_trial_01.rho
     1      379      0.03808     25776.9060     287.8638      5.53957     5.53957   15589.4633     4.30800      1 chain_01/itr_00379_trial_01.rho
     1      380      0.03775     25776.9060       0.0000      5.53957     5.53957   15589.4633     4.30800      0 -
     1      381      0.03743     25636.9713    -139.9347      5.52451     5.52451   15589.4633     4.30800      1 chain_01/itr_00381_trial_01.rho
     1      382      0.03711     25876.9368     239.9655      5.55030     5.55030   15589.4633     4.30800      1 chain_01/itr_00382_trial_01.rho
     1      383      0.03679     25876.9368       0.0000      5.55030     5.55030   15589.4633     4.30800      0 -
     1      384      0.03647     25876.9368       0.0000      5.55030     5.55030   15589.4633     4.30800      0 -
     1      385      0.03616     25431.0872    -445.8497      5.50228     5.50228   15589.4633     4.30800      1 chain_01/itr_00385_trial_01.rho
     1      386      0.03585     24737.0220    -694.0651      5.42668     5.42668   15589.4633     4.30800      1 chain_01/itr_00386_trial_01.rho
     1      387      0.03554     24409.9091    -327.1129      5.39068     5.39068   15589.4633     4.30800      1 chain_01/itr_00387_trial_01.rho
     1      388      0.03523     24409.9091       0.0000      5.39068     5.39068   15589.4633     4.30800      0 -
     1      389      0.03493     24409.9091       0.0000      5.39068     5.39068   15589.4633     4.30800      0 -
     1      390      0.03463     24409.9091       0.0000      5.39068     5.39068   15589.4633     4.30800      0 -
     1      391      0.03433     24447.4712      37.5621      5.39482     5.39482   15589.4633     4.30800      1 chain_01/itr_00391_trial_01.rho
     1      392      0.03403     24722.1438     274.6726      5.42505     5.42505   15589.4633     4.30800      1 chain_01/itr_00392_trial_01.rho
     1      393      0.03374     24324.1030    -398.0407      5.38120     5.38120   15589.4633     4.30800      1 chain_01/itr_00393_trial_01.rho
     1      394      0.03345     24324.1030       0.0000      5.38120     5.38120   15589.4633     4.30800      0 -
     1      395      0.03316     24180.2002    -143.9028      5.36525     5.36525   15589.4633     4.30800      1 chain_01/itr_00395_trial_01.rho
     1      396      0.03288     24180.2002       0.0000      5.36525     5.36525   15589.4633     4.30800      0 -
     1      397      0.03259     23256.0657    -924.1345      5.26173     5.26173   15589.4633     4.30800      1 chain_01/itr_00397_trial_01.rho
     1      398      0.03231     22600.9850    -655.0807      5.18709     5.18709   15589.4633     4.30800      1 chain_01/itr_00398_trial_01.rho
     1      399      0.03204     22518.3970     -82.5880      5.17761     5.17761   15589.4633     4.30800      1 chain_01/itr_00399_trial_01.rho
     1      400      0.03176     22543.4202      25.0232      5.18048     5.18048   15589.4633     4.30800      1 chain_01/itr_00400_trial_01.rho
     1      401      0.03149     23099.8878     556.4676      5.24403     5.24403   15589.4633     4.30800      1 chain_01/itr_00401_trial_01.rho
     1      402      0.03122     22658.4761    -441.4117      5.19369     5.19369   15589.4633     4.30800      1 chain_01/itr_00402_trial_01.rho
     1      403      0.03095     22658.4761       0.0000      5.19369     5.19369   15589.4633     4.30800      0 -
     1      404      0.03068     22658.4761       0.0000      5.19369     5.19369   15589.4633     4.30800      0 -
     1      405      0.03042     23079.5297     421.0536      5.24172     5.24172   15589.4633     4.30800      1 chain_01/itr_00405_trial_01.rho
     1      406      0.03015     23385.1012     305.5715      5.27631     5.27631   15589.4633     4.30800      1 chain_01/itr_00406_trial_01.rho
     1      407      0.02989     23016.2457    -368.8554      5.23453     5.23453   15589.4633     4.30800      1 chain_01/itr_00407_trial_01.rho
     1      408      0.02964     22580.3263    -435.9194      5.18472     5.18472   15589.4633     4.30800      1 chain_01/itr_00408_trial_01.rho
     1      409      0.02938     22580.3263       0.0000      5.18472     5.18472   15589.4633     4.30800      0 -
     1      410      0.02913     22580.3263       0.0000      5.18472     5.18472   15589.4633     4.30800      0 -
     1      411      0.02888     22512.2156     -68.1107      5.17690     5.17690   15589.4633     4.30800      1 chain_01/itr_00411_trial_01.rho
     1      412      0.02863     22512.2156       0.0000      5.17690     5.17690   15589.4633     4.30800      0 -
     1      413      0.02838     22975.1666     462.9511      5.22986     5.22986   15589.4633     4.30800      1 chain_01/itr_00413_trial_01.rho
     1      414      0.02814     22905.1310     -70.0356      5.22188     5.22188   15589.4633     4.30800      1 chain_01/itr_00414_trial_01.rho
     1      415       0.0279     23782.1610     877.0299      5.32091     5.32091   15589.4633     4.30800      1 chain_01/itr_00415_trial_01.rho
     1      416      0.02766     23489.9121    -292.2489      5.28812     5.28812   15589.4633     4.30800      1 chain_01/itr_00416_trial_01.rho
     1      417      0.02742     22914.6043    -575.3078      5.22296     5.22296   15589.4633     4.30800      1 chain_01/itr_00417_trial_01.rho
     1      418      0.02718     24100.1003    1185.4960      5.35636     5.35636   15589.4633     4.30800      1 chain_01/itr_00418_trial_01.rho
     1      419      0.02695     24100.1003       0.0000      5.35636     5.35636   15589.4633     4.30800      0 -
     1      420      0.02672     23881.0319    -219.0684      5.33196     5.33196   15589.4633     4.30800      1 chain_01/itr_00420_trial_01.rho
     1      421      0.02649     23658.0450    -222.9869      5.30701     5.30701   15589.4633     4.30800      1 chain_01/itr_00421_trial_01.rho
     1      422      0.02626     23371.2296    -286.8154      5.27474     5.27474   15589.4633     4.30800      1 chain_01/itr_00422_trial_01.rho
     1      423      0.02603     22638.9349    -732.2947      5.19145     5.19145   15589.4633     4.30800      1 chain_01/itr_00423_trial_01.rho
     1      424      0.02581     22588.9836     -49.9512      5.18572     5.18572   15589.4633     4.30800      1 chain_01/itr_00424_trial_01.rho
     1      425      0.02559     23372.7773     783.7937      5.27492     5.27492   15589.4633     4.30800      1 chain_01/itr_00425_trial_01.rho
     1      426      0.02537     23298.7747     -74.0026      5.26656     5.26656   15589.4633     4.30800      1 chain_01/itr_00426_trial_01.rho
     1      427      0.02515     21670.4271   -1628.3476      5.07919     5.07919   15589.4633     4.30800      1 chain_01/itr_00427_trial_01.rho
     1      428      0.02493     21136.1462    -534.2810      5.01618     5.01618   15589.4633     4.30800      1 chain_01/itr_00428_trial_01.rho
     1      429      0.02472     20287.4512    -848.6949      4.91444     4.91444   15589.4633     4.30800      1 chain_01/itr_00429_trial_01.rho
     1      430       0.0245     20644.7868     357.3356      4.95753     4.95753   15589.4633     4.30800      1 chain_01/itr_00430_trial_01.rho
     1      431      0.02429     20069.0638    -575.7230      4.88792     4.88792   15589.4633     4.30800      1 chain_01/itr_00431_trial_01.rho
     1      432      0.02408     20069.0638       0.0000      4.88792     4.88792   15589.4633     4.30800      0 -
     1      433      0.02388     20242.9490     173.8852      4.90905     4.90905   15589.4633     4.30800      1 chain_01/itr_00433_trial_01.rho
     1      434      0.02367     20242.9490       0.0000      4.90905     4.90905   15589.4633     4.30800      0 -
     1      435      0.02347     20354.3567     111.4078      4.92254     4.92254   15589.4633     4.30800      1 chain_01/itr_00435_trial_01.rho
     1      436      0.02327     19244.6300   -1109.7268      4.78647     4.78647   15589.4633     4.30800      1 chain_01/itr_00436_trial_01.rho
     1      437      0.02307     18521.6915    -722.9385      4.69570     4.69570   15589.4633     4.30800      1 chain_01/itr_00437_trial_01.rho
     1      438      0.02287     19475.4992     953.8078      4.81509     4.81509   15589.4633     4.30800      1 chain_01/itr_00438_trial_01.rho
     1      439      0.02267     19475.4992       0.0000      4.81509     4.81509   15589.4633     4.30800      0 -
     1      440      0.02247     18626.1524    -849.3468      4.70893     4.70893   15589.4633     4.30800      1 chain_01/itr_00440_trial_01.rho
     1      441      0.02228     18460.2254    -165.9270      4.68791     4.68791   15589.4633     4.30800      1 chain_01/itr_00441_trial_01.rho
     1      442      0.02209     18460.2254       0.0000      4.68791     4.68791   15589.4633     4.30800      0 -
     1      443       0.0219     18497.5329      37.3075      4.69264     4.69264   15589.4633     4.30800      1 chain_01/itr_00443_trial_01.rho
     1      444      0.02171     18497.5329       0.0000      4.69264     4.69264   15589.4633     4.30800      0 -
     1      445      0.02152     18497.5329       0.0000      4.69264     4.69264   15589.4633     4.30800      0 -
     1      446      0.02134     18497.5329       0.0000      4.69264     4.69264   15589.4633     4.30800      0 -
     1      447      0.02115     18497.5329       0.0000      4.69264     4.69264   15589.4633     4.30800      0 -
     1      448      0.02097     17735.1967    -762.3362      4.59492     4.59492   15589.4633     4.30800      1 chain_01/itr_00448_trial_01.rho
     1      449      0.02079     17735.1967       0.0000      4.59492     4.59492   15589.4633     4.30800      0 -
     1      450      0.02061     17735.1967       0.0000      4.59492     4.59492   15589.4633     4.30800      0 -
     1      451      0.02044     17735.1967       0.0000      4.59492     4.59492   15589.4633     4.30800      0 -
     1      452      0.02026     17803.6523      68.4557      4.60378     4.60378   15589.4633     4.30800      1 chain_01/itr_00452_trial_01.rho
     1      453      0.02009     17803.6523       0.0000      4.60378     4.60378   15589.4633     4.30800      0 -
     1      454      0.01991     17699.9033    -103.7491      4.59035     4.59035   15589.4633     4.30800      1 chain_01/itr_00454_trial_01.rho
     1      455      0.01974     17699.9033       0.0000      4.59035     4.59035   15589.4633     4.30800      0 -
     1      456      0.01957     17699.9033       0.0000      4.59035     4.59035   15589.4633     4.30800      0 -
     1      457       0.0194     17699.9033       0.0000      4.59035     4.59035   15589.4633     4.30800      0 -
     1      458      0.01924     17699.9033       0.0000      4.59035     4.59035   15589.4633     4.30800      0 -
     1      459      0.01907     17699.9033       0.0000      4.59035     4.59035   15589.4633     4.30800      0 -
     1      460      0.01891     17699.9033       0.0000      4.59035     4.59035   15589.4633     4.30800      0 -
     1      461      0.01874     17770.3030      70.3997      4.59947     4.59947   15589.4633     4.30800      1 chain_01/itr_00461_trial_01.rho
     1      462      0.01858     17770.3030       0.0000      4.59947     4.59947   15589.4633     4.30800      0 -
     1      463      0.01842     17770.3030       0.0000      4.59947     4.59947   15589.4633     4.30800      0 -
     1      464      0.01826     17770.3030       0.0000      4.59947     4.59947   15589.4633     4.30800      0 -
     1      465      0.01811     17978.6140     208.3110      4.62635     4.62635   15589.4633     4.30800      1 chain_01/itr_00465_trial_01.rho
     1      466      0.01795     17978.6140       0.0000      4.62635     4.62635   15589.4633     4.30800      0 -
     1      467       0.0178     17601.2122    -377.4018      4.57753     4.57753   15589.4633     4.30800      1 chain_01/itr_00467_trial_01.rho
     1      468      0.01764     17514.2137     -86.9985      4.56621     4.56621   15589.4633     4.30800      1 chain_01/itr_00468_trial_01.rho
     1      469      0.01749     16830.6265    -683.5872      4.47621     4.47621   15589.4633     4.30800      1 chain_01/itr_00469_trial_01.rho
     1      470      0.01734     16830.6265       0.0000      4.47621     4.47621   15589.4633     4.30800      0 -
     1      471      0.01719     16830.6265       0.0000      4.47621     4.47621   15589.4633     4.30800      0 -
     1      472      0.01704     16830.6265       0.0000      4.47621     4.47621   15589.4633     4.30800      0 -
     1      473       0.0169     16830.6265       0.0000      4.47621     4.47621   15589.4633     4.30800      0 -
     1      474      0.01675     16830.6265       0.0000      4.47621     4.47621   15589.4633     4.30800      0 -
     1      475      0.01661     16830.6265       0.0000      4.47621     4.47621   15589.4633     4.30800      0 -
     1      476      0.01646     16830.6265       0.0000      4.47621     4.47621   15589.4633     4.30800      0 -
     1      477      0.01632     16830.6265       0.0000      4.47621     4.47621   15589.4633     4.30800      0 -
     1      478      0.01618     16830.6265       0.0000      4.47621     4.47621   15589.4633     4.30800      0 -
     1      479      0.01604     16388.0299    -442.5966      4.41696     4.41696   15589.4633     4.30800      1 chain_01/itr_00479_trial_01.rho
     1      480       0.0159     15630.8103    -757.2196      4.31371     4.31371   15589.4633     4.30800      1 chain_01/itr_00480_trial_01.rho
     1      481      0.01577     15861.4809     230.6705      4.34542     4.34542   15589.4633     4.30800      1 chain_01/itr_00481_trial_01.rho
     1      482      0.01563     15861.4809       0.0000      4.34542     4.34542   15589.4633     4.30800      0 -
     1      483       0.0155     15861.4809       0.0000      4.34542     4.34542   15589.4633     4.30800      0 -
     1      484      0.01536     15572.7520    -288.7289      4.30569     4.30569   15572.7520     4.30569      1 chain_01/itr_00484_trial_01.rho
     1      485      0.01523     15572.7520       0.0000      4.30569     4.30569   15572.7520     4.30569      0 -
     1      486       0.0151     15025.0108    -547.7412      4.22929     4.22929   15025.0108     4.22929      1 chain_01/itr_00486_trial_01.rho
     1      487      0.01497     15025.0108       0.0000      4.22929     4.22929   15025.0108     4.22929      0 -
     1      488      0.01484     15489.9158     464.9050      4.29423     4.29423   15025.0108     4.22929      1 chain_01/itr_00488_trial_01.rho
     1      489      0.01471     14876.4943    -613.4215      4.20834     4.20834   14876.4943     4.20834      1 chain_01/itr_00489_trial_01.rho
     1      490      0.01459     14876.4943       0.0000      4.20834     4.20834   14876.4943     4.20834      0 -
     1      491      0.01446     14809.2235     -67.2708      4.19881     4.19881   14809.2235     4.19881      1 chain_01/itr_00491_trial_01.rho
     1      492      0.01434     14915.6566     106.4331      4.21387     4.21387   14809.2235     4.19881      1 chain_01/itr_00492_trial_01.rho
     1      493      0.01421     15148.6215     232.9649      4.24665     4.24665   14809.2235     4.19881      1 chain_01/itr_00493_trial_01.rho
     1      494      0.01409     15043.6281    -104.9934      4.23191     4.23191   14809.2235     4.19881      1 chain_01/itr_00494_trial_01.rho
     1      495      0.01397     15349.6301     306.0020      4.27474     4.27474   14809.2235     4.19881      1 chain_01/itr_00495_trial_01.rho
     1      496      0.01385     15349.6301       0.0000      4.27474     4.27474   14809.2235     4.19881      0 -
     1      497      0.01373     15349.6301       0.0000      4.27474     4.27474   14809.2235     4.19881      0 -
     1      498      0.01361     15349.6301       0.0000      4.27474     4.27474   14809.2235     4.19881      0 -
     1      499      0.01349     15349.6301       0.0000      4.27474     4.27474   14809.2235     4.19881      0 -
     1      500      0.01338     15349.6301       0.0000      4.27474     4.27474   14809.2235     4.19881      0 -
     1      501      0.01326     15349.6301       0.0000      4.27474     4.27474   14809.2235     4.19881      0 -
     1      502      0.01315     15349.6301       0.0000      4.27474     4.27474   14809.2235     4.19881      0 -
     1      503      0.01304     15238.4469    -111.1833      4.25923     4.25923   14809.2235     4.19881      1 chain_01/itr_00503_trial_01.rho
     1      504      0.01292     15238.4469       0.0000      4.25923     4.25923   14809.2235     4.19881      0 -
     1      505      0.01281     15238.4469       0.0000      4.25923     4.25923   14809.2235     4.19881      0 -
     1      506       0.0127     15238.4469       0.0000      4.25923     4.25923   14809.2235     4.19881      0 -
     1      507      0.01259     15238.4469       0.0000      4.25923     4.25923   14809.2235     4.19881      0 -
     1      508      0.01248     15238.4469       0.0000      4.25923     4.25923   14809.2235     4.19881      0 -
     1      509      0.01238     15134.3810    -104.0658      4.24466     4.24466   14809.2235     4.19881      1 chain_01/itr_00509_trial_01.rho
     1      510      0.01227     14829.2781    -305.1029      4.20165     4.20165   14809.2235     4.19881      1 chain_01/itr_00510_trial_01.rho
     1      511      0.01216     14842.6314      13.3533      4.20355     4.20355   14809.2235     4.19881      1 chain_01/itr_00511_trial_01.rho
     1      512      0.01206     14842.6314       0.0000      4.20355     4.20355   14809.2235     4.19881      0 -
     1      513      0.01196     14509.5396    -333.0918      4.15611     4.15611   14509.5396     4.15611      1 chain_01/itr_00513_trial_01.rho
     1      514      0.01185     14509.5396       0.0000      4.15611     4.15611   14509.5396     4.15611      0 -
     1      515      0.01175     14509.5396       0.0000      4.15611     4.15611   14509.5396     4.15611      0 -
     1      516      0.01165     13987.4412    -522.0984      4.08065     4.08065   13987.4412     4.08065      1 chain_01/itr_00516_trial_01.rho
     1      517      0.01155     13987.4412       0.0000      4.08065     4.08065   13987.4412     4.08065      0 -
     1      518      0.01145     13838.5935    -148.8478      4.05888     4.05888   13838.5935     4.05888      1 chain_01/itr_00518_trial_01.rho
     1      519      0.01135     13838.5935       0.0000      4.05888     4.05888   13838.5935     4.05888      0 -
     1      520      0.01125     13515.7802    -322.8133      4.01126     4.01126   13515.7802     4.01126      1 chain_01/itr_00520_trial_01.rho
     1      521      0.01116     13515.7802       0.0000      4.01126     4.01126   13515.7802     4.01126      0 -
     1      522      0.01106     13515.7802       0.0000      4.01126     4.01126   13515.7802     4.01126      0 -
     1      523      0.01097     13515.7802       0.0000      4.01126     4.01126   13515.7802     4.01126      0 -
     1      524      0.01087     13515.7802       0.0000      4.01126     4.01126   13515.7802     4.01126      0 -
     1      525      0.01078     12974.3774    -541.4028      3.93010     3.93010   12974.3774     3.93010      1 chain_01/itr_00525_trial_01.rho
     1      526      0.01069     12974.3774       0.0000      3.93010     3.93010   12974.3774     3.93010      0 -
     1      527      0.01059     12662.4299    -311.9475      3.88257     3.88257   12662.4299     3.88257      1 chain_01/itr_00527_trial_01.rho
     1      528       0.0105     12662.4299       0.0000      3.88257     3.88257   12662.4299     3.88257      0 -
     1      529      0.01041     12742.3538      79.9239      3.89480     3.89480   12662.4299     3.88257      1 chain_01/itr_00529_trial_01.rho
     1      530      0.01032     12742.3538       0.0000      3.89480     3.89480   12662.4299     3.88257      0 -
     1      531      0.01023     12742.3538       0.0000      3.89480     3.89480   12662.4299     3.88257      0 -
     1      532      0.01015     12742.3538       0.0000      3.89480     3.89480   12662.4299     3.88257      0 -
     1      533      0.01006     12742.3538       0.0000      3.89480     3.89480   12662.4299     3.88257      0 -
     1      534     0.009971     12507.8105    -234.5433      3.85879     3.85879   12507.8105     3.85879      1 chain_01/itr_00534_trial_01.rho
     1      535     0.009885     12507.8105       0.0000      3.85879     3.85879   12507.8105     3.85879      0 -
     1      536       0.0098     12655.7158     147.9053      3.88154     3.88154   12507.8105     3.85879      1 chain_01/itr_00536_trial_01.rho
     1      537     0.009716     12655.7158       0.0000      3.88154     3.88154   12507.8105     3.85879      0 -
     1      538     0.009632     12738.0876      82.3717      3.89415     3.89415   12507.8105     3.85879      1 chain_01/itr_00538_trial_01.rho
     1      539     0.009549     12312.5940    -425.4935      3.82856     3.82856   12312.5940     3.82856      1 chain_01/itr_00539_trial_01.rho
     1      540     0.009467     11940.8968    -371.6972      3.77033     3.77033   11940.8968     3.77033      1 chain_01/itr_00540_trial_01.rho
     1      541     0.009386     11940.8968       0.0000      3.77033     3.77033   11940.8968     3.77033      0 -
     1      542     0.009305     11940.8968       0.0000      3.77033     3.77033   11940.8968     3.77033      0 -
     1      543     0.009225     11940.8968       0.0000      3.77033     3.77033   11940.8968     3.77033      0 -
     1      544     0.009145     11658.0840    -282.8128      3.72541     3.72541   11658.0840     3.72541      1 chain_01/itr_00544_trial_01.rho
     1      545     0.009067     11122.3999    -535.6841      3.63881     3.63881   11122.3999     3.63881      1 chain_01/itr_00545_trial_01.rho
     1      546     0.008989     11122.3999       0.0000      3.63881     3.63881   11122.3999     3.63881      0 -
     1      547     0.008911     11122.3999       0.0000      3.63881     3.63881   11122.3999     3.63881      0 -
     1      548     0.008835     11122.3999       0.0000      3.63881     3.63881   11122.3999     3.63881      0 -
     1      549     0.008758     11122.3999       0.0000      3.63881     3.63881   11122.3999     3.63881      0 -
     1      550     0.008683     11122.3999       0.0000      3.63881     3.63881   11122.3999     3.63881      0 -
     1      551     0.008608     11387.8604     265.4605      3.68198     3.68198   11122.3999     3.63881      1 chain_01/itr_00551_trial_01.rho
     1      552     0.008534     11294.2190     -93.6414      3.66681     3.66681   11122.3999     3.63881      1 chain_01/itr_00552_trial_01.rho
     1      553     0.008461     11091.2779    -202.9411      3.63372     3.63372   11091.2779     3.63372      1 chain_01/itr_00553_trial_01.rho
     1      554     0.008388     10868.2726    -223.0053      3.59700     3.59700   10868.2726     3.59700      1 chain_01/itr_00554_trial_01.rho
     1      555     0.008316     10868.2726       0.0000      3.59700     3.59700   10868.2726     3.59700      0 -
     1      556     0.008244     10868.2726       0.0000      3.59700     3.59700   10868.2726     3.59700      0 -
     1      557     0.008173     10812.9534     -55.3192      3.58784     3.58784   10812.9534     3.58784      1 chain_01/itr_00557_trial_01.rho
     1      558     0.008103     10665.5621    -147.3913      3.56330     3.56330   10665.5621     3.56330      1 chain_01/itr_00558_trial_01.rho
     1      559     0.008033     10665.5621       0.0000      3.56330     3.56330   10665.5621     3.56330      0 -
     1      560     0.007964     10665.5621       0.0000      3.56330     3.56330   10665.5621     3.56330      0 -
     1      561     0.007895     10332.4778    -333.0842      3.50722     3.50722   10332.4778     3.50722      1 chain_01/itr_00561_trial_01.rho
     1      562     0.007827     10332.4778       0.0000      3.50722     3.50722   10332.4778     3.50722      0 -
     1      563      0.00776     10346.3495      13.8716      3.50957     3.50957   10332.4778     3.50722      1 chain_01/itr_00563_trial_01.rho
     1      564     0.007693     10346.3495       0.0000      3.50957     3.50957   10332.4778     3.50722      0 -
     1      565     0.007627     10346.3495       0.0000      3.50957     3.50957   10332.4778     3.50722      0 -
     1      566     0.007561     10132.8166    -213.5329      3.47317     3.47317   10132.8166     3.47317      1 chain_01/itr_00566_trial_01.rho
     1      567     0.007496     10062.7264     -70.0902      3.46113     3.46113   10062.7264     3.46113      1 chain_01/itr_00567_trial_01.rho
     1      568     0.007432     10062.7264       0.0000      3.46113     3.46113   10062.7264     3.46113      0 -
     1      569     0.007368     10062.7264       0.0000      3.46113     3.46113   10062.7264     3.46113      0 -
     1      570     0.007304     10062.7264       0.0000      3.46113     3.46113   10062.7264     3.46113      0 -
     1      571     0.007241      9905.6350    -157.0914      3.43401     3.43401    9905.6350     3.43401      1 chain_01/itr_00571_trial_01.rho
     1      572     0.007179      9859.6813     -45.9537      3.42603     3.42603    9859.6813     3.42603      1 chain_01/itr_00572_trial_01.rho
     1      573     0.007117      9651.7049    -207.9763      3.38971     3.38971    9651.7049     3.38971      1 chain_01/itr_00573_trial_01.rho
     1      574     0.007056      9393.1767    -258.5282      3.34400     3.34400    9393.1767     3.34400      1 chain_01/itr_00574_trial_01.rho
     1      575     0.006995      9393.1767       0.0000      3.34400     3.34400    9393.1767     3.34400      0 -
     1      576     0.006935      9228.4481    -164.7286      3.31455     3.31455    9228.4481     3.31455      1 chain_01/itr_00576_trial_01.rho
     1      577     0.006875      9061.0446    -167.4035      3.28435     3.28435    9061.0446     3.28435      1 chain_01/itr_00577_trial_01.rho
     1      578     0.006816      9061.0446       0.0000      3.28435     3.28435    9061.0446     3.28435      0 -
     1      579     0.006758      9061.0446       0.0000      3.28435     3.28435    9061.0446     3.28435      0 -
     1      580     0.006699      9061.0446       0.0000      3.28435     3.28435    9061.0446     3.28435      0 -
     1      581     0.006642      9061.0446       0.0000      3.28435     3.28435    9061.0446     3.28435      0 -
     1      582     0.006585      9061.0446       0.0000      3.28435     3.28435    9061.0446     3.28435      0 -
     1      583     0.006528      8829.1566    -231.8880      3.24205     3.24205    8829.1566     3.24205      1 chain_01/itr_00583_trial_01.rho
     1      584     0.006472      8829.1566       0.0000      3.24205     3.24205    8829.1566     3.24205      0 -
     1      585     0.006416      8829.1566       0.0000      3.24205     3.24205    8829.1566     3.24205      0 -
     1      586     0.006361      8850.5834      21.4268      3.24598     3.24598    8829.1566     3.24205      1 chain_01/itr_00586_trial_01.rho
     1      587     0.006306      8850.5834       0.0000      3.24598     3.24598    8829.1566     3.24205      0 -
     1      588     0.006252      8757.6082     -92.9752      3.22889     3.22889    8757.6082     3.22889      1 chain_01/itr_00588_trial_01.rho
     1      589     0.006198      8757.6082       0.0000      3.22889     3.22889    8757.6082     3.22889      0 -
     1      590     0.006144      8757.6082       0.0000      3.22889     3.22889    8757.6082     3.22889      0 -
     1      591     0.006092      8757.6082       0.0000      3.22889     3.22889    8757.6082     3.22889      0 -
     1      592     0.006039      8757.6082       0.0000      3.22889     3.22889    8757.6082     3.22889      0 -
     1      593     0.005987      8757.6082       0.0000      3.22889     3.22889    8757.6082     3.22889      0 -
     1      594     0.005936      8757.6082       0.0000      3.22889     3.22889    8757.6082     3.22889      0 -
     1      595     0.005885      8757.6082       0.0000      3.22889     3.22889    8757.6082     3.22889      0 -
     1      596     0.005834      8540.8713    -216.7369      3.18868     3.18868    8540.8713     3.18868      1 chain_01/itr_00596_trial_01.rho
     1      597     0.005784      8398.6496    -142.2217      3.16202     3.16202    8398.6496     3.16202      1 chain_01/itr_00597_trial_01.rho
     1      598     0.005734      8398.6496       0.0000      3.16202     3.16202    8398.6496     3.16202      0 -
     1      599     0.005685      8398.6496       0.0000      3.16202     3.16202    8398.6496     3.16202      0 -
     1      600     0.005636      8398.6496       0.0000      3.16202     3.16202    8398.6496     3.16202      0 -
     1      601     0.005587      8150.2615    -248.3881      3.11491     3.11491    8150.2615     3.11491      1 chain_01/itr_00601_trial_01.rho
     1      602     0.005539      8150.2615       0.0000      3.11491     3.11491    8150.2615     3.11491      0 -
     1      603     0.005491      8150.2615       0.0000      3.11491     3.11491    8150.2615     3.11491      0 -
     1      604     0.005444      8150.2615       0.0000      3.11491     3.11491    8150.2615     3.11491      0 -
     1      605     0.005397      8150.2615       0.0000      3.11491     3.11491    8150.2615     3.11491      0 -
     1      606     0.005351      8150.2615       0.0000      3.11491     3.11491    8150.2615     3.11491      0 -
     1      607     0.005305      8150.2615       0.0000      3.11491     3.11491    8150.2615     3.11491      0 -
     1      608     0.005259      8210.2312      59.9697      3.12635     3.12635    8150.2615     3.11491      1 chain_01/itr_00608_trial_01.rho
     1      609     0.005214      8210.2312       0.0000      3.12635     3.12635    8150.2615     3.11491      0 -
     1      610     0.005169      8210.2312       0.0000      3.12635     3.12635    8150.2615     3.11491      0 -
     1      611     0.005124      8210.2312       0.0000      3.12635     3.12635    8150.2615     3.11491      0 -
     1      612      0.00508      8210.2312       0.0000      3.12635     3.12635    8150.2615     3.11491      0 -
     1      613     0.005036      8195.9990     -14.2322      3.12364     3.12364    8150.2615     3.11491      1 chain_01/itr_00613_trial_01.rho
     1      614     0.004993      8195.9990       0.0000      3.12364     3.12364    8150.2615     3.11491      0 -
     1      615      0.00495      8195.9990       0.0000      3.12364     3.12364    8150.2615     3.11491      0 -
     1      616     0.004908      8195.9990       0.0000      3.12364     3.12364    8150.2615     3.11491      0 -
     1      617     0.004865      8195.9990       0.0000      3.12364     3.12364    8150.2615     3.11491      0 -
     1      618     0.004823      8195.9990       0.0000      3.12364     3.12364    8150.2615     3.11491      0 -
     1      619     0.004782      8195.9990       0.0000      3.12364     3.12364    8150.2615     3.11491      0 -
     1      620     0.004741      8195.9990       0.0000      3.12364     3.12364    8150.2615     3.11491      0 -
     1      621       0.0047      8195.9990       0.0000      3.12364     3.12364    8150.2615     3.11491      0 -
     1      622     0.004659      8347.8322     151.8332      3.15244     3.15244    8150.2615     3.11491      1 chain_01/itr_00622_trial_01.rho
     1      623     0.004619      8347.8322       0.0000      3.15244     3.15244    8150.2615     3.11491      0 -
     1      624      0.00458      8347.8322       0.0000      3.15244     3.15244    8150.2615     3.11491      0 -
     1      625      0.00454      8309.4115     -38.4207      3.14518     3.14518    8150.2615     3.11491      1 chain_01/itr_00625_trial_01.rho
     1      626     0.004501      8349.3024      39.8909      3.15272     3.15272    8150.2615     3.11491      1 chain_01/itr_00626_trial_01.rho
     1      627     0.004462      8333.4986     -15.8037      3.14974     3.14974    8150.2615     3.11491      1 chain_01/itr_00627_trial_01.rho
     1      628     0.004424      8333.4986       0.0000      3.14974     3.14974    8150.2615     3.11491      0 -
     1      629     0.004386      8333.4986       0.0000      3.14974     3.14974    8150.2615     3.11491      0 -
     1      630     0.004348      8333.4986       0.0000      3.14974     3.14974    8150.2615     3.11491      0 -
     1      631     0.004311      8333.4986       0.0000      3.14974     3.14974    8150.2615     3.11491      0 -
     1      632     0.004274      8333.4986       0.0000      3.14974     3.14974    8150.2615     3.11491      0 -
     1      633     0.004237      8333.4986       0.0000      3.14974     3.14974    8150.2615     3.11491      0 -
     1      634       0.0042      8149.4644    -184.0342      3.11476     3.11476    8149.4644     3.11476      1 chain_01/itr_00634_trial_01.rho
     1      635     0.004164      8149.4644       0.0000      3.11476     3.11476    8149.4644     3.11476      0 -
     1      636     0.004128      8149.4644       0.0000      3.11476     3.11476    8149.4644     3.11476      0 -
     1      637     0.004093      8149.4644       0.0000      3.11476     3.11476    8149.4644     3.11476      0 -
     1      638     0.004058      8149.4644       0.0000      3.11476     3.11476    8149.4644     3.11476      0 -
     1      639     0.004023      8149.4644       0.0000      3.11476     3.11476    8149.4644     3.11476      0 -
     1      640     0.003988      8149.4644       0.0000      3.11476     3.11476    8149.4644     3.11476      0 -
     1      641     0.003954      8149.4644       0.0000      3.11476     3.11476    8149.4644     3.11476      0 -
     1      642      0.00392      8149.4644       0.0000      3.11476     3.11476    8149.4644     3.11476      0 -
     1      643     0.003886      8149.4644       0.0000      3.11476     3.11476    8149.4644     3.11476      0 -
     1      644     0.003852      8149.4644       0.0000      3.11476     3.11476    8149.4644     3.11476      0 -
     1      645     0.003819      8149.4644       0.0000      3.11476     3.11476    8149.4644     3.11476      0 -
     1      646     0.003786      8149.4644       0.0000      3.11476     3.11476    8149.4644     3.11476      0 -
     1      647     0.003754      7909.1557    -240.3087      3.06850     3.06850    7909.1557     3.06850      1 chain_01/itr_00647_trial_01.rho
     1      648     0.003721      7792.9438    -116.2119      3.04587     3.04587    7792.9438     3.04587      1 chain_01/itr_00648_trial_01.rho
     1      649     0.003689      7792.9438       0.0000      3.04587     3.04587    7792.9438     3.04587      0 -
     1      650     0.003658      7792.9438       0.0000      3.04587     3.04587    7792.9438     3.04587      0 -
     1      651     0.003626      7792.9438       0.0000      3.04587     3.04587    7792.9438     3.04587      0 -
     1      652     0.003595      7792.9438       0.0000      3.04587     3.04587    7792.9438     3.04587      0 -
     1      653     0.003564      7792.9438       0.0000      3.04587     3.04587    7792.9438     3.04587      0 -
     1      654     0.003533      7762.1027     -30.8411      3.03984     3.03984    7762.1027     3.03984      1 chain_01/itr_00654_trial_01.rho
     1      655     0.003503      7762.1027       0.0000      3.03984     3.03984    7762.1027     3.03984      0 -
     1      656     0.003473      7762.1027       0.0000      3.03984     3.03984    7762.1027     3.03984      0 -
     1      657     0.003443      7762.1027       0.0000      3.03984     3.03984    7762.1027     3.03984      0 -
     1      658     0.003413      7762.1027       0.0000      3.03984     3.03984    7762.1027     3.03984      0 -
     1      659     0.003384      7762.1027       0.0000      3.03984     3.03984    7762.1027     3.03984      0 -
     1      660     0.003355      7762.1027       0.0000      3.03984     3.03984    7762.1027     3.03984      0 -
     1      661     0.003326      7762.1027       0.0000      3.03984     3.03984    7762.1027     3.03984      0 -
     1      662     0.003297      7762.1027       0.0000      3.03984     3.03984    7762.1027     3.03984      0 -
     1      663     0.003269      7762.1027       0.0000      3.03984     3.03984    7762.1027     3.03984      0 -
     1      664     0.003241      7762.1027       0.0000      3.03984     3.03984    7762.1027     3.03984      0 -
     1      665     0.003213      7801.8297      39.7271      3.04760     3.04760    7762.1027     3.03984      1 chain_01/itr_00665_trial_01.rho
     1      666     0.003185      7801.8297       0.0000      3.04760     3.04760    7762.1027     3.03984      0 -
     1      667     0.003158      7726.2768     -75.5530      3.03281     3.03281    7726.2768     3.03281      1 chain_01/itr_00667_trial_01.rho
     1      668     0.003131      7726.2768       0.0000      3.03281     3.03281    7726.2768     3.03281      0 -
     1      669     0.003104      7726.2768       0.0000      3.03281     3.03281    7726.2768     3.03281      0 -
     1      670     0.003077      7726.2768       0.0000      3.03281     3.03281    7726.2768     3.03281      0 -
     1      671      0.00305      7631.7868     -94.4900      3.01421     3.01421    7631.7868     3.01421      1 chain_01/itr_00671_trial_01.rho
     1      672     0.003024      7631.7868       0.0000      3.01421     3.01421    7631.7868     3.01421      0 -
     1      673     0.002998      7662.5738      30.7869      3.02028     3.02028    7631.7868     3.01421      1 chain_01/itr_00673_trial_01.rho
     1      674     0.002972      7662.5738       0.0000      3.02028     3.02028    7631.7868     3.01421      0 -
     1      675     0.002947      7662.5738       0.0000      3.02028     3.02028    7631.7868     3.01421      0 -
     1      676     0.002921      7662.5738       0.0000      3.02028     3.02028    7631.7868     3.01421      0 -
     1      677     0.002896      7662.5738       0.0000      3.02028     3.02028    7631.7868     3.01421      0 -
     1      678     0.002871      7662.5738       0.0000      3.02028     3.02028    7631.7868     3.01421      0 -
     1      679     0.002847      7662.5738       0.0000      3.02028     3.02028    7631.7868     3.01421      0 -
     1      680     0.002822      7652.3196     -10.2542      3.01826     3.01826    7631.7868     3.01421      1 chain_01/itr_00680_trial_01.rho
     1      681     0.002798      7652.3196       0.0000      3.01826     3.01826    7631.7868     3.01421      0 -
     1      682     0.002774      7658.4686       6.1490      3.01947     3.01947    7631.7868     3.01421      1 chain_01/itr_00682_trial_01.rho
     1      683      0.00275      7658.4686       0.0000      3.01947     3.01947    7631.7868     3.01421      0 -
     1      684     0.002726      7658.4686       0.0000      3.01947     3.01947    7631.7868     3.01421      0 -
     1      685     0.002703      7658.4686       0.0000      3.01947     3.01947    7631.7868     3.01421      0 -
     1      686     0.002679      7658.4686       0.0000      3.01947     3.01947    7631.7868     3.01421      0 -
     1      687     0.002656      7658.4686       0.0000      3.01947     3.01947    7631.7868     3.01421      0 -
     1      688     0.002633      7658.4686       0.0000      3.01947     3.01947    7631.7868     3.01421      0 -
     1      689     0.002611      7370.7382    -287.7304      2.96221     2.96221    7370.7382     2.96221      1 chain_01/itr_00689_trial_01.rho
     1      690     0.002588      7371.8285       1.0902      2.96243     2.96243    7370.7382     2.96221      1 chain_01/itr_00690_trial_01.rho
     1      691     0.002566      7371.8285       0.0000      2.96243     2.96243    7370.7382     2.96221      0 -
     1      692     0.002544      7371.8285       0.0000      2.96243     2.96243    7370.7382     2.96221      0 -
     1      693     0.002522      7371.8285       0.0000      2.96243     2.96243    7370.7382     2.96221      0 -
     1      694       0.0025      7371.8285       0.0000      2.96243     2.96243    7370.7382     2.96221      0 -
     1      695     0.002479      7371.8285       0.0000      2.96243     2.96243    7370.7382     2.96221      0 -
     1      696     0.002457      7371.8285       0.0000      2.96243     2.96243    7370.7382     2.96221      0 -
     1      697     0.002436      7371.8285       0.0000      2.96243     2.96243    7370.7382     2.96221      0 -
     1      698     0.002415      7371.8285       0.0000      2.96243     2.96243    7370.7382     2.96221      0 -
     1      699     0.002395      7371.8285       0.0000      2.96243     2.96243    7370.7382     2.96221      0 -
     1      700     0.002374      7371.8285       0.0000      2.96243     2.96243    7370.7382     2.96221      0 -
     1      701     0.002354      7371.8285       0.0000      2.96243     2.96243    7370.7382     2.96221      0 -
     1      702     0.002333      7371.8285       0.0000      2.96243     2.96243    7370.7382     2.96221      0 -
     1      703     0.002313      7371.8285       0.0000      2.96243     2.96243    7370.7382     2.96221      0 -
     1      704     0.002293      7371.8285       0.0000      2.96243     2.96243    7370.7382     2.96221      0 -
     1      705     0.002274      7371.8285       0.0000      2.96243     2.96243    7370.7382     2.96221      0 -
     1      706     0.002254      7371.8285       0.0000      2.96243     2.96243    7370.7382     2.96221      0 -
     1      707     0.002235      7371.8285       0.0000      2.96243     2.96243    7370.7382     2.96221      0 -
     1      708     0.002215      7371.8285       0.0000      2.96243     2.96243    7370.7382     2.96221      0 -
     1      709     0.002196      7371.8285       0.0000      2.96243     2.96243    7370.7382     2.96221      0 -
     1      710     0.002177      7371.8285       0.0000      2.96243     2.96243    7370.7382     2.96221      0 -
     1      711     0.002159      7371.8285       0.0000      2.96243     2.96243    7370.7382     2.96221      0 -
     1      712      0.00214      7259.8753    -111.9532      2.93985     2.93985    7259.8753     2.93985      1 chain_01/itr_00712_trial_01.rho
     1      713     0.002122      7259.8753       0.0000      2.93985     2.93985    7259.8753     2.93985      0 -
     1      714     0.002103      7259.8753       0.0000      2.93985     2.93985    7259.8753     2.93985      0 -
     1      715     0.002085      7259.8753       0.0000      2.93985     2.93985    7259.8753     2.93985      0 -
     1      716     0.002067      7259.8753       0.0000      2.93985     2.93985    7259.8753     2.93985      0 -
     1      717     0.002049      7259.8753       0.0000      2.93985     2.93985    7259.8753     2.93985      0 -
     1      718     0.002032      7185.4693     -74.4060      2.92474     2.92474    7185.4693     2.92474      1 chain_01/itr_00718_trial_01.rho
     1      719     0.002014      7185.4693       0.0000      2.92474     2.92474    7185.4693     2.92474      0 -
     1      720     0.001997      7185.4693       0.0000      2.92474     2.92474    7185.4693     2.92474      0 -
     1      721      0.00198      7185.4693       0.0000      2.92474     2.92474    7185.4693     2.92474      0 -
     1      722     0.001963      7185.4693       0.0000      2.92474     2.92474    7185.4693     2.92474      0 -
     1      723     0.001946      7185.4693       0.0000      2.92474     2.92474    7185.4693     2.92474      0 -
     1      724     0.001929      7185.4693       0.0000      2.92474     2.92474    7185.4693     2.92474      0 -
     1      725     0.001913      7185.4693       0.0000      2.92474     2.92474    7185.4693     2.92474      0 -
     1      726     0.001896      7185.4693       0.0000      2.92474     2.92474    7185.4693     2.92474      0 -
     1      727      0.00188      7185.4693       0.0000      2.92474     2.92474    7185.4693     2.92474      0 -
     1      728     0.001864      7185.4693       0.0000      2.92474     2.92474    7185.4693     2.92474      0 -
     1      729     0.001847      7116.7215     -68.7479      2.91072     2.91072    7116.7215     2.91072      1 chain_01/itr_00729_trial_01.rho
     1      730     0.001832      7116.7215       0.0000      2.91072     2.91072    7116.7215     2.91072      0 -
     1      731     0.001816      7116.7215       0.0000      2.91072     2.91072    7116.7215     2.91072      0 -
     1      732       0.0018      7116.7215       0.0000      2.91072     2.91072    7116.7215     2.91072      0 -
     1      733     0.001785      7116.7215       0.0000      2.91072     2.91072    7116.7215     2.91072      0 -
     1      734     0.001769      7116.7215       0.0000      2.91072     2.91072    7116.7215     2.91072      0 -
     1      735     0.001754      7116.7215       0.0000      2.91072     2.91072    7116.7215     2.91072      0 -
     1      736     0.001739      7116.7215       0.0000      2.91072     2.91072    7116.7215     2.91072      0 -
     1      737     0.001724      7116.7215       0.0000      2.91072     2.91072    7116.7215     2.91072      0 -
     1      738     0.001709      7116.7215       0.0000      2.91072     2.91072    7116.7215     2.91072      0 -
     1      739     0.001694      7116.7215       0.0000      2.91072     2.91072    7116.7215     2.91072      0 -
     1      740      0.00168      7116.7215       0.0000      2.91072     2.91072    7116.7215     2.91072      0 -
     1      741     0.001665      7116.7215       0.0000      2.91072     2.91072    7116.7215     2.91072      0 -
     1      742     0.001651      7116.7215       0.0000      2.91072     2.91072    7116.7215     2.91072      0 -
     1      743     0.001637      7116.7215       0.0000      2.91072     2.91072    7116.7215     2.91072      0 -
     1      744     0.001623      7116.7215       0.0000      2.91072     2.91072    7116.7215     2.91072      0 -
     1      745     0.001609      7116.7215       0.0000      2.91072     2.91072    7116.7215     2.91072      0 -
     1      746     0.001595      7116.7215       0.0000      2.91072     2.91072    7116.7215     2.91072      0 -
     1      747     0.001581      7116.7215       0.0000      2.91072     2.91072    7116.7215     2.91072      0 -
     1      748     0.001568      7116.7215       0.0000      2.91072     2.91072    7116.7215     2.91072      0 -
     1      749     0.001554      7116.7215       0.0000      2.91072     2.91072    7116.7215     2.91072      0 -
     1      750     0.001541      7116.7215       0.0000      2.91072     2.91072    7116.7215     2.91072      0 -
     1      751     0.001527      7116.7215       0.0000      2.91072     2.91072    7116.7215     2.91072      0 -
     1      752     0.001514      7116.7215       0.0000      2.91072     2.91072    7116.7215     2.91072      0 -
     1      753     0.001501      7116.7215       0.0000      2.91072     2.91072    7116.7215     2.91072      0 -
     1      754     0.001488      7116.7215       0.0000      2.91072     2.91072    7116.7215     2.91072      0 -
     1      755     0.001476      7116.7215       0.0000      2.91072     2.91072    7116.7215     2.91072      0 -
     1      756     0.001463      7116.7215       0.0000      2.91072     2.91072    7116.7215     2.91072      0 -
     1      757      0.00145      7116.7215       0.0000      2.91072     2.91072    7116.7215     2.91072      0 -
     1      758     0.001438      7116.7215       0.0000      2.91072     2.91072    7116.7215     2.91072      0 -
     1      759     0.001425      7116.7215       0.0000      2.91072     2.91072    7116.7215     2.91072      0 -
     1      760     0.001413      7116.7215       0.0000      2.91072     2.91072    7116.7215     2.91072      0 -
     1      761     0.001401      7116.7215       0.0000      2.91072     2.91072    7116.7215     2.91072      0 -
     1      762     0.001389      7116.7215       0.0000      2.91072     2.91072    7116.7215     2.91072      0 -
     1      763     0.001377      7116.7215       0.0000      2.91072     2.91072    7116.7215     2.91072      0 -
     1      764     0.001365      7116.7215       0.0000      2.91072     2.91072    7116.7215     2.91072      0 -
     1      765     0.001353      7116.7215       0.0000      2.91072     2.91072    7116.7215     2.91072      0 -
     1      766     0.001342      7116.7215       0.0000      2.91072     2.91072    7116.7215     2.91072      0 -
     1      767      0.00133      7116.7215       0.0000      2.91072     2.91072    7116.7215     2.91072      0 -
     1      768     0.001319      7116.7215       0.0000      2.91072     2.91072    7116.7215     2.91072      0 -
     1      769     0.001307      7116.7215       0.0000      2.91072     2.91072    7116.7215     2.91072      0 -
     1      770     0.001296      7116.7215       0.0000      2.91072     2.91072    7116.7215     2.91072      0 -
     1      771     0.001285      7116.7215       0.0000      2.91072     2.91072    7116.7215     2.91072      0 -
     1      772     0.001274      7116.7215       0.0000      2.91072     2.91072    7116.7215     2.91072      0 -
     1      773     0.001263      7116.7215       0.0000      2.91072     2.91072    7116.7215     2.91072      0 -
     1      774     0.001252      7116.7215       0.0000      2.91072     2.91072    7116.7215     2.91072      0 -
     1      775     0.001241      7116.7215       0.0000      2.91072     2.91072    7116.7215     2.91072      0 -
     1      776     0.001231      7116.7215       0.0000      2.91072     2.91072    7116.7215     2.91072      0 -
     1      777      0.00122      7116.7215       0.0000      2.91072     2.91072    7116.7215     2.91072      0 -
     1      778     0.001209      7116.7215       0.0000      2.91072     2.91072    7116.7215     2.91072      0 -
     1      779     0.001199      7116.7215       0.0000      2.91072     2.91072    7116.7215     2.91072      0 -
     1      780     0.001189      7116.7215       0.0000      2.91072     2.91072    7116.7215     2.91072      0 -
     1      781     0.001179      7082.6436     -34.0778      2.90374     2.90374    7082.6436     2.90374      1 chain_01/itr_00781_trial_01.rho
     1      782     0.001168      7082.6436       0.0000      2.90374     2.90374    7082.6436     2.90374      0 -
     1      783     0.001158      7082.6436       0.0000      2.90374     2.90374    7082.6436     2.90374      0 -
     1      784     0.001148      7082.6436       0.0000      2.90374     2.90374    7082.6436     2.90374      0 -
     1      785     0.001138      7082.6436       0.0000      2.90374     2.90374    7082.6436     2.90374      0 -
     1      786     0.001129      7082.6436       0.0000      2.90374     2.90374    7082.6436     2.90374      0 -
     1      787     0.001119      7082.6436       0.0000      2.90374     2.90374    7082.6436     2.90374      0 -
     1      788     0.001109      7082.6436       0.0000      2.90374     2.90374    7082.6436     2.90374      0 -
     1      789       0.0011      7082.6436       0.0000      2.90374     2.90374    7082.6436     2.90374      0 -
     1      790      0.00109      7082.6436       0.0000      2.90374     2.90374    7082.6436     2.90374      0 -
     1      791     0.001081      7082.6436       0.0000      2.90374     2.90374    7082.6436     2.90374      0 -
     1      792     0.001072      7082.6436       0.0000      2.90374     2.90374    7082.6436     2.90374      0 -
     1      793     0.001062      7082.6436       0.0000      2.90374     2.90374    7082.6436     2.90374      0 -
     1      794     0.001053      7082.6436       0.0000      2.90374     2.90374    7082.6436     2.90374      0 -
     1      795     0.001044      7082.6436       0.0000      2.90374     2.90374    7082.6436     2.90374      0 -
     1      796     0.001035      7082.6436       0.0000      2.90374     2.90374    7082.6436     2.90374      0 -
     1      797     0.001026      7082.6436       0.0000      2.90374     2.90374    7082.6436     2.90374      0 -
     1      798     0.001017      7082.6436       0.0000      2.90374     2.90374    7082.6436     2.90374      0 -
     1      799     0.001009      7082.6436       0.0000      2.90374     2.90374    7082.6436     2.90374      0 -
     1      800        0.001      7082.6436       0.0000      2.90374     2.90374    7082.6436     2.90374      0 -
