# VFSA 2D iteration best - 2026-09-15 00:58:55
# chains=2  n_ctrl=250  frac_update_controls=1.0  temp_kappa=1.0  cool_ratio=0.001  target_rms=1.0  n_trials=1
--------------------------------------------------------------------------------------------------------------------------------------------------------------------------------------------------------
 Chain     Iter         Temp       Chi2Curr        dChi2      RMSCurr     CurrRMS     Chi2Best     RMSBest   Nacc Model
--------------------------------------------------------------------------------------------------------------------------------------------------------------------------------------------------------
     1        1            1     17411.3631    -540.9892      4.55278     4.55278   17411.3631     4.55278      1 chain_01/itr_00001_trial_01.rho
     1        2       0.9977     15697.7372   -1713.6259      4.32294     4.32294   15697.7372     4.32294      1 chain_01/itr_00002_trial_01.rho
     1        3       0.9954     16341.6139     643.8768      4.41070     4.41070   15697.7372     4.32294      1 chain_01/itr_00003_trial_01.rho
     1        4       0.9931     16387.3761      45.7621      4.41687     4.41687   15697.7372     4.32294      1 chain_01/itr_00004_trial_01.rho
     1        5       0.9908     17063.9470     676.5710      4.50713     4.50713   15697.7372     4.32294      1 chain_01/itr_00005_trial_01.rho
     1        6       0.9885     17222.2506     158.3036      4.52799     4.52799   15697.7372     4.32294      1 chain_01/itr_00006_trial_01.rho
     1        7       0.9863     16823.7619    -398.4887      4.47530     4.47530   15697.7372     4.32294      1 chain_01/itr_00007_trial_01.rho
     1        8        0.984     16156.2814    -667.4806      4.38562     4.38562   15697.7372     4.32294      1 chain_01/itr_00008_trial_01.rho
     1        9       0.9817     16833.1229     676.8415      4.47654     4.47654   15697.7372     4.32294      1 chain_01/itr_00009_trial_01.rho
     1       10       0.9795     17290.3233     457.2004      4.53693     4.53693   15697.7372     4.32294      1 chain_01/itr_00010_trial_01.rho
     1       11       0.9772     16674.1582    -616.1651      4.45536     4.45536   15697.7372     4.32294      1 chain_01/itr_00011_trial_01.rho
     1       12        0.975     16872.8465     198.6884      4.48182     4.48182   15697.7372     4.32294      1 chain_01/itr_00012_trial_01.rho
     1       13       0.9727     15686.9422   -1185.9043      4.32145     4.32145   15686.9422     4.32145      1 chain_01/itr_00013_trial_01.rho
     1       14       0.9705     15601.4496     -85.4926      4.30966     4.30966   15601.4496     4.30966      1 chain_01/itr_00014_trial_01.rho
     1       15       0.9683     17483.2653    1881.8156      4.56217     4.56217   15601.4496     4.30966      1 chain_01/itr_00015_trial_01.rho
     1       16        0.966     17574.0315      90.7662      4.57400     4.57400   15601.4496     4.30966      1 chain_01/itr_00016_trial_01.rho
     1       17       0.9638     18230.1332     656.1017      4.65860     4.65860   15601.4496     4.30966      1 chain_01/itr_00017_trial_01.rho
     1       18       0.9616     17332.0115    -898.1217      4.54239     4.54239   15601.4496     4.30966      1 chain_01/itr_00018_trial_01.rho
     1       19       0.9594     17667.7667     335.7552      4.58618     4.58618   15601.4496     4.30966      1 chain_01/itr_00019_trial_01.rho
     1       20       0.9572     18077.2504     409.4837      4.63902     4.63902   15601.4496     4.30966      1 chain_01/itr_00020_trial_01.rho
     1       21        0.955     17440.1982    -637.0522      4.55655     4.55655   15601.4496     4.30966      1 chain_01/itr_00021_trial_01.rho
     1       22       0.9528     17411.5099     -28.6883      4.55280     4.55280   15601.4496     4.30966      1 chain_01/itr_00022_trial_01.rho
     1       23       0.9506     19057.4433    1645.9334      4.76313     4.76313   15601.4496     4.30966      1 chain_01/itr_00023_trial_01.rho
     1       24       0.9484     19627.5545     570.1112      4.83385     4.83385   15601.4496     4.30966      1 chain_01/itr_00024_trial_01.rho
     1       25       0.9462     18802.8340    -824.7205      4.73121     4.73121   15601.4496     4.30966      1 chain_01/itr_00025_trial_01.rho
     1       26        0.944     19648.9533     846.1193      4.83649     4.83649   15601.4496     4.30966      1 chain_01/itr_00026_trial_01.rho
     1       27       0.9419     18923.9775    -724.9758      4.74642     4.74642   15601.4496     4.30966      1 chain_01/itr_00027_trial_01.rho
     1       28       0.9397     18687.2791    -236.6985      4.71665     4.71665   15601.4496     4.30966      1 chain_01/itr_00028_trial_01.rho
     1       29       0.9375     18995.9928     308.7138      4.75545     4.75545   15601.4496     4.30966      1 chain_01/itr_00029_trial_01.rho
     1       30       0.9354     20464.3252    1468.3324      4.93582     4.93582   15601.4496     4.30966      1 chain_01/itr_00030_trial_01.rho
     1       31       0.9332     21980.3023    1515.9770      5.11537     5.11537   15601.4496     4.30966      1 chain_01/itr_00031_trial_01.rho
     1       32       0.9311     20989.5745    -990.7277      4.99876     4.99876   15601.4496     4.30966      1 chain_01/itr_00032_trial_01.rho
     1       33       0.9289     20785.2739    -204.3006      4.97437     4.97437   15601.4496     4.30966      1 chain_01/itr_00033_trial_01.rho
     1       34       0.9268     21458.7111     673.4372      5.05431     5.05431   15601.4496     4.30966      1 chain_01/itr_00034_trial_01.rho
     1       35       0.9247     21021.2855    -437.4257      5.00253     5.00253   15601.4496     4.30966      1 chain_01/itr_00035_trial_01.rho
     1       36       0.9225     22262.4120    1241.1266      5.14809     5.14809   15601.4496     4.30966      1 chain_01/itr_00036_trial_01.rho
     1       37       0.9204     23705.2901    1442.8780      5.31230     5.31230   15601.4496     4.30966      1 chain_01/itr_00037_trial_01.rho
     1       38       0.9183     23407.6513    -297.6387      5.27885     5.27885   15601.4496     4.30966      1 chain_01/itr_00038_trial_01.rho
     1       39       0.9162     23883.6713     476.0199      5.33225     5.33225   15601.4496     4.30966      1 chain_01/itr_00039_trial_01.rho
     1       40       0.9141     24170.9041     287.2329      5.36422     5.36422   15601.4496     4.30966      1 chain_01/itr_00040_trial_01.rho
     1       41        0.912     22803.3741   -1367.5301      5.21027     5.21027   15601.4496     4.30966      1 chain_01/itr_00041_trial_01.rho
     1       42       0.9099     23332.4741     529.1000      5.27037     5.27037   15601.4496     4.30966      1 chain_01/itr_00042_trial_01.rho
     1       43       0.9078     23415.9808      83.5068      5.27979     5.27979   15601.4496     4.30966      1 chain_01/itr_00043_trial_01.rho
     1       44       0.9057     24777.6352    1361.6544      5.43113     5.43113   15601.4496     4.30966      1 chain_01/itr_00044_trial_01.rho
     1       45       0.9036     25392.8580     615.2228      5.49814     5.49814   15601.4496     4.30966      1 chain_01/itr_00045_trial_01.rho
     1       46       0.9015     25846.9100     454.0520      5.54708     5.54708   15601.4496     4.30966      1 chain_01/itr_00046_trial_01.rho
     1       47       0.8995     27010.9120    1164.0021      5.67061     5.67061   15601.4496     4.30966      1 chain_01/itr_00047_trial_01.rho
     1       48       0.8974     27487.8851     476.9731      5.72046     5.72046   15601.4496     4.30966      1 chain_01/itr_00048_trial_01.rho
     1       49       0.8953     27455.8504     -32.0347      5.71713     5.71713   15601.4496     4.30966      1 chain_01/itr_00049_trial_01.rho
     1       50       0.8933     26440.7302   -1015.1202      5.61044     5.61044   15601.4496     4.30966      1 chain_01/itr_00050_trial_01.rho
     1       51       0.8912     26568.9788     128.2486      5.62403     5.62403   15601.4496     4.30966      1 chain_01/itr_00051_trial_01.rho
     1       52       0.8892     26688.2230     119.2442      5.63664     5.63664   15601.4496     4.30966      1 chain_01/itr_00052_trial_01.rho
     1       53       0.8871     26876.2129     187.9899      5.65646     5.65646   15601.4496     4.30966      1 chain_01/itr_00053_trial_01.rho
     1       54       0.8851     27985.6349    1109.4219      5.77202     5.77202   15601.4496     4.30966      1 chain_01/itr_00054_trial_01.rho
     1       55        0.883     27303.3903    -682.2446      5.70123     5.70123   15601.4496     4.30966      1 chain_01/itr_00055_trial_01.rho
     1       56        0.881     28210.7123     907.3220      5.79519     5.79519   15601.4496     4.30966      1 chain_01/itr_00056_trial_01.rho
     1       57        0.879     28152.9662     -57.7461      5.78925     5.78925   15601.4496     4.30966      1 chain_01/itr_00057_trial_01.rho
     1       58        0.877     27837.3865    -315.5797      5.75671     5.75671   15601.4496     4.30966      1 chain_01/itr_00058_trial_01.rho
     1       59       0.8749     28793.6550     956.2685      5.85476     5.85476   15601.4496     4.30966      1 chain_01/itr_00059_trial_01.rho
     1       60       0.8729     29454.4033     660.7483      5.92155     5.92155   15601.4496     4.30966      1 chain_01/itr_00060_trial_01.rho
     1       61       0.8709     27650.1374   -1804.2659      5.73732     5.73732   15601.4496     4.30966      1 chain_01/itr_00061_trial_01.rho
     1       62       0.8689     28772.1297    1121.9923      5.85257     5.85257   15601.4496     4.30966      1 chain_01/itr_00062_trial_01.rho
     1       63       0.8669     28772.1297       0.0000      5.85257     5.85257   15601.4496     4.30966      0 -
     1       64       0.8649     29570.6189     798.4892      5.93322     5.93322   15601.4496     4.30966      1 chain_01/itr_00064_trial_01.rho
     1       65       0.8629     29959.4910     388.8721      5.97211     5.97211   15601.4496     4.30966      1 chain_01/itr_00065_trial_01.rho
     1       66        0.861     29140.0235    -819.4674      5.88986     5.88986   15601.4496     4.30966      1 chain_01/itr_00066_trial_01.rho
     1       67        0.859     30625.7497    1485.7262      6.03815     6.03815   15601.4496     4.30966      1 chain_01/itr_00067_trial_01.rho
     1       68        0.857     31106.4577     480.7080      6.08535     6.08535   15601.4496     4.30966      1 chain_01/itr_00068_trial_01.rho
     1       69        0.855     32415.4006    1308.9429      6.21207     6.21207   15601.4496     4.30966      1 chain_01/itr_00069_trial_01.rho
     1       70       0.8531     31151.1862   -1264.2144      6.08972     6.08972   15601.4496     4.30966      1 chain_01/itr_00070_trial_01.rho
     1       71       0.8511     31623.3425     472.1563      6.13570     6.13570   15601.4496     4.30966      1 chain_01/itr_00071_trial_01.rho
     1       72       0.8491     31233.3307    -390.0117      6.09775     6.09775   15601.4496     4.30966      1 chain_01/itr_00072_trial_01.rho
     1       73       0.8472     30366.6888    -866.6420      6.01256     6.01256   15601.4496     4.30966      1 chain_01/itr_00073_trial_01.rho
     1       74       0.8452     28025.2854   -2341.4034      5.77611     5.77611   15601.4496     4.30966      1 chain_01/itr_00074_trial_01.rho
     1       75       0.8433     28025.2854       0.0000      5.77611     5.77611   15601.4496     4.30966      0 -
     1       76       0.8413     27854.9896    -170.2957      5.75853     5.75853   15601.4496     4.30966      1 chain_01/itr_00076_trial_01.rho
     1       77       0.8394     29262.2724    1407.2827      5.90221     5.90221   15601.4496     4.30966      1 chain_01/itr_00077_trial_01.rho
     1       78       0.8375     28598.8066    -663.4658      5.83491     5.83491   15601.4496     4.30966      1 chain_01/itr_00078_trial_01.rho
     1       79       0.8356     28995.3704     396.5639      5.87523     5.87523   15601.4496     4.30966      1 chain_01/itr_00079_trial_01.rho
     1       80       0.8336     28406.3889    -588.9816      5.81525     5.81525   15601.4496     4.30966      1 chain_01/itr_00080_trial_01.rho
     1       81       0.8317     30941.4767    2535.0878      6.06919     6.06919   15601.4496     4.30966      1 chain_01/itr_00081_trial_01.rho
     1       82       0.8298     32001.9669    1060.4903      6.17232     6.17232   15601.4496     4.30966      1 chain_01/itr_00082_trial_01.rho
     1       83       0.8279     31749.4920    -252.4749      6.14793     6.14793   15601.4496     4.30966      1 chain_01/itr_00083_trial_01.rho
     1       84        0.826     30279.9479   -1469.5441      6.00396     6.00396   15601.4496     4.30966      1 chain_01/itr_00084_trial_01.rho
     1       85       0.8241     30246.6735     -33.2745      6.00066     6.00066   15601.4496     4.30966      1 chain_01/itr_00085_trial_01.rho
     1       86       0.8222     30127.3002    -119.3733      5.98881     5.98881   15601.4496     4.30966      1 chain_01/itr_00086_trial_01.rho
     1       87       0.8203     30685.4801     558.1800      6.04403     6.04403   15601.4496     4.30966      1 chain_01/itr_00087_trial_01.rho
     1       88       0.8184     30685.4801       0.0000      6.04403     6.04403   15601.4496     4.30966      0 -
     1       89       0.8165     29150.4032   -1535.0770      5.89091     5.89091   15601.4496     4.30966      1 chain_01/itr_00089_trial_01.rho
     1       90       0.8146     29420.1062     269.7030      5.91810     5.91810   15601.4496     4.30966      1 chain_01/itr_00090_trial_01.rho
     1       91       0.8128     28473.5039    -946.6023      5.82212     5.82212   15601.4496     4.30966      1 chain_01/itr_00091_trial_01.rho
     1       92       0.8109     29999.8254    1526.3216      5.97613     5.97613   15601.4496     4.30966      1 chain_01/itr_00092_trial_01.rho
     1       93        0.809     29329.7658    -670.0596      5.90901     5.90901   15601.4496     4.30966      1 chain_01/itr_00093_trial_01.rho
     1       94       0.8072     29842.8314     513.0656      5.96047     5.96047   15601.4496     4.30966      1 chain_01/itr_00094_trial_01.rho
     1       95       0.8053     31633.1355    1790.3041      6.13665     6.13665   15601.4496     4.30966      1 chain_01/itr_00095_trial_01.rho
     1       96       0.8035     32182.3463     549.2108      6.18969     6.18969   15601.4496     4.30966      1 chain_01/itr_00096_trial_01.rho
     1       97       0.8016     31640.4007    -541.9456      6.13736     6.13736   15601.4496     4.30966      1 chain_01/itr_00097_trial_01.rho
     1       98       0.7998     32813.4443    1173.0437      6.25009     6.25009   15601.4496     4.30966      1 chain_01/itr_00098_trial_01.rho
     1       99       0.7979     33910.5267    1097.0824      6.35371     6.35371   15601.4496     4.30966      1 chain_01/itr_00099_trial_01.rho
     1      100       0.7961     33708.0303    -202.4964      6.33471     6.33471   15601.4496     4.30966      1 chain_01/itr_00100_trial_01.rho
     1      101       0.7943     32772.5112    -935.5191      6.24619     6.24619   15601.4496     4.30966      1 chain_01/itr_00101_trial_01.rho
     1      102       0.7924     34421.7665    1649.2553      6.40143     6.40143   15601.4496     4.30966      1 chain_01/itr_00102_trial_01.rho
     1      103       0.7906     35226.9975     805.2309      6.47587     6.47587   15601.4496     4.30966      1 chain_01/itr_00103_trial_01.rho
     1      104       0.7888     35219.0056      -7.9919      6.47514     6.47514   15601.4496     4.30966      1 chain_01/itr_00104_trial_01.rho
     1      105        0.787     37184.3662    1965.3606      6.65335     6.65335   15601.4496     4.30966      1 chain_01/itr_00105_trial_01.rho
     1      106       0.7852     38087.8692     903.5030      6.73370     6.73370   15601.4496     4.30966      1 chain_01/itr_00106_trial_01.rho
     1      107       0.7834     37976.2101    -111.6591      6.72382     6.72382   15601.4496     4.30966      1 chain_01/itr_00107_trial_01.rho
     1      108       0.7816     38081.0870     104.8769      6.73310     6.73310   15601.4496     4.30966      1 chain_01/itr_00108_trial_01.rho
     1      109       0.7798     36561.5719   -1519.5151      6.59740     6.59740   15601.4496     4.30966      1 chain_01/itr_00109_trial_01.rho
     1      110        0.778     36081.8214    -479.7506      6.55397     6.55397   15601.4496     4.30966      1 chain_01/itr_00110_trial_01.rho
     1      111       0.7762     34270.0813   -1811.7401      6.38731     6.38731   15601.4496     4.30966      1 chain_01/itr_00111_trial_01.rho
     1      112       0.7744     33936.5235    -333.5578      6.35615     6.35615   15601.4496     4.30966      1 chain_01/itr_00112_trial_01.rho
     1      113       0.7726     32772.5831   -1163.9404      6.24620     6.24620   15601.4496     4.30966      1 chain_01/itr_00113_trial_01.rho
     1      114       0.7708     33271.8795     499.2965      6.29360     6.29360   15601.4496     4.30966      1 chain_01/itr_00114_trial_01.rho
     1      115       0.7691     32601.4543    -670.4253      6.22987     6.22987   15601.4496     4.30966      1 chain_01/itr_00115_trial_01.rho
     1      116       0.7673     32143.7329    -457.7214      6.18598     6.18598   15601.4496     4.30966      1 chain_01/itr_00116_trial_01.rho
     1      117       0.7655     33181.5814    1037.8485      6.28505     6.28505   15601.4496     4.30966      1 chain_01/itr_00117_trial_01.rho
     1      118       0.7638     32722.5566    -459.0248      6.24143     6.24143   15601.4496     4.30966      1 chain_01/itr_00118_trial_01.rho
     1      119        0.762     34698.4014    1975.8448      6.42710     6.42710   15601.4496     4.30966      1 chain_01/itr_00119_trial_01.rho
     1      120       0.7603     36041.6639    1343.2624      6.55032     6.55032   15601.4496     4.30966      1 chain_01/itr_00120_trial_01.rho
     1      121       0.7585     36878.4268     836.7630      6.62593     6.62593   15601.4496     4.30966      1 chain_01/itr_00121_trial_01.rho
     1      122       0.7568     38027.1575    1148.7307      6.72833     6.72833   15601.4496     4.30966      1 chain_01/itr_00122_trial_01.rho
     1      123        0.755     37767.6130    -259.5445      6.70533     6.70533   15601.4496     4.30966      1 chain_01/itr_00123_trial_01.rho
     1      124       0.7533     37543.4601    -224.1530      6.68540     6.68540   15601.4496     4.30966      1 chain_01/itr_00124_trial_01.rho
     1      125       0.7516     38752.2378    1208.7777      6.79217     6.79217   15601.4496     4.30966      1 chain_01/itr_00125_trial_01.rho
     1      126       0.7498     37890.8372    -861.4006      6.71626     6.71626   15601.4496     4.30966      1 chain_01/itr_00126_trial_01.rho
     1      127       0.7481     37988.2282      97.3909      6.72489     6.72489   15601.4496     4.30966      1 chain_01/itr_00127_trial_01.rho
     1      128       0.7464     37216.5018    -771.7264      6.65623     6.65623   15601.4496     4.30966      1 chain_01/itr_00128_trial_01.rho
     1      129       0.7447     36457.2890    -759.2128      6.58798     6.58798   15601.4496     4.30966      1 chain_01/itr_00129_trial_01.rho
     1      130       0.7429     38340.0296    1882.7406      6.75595     6.75595   15601.4496     4.30966      1 chain_01/itr_00130_trial_01.rho
     1      131       0.7412     37996.0960    -343.9336      6.72558     6.72558   15601.4496     4.30966      1 chain_01/itr_00131_trial_01.rho
     1      132       0.7395     37645.3819    -350.7141      6.69447     6.69447   15601.4496     4.30966      1 chain_01/itr_00132_trial_01.rho
     1      133       0.7378     37446.0958    -199.2861      6.67673     6.67673   15601.4496     4.30966      1 chain_01/itr_00133_trial_01.rho
     1      134       0.7361     38407.4141     961.3183      6.76189     6.76189   15601.4496     4.30966      1 chain_01/itr_00134_trial_01.rho
     1      135       0.7344     39562.5084    1155.0943      6.86281     6.86281   15601.4496     4.30966      1 chain_01/itr_00135_trial_01.rho
     1      136       0.7327     39653.8520      91.3437      6.87073     6.87073   15601.4496     4.30966      1 chain_01/itr_00136_trial_01.rho
     1      137       0.7311     42316.2682    2662.4161      7.09764     7.09764   15601.4496     4.30966      1 chain_01/itr_00137_trial_01.rho
     1      138       0.7294     43245.4461     929.1779      7.17514     7.17514   15601.4496     4.30966      1 chain_01/itr_00138_trial_01.rho
     1      139       0.7277     42992.2842    -253.1619      7.15411     7.15411   15601.4496     4.30966      1 chain_01/itr_00139_trial_01.rho
     1      140        0.726     41528.2096   -1464.0746      7.03124     7.03124   15601.4496     4.30966      1 chain_01/itr_00140_trial_01.rho
     1      141       0.7244     42191.4480     663.2384      7.08717     7.08717   15601.4496     4.30966      1 chain_01/itr_00141_trial_01.rho
     1      142       0.7227     43959.4180    1767.9699      7.23413     7.23413   15601.4496     4.30966      1 chain_01/itr_00142_trial_01.rho
     1      143        0.721     42622.3696   -1337.0483      7.12327     7.12327   15601.4496     4.30966      1 chain_01/itr_00143_trial_01.rho
     1      144       0.7194     43796.6387    1174.2691      7.22072     7.22072   15601.4496     4.30966      1 chain_01/itr_00144_trial_01.rho
     1      145       0.7177     44021.2791     224.6404      7.23922     7.23922   15601.4496     4.30966      1 chain_01/itr_00145_trial_01.rho
     1      146       0.7161     41731.9568   -2289.3224      7.04847     7.04847   15601.4496     4.30966      1 chain_01/itr_00146_trial_01.rho
     1      147       0.7144     43122.6189    1390.6621      7.16495     7.16495   15601.4496     4.30966      1 chain_01/itr_00147_trial_01.rho
     1      148       0.7128     44626.8596    1504.2407      7.28884     7.28884   15601.4496     4.30966      1 chain_01/itr_00148_trial_01.rho
     1      149       0.7111     44626.8596       0.0000      7.28884     7.28884   15601.4496     4.30966      0 -
     1      150       0.7095     44068.8255    -558.0341      7.24313     7.24313   15601.4496     4.30966      1 chain_01/itr_00150_trial_01.rho
     1      151       0.7079     43477.8563    -590.9692      7.19440     7.19440   15601.4496     4.30966      1 chain_01/itr_00151_trial_01.rho
     1      152       0.7062     41992.5244   -1485.3319      7.07044     7.07044   15601.4496     4.30966      1 chain_01/itr_00152_trial_01.rho
     1      153       0.7046     41927.1487     -65.3757      7.06493     7.06493   15601.4496     4.30966      1 chain_01/itr_00153_trial_01.rho
     1      154        0.703     39415.2165   -2511.9321      6.85003     6.85003   15601.4496     4.30966      1 chain_01/itr_00154_trial_01.rho
     1      155       0.7014     39238.3559    -176.8607      6.83464     6.83464   15601.4496     4.30966      1 chain_01/itr_00155_trial_01.rho
     1      156       0.6998     40811.8474    1573.4915      6.97033     6.97033   15601.4496     4.30966      1 chain_01/itr_00156_trial_01.rho
     1      157       0.6981     41506.1362     694.2889      7.02937     7.02937   15601.4496     4.30966      1 chain_01/itr_00157_trial_01.rho
     1      158       0.6965     42184.6535     678.5173      7.08659     7.08659   15601.4496     4.30966      1 chain_01/itr_00158_trial_01.rho
     1      159       0.6949     41400.8441    -783.8094      7.02045     7.02045   15601.4496     4.30966      1 chain_01/itr_00159_trial_01.rho
     1      160       0.6933     40034.2323   -1366.6118      6.90361     6.90361   15601.4496     4.30966      1 chain_01/itr_00160_trial_01.rho
     1      161       0.6917     36793.9886   -3240.2438      6.61834     6.61834   15601.4496     4.30966      1 chain_01/itr_00161_trial_01.rho
     1      162       0.6902     34988.6161   -1805.3724      6.45392     6.45392   15601.4496     4.30966      1 chain_01/itr_00162_trial_01.rho
     1      163       0.6886     35568.1921     579.5760      6.50716     6.50716   15601.4496     4.30966      1 chain_01/itr_00163_trial_01.rho
     1      164        0.687     34373.2024   -1194.9897      6.39691     6.39691   15601.4496     4.30966      1 chain_01/itr_00164_trial_01.rho
     1      165       0.6854     35772.6251    1399.4227      6.52583     6.52583   15601.4496     4.30966      1 chain_01/itr_00165_trial_01.rho
     1      166       0.6838     37073.9525    1301.3274      6.64347     6.64347   15601.4496     4.30966      1 chain_01/itr_00166_trial_01.rho
     1      167       0.6823     33850.1584   -3223.7941      6.34806     6.34806   15601.4496     4.30966      1 chain_01/itr_00167_trial_01.rho
     1      168       0.6807     33887.0793      36.9209      6.35152     6.35152   15601.4496     4.30966      1 chain_01/itr_00168_trial_01.rho
     1      169       0.6791     33259.3849    -627.6944      6.29242     6.29242   15601.4496     4.30966      1 chain_01/itr_00169_trial_01.rho
     1      170       0.6776     35790.0819    2530.6970      6.52742     6.52742   15601.4496     4.30966      1 chain_01/itr_00170_trial_01.rho
     1      171        0.676     35812.1641      22.0822      6.52944     6.52944   15601.4496     4.30966      1 chain_01/itr_00171_trial_01.rho
     1      172       0.6744     34217.5226   -1594.6415      6.38241     6.38241   15601.4496     4.30966      1 chain_01/itr_00172_trial_01.rho
     1      173       0.6729     37256.2370    3038.7144      6.65978     6.65978   15601.4496     4.30966      1 chain_01/itr_00173_trial_01.rho
     1      174       0.6713     37276.9835      20.7465      6.66163     6.66163   15601.4496     4.30966      1 chain_01/itr_00174_trial_01.rho
     1      175       0.6698     40719.9508    3442.9673      6.96248     6.96248   15601.4496     4.30966      1 chain_01/itr_00175_trial_01.rho
     1      176       0.6683     42317.1626    1597.2118      7.09772     7.09772   15601.4496     4.30966      1 chain_01/itr_00176_trial_01.rho
     1      177       0.6667     41938.6870    -378.4756      7.06590     7.06590   15601.4496     4.30966      1 chain_01/itr_00177_trial_01.rho
     1      178       0.6652     42002.5767      63.8898      7.07128     7.07128   15601.4496     4.30966      1 chain_01/itr_00178_trial_01.rho
     1      179       0.6637     39521.2801   -2481.2967      6.85924     6.85924   15601.4496     4.30966      1 chain_01/itr_00179_trial_01.rho
     1      180       0.6621     38357.9899   -1163.2902      6.75753     6.75753   15601.4496     4.30966      1 chain_01/itr_00180_trial_01.rho
     1      181       0.6606     39446.5210    1088.5311      6.85275     6.85275   15601.4496     4.30966      1 chain_01/itr_00181_trial_01.rho
     1      182       0.6591     38479.2075    -967.3135      6.76820     6.76820   15601.4496     4.30966      1 chain_01/itr_00182_trial_01.rho
     1      183       0.6576     41072.6860    2593.4785      6.99257     6.99257   15601.4496     4.30966      1 chain_01/itr_00183_trial_01.rho
     1      184       0.6561     42682.0362    1609.3503      7.12825     7.12825   15601.4496     4.30966      1 chain_01/itr_00184_trial_01.rho
     1      185       0.6545     41478.2513   -1203.7849      7.02701     7.02701   15601.4496     4.30966      1 chain_01/itr_00185_trial_01.rho
     1      186        0.653     43005.1630    1526.9116      7.15518     7.15518   15601.4496     4.30966      1 chain_01/itr_00186_trial_01.rho
     1      187       0.6515     42746.1800    -258.9829      7.13360     7.13360   15601.4496     4.30966      1 chain_01/itr_00187_trial_01.rho
     1      188         0.65     50317.2782    7571.0981      7.73961     7.73961   15601.4496     4.30966      1 chain_01/itr_00188_trial_01.rho
     1      189       0.6485     41818.4073   -8498.8709      7.05576     7.05576   15601.4496     4.30966      1 chain_01/itr_00189_trial_01.rho
     1      190        0.647     40793.7112   -1024.6960      6.96878     6.96878   15601.4496     4.30966      1 chain_01/itr_00190_trial_01.rho
     1      191       0.6456     40956.9369     163.2257      6.98271     6.98271   15601.4496     4.30966      1 chain_01/itr_00191_trial_01.rho
     1      192       0.6441     41153.2798     196.3429      6.99943     6.99943   15601.4496     4.30966      1 chain_01/itr_00192_trial_01.rho
     1      193       0.6426     39705.6573   -1447.6225      6.87522     6.87522   15601.4496     4.30966      1 chain_01/itr_00193_trial_01.rho
     1      194       0.6411     40491.9224     786.2651      6.94296     6.94296   15601.4496     4.30966      1 chain_01/itr_00194_trial_01.rho
     1      195       0.6396     39437.4644   -1054.4580      6.85196     6.85196   15601.4496     4.30966      1 chain_01/itr_00195_trial_01.rho
     1      196       0.6382     37970.1376   -1467.3268      6.72328     6.72328   15601.4496     4.30966      1 chain_01/itr_00196_trial_01.rho
     1      197       0.6367     38227.8765     257.7389      6.74606     6.74606   15601.4496     4.30966      1 chain_01/itr_00197_trial_01.rho
     1      198       0.6352     38555.7561     327.8796      6.77493     6.77493   15601.4496     4.30966      1 chain_01/itr_00198_trial_01.rho
     1      199       0.6338     38143.5735    -412.1826      6.73862     6.73862   15601.4496     4.30966      1 chain_01/itr_00199_trial_01.rho
     1      200       0.6323     39497.4601    1353.8866      6.85717     6.85717   15601.4496     4.30966      1 chain_01/itr_00200_trial_01.rho
     1      201       0.6309     38494.0209   -1003.4392      6.76951     6.76951   15601.4496     4.30966      1 chain_01/itr_00201_trial_01.rho
     1      202       0.6294     41530.8365    3036.8156      7.03146     7.03146   15601.4496     4.30966      1 chain_01/itr_00202_trial_01.rho
     1      203        0.628     41526.6894      -4.1471      7.03111     7.03111   15601.4496     4.30966      1 chain_01/itr_00203_trial_01.rho
     1      204       0.6265     45679.6868    4152.9974      7.37432     7.37432   15601.4496     4.30966      1 chain_01/itr_00204_trial_01.rho
     1      205       0.6251     46983.8434    1304.1566      7.47885     7.47885   15601.4496     4.30966      1 chain_01/itr_00205_trial_01.rho
     1      206       0.6236     47300.6367     316.7934      7.50402     7.50402   15601.4496     4.30966      1 chain_01/itr_00206_trial_01.rho
     1      207       0.6222     47823.8487     523.2119      7.54541     7.54541   15601.4496     4.30966      1 chain_01/itr_00207_trial_01.rho
     1      208       0.6208     48139.2135     315.3648      7.57024     7.57024   15601.4496     4.30966      1 chain_01/itr_00208_trial_01.rho
     1      209       0.6193     52314.4355    4175.2220      7.89171     7.89171   15601.4496     4.30966      1 chain_01/itr_00209_trial_01.rho
     1      210       0.6179     52314.4355       0.0000      7.89171     7.89171   15601.4496     4.30966      0 -
     1      211       0.6165     49070.6818   -3243.7537      7.64313     7.64313   15601.4496     4.30966      1 chain_01/itr_00211_trial_01.rho
     1      212       0.6151     48698.7836    -371.8982      7.61411     7.61411   15601.4496     4.30966      1 chain_01/itr_00212_trial_01.rho
     1      213       0.6137     49445.4143     746.6306      7.67226     7.67226   15601.4496     4.30966      1 chain_01/itr_00213_trial_01.rho
     1      214       0.6123     52302.0144    2856.6002      7.89077     7.89077   15601.4496     4.30966      1 chain_01/itr_00214_trial_01.rho
     1      215       0.6108     56770.2264    4468.2120      8.22092     8.22092   15601.4496     4.30966      1 chain_01/itr_00215_trial_01.rho
     1      216       0.6094     57890.3137    1120.0873      8.30163     8.30163   15601.4496     4.30966      1 chain_01/itr_00216_trial_01.rho
     1      217        0.608     56737.0906   -1153.2231      8.21853     8.21853   15601.4496     4.30966      1 chain_01/itr_00217_trial_01.rho
     1      218       0.6066     55333.4571   -1403.6335      8.11623     8.11623   15601.4496     4.30966      1 chain_01/itr_00218_trial_01.rho
     1      219       0.6052     55724.8252     391.3682      8.14488     8.14488   15601.4496     4.30966      1 chain_01/itr_00219_trial_01.rho
     1      220       0.6038     54001.6536   -1723.1717      8.01796     8.01796   15601.4496     4.30966      1 chain_01/itr_00220_trial_01.rho
     1      221       0.6025     53512.2022    -489.4514      7.98154     7.98154   15601.4496     4.30966      1 chain_01/itr_00221_trial_01.rho
     1      222       0.6011     52107.2509   -1404.9513      7.87607     7.87607   15601.4496     4.30966      1 chain_01/itr_00222_trial_01.rho
     1      223       0.5997     53493.1032    1385.8523      7.98012     7.98012   15601.4496     4.30966      1 chain_01/itr_00223_trial_01.rho
     1      224       0.5983     53767.3511     274.2479      8.00055     8.00055   15601.4496     4.30966      1 chain_01/itr_00224_trial_01.rho
     1      225       0.5969     58277.2695    4509.9184      8.32933     8.32933   15601.4496     4.30966      1 chain_01/itr_00225_trial_01.rho
     1      226       0.5956     59485.6587    1208.3892      8.41524     8.41524   15601.4496     4.30966      1 chain_01/itr_00226_trial_01.rho
     1      227       0.5942     57316.9771   -2168.6815      8.26042     8.26042   15601.4496     4.30966      1 chain_01/itr_00227_trial_01.rho
     1      228       0.5928     57316.9771       0.0000      8.26042     8.26042   15601.4496     4.30966      0 -
     1      229       0.5915     56497.9252    -819.0519      8.20118     8.20118   15601.4496     4.30966      1 chain_01/itr_00229_trial_01.rho
     1      230       0.5901     61082.7976    4584.8724      8.52746     8.52746   15601.4496     4.30966      1 chain_01/itr_00230_trial_01.rho
     1      231       0.5887     66184.0550    5101.2574      8.87640     8.87640   15601.4496     4.30966      1 chain_01/itr_00231_trial_01.rho
     1      232       0.5874     72069.5243    5885.4693      9.26267     9.26267   15601.4496     4.30966      1 chain_01/itr_00232_trial_01.rho
     1      233        0.586     69747.6735   -2321.8508      9.11224     9.11224   15601.4496     4.30966      1 chain_01/itr_00233_trial_01.rho
     1      234       0.5847     64939.1803   -4808.4932      8.79253     8.79253   15601.4496     4.30966      1 chain_01/itr_00234_trial_01.rho
     1      235       0.5833     63955.1021    -984.0781      8.72565     8.72565   15601.4496     4.30966      1 chain_01/itr_00235_trial_01.rho
     1      236        0.582     62012.9075   -1942.1947      8.59214     8.59214   15601.4496     4.30966      1 chain_01/itr_00236_trial_01.rho
     1      237       0.5807     61339.5265    -673.3810      8.54536     8.54536   15601.4496     4.30966      1 chain_01/itr_00237_trial_01.rho
     1      238       0.5793     62776.8032    1437.2767      8.64490     8.64490   15601.4496     4.30966      1 chain_01/itr_00238_trial_01.rho
     1      239        0.578     60794.3623   -1982.4408      8.50731     8.50731   15601.4496     4.30966      1 chain_01/itr_00239_trial_01.rho
     1      240       0.5767     58495.0105   -2299.3518      8.34487     8.34487   15601.4496     4.30966      1 chain_01/itr_00240_trial_01.rho
     1      241       0.5753     56645.4284   -1849.5822      8.21188     8.21188   15601.4496     4.30966      1 chain_01/itr_00241_trial_01.rho
     1      242        0.574     57715.0607    1069.6323      8.28905     8.28905   15601.4496     4.30966      1 chain_01/itr_00242_trial_01.rho
     1      243       0.5727     57715.0607       0.0000      8.28905     8.28905   15601.4496     4.30966      0 -
     1      244       0.5714     53696.5437   -4018.5170      7.99528     7.99528   15601.4496     4.30966      1 chain_01/itr_00244_trial_01.rho
     1      245       0.5701     52997.0703    -699.4734      7.94303     7.94303   15601.4496     4.30966      1 chain_01/itr_00245_trial_01.rho
     1      246       0.5687     52997.0703       0.0000      7.94303     7.94303   15601.4496     4.30966      0 -
     1      247       0.5674     49078.9933   -3918.0770      7.64378     7.64378   15601.4496     4.30966      1 chain_01/itr_00247_trial_01.rho
     1      248       0.5661     49078.9933       0.0000      7.64378     7.64378   15601.4496     4.30966      0 -
     1      249       0.5648     51631.0745    2552.0812      7.84000     7.84000   15601.4496     4.30966      1 chain_01/itr_00249_trial_01.rho
     1      250       0.5635     58637.8655    7006.7909      8.35506     8.35506   15601.4496     4.30966      1 chain_01/itr_00250_trial_01.rho
     1      251       0.5622     56793.3778   -1844.4877      8.22260     8.22260   15601.4496     4.30966      1 chain_01/itr_00251_trial_01.rho
     1      252       0.5609     61341.2897    4547.9119      8.54549     8.54549   15601.4496     4.30966      1 chain_01/itr_00252_trial_01.rho
     1      253       0.5596     61806.3549     465.0652      8.57782     8.57782   15601.4496     4.30966      1 chain_01/itr_00253_trial_01.rho
     1      254       0.5584     64075.1932    2268.8382      8.73384     8.73384   15601.4496     4.30966      1 chain_01/itr_00254_trial_01.rho
     1      255       0.5571     64714.0647     638.8715      8.77727     8.77727   15601.4496     4.30966      1 chain_01/itr_00255_trial_01.rho
     1      256       0.5558     66834.7202    2120.6555      8.91993     8.91993   15601.4496     4.30966      1 chain_01/itr_00256_trial_01.rho
     1      257       0.5545     71230.6406    4395.9203      9.20860     9.20860   15601.4496     4.30966      1 chain_01/itr_00257_trial_01.rho
     1      258       0.5532     67549.8805   -3680.7600      8.96753     8.96753   15601.4496     4.30966      1 chain_01/itr_00258_trial_01.rho
     1      259        0.552     72320.7263    4770.8458      9.27880     9.27880   15601.4496     4.30966      1 chain_01/itr_00259_trial_01.rho
     1      260       0.5507     64377.9719   -7942.7544      8.75445     8.75445   15601.4496     4.30966      1 chain_01/itr_00260_trial_01.rho
     1      261       0.5494     64792.6128     414.6409      8.78260     8.78260   15601.4496     4.30966      1 chain_01/itr_00261_trial_01.rho
     1      262       0.5482     64057.5775    -735.0353      8.73264     8.73264   15601.4496     4.30966      1 chain_01/itr_00262_trial_01.rho
     1      263       0.5469     68493.5471    4435.9696      9.02995     9.02995   15601.4496     4.30966      1 chain_01/itr_00263_trial_01.rho
     1      264       0.5456     68493.5471       0.0000      9.02995     9.02995   15601.4496     4.30966      0 -
     1      265       0.5444     60158.7023   -8334.8447      8.46271     8.46271   15601.4496     4.30966      1 chain_01/itr_00265_trial_01.rho
     1      266       0.5431     63738.5205    3579.8182      8.71087     8.71087   15601.4496     4.30966      1 chain_01/itr_00266_trial_01.rho
     1      267       0.5419     64141.1795     402.6590      8.73834     8.73834   15601.4496     4.30966      1 chain_01/itr_00267_trial_01.rho
     1      268       0.5406     65567.7312    1426.5517      8.83498     8.83498   15601.4496     4.30966      1 chain_01/itr_00268_trial_01.rho
     1      269       0.5394     65567.7312       0.0000      8.83498     8.83498   15601.4496     4.30966      0 -
     1      270       0.5382     69127.0906    3559.3594      9.07161     9.07161   15601.4496     4.30966      1 chain_01/itr_00270_trial_01.rho
     1      271       0.5369     77687.4664    8560.3758      9.61692     9.61692   15601.4496     4.30966      1 chain_01/itr_00271_trial_01.rho
     1      272       0.5357     77078.7405    -608.7258      9.57917     9.57917   15601.4496     4.30966      1 chain_01/itr_00272_trial_01.rho
     1      273       0.5345     71591.0474   -5487.6932      9.23187     9.23187   15601.4496     4.30966      1 chain_01/itr_00273_trial_01.rho
     1      274       0.5332     73333.3156    1742.2682      9.34353     9.34353   15601.4496     4.30966      1 chain_01/itr_00274_trial_01.rho
     1      275        0.532     75684.6664    2351.3509      9.49214     9.49214   15601.4496     4.30966      1 chain_01/itr_00275_trial_01.rho
     1      276       0.5308     68863.2903   -6821.3761      9.05429     9.05429   15601.4496     4.30966      1 chain_01/itr_00276_trial_01.rho
     1      277       0.5296     69176.0399     312.7495      9.07482     9.07482   15601.4496     4.30966      1 chain_01/itr_00277_trial_01.rho
     1      278       0.5283     67828.4835   -1347.5564      8.98600     8.98600   15601.4496     4.30966      1 chain_01/itr_00278_trial_01.rho
     1      279       0.5271     67828.4835       0.0000      8.98600     8.98600   15601.4496     4.30966      0 -
     1      280       0.5259     66971.4516    -857.0320      8.92905     8.92905   15601.4496     4.30966      1 chain_01/itr_00280_trial_01.rho
     1      281       0.5247     62961.2692   -4010.1823      8.65759     8.65759   15601.4496     4.30966      1 chain_01/itr_00281_trial_01.rho
     1      282       0.5235     63460.1981     498.9289      8.69183     8.69183   15601.4496     4.30966      1 chain_01/itr_00282_trial_01.rho
     1      283       0.5223     58263.7060   -5196.4921      8.32836     8.32836   15601.4496     4.30966      1 chain_01/itr_00283_trial_01.rho
     1      284       0.5211     54625.8953   -3637.8107      8.06417     8.06417   15601.4496     4.30966      1 chain_01/itr_00284_trial_01.rho
     1      285       0.5199     56104.6155    1478.7202      8.17259     8.17259   15601.4496     4.30966      1 chain_01/itr_00285_trial_01.rho
     1      286       0.5187     56104.6155       0.0000      8.17259     8.17259   15601.4496     4.30966      0 -
     1      287       0.5175     64870.7318    8766.1163      8.78789     8.78789   15601.4496     4.30966      1 chain_01/itr_00287_trial_01.rho
     1      288       0.5163     63889.6205    -981.1113      8.72119     8.72119   15601.4496     4.30966      1 chain_01/itr_00288_trial_01.rho
     1      289       0.5151     73400.4575    9510.8370      9.34781     9.34781   15601.4496     4.30966      1 chain_01/itr_00289_trial_01.rho
     1      290       0.5139     64755.8384   -8644.6191      8.78011     8.78011   15601.4496     4.30966      1 chain_01/itr_00290_trial_01.rho
     1      291       0.5127     64755.8384       0.0000      8.78011     8.78011   15601.4496     4.30966      0 -
     1      292       0.5116     67565.5442    2809.7058      8.96857     8.96857   15601.4496     4.30966      1 chain_01/itr_00292_trial_01.rho
     1      293       0.5104     66632.4402    -933.1040      8.90642     8.90642   15601.4496     4.30966      1 chain_01/itr_00293_trial_01.rho
     1      294       0.5092     60087.3077   -6545.1324      8.45769     8.45769   15601.4496     4.30966      1 chain_01/itr_00294_trial_01.rho
     1      295        0.508     58979.3196   -1107.9882      8.37935     8.37935   15601.4496     4.30966      1 chain_01/itr_00295_trial_01.rho
     1      296       0.5069     58426.4092    -552.9104      8.33998     8.33998   15601.4496     4.30966      1 chain_01/itr_00296_trial_01.rho
     1      297       0.5057     58634.5876     208.1784      8.35482     8.35482   15601.4496     4.30966      1 chain_01/itr_00297_trial_01.rho
     1      298       0.5045     55177.3954   -3457.1922      8.10477     8.10477   15601.4496     4.30966      1 chain_01/itr_00298_trial_01.rho
     1      299       0.5034     53748.5916   -1428.8037      7.99915     7.99915   15601.4496     4.30966      1 chain_01/itr_00299_trial_01.rho
     1      300       0.5022     53710.9484     -37.6432      7.99635     7.99635   15601.4496     4.30966      1 chain_01/itr_00300_trial_01.rho
     1      301       0.5011     58492.2125    4781.2640      8.34467     8.34467   15601.4496     4.30966      1 chain_01/itr_00301_trial_01.rho
     1      302       0.4999     62779.2526    4287.0401      8.64507     8.64507   15601.4496     4.30966      1 chain_01/itr_00302_trial_01.rho
     1      303       0.4988     61464.3624   -1314.8902      8.55406     8.55406   15601.4496     4.30966      1 chain_01/itr_00303_trial_01.rho
     1      304       0.4976     60423.5789   -1040.7835      8.48132     8.48132   15601.4496     4.30966      1 chain_01/itr_00304_trial_01.rho
     1      305       0.4965     58568.2542   -1855.3248      8.35010     8.35010   15601.4496     4.30966      1 chain_01/itr_00305_trial_01.rho
     1      306       0.4953     62784.4150    4216.1608      8.64542     8.64542   15601.4496     4.30966      1 chain_01/itr_00306_trial_01.rho
     1      307       0.4942     76243.1299   13458.7150      9.52710     9.52710   15601.4496     4.30966      1 chain_01/itr_00307_trial_01.rho
     1      308       0.4931     69862.8268   -6380.3031      9.11976     9.11976   15601.4496     4.30966      1 chain_01/itr_00308_trial_01.rho
     1      309       0.4919     62476.7589   -7386.0679      8.62422     8.62422   15601.4496     4.30966      1 chain_01/itr_00309_trial_01.rho
     1      310       0.4908     64738.9318    2262.1729      8.77896     8.77896   15601.4496     4.30966      1 chain_01/itr_00310_trial_01.rho
     1      311       0.4897     64738.9318       0.0000      8.77896     8.77896   15601.4496     4.30966      0 -
     1      312       0.4885     67117.4824    2378.5506      8.93878     8.93878   15601.4496     4.30966      1 chain_01/itr_00312_trial_01.rho
     1      313       0.4874     72349.8583    5232.3759      9.28067     9.28067   15601.4496     4.30966      1 chain_01/itr_00313_trial_01.rho
     1      314       0.4863     61280.4020  -11069.4562      8.54124     8.54124   15601.4496     4.30966      1 chain_01/itr_00314_trial_01.rho
     1      315       0.4852     66693.4422    5413.0402      8.91050     8.91050   15601.4496     4.30966      1 chain_01/itr_00315_trial_01.rho
     1      316       0.4841     79511.7054   12818.2632      9.72917     9.72917   15601.4496     4.30966      1 chain_01/itr_00316_trial_01.rho
     1      317       0.4829     83040.1840    3528.4787      9.94270     9.94270   15601.4496     4.30966      1 chain_01/itr_00317_trial_01.rho
     1      318       0.4818     83040.1840       0.0000      9.94270     9.94270   15601.4496     4.30966      0 -
     1      319       0.4807     79538.0817   -3502.1024      9.73079     9.73079   15601.4496     4.30966      1 chain_01/itr_00319_trial_01.rho
     1      320       0.4796     76422.0544   -3116.0273      9.53827     9.53827   15601.4496     4.30966      1 chain_01/itr_00320_trial_01.rho
     1      321       0.4785     79729.2403    3307.1859      9.74247     9.74247   15601.4496     4.30966      1 chain_01/itr_00321_trial_01.rho
     1      322       0.4774     68349.5005  -11379.7398      9.02045     9.02045   15601.4496     4.30966      1 chain_01/itr_00322_trial_01.rho
     1      323       0.4763     75152.9531    6803.4526      9.45874     9.45874   15601.4496     4.30966      1 chain_01/itr_00323_trial_01.rho
     1      324       0.4752     73274.0228   -1878.9303      9.33975     9.33975   15601.4496     4.30966      1 chain_01/itr_00324_trial_01.rho
     1      325       0.4741     73274.0228       0.0000      9.33975     9.33975   15601.4496     4.30966      0 -
     1      326        0.473     73984.5518     710.5290      9.38493     9.38493   15601.4496     4.30966      1 chain_01/itr_00326_trial_01.rho
     1      327       0.4719     78907.9020    4923.3503      9.69216     9.69216   15601.4496     4.30966      1 chain_01/itr_00327_trial_01.rho
     1      328       0.4709     81857.8863    2949.9842      9.87167     9.87167   15601.4496     4.30966      1 chain_01/itr_00328_trial_01.rho
     1      329       0.4698     75938.4820   -5919.4043      9.50805     9.50805   15601.4496     4.30966      1 chain_01/itr_00329_trial_01.rho
     1      330       0.4687     77301.8405    1363.3585      9.59302     9.59302   15601.4496     4.30966      1 chain_01/itr_00330_trial_01.rho
     1      331       0.4676     73254.3685   -4047.4720      9.33850     9.33850   15601.4496     4.30966      1 chain_01/itr_00331_trial_01.rho
     1      332       0.4665     74540.8014    1286.4329      9.42014     9.42014   15601.4496     4.30966      1 chain_01/itr_00332_trial_01.rho
     1      333       0.4655     67454.4905   -7086.3109      8.96119     8.96119   15601.4496     4.30966      1 chain_01/itr_00333_trial_01.rho
     1      334       0.4644     65832.1791   -1622.3114      8.85278     8.85278   15601.4496     4.30966      1 chain_01/itr_00334_trial_01.rho
     1      335       0.4633     57057.2531   -8774.9260      8.24168     8.24168   15601.4496     4.30966      1 chain_01/itr_00335_trial_01.rho
     1      336       0.4623     52791.9136   -4265.3395      7.92764     7.92764   15601.4496     4.30966      1 chain_01/itr_00336_trial_01.rho
     1      337       0.4612     45719.6692   -7072.2445      7.37755     7.37755   15601.4496     4.30966      1 chain_01/itr_00337_trial_01.rho
     1      338       0.4601     44119.8593   -1599.8099      7.24732     7.24732   15601.4496     4.30966      1 chain_01/itr_00338_trial_01.rho
     1      339       0.4591     41995.5701   -2124.2892      7.07069     7.07069   15601.4496     4.30966      1 chain_01/itr_00339_trial_01.rho
     1      340        0.458     43843.5448    1847.9746      7.22459     7.22459   15601.4496     4.30966      1 chain_01/itr_00340_trial_01.rho
     1      341        0.457     46721.2899    2877.7451      7.45792     7.45792   15601.4496     4.30966      1 chain_01/itr_00341_trial_01.rho
     1      342       0.4559     44110.6108   -2610.6791      7.24656     7.24656   15601.4496     4.30966      1 chain_01/itr_00342_trial_01.rho
     1      343       0.4549     45957.3847    1846.7739      7.39670     7.39670   15601.4496     4.30966      1 chain_01/itr_00343_trial_01.rho
     1      344       0.4538     44112.3111   -1845.0735      7.24670     7.24670   15601.4496     4.30966      1 chain_01/itr_00344_trial_01.rho
     1      345       0.4528     44310.5792     198.2681      7.26297     7.26297   15601.4496     4.30966      1 chain_01/itr_00345_trial_01.rho
     1      346       0.4517     45894.0973    1583.5180      7.39161     7.39161   15601.4496     4.30966      1 chain_01/itr_00346_trial_01.rho
     1      347       0.4507     45889.2069      -4.8904      7.39121     7.39121   15601.4496     4.30966      1 chain_01/itr_00347_trial_01.rho
     1      348       0.4497     45252.8955    -636.3114      7.33979     7.33979   15601.4496     4.30966      1 chain_01/itr_00348_trial_01.rho
     1      349       0.4486     41713.7046   -3539.1910      7.04693     7.04693   15601.4496     4.30966      1 chain_01/itr_00349_trial_01.rho
     1      350       0.4476     41808.9703      95.2657      7.05497     7.05497   15601.4496     4.30966      1 chain_01/itr_00350_trial_01.rho
     1      351       0.4466     41255.9347    -553.0356      7.00815     7.00815   15601.4496     4.30966      1 chain_01/itr_00351_trial_01.rho
     1      352       0.4455     40068.1150   -1187.8196      6.90653     6.90653   15601.4496     4.30966      1 chain_01/itr_00352_trial_01.rho
     1      353       0.4445     38645.0450   -1423.0700      6.78277     6.78277   15601.4496     4.30966      1 chain_01/itr_00353_trial_01.rho
     1      354       0.4435     40811.2161    2166.1711      6.97028     6.97028   15601.4496     4.30966      1 chain_01/itr_00354_trial_01.rho
     1      355       0.4425     40949.8278     138.6117      6.98211     6.98211   15601.4496     4.30966      1 chain_01/itr_00355_trial_01.rho
     1      356       0.4415     41195.4671     245.6393      7.00302     7.00302   15601.4496     4.30966      1 chain_01/itr_00356_trial_01.rho
     1      357       0.4404     41195.4671       0.0000      7.00302     7.00302   15601.4496     4.30966      0 -
     1      358       0.4394     43138.0125    1942.5455      7.16622     7.16622   15601.4496     4.30966      1 chain_01/itr_00358_trial_01.rho
     1      359       0.4384     43071.8722     -66.1403      7.16073     7.16073   15601.4496     4.30966      1 chain_01/itr_00359_trial_01.rho
     1      360       0.4374     43071.8722       0.0000      7.16073     7.16073   15601.4496     4.30966      0 -
     1      361       0.4364     45286.1889    2214.3167      7.34249     7.34249   15601.4496     4.30966      1 chain_01/itr_00361_trial_01.rho
     1      362       0.4354     49914.4310    4628.2421      7.70856     7.70856   15601.4496     4.30966      1 chain_01/itr_00362_trial_01.rho
     1      363       0.4344     48719.8551   -1194.5759      7.61576     7.61576   15601.4496     4.30966      1 chain_01/itr_00363_trial_01.rho
     1      364       0.4334     48085.5888    -634.2662      7.56603     7.56603   15601.4496     4.30966      1 chain_01/itr_00364_trial_01.rho
     1      365       0.4324     44070.1627   -4015.4261      7.24324     7.24324   15601.4496     4.30966      1 chain_01/itr_00365_trial_01.rho
     1      366       0.4314     44806.7395     736.5768      7.30352     7.30352   15601.4496     4.30966      1 chain_01/itr_00366_trial_01.rho
     1      367       0.4304     43601.7943   -1204.9452      7.20464     7.20464   15601.4496     4.30966      1 chain_01/itr_00367_trial_01.rho
     1      368       0.4294     45857.7390    2255.9447      7.38868     7.38868   15601.4496     4.30966      1 chain_01/itr_00368_trial_01.rho
     1      369       0.4284     46647.0255     789.2865      7.45199     7.45199   15601.4496     4.30966      1 chain_01/itr_00369_trial_01.rho
     1      370       0.4274     49817.0609    3170.0354      7.70104     7.70104   15601.4496     4.30966      1 chain_01/itr_00370_trial_01.rho
     1      371       0.4265     51045.9276    1228.8667      7.79544     7.79544   15601.4496     4.30966      1 chain_01/itr_00371_trial_01.rho
     1      372       0.4255     53240.8202    2194.8926      7.96128     7.96128   15601.4496     4.30966      1 chain_01/itr_00372_trial_01.rho
     1      373       0.4245     51338.5259   -1902.2943      7.81775     7.81775   15601.4496     4.30966      1 chain_01/itr_00373_trial_01.rho
     1      374       0.4235     52884.7611    1546.2352      7.93461     7.93461   15601.4496     4.30966      1 chain_01/itr_00374_trial_01.rho
     1      375       0.4225     56288.5748    3403.8137      8.18598     8.18598   15601.4496     4.30966      1 chain_01/itr_00375_trial_01.rho
     1      376       0.4216     57352.0149    1063.4402      8.26294     8.26294   15601.4496     4.30966      1 chain_01/itr_00376_trial_01.rho
     1      377       0.4206     55020.1303   -2331.8846      8.09322     8.09322   15601.4496     4.30966      1 chain_01/itr_00377_trial_01.rho
     1      378       0.4196     57166.0569    2145.9266      8.24954     8.24954   15601.4496     4.30966      1 chain_01/itr_00378_trial_01.rho
     1      379       0.4187     57498.1973     332.1404      8.27347     8.27347   15601.4496     4.30966      1 chain_01/itr_00379_trial_01.rho
     1      380       0.4177     64010.1131    6511.9158      8.72941     8.72941   15601.4496     4.30966      1 chain_01/itr_00380_trial_01.rho
     1      381       0.4167     66629.9504    2619.8373      8.90625     8.90625   15601.4496     4.30966      1 chain_01/itr_00381_trial_01.rho
     1      382       0.4158     65467.6855   -1162.2650      8.82823     8.82823   15601.4496     4.30966      1 chain_01/itr_00382_trial_01.rho
     1      383       0.4148     66536.6279    1068.9424      8.90002     8.90002   15601.4496     4.30966      1 chain_01/itr_00383_trial_01.rho
     1      384       0.4139     66536.6279       0.0000      8.90002     8.90002   15601.4496     4.30966      0 -
     1      385       0.4129     65356.0680   -1180.5599      8.82071     8.82071   15601.4496     4.30966      1 chain_01/itr_00385_trial_01.rho
     1      386        0.412     62194.2179   -3161.8500      8.60469     8.60469   15601.4496     4.30966      1 chain_01/itr_00386_trial_01.rho
     1      387        0.411     62393.5060     199.2881      8.61847     8.61847   15601.4496     4.30966      1 chain_01/itr_00387_trial_01.rho
     1      388       0.4101     62393.5060       0.0000      8.61847     8.61847   15601.4496     4.30966      0 -
     1      389       0.4091     70649.1223    8255.6163      9.17094     9.17094   15601.4496     4.30966      1 chain_01/itr_00389_trial_01.rho
     1      390       0.4082     75399.4360    4750.3137      9.47424     9.47424   15601.4496     4.30966      1 chain_01/itr_00390_trial_01.rho
     1      391       0.4073     73321.8722   -2077.5638      9.34280     9.34280   15601.4496     4.30966      1 chain_01/itr_00391_trial_01.rho
     1      392       0.4063     77710.6794    4388.8072      9.61835     9.61835   15601.4496     4.30966      1 chain_01/itr_00392_trial_01.rho
     1      393       0.4054     70355.8821   -7354.7973      9.15189     9.15189   15601.4496     4.30966      1 chain_01/itr_00393_trial_01.rho
     1      394       0.4045     69287.1891   -1068.6930      9.08211     9.08211   15601.4496     4.30966      1 chain_01/itr_00394_trial_01.rho
     1      395       0.4035     66364.8325   -2922.3566      8.88852     8.88852   15601.4496     4.30966      1 chain_01/itr_00395_trial_01.rho
     1      396       0.4026     69855.8981    3491.0656      9.11931     9.11931   15601.4496     4.30966      1 chain_01/itr_00396_trial_01.rho
     1      397       0.4017     69448.0121    -407.8860      9.09265     9.09265   15601.4496     4.30966      1 chain_01/itr_00397_trial_01.rho
     1      398       0.4007     64424.9198   -5023.0922      8.75764     8.75764   15601.4496     4.30966      1 chain_01/itr_00398_trial_01.rho
     1      399       0.3998     61015.3087   -3409.6112      8.52275     8.52275   15601.4496     4.30966      1 chain_01/itr_00399_trial_01.rho
     1      400       0.3989     62101.2672    1085.9585      8.59826     8.59826   15601.4496     4.30966      1 chain_01/itr_00400_trial_01.rho
     1      401        0.398     65163.5132    3062.2460      8.80770     8.80770   15601.4496     4.30966      1 chain_01/itr_00401_trial_01.rho
     1      402       0.3971     64934.4894    -229.0238      8.79221     8.79221   15601.4496     4.30966      1 chain_01/itr_00402_trial_01.rho
     1      403       0.3962     64934.4894       0.0000      8.79221     8.79221   15601.4496     4.30966      0 -
     1      404       0.3952     64240.5865    -693.9029      8.74511     8.74511   15601.4496     4.30966      1 chain_01/itr_00404_trial_01.rho
     1      405       0.3943     67584.1146    3343.5281      8.96980     8.96980   15601.4496     4.30966      1 chain_01/itr_00405_trial_01.rho
     1      406       0.3934     73389.8750    5805.7604      9.34713     9.34713   15601.4496     4.30966      1 chain_01/itr_00406_trial_01.rho
     1      407       0.3925     71518.0530   -1871.8220      9.22716     9.22716   15601.4496     4.30966      1 chain_01/itr_00407_trial_01.rho
     1      408       0.3916     67566.4063   -3951.6467      8.96862     8.96862   15601.4496     4.30966      1 chain_01/itr_00408_trial_01.rho
     1      409       0.3907     67566.4063       0.0000      8.96862     8.96862   15601.4496     4.30966      0 -
     1      410       0.3898     67566.4063       0.0000      8.96862     8.96862   15601.4496     4.30966      0 -
     1      411       0.3889     71066.5500    3500.1436      9.19799     9.19799   15601.4496     4.30966      1 chain_01/itr_00411_trial_01.rho
     1      412        0.388     69152.4098   -1914.1401      9.07327     9.07327   15601.4496     4.30966      1 chain_01/itr_00412_trial_01.rho
     1      413       0.3871     74236.0360    5083.6262      9.40086     9.40086   15601.4496     4.30966      1 chain_01/itr_00413_trial_01.rho
     1      414       0.3862     74236.0360       0.0000      9.40086     9.40086   15601.4496     4.30966      0 -
     1      415       0.3854     71368.8502   -2867.1858      9.21753     9.21753   15601.4496     4.30966      1 chain_01/itr_00415_trial_01.rho
     1      416       0.3845     71354.3824     -14.4678      9.21660     9.21660   15601.4496     4.30966      1 chain_01/itr_00416_trial_01.rho
     1      417       0.3836     64152.9815   -7201.4009      8.73914     8.73914   15601.4496     4.30966      1 chain_01/itr_00417_trial_01.rho
     1      418       0.3827     75825.0838   11672.1023      9.50095     9.50095   15601.4496     4.30966      1 chain_01/itr_00418_trial_01.rho
     1      419       0.3818     85313.4562    9488.3724     10.07788    10.07788   15601.4496     4.30966      1 chain_01/itr_00419_trial_01.rho
     1      420       0.3809     78194.8276   -7118.6286      9.64827     9.64827   15601.4496     4.30966      1 chain_01/itr_00420_trial_01.rho
     1      421       0.3801     75898.8746   -2295.9530      9.50557     9.50557   15601.4496     4.30966      1 chain_01/itr_00421_trial_01.rho
     1      422       0.3792     69867.4850   -6031.3896      9.12006     9.12006   15601.4496     4.30966      1 chain_01/itr_00422_trial_01.rho
     1      423       0.3783     67043.1043   -2824.3808      8.93382     8.93382   15601.4496     4.30966      1 chain_01/itr_00423_trial_01.rho
     1      424       0.3774     65982.5846   -1060.5196      8.86288     8.86288   15601.4496     4.30966      1 chain_01/itr_00424_trial_01.rho
     1      425       0.3766     67822.9020    1840.3174      8.98563     8.98563   15601.4496     4.30966      1 chain_01/itr_00425_trial_01.rho
     1      426       0.3757     62864.9417   -4957.9604      8.65097     8.65097   15601.4496     4.30966      1 chain_01/itr_00426_trial_01.rho
     1      427       0.3749     53176.7469   -9688.1948      7.95648     7.95648   15601.4496     4.30966      1 chain_01/itr_00427_trial_01.rho
     1      428        0.374     50112.2485   -3064.4984      7.72382     7.72382   15601.4496     4.30966      1 chain_01/itr_00428_trial_01.rho
     1      429       0.3731     48752.5638   -1359.6847      7.61832     7.61832   15601.4496     4.30966      1 chain_01/itr_00429_trial_01.rho
     1      430       0.3723     49007.7379     255.1741      7.63823     7.63823   15601.4496     4.30966      1 chain_01/itr_00430_trial_01.rho
     1      431       0.3714     46760.8172   -2246.9206      7.46107     7.46107   15601.4496     4.30966      1 chain_01/itr_00431_trial_01.rho
     1      432       0.3706     46053.1679    -707.6493      7.40440     7.40440   15601.4496     4.30966      1 chain_01/itr_00432_trial_01.rho
     1      433       0.3697     45360.2479    -692.9201      7.34849     7.34849   15601.4496     4.30966      1 chain_01/itr_00433_trial_01.rho
     1      434       0.3689     45360.2479       0.0000      7.34849     7.34849   15601.4496     4.30966      0 -
     1      435        0.368     46337.4163     977.1684      7.42722     7.42722   15601.4496     4.30966      1 chain_01/itr_00435_trial_01.rho
     1      436       0.3672     44447.0812   -1890.3351      7.27415     7.27415   15601.4496     4.30966      1 chain_01/itr_00436_trial_01.rho
     1      437       0.3663     45365.8546     918.7734      7.34894     7.34894   15601.4496     4.30966      1 chain_01/itr_00437_trial_01.rho
     1      438       0.3655     45528.7952     162.9406      7.36213     7.36213   15601.4496     4.30966      1 chain_01/itr_00438_trial_01.rho
     1      439       0.3646     50653.0936    5124.2984      7.76539     7.76539   15601.4496     4.30966      1 chain_01/itr_00439_trial_01.rho
     1      440       0.3638     50673.4463      20.3527      7.76695     7.76695   15601.4496     4.30966      1 chain_01/itr_00440_trial_01.rho
     1      441        0.363     46991.4413   -3682.0050      7.47945     7.47945   15601.4496     4.30966      1 chain_01/itr_00441_trial_01.rho
     1      442       0.3621     46991.4413       0.0000      7.47945     7.47945   15601.4496     4.30966      0 -
     1      443       0.3613     47911.9295     920.4882      7.55235     7.55235   15601.4496     4.30966      1 chain_01/itr_00443_trial_01.rho
     1      444       0.3605     47934.8133      22.8839      7.55415     7.55415   15601.4496     4.30966      1 chain_01/itr_00444_trial_01.rho
     1      445       0.3596     51556.9523    3622.1389      7.83437     7.83437   15601.4496     4.30966      1 chain_01/itr_00445_trial_01.rho
     1      446       0.3588     51556.9523       0.0000      7.83437     7.83437   15601.4496     4.30966      0 -
     1      447        0.358     51556.9523       0.0000      7.83437     7.83437   15601.4496     4.30966      0 -
     1      448       0.3572     52067.4898     510.5376      7.87306     7.87306   15601.4496     4.30966      1 chain_01/itr_00448_trial_01.rho
     1      449       0.3563     58492.6333    6425.1435      8.34470     8.34470   15601.4496     4.30966      1 chain_01/itr_00449_trial_01.rho
     1      450       0.3555     58492.6333       0.0000      8.34470     8.34470   15601.4496     4.30966      0 -
     1      451       0.3547     68813.5574   10320.9240      9.05102     9.05102   15601.4496     4.30966      1 chain_01/itr_00451_trial_01.rho
     1      452       0.3539     65543.7293   -3269.8280      8.83336     8.83336   15601.4496     4.30966      1 chain_01/itr_00452_trial_01.rho
     1      453       0.3531     68196.2120    2652.4827      9.01033     9.01033   15601.4496     4.30966      1 chain_01/itr_00453_trial_01.rho
     1      454       0.3522     67053.2440   -1142.9680      8.93450     8.93450   15601.4496     4.30966      1 chain_01/itr_00454_trial_01.rho
     1      455       0.3514     65222.3673   -1830.8767      8.81168     8.81168   15601.4496     4.30966      1 chain_01/itr_00455_trial_01.rho
     1      456       0.3506     65222.3673       0.0000      8.81168     8.81168   15601.4496     4.30966      0 -
     1      457       0.3498     69482.2745    4259.9072      9.09489     9.09489   15601.4496     4.30966      1 chain_01/itr_00457_trial_01.rho
     1      458        0.349     69482.2745       0.0000      9.09489     9.09489   15601.4496     4.30966      0 -
     1      459       0.3482     70176.1650     693.8905      9.14019     9.14019   15601.4496     4.30966      1 chain_01/itr_00459_trial_01.rho
     1      460       0.3474     78205.8441    8029.6791      9.64895     9.64895   15601.4496     4.30966      1 chain_01/itr_00460_trial_01.rho
     1      461       0.3466     78081.3635    -124.4806      9.64127     9.64127   15601.4496     4.30966      1 chain_01/itr_00461_trial_01.rho
     1      462       0.3458     85709.3745    7628.0109     10.10124    10.10124   15601.4496     4.30966      1 chain_01/itr_00462_trial_01.rho
     1      463        0.345     78444.3367   -7265.0378      9.66365     9.66365   15601.4496     4.30966      1 chain_01/itr_00463_trial_01.rho
     1      464       0.3442     75603.7774   -2840.5593      9.48707     9.48707   15601.4496     4.30966      1 chain_01/itr_00464_trial_01.rho
     1      465       0.3434     78418.1919    2814.4146      9.66204     9.66204   15601.4496     4.30966      1 chain_01/itr_00465_trial_01.rho
     1      466       0.3426     78418.1919       0.0000      9.66204     9.66204   15601.4496     4.30966      0 -
     1      467       0.3419     76339.1050   -2079.0869      9.53309     9.53309   15601.4496     4.30966      1 chain_01/itr_00467_trial_01.rho
     1      468       0.3411     78737.7448    2398.6398      9.68170     9.68170   15601.4496     4.30966      1 chain_01/itr_00468_trial_01.rho
     1      469       0.3403     77797.0652    -940.6795      9.62370     9.62370   15601.4496     4.30966      1 chain_01/itr_00469_trial_01.rho
     1      470       0.3395     81337.2984    3540.2331      9.84023     9.84023   15601.4496     4.30966      1 chain_01/itr_00470_trial_01.rho
     1      471       0.3387     87148.0219    5810.7235     10.18566    10.18566   15601.4496     4.30966      1 chain_01/itr_00471_trial_01.rho
     1      472       0.3379    100485.5228   13337.5009     10.93735    10.93735   15601.4496     4.30966      1 chain_01/itr_00472_trial_01.rho
     1      473       0.3372     86618.4657  -13867.0572     10.15466    10.15466   15601.4496     4.30966      1 chain_01/itr_00473_trial_01.rho
     1      474       0.3364     95757.3932    9138.9275     10.67693    10.67693   15601.4496     4.30966      1 chain_01/itr_00474_trial_01.rho
     1      475       0.3356     97386.9503    1629.5571     10.76740    10.76740   15601.4496     4.30966      1 chain_01/itr_00475_trial_01.rho
     1      476       0.3348     96551.9768    -834.9735     10.72114    10.72114   15601.4496     4.30966      1 chain_01/itr_00476_trial_01.rho
     1      477       0.3341    141205.4294   44653.4527     12.96540    12.96540   15601.4496     4.30966      1 chain_01/itr_00477_trial_01.rho
     1      478       0.3333    145677.6995    4472.2700     13.16912    13.16912   15601.4496     4.30966      1 chain_01/itr_00478_trial_01.rho
     1      479       0.3325    134467.8373  -11209.8622     12.65230    12.65230   15601.4496     4.30966      1 chain_01/itr_00479_trial_01.rho
     1      480       0.3318    113674.0160  -20793.8213     11.63298    11.63298   15601.4496     4.30966      1 chain_01/itr_00480_trial_01.rho
     1      481        0.331    105215.7988   -8458.2171     11.19182    11.19182   15601.4496     4.30966      1 chain_01/itr_00481_trial_01.rho
     1      482       0.3302    102157.7936   -3058.0052     11.02798    11.02798   15601.4496     4.30966      1 chain_01/itr_00482_trial_01.rho
     1      483       0.3295    109620.5853    7462.7917     11.42369    11.42369   15601.4496     4.30966      1 chain_01/itr_00483_trial_01.rho
     1      484       0.3287     98850.7205  -10769.8648     10.84801    10.84801   15601.4496     4.30966      1 chain_01/itr_00484_trial_01.rho
     1      485        0.328    101392.8019    2542.0814     10.98662    10.98662   15601.4496     4.30966      1 chain_01/itr_00485_trial_01.rho
     1      486       0.3272     99895.8095   -1496.9924     10.90521    10.90521   15601.4496     4.30966      1 chain_01/itr_00486_trial_01.rho
     1      487       0.3265     99959.9019      64.0924     10.90871    10.90871   15601.4496     4.30966      1 chain_01/itr_00487_trial_01.rho
     1      488       0.3257    106760.9208    6801.0189     11.27370    11.27370   15601.4496     4.30966      1 chain_01/itr_00488_trial_01.rho
     1      489        0.325    107884.6016    1123.6808     11.33287    11.33287   15601.4496     4.30966      1 chain_01/itr_00489_trial_01.rho
     1      490       0.3242    103868.7834   -4015.8182     11.11995    11.11995   15601.4496     4.30966      1 chain_01/itr_00490_trial_01.rho
     1      491       0.3235    102723.4890   -1145.2945     11.05847    11.05847   15601.4496     4.30966      1 chain_01/itr_00491_trial_01.rho
     1      492       0.3227     86244.4490  -16479.0399     10.13272    10.13272   15601.4496     4.30966      1 chain_01/itr_00492_trial_01.rho
     1      493        0.322     88553.9206    2309.4716     10.26749    10.26749   15601.4496     4.30966      1 chain_01/itr_00493_trial_01.rho
     1      494       0.3212     87390.5961   -1163.3245     10.19982    10.19982   15601.4496     4.30966      1 chain_01/itr_00494_trial_01.rho
     1      495       0.3205    102999.0516   15608.4554     11.07330    11.07330   15601.4496     4.30966      1 chain_01/itr_00495_trial_01.rho
     1      496       0.3198    117247.9273   14248.8758     11.81443    11.81443   15601.4496     4.30966      1 chain_01/itr_00496_trial_01.rho
     1      497        0.319    117247.9273       0.0000     11.81443    11.81443   15601.4496     4.30966      0 -
     1      498       0.3183    107161.8942  -10086.0331     11.29485    11.29485   15601.4496     4.30966      1 chain_01/itr_00498_trial_01.rho
     1      499       0.3176    107161.8942       0.0000     11.29485    11.29485   15601.4496     4.30966      0 -
     1      500       0.3168    101847.5349   -5314.3593     11.01122    11.01122   15601.4496     4.30966      1 chain_01/itr_00500_trial_01.rho
     1      501       0.3161    107874.2602    6026.7253     11.33233    11.33233   15601.4496     4.30966      1 chain_01/itr_00501_trial_01.rho
     1      502       0.3154    101126.2371   -6748.0232     10.97216    10.97216   15601.4496     4.30966      1 chain_01/itr_00502_trial_01.rho
     1      503       0.3147    104795.6331    3669.3961     11.16945    11.16945   15601.4496     4.30966      1 chain_01/itr_00503_trial_01.rho
     1      504       0.3139    104795.6331       0.0000     11.16945    11.16945   15601.4496     4.30966      0 -
     1      505       0.3132     90930.5153  -13865.1179     10.40436    10.40436   15601.4496     4.30966      1 chain_01/itr_00505_trial_01.rho
     1      506       0.3125     83199.7097   -7730.8056      9.95225     9.95225   15601.4496     4.30966      1 chain_01/itr_00506_trial_01.rho
     1      507       0.3118     77907.6858   -5292.0239      9.63054     9.63054   15601.4496     4.30966      1 chain_01/itr_00507_trial_01.rho
     1      508       0.3111     73322.6584   -4585.0274      9.34285     9.34285   15601.4496     4.30966      1 chain_01/itr_00508_trial_01.rho
     1      509       0.3103     75673.4363    2350.7779      9.49144     9.49144   15601.4496     4.30966      1 chain_01/itr_00509_trial_01.rho
     1      510       0.3096     68731.2998   -6942.1365      9.04561     9.04561   15601.4496     4.30966      1 chain_01/itr_00510_trial_01.rho
     1      511       0.3089     68052.0155    -679.2843      9.00079     9.00079   15601.4496     4.30966      1 chain_01/itr_00511_trial_01.rho
     1      512       0.3082     66210.4063   -1841.6092      8.87817     8.87817   15601.4496     4.30966      1 chain_01/itr_00512_trial_01.rho
     1      513       0.3075     69614.6308    3404.2245      9.10355     9.10355   15601.4496     4.30966      1 chain_01/itr_00513_trial_01.rho
     1      514       0.3068     71994.5592    2379.9284      9.25785     9.25785   15601.4496     4.30966      1 chain_01/itr_00514_trial_01.rho
     1      515       0.3061     74447.2992    2452.7401      9.41423     9.41423   15601.4496     4.30966      1 chain_01/itr_00515_trial_01.rho
     1      516       0.3054     68681.6921   -5765.6071      9.04234     9.04234   15601.4496     4.30966      1 chain_01/itr_00516_trial_01.rho
     1      517       0.3047     73505.7690    4824.0769      9.35451     9.35451   15601.4496     4.30966      1 chain_01/itr_00517_trial_01.rho
     1      518        0.304     69495.5882   -4010.1807      9.09576     9.09576   15601.4496     4.30966      1 chain_01/itr_00518_trial_01.rho
     1      519       0.3033     67101.8889   -2393.6993      8.93774     8.93774   15601.4496     4.30966      1 chain_01/itr_00519_trial_01.rho
     1      520       0.3026     62577.3009   -4524.5880      8.63115     8.63115   15601.4496     4.30966      1 chain_01/itr_00520_trial_01.rho
     1      521       0.3019     62577.3009       0.0000      8.63115     8.63115   15601.4496     4.30966      0 -
     1      522       0.3012     62577.3009       0.0000      8.63115     8.63115   15601.4496     4.30966      0 -
     1      523       0.3005     66829.2337    4251.9328      8.91956     8.91956   15601.4496     4.30966      1 chain_01/itr_00523_trial_01.rho
     1      524       0.2998     66829.2337       0.0000      8.91956     8.91956   15601.4496     4.30966      0 -
     1      525       0.2991     62784.1468   -4045.0869      8.64541     8.64541   15601.4496     4.30966      1 chain_01/itr_00525_trial_01.rho
     1      526       0.2984     60786.6566   -1997.4902      8.50677     8.50677   15601.4496     4.30966      1 chain_01/itr_00526_trial_01.rho
     1      527       0.2977     58808.3183   -1978.3383      8.36719     8.36719   15601.4496     4.30966      1 chain_01/itr_00527_trial_01.rho
     1      528        0.297     57286.5922   -1521.7261      8.25823     8.25823   15601.4496     4.30966      1 chain_01/itr_00528_trial_01.rho
     1      529       0.2964     64624.3247    7337.7326      8.77119     8.77119   15601.4496     4.30966      1 chain_01/itr_00529_trial_01.rho
     1      530       0.2957     61191.5381   -3432.7867      8.53505     8.53505   15601.4496     4.30966      1 chain_01/itr_00530_trial_01.rho
     1      531        0.295     65787.7304    4596.1924      8.84979     8.84979   15601.4496     4.30966      1 chain_01/itr_00531_trial_01.rho
     1      532       0.2943     67988.1517    2200.4212      8.99657     8.99657   15601.4496     4.30966      1 chain_01/itr_00532_trial_01.rho
     1      533       0.2936     65360.5650   -2627.5867      8.82101     8.82101   15601.4496     4.30966      1 chain_01/itr_00533_trial_01.rho
     1      534        0.293     64297.5946   -1062.9704      8.74899     8.74899   15601.4496     4.30966      1 chain_01/itr_00534_trial_01.rho
     1      535       0.2923     65557.7737    1260.1791      8.83431     8.83431   15601.4496     4.30966      1 chain_01/itr_00535_trial_01.rho
     1      536       0.2916     57759.0164   -7798.7573      8.29221     8.29221   15601.4496     4.30966      1 chain_01/itr_00536_trial_01.rho
     1      537        0.291     57759.0164       0.0000      8.29221     8.29221   15601.4496     4.30966      0 -
     1      538       0.2903     53318.2416   -4440.7748      7.96706     7.96706   15601.4496     4.30966      1 chain_01/itr_00538_trial_01.rho
     1      539       0.2896     54041.6420     723.4004      8.02093     8.02093   15601.4496     4.30966      1 chain_01/itr_00539_trial_01.rho
     1      540       0.2889     47042.0428   -6999.5992      7.48348     7.48348   15601.4496     4.30966      1 chain_01/itr_00540_trial_01.rho
     1      541       0.2883     44538.9497   -2503.0931      7.28166     7.28166   15601.4496     4.30966      1 chain_01/itr_00541_trial_01.rho
     1      542       0.2876     46386.6366    1847.6869      7.43116     7.43116   15601.4496     4.30966      1 chain_01/itr_00542_trial_01.rho
     1      543        0.287     44566.7672   -1819.8694      7.28393     7.28393   15601.4496     4.30966      1 chain_01/itr_00543_trial_01.rho
     1      544       0.2863     46431.8058    1865.0386      7.43478     7.43478   15601.4496     4.30966      1 chain_01/itr_00544_trial_01.rho
     1      545       0.2856     46959.4497     527.6439      7.47690     7.47690   15601.4496     4.30966      1 chain_01/itr_00545_trial_01.rho
     1      546        0.285     48773.4785    1814.0289      7.61995     7.61995   15601.4496     4.30966      1 chain_01/itr_00546_trial_01.rho
     1      547       0.2843     44813.8044   -3959.6741      7.30409     7.30409   15601.4496     4.30966      1 chain_01/itr_00547_trial_01.rho
     1      548       0.2837     46748.9117    1935.1073      7.46013     7.46013   15601.4496     4.30966      1 chain_01/itr_00548_trial_01.rho
     1      549        0.283     46617.8497    -131.0620      7.44966     7.44966   15601.4496     4.30966      1 chain_01/itr_00549_trial_01.rho
     1      550       0.2824     44049.4123   -2568.4374      7.24153     7.24153   15601.4496     4.30966      1 chain_01/itr_00550_trial_01.rho
     1      551       0.2817     42506.7820   -1542.6303      7.11360     7.11360   15601.4496     4.30966      1 chain_01/itr_00551_trial_01.rho
     1      552       0.2811     42506.7820       0.0000      7.11360     7.11360   15601.4496     4.30966      0 -
     1      553       0.2804     44131.0494    1624.2674      7.24824     7.24824   15601.4496     4.30966      1 chain_01/itr_00553_trial_01.rho
     1      554       0.2798     41220.0630   -2910.9864      7.00511     7.00511   15601.4496     4.30966      1 chain_01/itr_00554_trial_01.rho
     1      555       0.2791     40498.4453    -721.6177      6.94352     6.94352   15601.4496     4.30966      1 chain_01/itr_00555_trial_01.rho
     1      556       0.2785     40498.4453       0.0000      6.94352     6.94352   15601.4496     4.30966      0 -
     1      557       0.2779     36228.5583   -4269.8870      6.56729     6.56729   15601.4496     4.30966      1 chain_01/itr_00557_trial_01.rho
     1      558       0.2772     36890.5014     661.9431      6.62701     6.62701   15601.4496     4.30966      1 chain_01/itr_00558_trial_01.rho
     1      559       0.2766     37133.2474     242.7461      6.64878     6.64878   15601.4496     4.30966      1 chain_01/itr_00559_trial_01.rho
     1      560       0.2759     37442.7776     309.5301      6.67643     6.67643   15601.4496     4.30966      1 chain_01/itr_00560_trial_01.rho
     1      561       0.2753     38183.0754     740.2979      6.74211     6.74211   15601.4496     4.30966      1 chain_01/itr_00561_trial_01.rho
     1      562       0.2747     36789.5973   -1393.4781      6.61794     6.61794   15601.4496     4.30966      1 chain_01/itr_00562_trial_01.rho
     1      563        0.274     35735.9700   -1053.6273      6.52249     6.52249   15601.4496     4.30966      1 chain_01/itr_00563_trial_01.rho
     1      564       0.2734     36758.4216    1022.4516      6.61514     6.61514   15601.4496     4.30966      1 chain_01/itr_00564_trial_01.rho
     1      565       0.2728     37354.3045     595.8829      6.66854     6.66854   15601.4496     4.30966      1 chain_01/itr_00565_trial_01.rho
     1      566       0.2722     34965.6453   -2388.6592      6.45180     6.45180   15601.4496     4.30966      1 chain_01/itr_00566_trial_01.rho
     1      567       0.2715     37683.7853    2718.1399      6.69788     6.69788   15601.4496     4.30966      1 chain_01/itr_00567_trial_01.rho
     1      568       0.2709     37494.2342    -189.5511      6.68102     6.68102   15601.4496     4.30966      1 chain_01/itr_00568_trial_01.rho
     1      569       0.2703     40109.1503    2614.9161      6.91006     6.91006   15601.4496     4.30966      1 chain_01/itr_00569_trial_01.rho
     1      570       0.2697     41383.4703    1274.3201      7.01898     7.01898   15601.4496     4.30966      1 chain_01/itr_00570_trial_01.rho
     1      571        0.269     40818.4780    -564.9923      6.97090     6.97090   15601.4496     4.30966      1 chain_01/itr_00571_trial_01.rho
     1      572       0.2684     36391.9611   -4426.5169      6.58208     6.58208   15601.4496     4.30966      1 chain_01/itr_00572_trial_01.rho
     1      573       0.2678     35317.8020   -1074.1591      6.48421     6.48421   15601.4496     4.30966      1 chain_01/itr_00573_trial_01.rho
     1      574       0.2672     36161.6507     843.8487      6.56122     6.56122   15601.4496     4.30966      1 chain_01/itr_00574_trial_01.rho
     1      575       0.2666     34804.9752   -1356.6755      6.43696     6.43696   15601.4496     4.30966      1 chain_01/itr_00575_trial_01.rho
     1      576        0.266     33342.6983   -1462.2769      6.30029     6.30029   15601.4496     4.30966      1 chain_01/itr_00576_trial_01.rho
     1      577       0.2653     31006.9353   -2335.7630      6.07561     6.07561   15601.4496     4.30966      1 chain_01/itr_00577_trial_01.rho
     1      578       0.2647     30850.0906    -156.8447      6.06022     6.06022   15601.4496     4.30966      1 chain_01/itr_00578_trial_01.rho
     1      579       0.2641     30926.9463      76.8558      6.06777     6.06777   15601.4496     4.30966      1 chain_01/itr_00579_trial_01.rho
     1      580       0.2635     30605.6192    -321.3271      6.03616     6.03616   15601.4496     4.30966      1 chain_01/itr_00580_trial_01.rho
     1      581       0.2629     31923.0822    1317.4630      6.16471     6.16471   15601.4496     4.30966      1 chain_01/itr_00581_trial_01.rho
     1      582       0.2623     32281.7361     358.6539      6.19924     6.19924   15601.4496     4.30966      1 chain_01/itr_00582_trial_01.rho
     1      583       0.2617     31593.7216    -688.0145      6.13283     6.13283   15601.4496     4.30966      1 chain_01/itr_00583_trial_01.rho
     1      584       0.2611     32247.8820     654.1603      6.19599     6.19599   15601.4496     4.30966      1 chain_01/itr_00584_trial_01.rho
     1      585       0.2605     31225.5262   -1022.3557      6.09699     6.09699   15601.4496     4.30966      1 chain_01/itr_00585_trial_01.rho
     1      586       0.2599     30469.8623    -755.6639      6.02276     6.02276   15601.4496     4.30966      1 chain_01/itr_00586_trial_01.rho
     1      587       0.2593     29189.9342   -1279.9281      5.89491     5.89491   15601.4496     4.30966      1 chain_01/itr_00587_trial_01.rho
     1      588       0.2587     28745.1418    -444.7924      5.84982     5.84982   15601.4496     4.30966      1 chain_01/itr_00588_trial_01.rho
     1      589       0.2581     31302.6355    2557.4937      6.10451     6.10451   15601.4496     4.30966      1 chain_01/itr_00589_trial_01.rho
     1      590       0.2575     32579.5461    1276.9107      6.22777     6.22777   15601.4496     4.30966      1 chain_01/itr_00590_trial_01.rho
     1      591       0.2569     33569.9322     990.3860      6.32172     6.32172   15601.4496     4.30966      1 chain_01/itr_00591_trial_01.rho
     1      592       0.2563     34187.0761     617.1439      6.37957     6.37957   15601.4496     4.30966      1 chain_01/itr_00592_trial_01.rho
     1      593       0.2557     35831.7654    1644.6893      6.53122     6.53122   15601.4496     4.30966      1 chain_01/itr_00593_trial_01.rho
     1      594       0.2552     36817.7490     985.9835      6.62047     6.62047   15601.4496     4.30966      1 chain_01/itr_00594_trial_01.rho
     1      595       0.2546     37329.5740     511.8251      6.66633     6.66633   15601.4496     4.30966      1 chain_01/itr_00595_trial_01.rho
     1      596        0.254     36188.4932   -1141.0808      6.56365     6.56365   15601.4496     4.30966      1 chain_01/itr_00596_trial_01.rho
     1      597       0.2534     35394.0839    -794.4094      6.49121     6.49121   15601.4496     4.30966      1 chain_01/itr_00597_trial_01.rho
     1      598       0.2528     39341.2464    3947.1625      6.84360     6.84360   15601.4496     4.30966      1 chain_01/itr_00598_trial_01.rho
     1      599       0.2522     39287.0437     -54.2027      6.83888     6.83888   15601.4496     4.30966      1 chain_01/itr_00599_trial_01.rho
     1      600       0.2517     40632.1973    1345.1536      6.95497     6.95497   15601.4496     4.30966      1 chain_01/itr_00600_trial_01.rho
     1      601       0.2511     38459.5451   -2172.6523      6.76647     6.76647   15601.4496     4.30966      1 chain_01/itr_00601_trial_01.rho
     1      602       0.2505     37311.7845   -1147.7606      6.66474     6.66474   15601.4496     4.30966      1 chain_01/itr_00602_trial_01.rho
     1      603       0.2499     37964.6477     652.8632      6.72280     6.72280   15601.4496     4.30966      1 chain_01/itr_00603_trial_01.rho
     1      604       0.2493     37313.1402    -651.5076      6.66486     6.66486   15601.4496     4.30966      1 chain_01/itr_00604_trial_01.rho
     1      605       0.2488     40063.1033    2749.9631      6.90610     6.90610   15601.4496     4.30966      1 chain_01/itr_00605_trial_01.rho
     1      606       0.2482     41484.3735    1421.2702      7.02753     7.02753   15601.4496     4.30966      1 chain_01/itr_00606_trial_01.rho
     1      607       0.2476     38890.5127   -2593.8607      6.80428     6.80428   15601.4496     4.30966      1 chain_01/itr_00607_trial_01.rho
     1      608       0.2471     37986.9589    -903.5539      6.72477     6.72477   15601.4496     4.30966      1 chain_01/itr_00608_trial_01.rho
     1      609       0.2465     41822.2517    3835.2928      7.05609     7.05609   15601.4496     4.30966      1 chain_01/itr_00609_trial_01.rho
     1      610       0.2459     43877.1825    2054.9308      7.22736     7.22736   15601.4496     4.30966      1 chain_01/itr_00610_trial_01.rho
     1      611       0.2454     43700.6909    -176.4916      7.21281     7.21281   15601.4496     4.30966      1 chain_01/itr_00611_trial_01.rho
     1      612       0.2448     45089.9082    1389.2174      7.32656     7.32656   15601.4496     4.30966      1 chain_01/itr_00612_trial_01.rho
     1      613       0.2442     49574.6244    4484.7162      7.68228     7.68228   15601.4496     4.30966      1 chain_01/itr_00613_trial_01.rho
     1      614       0.2437     54171.0653    4596.4409      8.03053     8.03053   15601.4496     4.30966      1 chain_01/itr_00614_trial_01.rho
     1      615       0.2431     48406.3977   -5764.6676      7.59122     7.59122   15601.4496     4.30966      1 chain_01/itr_00615_trial_01.rho
     1      616       0.2425     46315.8875   -2090.5102      7.42549     7.42549   15601.4496     4.30966      1 chain_01/itr_00616_trial_01.rho
     1      617        0.242     42436.7025   -3879.1850      7.10773     7.10773   15601.4496     4.30966      1 chain_01/itr_00617_trial_01.rho
     1      618       0.2414     46475.0755    4038.3730      7.43824     7.43824   15601.4496     4.30966      1 chain_01/itr_00618_trial_01.rho
     1      619       0.2409     44061.4442   -2413.6313      7.24252     7.24252   15601.4496     4.30966      1 chain_01/itr_00619_trial_01.rho
     1      620       0.2403     44061.4442       0.0000      7.24252     7.24252   15601.4496     4.30966      0 -
     1      621       0.2398     44061.4442       0.0000      7.24252     7.24252   15601.4496     4.30966      0 -
     1      622       0.2392     40896.2837   -3165.1605      6.97754     6.97754   15601.4496     4.30966      1 chain_01/itr_00622_trial_01.rho
     1      623       0.2387     39142.9632   -1753.3204      6.82633     6.82633   15601.4496     4.30966      1 chain_01/itr_00623_trial_01.rho
     1      624       0.2381     39024.7939    -118.1693      6.81602     6.81602   15601.4496     4.30966      1 chain_01/itr_00624_trial_01.rho
     1      625       0.2376     39155.5005     130.7066      6.82742     6.82742   15601.4496     4.30966      1 chain_01/itr_00625_trial_01.rho
     1      626        0.237     40457.9707    1302.4702      6.94005     6.94005   15601.4496     4.30966      1 chain_01/itr_00626_trial_01.rho
     1      627       0.2365     40043.0180    -414.9527      6.90437     6.90437   15601.4496     4.30966      1 chain_01/itr_00627_trial_01.rho
     1      628       0.2359     39293.1873    -749.8306      6.83942     6.83942   15601.4496     4.30966      1 chain_01/itr_00628_trial_01.rho
     1      629       0.2354     38303.7426    -989.4448      6.75275     6.75275   15601.4496     4.30966      1 chain_01/itr_00629_trial_01.rho
     1      630       0.2348     39908.5591    1604.8165      6.89276     6.89276   15601.4496     4.30966      1 chain_01/itr_00630_trial_01.rho
     1      631       0.2343     39883.8531     -24.7061      6.89063     6.89063   15601.4496     4.30966      1 chain_01/itr_00631_trial_01.rho
     1      632       0.2338     42929.3314    3045.4784      7.14887     7.14887   15601.4496     4.30966      1 chain_01/itr_00632_trial_01.rho
     1      633       0.2332     43936.4299    1007.0985      7.23224     7.23224   15601.4496     4.30966      1 chain_01/itr_00633_trial_01.rho
     1      634       0.2327     43025.0147    -911.4153      7.15683     7.15683   15601.4496     4.30966      1 chain_01/itr_00634_trial_01.rho
     1      635       0.2322     43025.0147       0.0000      7.15683     7.15683   15601.4496     4.30966      0 -
     1      636       0.2316     41711.4858   -1313.5288      7.04674     7.04674   15601.4496     4.30966      1 chain_01/itr_00636_trial_01.rho
     1      637       0.2311     41193.3988    -518.0871      7.00284     7.00284   15601.4496     4.30966      1 chain_01/itr_00637_trial_01.rho
     1      638       0.2306     40274.7375    -918.6612      6.92431     6.92431   15601.4496     4.30966      1 chain_01/itr_00638_trial_01.rho
     1      639         0.23     42537.4622    2262.7247      7.11617     7.11617   15601.4496     4.30966      1 chain_01/itr_00639_trial_01.rho
     1      640       0.2295     45279.5273    2742.0651      7.34195     7.34195   15601.4496     4.30966      1 chain_01/itr_00640_trial_01.rho
     1      641        0.229     42152.8295   -3126.6978      7.08392     7.08392   15601.4496     4.30966      1 chain_01/itr_00641_trial_01.rho
     1      642       0.2284     42152.8295       0.0000      7.08392     7.08392   15601.4496     4.30966      0 -
     1      643       0.2279     41320.0328    -832.7967      7.01360     7.01360   15601.4496     4.30966      1 chain_01/itr_00643_trial_01.rho
     1      644       0.2274     38866.5720   -2453.4608      6.80219     6.80219   15601.4496     4.30966      1 chain_01/itr_00644_trial_01.rho
     1      645       0.2269     42788.7291    3922.1571      7.13715     7.13715   15601.4496     4.30966      1 chain_01/itr_00645_trial_01.rho
     1      646       0.2264     44478.4230    1689.6938      7.27671     7.27671   15601.4496     4.30966      1 chain_01/itr_00646_trial_01.rho
     1      647       0.2258     42598.3044   -1880.1186      7.12125     7.12125   15601.4496     4.30966      1 chain_01/itr_00647_trial_01.rho
     1      648       0.2253     40578.4824   -2019.8220      6.95038     6.95038   15601.4496     4.30966      1 chain_01/itr_00648_trial_01.rho
     1      649       0.2248     39304.8764   -1273.6060      6.84043     6.84043   15601.4496     4.30966      1 chain_01/itr_00649_trial_01.rho
     1      650       0.2243     37726.9280   -1577.9484      6.70172     6.70172   15601.4496     4.30966      1 chain_01/itr_00650_trial_01.rho
     1      651       0.2238     36164.8882   -1562.0398      6.56151     6.56151   15601.4496     4.30966      1 chain_01/itr_00651_trial_01.rho
     1      652       0.2232     35856.1493    -308.7388      6.53344     6.53344   15601.4496     4.30966      1 chain_01/itr_00652_trial_01.rho
     1      653       0.2227     36847.4528     991.3035      6.62314     6.62314   15601.4496     4.30966      1 chain_01/itr_00653_trial_01.rho
     1      654       0.2222     37618.8119     771.3591      6.69211     6.69211   15601.4496     4.30966      1 chain_01/itr_00654_trial_01.rho
     1      655       0.2217     38072.0251     453.2132      6.73230     6.73230   15601.4496     4.30966      1 chain_01/itr_00655_trial_01.rho
     1      656       0.2212     38072.0251       0.0000      6.73230     6.73230   15601.4496     4.30966      0 -
     1      657       0.2207     40516.2808    2444.2557      6.94505     6.94505   15601.4496     4.30966      1 chain_01/itr_00657_trial_01.rho
     1      658       0.2202     40516.2808       0.0000      6.94505     6.94505   15601.4496     4.30966      0 -
     1      659       0.2197     39326.9835   -1189.2973      6.84236     6.84236   15601.4496     4.30966      1 chain_01/itr_00659_trial_01.rho
     1      660       0.2192     39326.9835       0.0000      6.84236     6.84236   15601.4496     4.30966      0 -
     1      661       0.2187     37511.2921   -1815.6914      6.68254     6.68254   15601.4496     4.30966      1 chain_01/itr_00661_trial_01.rho
     1      662       0.2182     38475.0684     963.7763      6.76784     6.76784   15601.4496     4.30966      1 chain_01/itr_00662_trial_01.rho
     1      663       0.2177     39284.1870     809.1186      6.83863     6.83863   15601.4496     4.30966      1 chain_01/itr_00663_trial_01.rho
     1      664       0.2172     39935.1702     650.9832      6.89506     6.89506   15601.4496     4.30966      1 chain_01/itr_00664_trial_01.rho
     1      665       0.2167     37604.0472   -2331.1230      6.69079     6.69079   15601.4496     4.30966      1 chain_01/itr_00665_trial_01.rho
     1      666       0.2162     39322.1466    1718.0994      6.84194     6.84194   15601.4496     4.30966      1 chain_01/itr_00666_trial_01.rho
     1      667       0.2157     39237.3368     -84.8098      6.83455     6.83455   15601.4496     4.30966      1 chain_01/itr_00667_trial_01.rho
     1      668       0.2152     38979.4061    -257.9307      6.81205     6.81205   15601.4496     4.30966      1 chain_01/itr_00668_trial_01.rho
     1      669       0.2147     37350.7595   -1628.6465      6.66822     6.66822   15601.4496     4.30966      1 chain_01/itr_00669_trial_01.rho
     1      670       0.2142     40699.3225    3348.5630      6.96072     6.96072   15601.4496     4.30966      1 chain_01/itr_00670_trial_01.rho
     1      671       0.2137     39041.4881   -1657.8344      6.81747     6.81747   15601.4496     4.30966      1 chain_01/itr_00671_trial_01.rho
     1      672       0.2132     37633.7811   -1407.7070      6.69344     6.69344   15601.4496     4.30966      1 chain_01/itr_00672_trial_01.rho
     1      673       0.2127     38761.7972    1128.0161      6.79301     6.79301   15601.4496     4.30966      1 chain_01/itr_00673_trial_01.rho
     1      674       0.2122     38761.7972       0.0000      6.79301     6.79301   15601.4496     4.30966      0 -
     1      675       0.2117     38162.1003    -599.6969      6.74026     6.74026   15601.4496     4.30966      1 chain_01/itr_00675_trial_01.rho
     1      676       0.2112     38162.1003       0.0000      6.74026     6.74026   15601.4496     4.30966      0 -
     1      677       0.2108     35122.5695   -3039.5308      6.46626     6.46626   15601.4496     4.30966      1 chain_01/itr_00677_trial_01.rho
     1      678       0.2103     35527.7805     405.2110      6.50346     6.50346   15601.4496     4.30966      1 chain_01/itr_00678_trial_01.rho
     1      679       0.2098     35804.3605     276.5800      6.52872     6.52872   15601.4496     4.30966      1 chain_01/itr_00679_trial_01.rho
     1      680       0.2093     35736.9434     -67.4171      6.52257     6.52257   15601.4496     4.30966      1 chain_01/itr_00680_trial_01.rho
     1      681       0.2088     37999.3786    2262.4353      6.72587     6.72587   15601.4496     4.30966      1 chain_01/itr_00681_trial_01.rho
     1      682       0.2083     37125.9647    -873.4139      6.64813     6.64813   15601.4496     4.30966      1 chain_01/itr_00682_trial_01.rho
     1      683       0.2079     36623.8103    -502.1544      6.60301     6.60301   15601.4496     4.30966      1 chain_01/itr_00683_trial_01.rho
     1      684       0.2074     36717.4875      93.6772      6.61145     6.61145   15601.4496     4.30966      1 chain_01/itr_00684_trial_01.rho
     1      685       0.2069     34943.9391   -1773.5484      6.44980     6.44980   15601.4496     4.30966      1 chain_01/itr_00685_trial_01.rho
     1      686       0.2064     35058.2487     114.3095      6.46034     6.46034   15601.4496     4.30966      1 chain_01/itr_00686_trial_01.rho
     1      687        0.206     32545.4084   -2512.8402      6.22451     6.22451   15601.4496     4.30966      1 chain_01/itr_00687_trial_01.rho
     1      688       0.2055     32673.5223     128.1138      6.23675     6.23675   15601.4496     4.30966      1 chain_01/itr_00688_trial_01.rho
     1      689        0.205     29830.1076   -2843.4147      5.95920     5.95920   15601.4496     4.30966      1 chain_01/itr_00689_trial_01.rho
     1      690       0.2045     30504.7153     674.6077      6.02620     6.02620   15601.4496     4.30966      1 chain_01/itr_00690_trial_01.rho
     1      691       0.2041     28735.5931   -1769.1223      5.84885     5.84885   15601.4496     4.30966      1 chain_01/itr_00691_trial_01.rho
     1      692       0.2036     29862.4139    1126.8208      5.96242     5.96242   15601.4496     4.30966      1 chain_01/itr_00692_trial_01.rho
     1      693       0.2031     30068.6588     206.2449      5.98298     5.98298   15601.4496     4.30966      1 chain_01/itr_00693_trial_01.rho
     1      694       0.2027     31429.4156    1360.7568      6.11686     6.11686   15601.4496     4.30966      1 chain_01/itr_00694_trial_01.rho
     1      695       0.2022     31731.1357     301.7200      6.14615     6.14615   15601.4496     4.30966      1 chain_01/itr_00695_trial_01.rho
     1      696       0.2017     30721.0427   -1010.0929      6.04753     6.04753   15601.4496     4.30966      1 chain_01/itr_00696_trial_01.rho
     1      697       0.2013     31670.6083     949.5655      6.14029     6.14029   15601.4496     4.30966      1 chain_01/itr_00697_trial_01.rho
     1      698       0.2008     34935.3830    3264.7747      6.44901     6.44901   15601.4496     4.30966      1 chain_01/itr_00698_trial_01.rho
     1      699       0.2003     37620.4198    2685.0368      6.69225     6.69225   15601.4496     4.30966      1 chain_01/itr_00699_trial_01.rho
     1      700       0.1999     36586.4010   -1034.0188      6.59964     6.59964   15601.4496     4.30966      1 chain_01/itr_00700_trial_01.rho
     1      701       0.1994     35259.5770   -1326.8240      6.47886     6.47886   15601.4496     4.30966      1 chain_01/itr_00701_trial_01.rho
     1      702        0.199     36250.0513     990.4743      6.56923     6.56923   15601.4496     4.30966      1 chain_01/itr_00702_trial_01.rho
     1      703       0.1985     35832.3921    -417.6593      6.53128     6.53128   15601.4496     4.30966      1 chain_01/itr_00703_trial_01.rho
     1      704        0.198     38563.3145    2730.9224      6.77560     6.77560   15601.4496     4.30966      1 chain_01/itr_00704_trial_01.rho
     1      705       0.1976     37488.7076   -1074.6069      6.68052     6.68052   15601.4496     4.30966      1 chain_01/itr_00705_trial_01.rho
     1      706       0.1971     37576.8889      88.1813      6.68838     6.68838   15601.4496     4.30966      1 chain_01/itr_00706_trial_01.rho
     1      707       0.1967     36241.5984   -1335.2905      6.56847     6.56847   15601.4496     4.30966      1 chain_01/itr_00707_trial_01.rho
     1      708       0.1962     36437.8361     196.2377      6.58623     6.58623   15601.4496     4.30966      1 chain_01/itr_00708_trial_01.rho
     1      709       0.1958     37501.8084    1063.9723      6.68169     6.68169   15601.4496     4.30966      1 chain_01/itr_00709_trial_01.rho
     1      710       0.1953     42658.7809    5156.9725      7.12631     7.12631   15601.4496     4.30966      1 chain_01/itr_00710_trial_01.rho
     1      711       0.1949     44764.7847    2106.0038      7.30010     7.30010   15601.4496     4.30966      1 chain_01/itr_00711_trial_01.rho
     1      712       0.1944     39045.8963   -5718.8883      6.81786     6.81786   15601.4496     4.30966      1 chain_01/itr_00712_trial_01.rho
     1      713        0.194     40611.6104    1565.7140      6.95321     6.95321   15601.4496     4.30966      1 chain_01/itr_00713_trial_01.rho
     1      714       0.1935     38039.9402   -2571.6702      6.72946     6.72946   15601.4496     4.30966      1 chain_01/itr_00714_trial_01.rho
     1      715       0.1931     38039.9402       0.0000      6.72946     6.72946   15601.4496     4.30966      0 -
     1      716       0.1926     38738.6248     698.6847      6.79098     6.79098   15601.4496     4.30966      1 chain_01/itr_00716_trial_01.rho
     1      717       0.1922     37652.9257   -1085.6991      6.69514     6.69514   15601.4496     4.30966      1 chain_01/itr_00717_trial_01.rho
     1      718       0.1918     40721.5435    3068.6178      6.96262     6.96262   15601.4496     4.30966      1 chain_01/itr_00718_trial_01.rho
     1      719       0.1913     42058.9706    1337.4271      7.07603     7.07603   15601.4496     4.30966      1 chain_01/itr_00719_trial_01.rho
     1      720       0.1909     42090.0912      31.1206      7.07865     7.07865   15601.4496     4.30966      1 chain_01/itr_00720_trial_01.rho
     1      721       0.1904     42090.0912       0.0000      7.07865     7.07865   15601.4496     4.30966      0 -
     1      722         0.19     40312.7687   -1777.3225      6.92758     6.92758   15601.4496     4.30966      1 chain_01/itr_00722_trial_01.rho
     1      723       0.1896     41762.4006    1449.6319      7.05104     7.05104   15601.4496     4.30966      1 chain_01/itr_00723_trial_01.rho
     1      724       0.1891     44523.0079    2760.6073      7.28036     7.28036   15601.4496     4.30966      1 chain_01/itr_00724_trial_01.rho
     1      725       0.1887     46934.6437    2411.6358      7.47493     7.47493   15601.4496     4.30966      1 chain_01/itr_00725_trial_01.rho
     1      726       0.1883     46804.2198    -130.4239      7.46454     7.46454   15601.4496     4.30966      1 chain_01/itr_00726_trial_01.rho
     1      727       0.1878     46804.2198       0.0000      7.46454     7.46454   15601.4496     4.30966      0 -
     1      728       0.1874     39285.3051   -7518.9147      6.83873     6.83873   15601.4496     4.30966      1 chain_01/itr_00728_trial_01.rho
     1      729        0.187     39200.3087     -84.9964      6.83133     6.83133   15601.4496     4.30966      1 chain_01/itr_00729_trial_01.rho
     1      730       0.1865     37574.9321   -1625.3767      6.68820     6.68820   15601.4496     4.30966      1 chain_01/itr_00730_trial_01.rho
     1      731       0.1861     38252.2792     677.3471      6.74822     6.74822   15601.4496     4.30966      1 chain_01/itr_00731_trial_01.rho
     1      732       0.1857     36238.9886   -2013.2906      6.56823     6.56823   15601.4496     4.30966      1 chain_01/itr_00732_trial_01.rho
     1      733       0.1852     35035.1432   -1203.8454      6.45821     6.45821   15601.4496     4.30966      1 chain_01/itr_00733_trial_01.rho
     1      734       0.1848     33120.6678   -1914.4755      6.27928     6.27928   15601.4496     4.30966      1 chain_01/itr_00734_trial_01.rho
     1      735       0.1844     33343.5285     222.8607      6.30037     6.30037   15601.4496     4.30966      1 chain_01/itr_00735_trial_01.rho
     1      736        0.184     31380.3880   -1963.1405      6.11209     6.11209   15601.4496     4.30966      1 chain_01/itr_00736_trial_01.rho
     1      737       0.1836     29124.0050   -2256.3830      5.88825     5.88825   15601.4496     4.30966      1 chain_01/itr_00737_trial_01.rho
     1      738       0.1831     30420.6787    1296.6737      6.01790     6.01790   15601.4496     4.30966      1 chain_01/itr_00738_trial_01.rho
     1      739       0.1827     29452.6492    -968.0294      5.92137     5.92137   15601.4496     4.30966      1 chain_01/itr_00739_trial_01.rho
     1      740       0.1823     30722.1568    1269.5075      6.04764     6.04764   15601.4496     4.30966      1 chain_01/itr_00740_trial_01.rho
     1      741       0.1819     30722.1568       0.0000      6.04764     6.04764   15601.4496     4.30966      0 -
     1      742       0.1814     31543.4774     821.3206      6.12795     6.12795   15601.4496     4.30966      1 chain_01/itr_00742_trial_01.rho
     1      743        0.181     31213.2224    -330.2550      6.09579     6.09579   15601.4496     4.30966      1 chain_01/itr_00743_trial_01.rho
     1      744       0.1806     30997.2737    -215.9486      6.07466     6.07466   15601.4496     4.30966      1 chain_01/itr_00744_trial_01.rho
     1      745       0.1802     31297.7260     300.4522      6.10403     6.10403   15601.4496     4.30966      1 chain_01/itr_00745_trial_01.rho
     1      746       0.1798     29764.3904   -1533.3356      5.95263     5.95263   15601.4496     4.30966      1 chain_01/itr_00746_trial_01.rho
     1      747       0.1794     29764.3904       0.0000      5.95263     5.95263   15601.4496     4.30966      0 -
     1      748        0.179     28718.4806   -1045.9098      5.84711     5.84711   15601.4496     4.30966      1 chain_01/itr_00748_trial_01.rho
     1      749       0.1785     29798.4187    1079.9380      5.95603     5.95603   15601.4496     4.30966      1 chain_01/itr_00749_trial_01.rho
     1      750       0.1781     29592.1547    -206.2640      5.93538     5.93538   15601.4496     4.30966      1 chain_01/itr_00750_trial_01.rho
     1      751       0.1777     30344.2489     752.0943      6.01033     6.01033   15601.4496     4.30966      1 chain_01/itr_00751_trial_01.rho
     1      752       0.1773     30720.9904     376.7415      6.04753     6.04753   15601.4496     4.30966      1 chain_01/itr_00752_trial_01.rho
     1      753       0.1769     29584.7266   -1136.2638      5.93464     5.93464   15601.4496     4.30966      1 chain_01/itr_00753_trial_01.rho
     1      754       0.1765     29584.7266       0.0000      5.93464     5.93464   15601.4496     4.30966      0 -
     1      755       0.1761     29494.9157     -89.8110      5.92562     5.92562   15601.4496     4.30966      1 chain_01/itr_00755_trial_01.rho
     1      756       0.1757     28424.5027   -1070.4130      5.81710     5.81710   15601.4496     4.30966      1 chain_01/itr_00756_trial_01.rho
     1      757       0.1753     30497.4646    2072.9619      6.02549     6.02549   15601.4496     4.30966      1 chain_01/itr_00757_trial_01.rho
     1      758       0.1749     29866.6601    -630.8045      5.96285     5.96285   15601.4496     4.30966      1 chain_01/itr_00758_trial_01.rho
     1      759       0.1745     28346.3627   -1520.2974      5.80910     5.80910   15601.4496     4.30966      1 chain_01/itr_00759_trial_01.rho
     1      760       0.1741     29842.4964    1496.1337      5.96043     5.96043   15601.4496     4.30966      1 chain_01/itr_00760_trial_01.rho
     1      761       0.1737     30560.1478     717.6514      6.03168     6.03168   15601.4496     4.30966      1 chain_01/itr_00761_trial_01.rho
     1      762       0.1733     32342.4936    1782.3457      6.20508     6.20508   15601.4496     4.30966      1 chain_01/itr_00762_trial_01.rho
     1      763       0.1729     33477.5667    1135.0732      6.31302     6.31302   15601.4496     4.30966      1 chain_01/itr_00763_trial_01.rho
     1      764       0.1725     33735.1959     257.6292      6.33727     6.33727   15601.4496     4.30966      1 chain_01/itr_00764_trial_01.rho
     1      765       0.1721     33036.9206    -698.2753      6.27134     6.27134   15601.4496     4.30966      1 chain_01/itr_00765_trial_01.rho
     1      766       0.1717     35273.2547    2236.3341      6.48012     6.48012   15601.4496     4.30966      1 chain_01/itr_00766_trial_01.rho
     1      767       0.1713     34750.5278    -522.7269      6.43193     6.43193   15601.4496     4.30966      1 chain_01/itr_00767_trial_01.rho
     1      768       0.1709     35331.4129     580.8851      6.48546     6.48546   15601.4496     4.30966      1 chain_01/itr_00768_trial_01.rho
     1      769       0.1705     36049.6234     718.2104      6.55105     6.55105   15601.4496     4.30966      1 chain_01/itr_00769_trial_01.rho
     1      770       0.1701     34405.1906   -1644.4327      6.39989     6.39989   15601.4496     4.30966      1 chain_01/itr_00770_trial_01.rho
     1      771       0.1697     34228.4030    -176.7876      6.38342     6.38342   15601.4496     4.30966      1 chain_01/itr_00771_trial_01.rho
     1      772       0.1693     36482.8454    2254.4424      6.59029     6.59029   15601.4496     4.30966      1 chain_01/itr_00772_trial_01.rho
     1      773       0.1689     37426.9440     944.0986      6.67502     6.67502   15601.4496     4.30966      1 chain_01/itr_00773_trial_01.rho
     1      774       0.1686     37448.7840      21.8400      6.67697     6.67697   15601.4496     4.30966      1 chain_01/itr_00774_trial_01.rho
     1      775       0.1682     38255.2141     806.4301      6.74848     6.74848   15601.4496     4.30966      1 chain_01/itr_00775_trial_01.rho
     1      776       0.1678     37297.5741    -957.6400      6.66347     6.66347   15601.4496     4.30966      1 chain_01/itr_00776_trial_01.rho
     1      777       0.1674     38112.8342     815.2600      6.73591     6.73591   15601.4496     4.30966      1 chain_01/itr_00777_trial_01.rho
     1      778        0.167     37175.6811    -937.1530      6.65258     6.65258   15601.4496     4.30966      1 chain_01/itr_00778_trial_01.rho
     1      779       0.1666     37423.4596     247.7784      6.67471     6.67471   15601.4496     4.30966      1 chain_01/itr_00779_trial_01.rho
     1      780       0.1662     35536.8013   -1886.6583      6.50428     6.50428   15601.4496     4.30966      1 chain_01/itr_00780_trial_01.rho
     1      781       0.1659     35096.7909    -440.0104      6.46389     6.46389   15601.4496     4.30966      1 chain_01/itr_00781_trial_01.rho
     1      782       0.1655     36337.5126    1240.7217      6.57715     6.57715   15601.4496     4.30966      1 chain_01/itr_00782_trial_01.rho
     1      783       0.1651     37381.8484    1044.3358      6.67100     6.67100   15601.4496     4.30966      1 chain_01/itr_00783_trial_01.rho
     1      784       0.1647     37209.8899    -171.9584      6.65564     6.65564   15601.4496     4.30966      1 chain_01/itr_00784_trial_01.rho
     1      785       0.1643     36143.2274   -1066.6625      6.55955     6.55955   15601.4496     4.30966      1 chain_01/itr_00785_trial_01.rho
     1      786        0.164     34410.8670   -1732.3605      6.40042     6.40042   15601.4496     4.30966      1 chain_01/itr_00786_trial_01.rho
     1      787       0.1636     32920.7734   -1490.0935      6.26030     6.26030   15601.4496     4.30966      1 chain_01/itr_00787_trial_01.rho
     1      788       0.1632     33762.7041     841.9306      6.33985     6.33985   15601.4496     4.30966      1 chain_01/itr_00788_trial_01.rho
     1      789       0.1628     32729.8232   -1032.8809      6.24212     6.24212   15601.4496     4.30966      1 chain_01/itr_00789_trial_01.rho
     1      790       0.1625     34950.9049    2221.0818      6.45044     6.45044   15601.4496     4.30966      1 chain_01/itr_00790_trial_01.rho
     1      791       0.1621     34053.2856    -897.6194      6.36707     6.36707   15601.4496     4.30966      1 chain_01/itr_00791_trial_01.rho
     1      792       0.1617     34640.5504     587.2648      6.42174     6.42174   15601.4496     4.30966      1 chain_01/itr_00792_trial_01.rho
     1      793       0.1613     34785.9258     145.3754      6.43520     6.43520   15601.4496     4.30966      1 chain_01/itr_00793_trial_01.rho
     1      794        0.161     33992.5748    -793.3509      6.36140     6.36140   15601.4496     4.30966      1 chain_01/itr_00794_trial_01.rho
     1      795       0.1606     34619.8968     627.3219      6.41983     6.41983   15601.4496     4.30966      1 chain_01/itr_00795_trial_01.rho
     1      796       0.1602     34592.7253     -27.1714      6.41731     6.41731   15601.4496     4.30966      1 chain_01/itr_00796_trial_01.rho
     1      797       0.1599     33578.3172   -1014.4081      6.32251     6.32251   15601.4496     4.30966      1 chain_01/itr_00797_trial_01.rho
     1      798       0.1595     33578.3172       0.0000      6.32251     6.32251   15601.4496     4.30966      0 -
     1      799       0.1591     34117.2373     538.9201      6.37305     6.37305   15601.4496     4.30966      1 chain_01/itr_00799_trial_01.rho
     1      800       0.1588     32794.1039   -1323.1334      6.24825     6.24825   15601.4496     4.30966      1 chain_01/itr_00800_trial_01.rho
     1      801       0.1584     36605.8018    3811.6979      6.60139     6.60139   15601.4496     4.30966      1 chain_01/itr_00801_trial_01.rho
     1      802        0.158     39114.4665    2508.6647      6.82384     6.82384   15601.4496     4.30966      1 chain_01/itr_00802_trial_01.rho
     1      803       0.1577     39412.6825     298.2160      6.84981     6.84981   15601.4496     4.30966      1 chain_01/itr_00803_trial_01.rho
     1      804       0.1573     42498.6505    3085.9679      7.11292     7.11292   15601.4496     4.30966      1 chain_01/itr_00804_trial_01.rho
     1      805       0.1569     39706.3410   -2792.3095      6.87528     6.87528   15601.4496     4.30966      1 chain_01/itr_00805_trial_01.rho
     1      806       0.1566     44524.0395    4817.6985      7.28044     7.28044   15601.4496     4.30966      1 chain_01/itr_00806_trial_01.rho
     1      807       0.1562     46075.3513    1551.3118      7.40619     7.40619   15601.4496     4.30966      1 chain_01/itr_00807_trial_01.rho
     1      808       0.1559     45240.8826    -834.4687      7.33881     7.33881   15601.4496     4.30966      1 chain_01/itr_00808_trial_01.rho
     1      809       0.1555     42702.1691   -2538.7135      7.12993     7.12993   15601.4496     4.30966      1 chain_01/itr_00809_trial_01.rho
     1      810       0.1551     41800.1770    -901.9921      7.05423     7.05423   15601.4496     4.30966      1 chain_01/itr_00810_trial_01.rho
     1      811       0.1548     41017.5049    -782.6721      6.98787     6.98787   15601.4496     4.30966      1 chain_01/itr_00811_trial_01.rho
     1      812       0.1544     42124.1267    1106.6218      7.08151     7.08151   15601.4496     4.30966      1 chain_01/itr_00812_trial_01.rho
     1      813       0.1541     46650.6097    4526.4830      7.45228     7.45228   15601.4496     4.30966      1 chain_01/itr_00813_trial_01.rho
     1      814       0.1537     45174.0741   -1476.5356      7.33339     7.33339   15601.4496     4.30966      1 chain_01/itr_00814_trial_01.rho
     1      815       0.1534     49460.8704    4286.7963      7.67346     7.67346   15601.4496     4.30966      1 chain_01/itr_00815_trial_01.rho
     1      816        0.153     54165.9523    4705.0819      8.03015     8.03015   15601.4496     4.30966      1 chain_01/itr_00816_trial_01.rho
     1      817       0.1527     51470.2350   -2695.7173      7.82778     7.82778   15601.4496     4.30966      1 chain_01/itr_00817_trial_01.rho
     1      818       0.1523     51030.4703    -439.7647      7.79426     7.79426   15601.4496     4.30966      1 chain_01/itr_00818_trial_01.rho
     1      819        0.152     50260.1697    -770.3006      7.73521     7.73521   15601.4496     4.30966      1 chain_01/itr_00819_trial_01.rho
     1      820       0.1516     50260.1697       0.0000      7.73521     7.73521   15601.4496     4.30966      0 -
     1      821       0.1513     50701.5020     441.3323      7.76910     7.76910   15601.4496     4.30966      1 chain_01/itr_00821_trial_01.rho
     1      822       0.1509     49779.7473    -921.7547      7.69816     7.69816   15601.4496     4.30966      1 chain_01/itr_00822_trial_01.rho
     1      823       0.1506     50506.3771     726.6298      7.75414     7.75414   15601.4496     4.30966      1 chain_01/itr_00823_trial_01.rho
     1      824       0.1502     52798.6413    2292.2642      7.92815     7.92815   15601.4496     4.30966      1 chain_01/itr_00824_trial_01.rho
     1      825       0.1499     51484.6564   -1313.9849      7.82887     7.82887   15601.4496     4.30966      1 chain_01/itr_00825_trial_01.rho
     1      826       0.1495     48400.0438   -3084.6126      7.59072     7.59072   15601.4496     4.30966      1 chain_01/itr_00826_trial_01.rho
     1      827       0.1492     47757.3465    -642.6973      7.54016     7.54016   15601.4496     4.30966      1 chain_01/itr_00827_trial_01.rho
     1      828       0.1488     49416.5430    1659.1965      7.67002     7.67002   15601.4496     4.30966      1 chain_01/itr_00828_trial_01.rho
     1      829       0.1485     46762.4429   -2654.1001      7.46120     7.46120   15601.4496     4.30966      1 chain_01/itr_00829_trial_01.rho
     1      830       0.1482     45406.4498   -1355.9931      7.35223     7.35223   15601.4496     4.30966      1 chain_01/itr_00830_trial_01.rho
     1      831       0.1478     44615.5889    -790.8610      7.28792     7.28792   15601.4496     4.30966      1 chain_01/itr_00831_trial_01.rho
     1      832       0.1475     43168.9387   -1446.6501      7.16879     7.16879   15601.4496     4.30966      1 chain_01/itr_00832_trial_01.rho
     1      833       0.1471     40905.1376   -2263.8011      6.97829     6.97829   15601.4496     4.30966      1 chain_01/itr_00833_trial_01.rho
     1      834       0.1468     38656.4027   -2248.7349      6.78377     6.78377   15601.4496     4.30966      1 chain_01/itr_00834_trial_01.rho
     1      835       0.1465     39050.5165     394.1138      6.81826     6.81826   15601.4496     4.30966      1 chain_01/itr_00835_trial_01.rho
     1      836       0.1461     37297.1862   -1753.3303      6.66344     6.66344   15601.4496     4.30966      1 chain_01/itr_00836_trial_01.rho
     1      837       0.1458     36167.0156   -1130.1706      6.56170     6.56170   15601.4496     4.30966      1 chain_01/itr_00837_trial_01.rho
     1      838       0.1455     36138.5376     -28.4781      6.55912     6.55912   15601.4496     4.30966      1 chain_01/itr_00838_trial_01.rho
     1      839       0.1451     36138.5376       0.0000      6.55912     6.55912   15601.4496     4.30966      0 -
     1      840       0.1448     37266.1722    1127.6346      6.66067     6.66067   15601.4496     4.30966      1 chain_01/itr_00840_trial_01.rho
     1      841       0.1445     39229.2005    1963.0283      6.83384     6.83384   15601.4496     4.30966      1 chain_01/itr_00841_trial_01.rho
     1      842       0.1441     38708.6575    -520.5431      6.78835     6.78835   15601.4496     4.30966      1 chain_01/itr_00842_trial_01.rho
     1      843       0.1438     37915.4433    -793.2141      6.71844     6.71844   15601.4496     4.30966      1 chain_01/itr_00843_trial_01.rho
     1      844       0.1435     36405.9829   -1509.4604      6.58335     6.58335   15601.4496     4.30966      1 chain_01/itr_00844_trial_01.rho
     1      845       0.1431     37705.5692    1299.5864      6.69982     6.69982   15601.4496     4.30966      1 chain_01/itr_00845_trial_01.rho
     1      846       0.1428     37768.8249      63.2556      6.70544     6.70544   15601.4496     4.30966      1 chain_01/itr_00846_trial_01.rho
     1      847       0.1425     37021.4440    -747.3809      6.63876     6.63876   15601.4496     4.30966      1 chain_01/itr_00847_trial_01.rho
     1      848       0.1421     37964.7759     943.3319      6.72281     6.72281   15601.4496     4.30966      1 chain_01/itr_00848_trial_01.rho
     1      849       0.1418     37964.7759       0.0000      6.72281     6.72281   15601.4496     4.30966      0 -
     1      850       0.1415     37964.7759       0.0000      6.72281     6.72281   15601.4496     4.30966      0 -
     1      851       0.1412     38667.4273     702.6514      6.78474     6.78474   15601.4496     4.30966      1 chain_01/itr_00851_trial_01.rho
     1      852       0.1408     40398.2477    1730.8204      6.93492     6.93492   15601.4496     4.30966      1 chain_01/itr_00852_trial_01.rho
     1      853       0.1405     40117.8029    -280.4448      6.91081     6.91081   15601.4496     4.30966      1 chain_01/itr_00853_trial_01.rho
     1      854       0.1402     38814.3225   -1303.4804      6.79761     6.79761   15601.4496     4.30966      1 chain_01/itr_00854_trial_01.rho
     1      855       0.1399     39669.1130     854.7905      6.87205     6.87205   15601.4496     4.30966      1 chain_01/itr_00855_trial_01.rho
     1      856       0.1395     41180.7924    1511.6794      7.00177     7.00177   15601.4496     4.30966      1 chain_01/itr_00856_trial_01.rho
     1      857       0.1392     42745.7849    1564.9925      7.13357     7.13357   15601.4496     4.30966      1 chain_01/itr_00857_trial_01.rho
     1      858       0.1389     43536.4904     790.7056      7.19925     7.19925   15601.4496     4.30966      1 chain_01/itr_00858_trial_01.rho
     1      859       0.1386     43421.8559    -114.6345      7.18976     7.18976   15601.4496     4.30966      1 chain_01/itr_00859_trial_01.rho
     1      860       0.1383     43975.3497     553.4938      7.23544     7.23544   15601.4496     4.30966      1 chain_01/itr_00860_trial_01.rho
     1      861       0.1379     43016.6380    -958.7117      7.15614     7.15614   15601.4496     4.30966      1 chain_01/itr_00861_trial_01.rho
     1      862       0.1376     46334.4757    3317.8377      7.42698     7.42698   15601.4496     4.30966      1 chain_01/itr_00862_trial_01.rho
     1      863       0.1373     47206.3972     871.9215      7.49654     7.49654   15601.4496     4.30966      1 chain_01/itr_00863_trial_01.rho
     1      864        0.137     50445.0425    3238.6453      7.74943     7.74943   15601.4496     4.30966      1 chain_01/itr_00864_trial_01.rho
     1      865       0.1367     49551.6106    -893.4319      7.68050     7.68050   15601.4496     4.30966      1 chain_01/itr_00865_trial_01.rho
     1      866       0.1364     50716.7618    1165.1512      7.77027     7.77027   15601.4496     4.30966      1 chain_01/itr_00866_trial_01.rho
     1      867       0.1361     51656.6864     939.9246      7.84194     7.84194   15601.4496     4.30966      1 chain_01/itr_00867_trial_01.rho
     1      868       0.1357     52922.2422    1265.5558      7.93742     7.93742   15601.4496     4.30966      1 chain_01/itr_00868_trial_01.rho
     1      869       0.1354     52922.2422       0.0000      7.93742     7.93742   15601.4496     4.30966      0 -
     1      870       0.1351     50862.2141   -2060.0281      7.78140     7.78140   15601.4496     4.30966      1 chain_01/itr_00870_trial_01.rho
     1      871       0.1348     52052.3873    1190.1732      7.87192     7.87192   15601.4496     4.30966      1 chain_01/itr_00871_trial_01.rho
     1      872       0.1345     49553.9919   -2498.3955      7.68068     7.68068   15601.4496     4.30966      1 chain_01/itr_00872_trial_01.rho
     1      873       0.1342     50188.5558     634.5639      7.72970     7.72970   15601.4496     4.30966      1 chain_01/itr_00873_trial_01.rho
     1      874       0.1339     46657.7484   -3530.8073      7.45285     7.45285   15601.4496     4.30966      1 chain_01/itr_00874_trial_01.rho
     1      875       0.1336     44102.9840   -2554.7644      7.24593     7.24593   15601.4496     4.30966      1 chain_01/itr_00875_trial_01.rho
     1      876       0.1333     43998.5426    -104.4414      7.23735     7.23735   15601.4496     4.30966      1 chain_01/itr_00876_trial_01.rho
     1      877        0.133     42443.3369   -1555.2056      7.10829     7.10829   15601.4496     4.30966      1 chain_01/itr_00877_trial_01.rho
     1      878       0.1327     44329.3128    1885.9759      7.26450     7.26450   15601.4496     4.30966      1 chain_01/itr_00878_trial_01.rho
     1      879       0.1323     45466.8686    1137.5558      7.35712     7.35712   15601.4496     4.30966      1 chain_01/itr_00879_trial_01.rho
     1      880        0.132     45127.6740    -339.1947      7.32963     7.32963   15601.4496     4.30966      1 chain_01/itr_00880_trial_01.rho
     1      881       0.1317     43671.9568   -1455.7172      7.21044     7.21044   15601.4496     4.30966      1 chain_01/itr_00881_trial_01.rho
     1      882       0.1314     42230.3060   -1441.6508      7.09043     7.09043   15601.4496     4.30966      1 chain_01/itr_00882_trial_01.rho
     1      883       0.1311     41984.0567    -246.2494      7.06973     7.06973   15601.4496     4.30966      1 chain_01/itr_00883_trial_01.rho
     1      884       0.1308     40405.9641   -1578.0925      6.93558     6.93558   15601.4496     4.30966      1 chain_01/itr_00884_trial_01.rho
     1      885       0.1305     39687.6539    -718.3102      6.87366     6.87366   15601.4496     4.30966      1 chain_01/itr_00885_trial_01.rho
     1      886       0.1302     38484.8728   -1202.7811      6.76870     6.76870   15601.4496     4.30966      1 chain_01/itr_00886_trial_01.rho
     1      887       0.1299     37037.6104   -1447.2624      6.64021     6.64021   15601.4496     4.30966      1 chain_01/itr_00887_trial_01.rho
     1      888       0.1296     37718.4605     680.8500      6.70096     6.70096   15601.4496     4.30966      1 chain_01/itr_00888_trial_01.rho
     1      889       0.1293     36835.5518    -882.9087      6.62207     6.62207   15601.4496     4.30966      1 chain_01/itr_00889_trial_01.rho
     1      890        0.129     37709.6461     874.0943      6.70018     6.70018   15601.4496     4.30966      1 chain_01/itr_00890_trial_01.rho
     1      891       0.1287     38151.8851     442.2390      6.73936     6.73936   15601.4496     4.30966      1 chain_01/itr_00891_trial_01.rho
     1      892       0.1284     38680.4501     528.5650      6.78588     6.78588   15601.4496     4.30966      1 chain_01/itr_00892_trial_01.rho
     1      893       0.1281     38756.6973      76.2472      6.79256     6.79256   15601.4496     4.30966      1 chain_01/itr_00893_trial_01.rho
     1      894       0.1279     39085.5529     328.8556      6.82132     6.82132   15601.4496     4.30966      1 chain_01/itr_00894_trial_01.rho
     1      895       0.1276     39744.6953     659.1425      6.87860     6.87860   15601.4496     4.30966      1 chain_01/itr_00895_trial_01.rho
     1      896       0.1273     38681.9287   -1062.7666      6.78601     6.78601   15601.4496     4.30966      1 chain_01/itr_00896_trial_01.rho
     1      897        0.127     39574.7101     892.7813      6.86387     6.86387   15601.4496     4.30966      1 chain_01/itr_00897_trial_01.rho
     1      898       0.1267     39912.8541     338.1440      6.89313     6.89313   15601.4496     4.30966      1 chain_01/itr_00898_trial_01.rho
     1      899       0.1264     40224.6919     311.8378      6.92001     6.92001   15601.4496     4.30966      1 chain_01/itr_00899_trial_01.rho
     1      900       0.1261     40292.2882      67.5963      6.92582     6.92582   15601.4496     4.30966      1 chain_01/itr_00900_trial_01.rho
     1      901       0.1258     38755.3809   -1536.9072      6.79245     6.79245   15601.4496     4.30966      1 chain_01/itr_00901_trial_01.rho
     1      902       0.1255     41629.4562    2874.0752      7.03981     7.03981   15601.4496     4.30966      1 chain_01/itr_00902_trial_01.rho
     1      903       0.1252     42076.0389     446.5827      7.07747     7.07747   15601.4496     4.30966      1 chain_01/itr_00903_trial_01.rho
     1      904       0.1249     42417.6820     341.6431      7.10614     7.10614   15601.4496     4.30966      1 chain_01/itr_00904_trial_01.rho
     1      905       0.1247     42502.2258      84.5438      7.11322     7.11322   15601.4496     4.30966      1 chain_01/itr_00905_trial_01.rho
     1      906       0.1244     43098.2340     596.0081      7.16292     7.16292   15601.4496     4.30966      1 chain_01/itr_00906_trial_01.rho
     1      907       0.1241     42947.3952    -150.8388      7.15037     7.15037   15601.4496     4.30966      1 chain_01/itr_00907_trial_01.rho
     1      908       0.1238     42947.3952       0.0000      7.15037     7.15037   15601.4496     4.30966      0 -
     1      909       0.1235     43981.4049    1034.0097      7.23594     7.23594   15601.4496     4.30966      1 chain_01/itr_00909_trial_01.rho
     1      910       0.1232     42334.0246   -1647.3802      7.09913     7.09913   15601.4496     4.30966      1 chain_01/itr_00910_trial_01.rho
     1      911       0.1229     42014.4097    -319.6149      7.07228     7.07228   15601.4496     4.30966      1 chain_01/itr_00911_trial_01.rho
     1      912       0.1227     42410.3770     395.9673      7.10553     7.10553   15601.4496     4.30966      1 chain_01/itr_00912_trial_01.rho
     1      913       0.1224     43643.2085    1232.8315      7.20806     7.20806   15601.4496     4.30966      1 chain_01/itr_00913_trial_01.rho
     1      914       0.1221     45257.5707    1614.3622      7.34017     7.34017   15601.4496     4.30966      1 chain_01/itr_00914_trial_01.rho
     1      915       0.1218     46264.0638    1006.4931      7.42134     7.42134   15601.4496     4.30966      1 chain_01/itr_00915_trial_01.rho
     1      916       0.1215     45221.8893   -1042.1745      7.33727     7.33727   15601.4496     4.30966      1 chain_01/itr_00916_trial_01.rho
     1      917       0.1213     46688.6023    1466.7130      7.45531     7.45531   15601.4496     4.30966      1 chain_01/itr_00917_trial_01.rho
     1      918        0.121     45715.4477    -973.1546      7.37720     7.37720   15601.4496     4.30966      1 chain_01/itr_00918_trial_01.rho
     1      919       0.1207     45588.4602    -126.9875      7.36695     7.36695   15601.4496     4.30966      1 chain_01/itr_00919_trial_01.rho
     1      920       0.1204     44691.5433    -896.9169      7.29412     7.29412   15601.4496     4.30966      1 chain_01/itr_00920_trial_01.rho
     1      921       0.1201     45293.0308     601.4876      7.34304     7.34304   15601.4496     4.30966      1 chain_01/itr_00921_trial_01.rho
     1      922       0.1199     44475.4605    -817.5703      7.27647     7.27647   15601.4496     4.30966      1 chain_01/itr_00922_trial_01.rho
     1      923       0.1196     44628.7369     153.2764      7.28900     7.28900   15601.4496     4.30966      1 chain_01/itr_00923_trial_01.rho
     1      924       0.1193     45316.7524     688.0155      7.34497     7.34497   15601.4496     4.30966      1 chain_01/itr_00924_trial_01.rho
     1      925        0.119     45513.5523     196.7999      7.36090     7.36090   15601.4496     4.30966      1 chain_01/itr_00925_trial_01.rho
     1      926       0.1188     45030.1084    -483.4439      7.32170     7.32170   15601.4496     4.30966      1 chain_01/itr_00926_trial_01.rho
     1      927       0.1185     45307.2580     277.1496      7.34420     7.34420   15601.4496     4.30966      1 chain_01/itr_00927_trial_01.rho
     1      928       0.1182     45307.2580       0.0000      7.34420     7.34420   15601.4496     4.30966      0 -
     1      929       0.1179     45209.8989     -97.3590      7.33630     7.33630   15601.4496     4.30966      1 chain_01/itr_00929_trial_01.rho
     1      930       0.1177     44412.1978    -797.7011      7.27129     7.27129   15601.4496     4.30966      1 chain_01/itr_00930_trial_01.rho
     1      931       0.1174     43708.6949    -703.5029      7.21347     7.21347   15601.4496     4.30966      1 chain_01/itr_00931_trial_01.rho
     1      932       0.1171     43018.4774    -690.2175      7.15629     7.15629   15601.4496     4.30966      1 chain_01/itr_00932_trial_01.rho
     1      933       0.1169     43768.4549     749.9774      7.21840     7.21840   15601.4496     4.30966      1 chain_01/itr_00933_trial_01.rho
     1      934       0.1166     42046.8708   -1721.5841      7.07501     7.07501   15601.4496     4.30966      1 chain_01/itr_00934_trial_01.rho
     1      935       0.1163     41989.1369     -57.7338      7.07015     7.07015   15601.4496     4.30966      1 chain_01/itr_00935_trial_01.rho
     1      936       0.1161     42323.0885     333.9515      7.09821     7.09821   15601.4496     4.30966      1 chain_01/itr_00936_trial_01.rho
     1      937       0.1158     41353.4833    -969.6052      7.01643     7.01643   15601.4496     4.30966      1 chain_01/itr_00937_trial_01.rho
     1      938       0.1155     42272.5187     919.0354      7.09397     7.09397   15601.4496     4.30966      1 chain_01/itr_00938_trial_01.rho
     1      939       0.1153     42819.6297     547.1110      7.13973     7.13973   15601.4496     4.30966      1 chain_01/itr_00939_trial_01.rho
     1      940        0.115     43596.0912     776.4615      7.20417     7.20417   15601.4496     4.30966      1 chain_01/itr_00940_trial_01.rho
     1      941       0.1147     42138.4372   -1457.6540      7.08271     7.08271   15601.4496     4.30966      1 chain_01/itr_00941_trial_01.rho
     1      942       0.1145     39470.3244   -2668.1129      6.85481     6.85481   15601.4496     4.30966      1 chain_01/itr_00942_trial_01.rho
     1      943       0.1142     39470.3244       0.0000      6.85481     6.85481   15601.4496     4.30966      0 -
     1      944       0.1139     39578.5650     108.2406      6.86421     6.86421   15601.4496     4.30966      1 chain_01/itr_00944_trial_01.rho
     1      945       0.1137     39578.5650       0.0000      6.86421     6.86421   15601.4496     4.30966      0 -
     1      946       0.1134     39952.9533     374.3882      6.89660     6.89660   15601.4496     4.30966      1 chain_01/itr_00946_trial_01.rho
     1      947       0.1132     38985.7547    -967.1985      6.81261     6.81261   15601.4496     4.30966      1 chain_01/itr_00947_trial_01.rho
     1      948       0.1129     40487.7170    1501.9622      6.94260     6.94260   15601.4496     4.30966      1 chain_01/itr_00948_trial_01.rho
     1      949       0.1126     38121.4152   -2366.3018      6.73666     6.73666   15601.4496     4.30966      1 chain_01/itr_00949_trial_01.rho
     1      950       0.1124     38121.4152       0.0000      6.73666     6.73666   15601.4496     4.30966      0 -
     1      951       0.1121     37309.8931    -811.5221      6.66457     6.66457   15601.4496     4.30966      1 chain_01/itr_00951_trial_01.rho
     1      952       0.1119     36356.4106    -953.4825      6.57886     6.57886   15601.4496     4.30966      1 chain_01/itr_00952_trial_01.rho
     1      953       0.1116     36356.4106       0.0000      6.57886     6.57886   15601.4496     4.30966      0 -
     1      954       0.1113     36356.4106       0.0000      6.57886     6.57886   15601.4496     4.30966      0 -
     1      955       0.1111     36098.5065    -257.9041      6.55549     6.55549   15601.4496     4.30966      1 chain_01/itr_00955_trial_01.rho
     1      956       0.1108     35033.8757   -1064.6308      6.45810     6.45810   15601.4496     4.30966      1 chain_01/itr_00956_trial_01.rho
     1      957       0.1106     34538.3845    -495.4911      6.41226     6.41226   15601.4496     4.30966      1 chain_01/itr_00957_trial_01.rho
     1      958       0.1103     34538.3845       0.0000      6.41226     6.41226   15601.4496     4.30966      0 -
     1      959       0.1101     34538.3845       0.0000      6.41226     6.41226   15601.4496     4.30966      0 -
     1      960       0.1098     33907.2950    -631.0896      6.35341     6.35341   15601.4496     4.30966      1 chain_01/itr_00960_trial_01.rho
     1      961       0.1096     35236.3048    1329.0099      6.47673     6.47673   15601.4496     4.30966      1 chain_01/itr_00961_trial_01.rho
     1      962       0.1093     34242.7992    -993.5057      6.38477     6.38477   15601.4496     4.30966      1 chain_01/itr_00962_trial_01.rho
     1      963       0.1091     35278.3175    1035.5183      6.48059     6.48059   15601.4496     4.30966      1 chain_01/itr_00963_trial_01.rho
     1      964       0.1088     36936.6118    1658.2943      6.63115     6.63115   15601.4496     4.30966      1 chain_01/itr_00964_trial_01.rho
     1      965       0.1086     37395.6484     459.0365      6.67223     6.67223   15601.4496     4.30966      1 chain_01/itr_00965_trial_01.rho
     1      966       0.1083     37992.7652     597.1169      6.72529     6.72529   15601.4496     4.30966      1 chain_01/itr_00966_trial_01.rho
     1      967       0.1081     38840.0311     847.2659      6.79986     6.79986   15601.4496     4.30966      1 chain_01/itr_00967_trial_01.rho
     1      968       0.1078     37415.7834   -1424.2477      6.67402     6.67402   15601.4496     4.30966      1 chain_01/itr_00968_trial_01.rho
     1      969       0.1076     37415.7834       0.0000      6.67402     6.67402   15601.4496     4.30966      0 -
     1      970       0.1073     35670.6299   -1745.1535      6.51652     6.51652   15601.4496     4.30966      1 chain_01/itr_00970_trial_01.rho
     1      971       0.1071     35670.6299       0.0000      6.51652     6.51652   15601.4496     4.30966      0 -
     1      972       0.1068     35670.6299       0.0000      6.51652     6.51652   15601.4496     4.30966      0 -
     1      973       0.1066     35410.1990    -260.4308      6.49269     6.49269   15601.4496     4.30966      1 chain_01/itr_00973_trial_01.rho
     1      974       0.1063     35458.5199      48.3209      6.49712     6.49712   15601.4496     4.30966      1 chain_01/itr_00974_trial_01.rho
     1      975       0.1061     36025.0411     566.5211      6.54881     6.54881   15601.4496     4.30966      1 chain_01/itr_00975_trial_01.rho
     1      976       0.1058     36625.5058     600.4647      6.60317     6.60317   15601.4496     4.30966      1 chain_01/itr_00976_trial_01.rho
     1      977       0.1056     34778.6521   -1846.8537      6.43453     6.43453   15601.4496     4.30966      1 chain_01/itr_00977_trial_01.rho
     1      978       0.1054     34183.9472    -594.7049      6.37928     6.37928   15601.4496     4.30966      1 chain_01/itr_00978_trial_01.rho
     1      979       0.1051     34265.0077      81.0605      6.38684     6.38684   15601.4496     4.30966      1 chain_01/itr_00979_trial_01.rho
     1      980       0.1049     30598.6155   -3666.3922      6.03547     6.03547   15601.4496     4.30966      1 chain_01/itr_00980_trial_01.rho
     1      981       0.1046     30598.6155       0.0000      6.03547     6.03547   15601.4496     4.30966      0 -
     1      982       0.1044     30454.4396    -144.1759      6.02124     6.02124   15601.4496     4.30966      1 chain_01/itr_00982_trial_01.rho
     1      983       0.1042     30454.4396       0.0000      6.02124     6.02124   15601.4496     4.30966      0 -
     1      984       0.1039     31274.4134     819.9738      6.10176     6.10176   15601.4496     4.30966      1 chain_01/itr_00984_trial_01.rho
     1      985       0.1037     30368.3373    -906.0761      6.01272     6.01272   15601.4496     4.30966      1 chain_01/itr_00985_trial_01.rho
     1      986       0.1034     28259.0954   -2109.2418      5.80015     5.80015   15601.4496     4.30966      1 chain_01/itr_00986_trial_01.rho
     1      987       0.1032     28896.6359     637.5404      5.86522     5.86522   15601.4496     4.30966      1 chain_01/itr_00987_trial_01.rho
     1      988        0.103     30830.4304    1933.7946      6.05829     6.05829   15601.4496     4.30966      1 chain_01/itr_00988_trial_01.rho
     1      989       0.1027     30830.4304       0.0000      6.05829     6.05829   15601.4496     4.30966      0 -
     1      990       0.1025     29056.3746   -1774.0558      5.88140     5.88140   15601.4496     4.30966      1 chain_01/itr_00990_trial_01.rho
     1      991       0.1023     27911.9234   -1144.4512      5.76441     5.76441   15601.4496     4.30966      1 chain_01/itr_00991_trial_01.rho
     1      992        0.102     26886.2412   -1025.6822      5.65751     5.65751   15601.4496     4.30966      1 chain_01/itr_00992_trial_01.rho
     1      993       0.1018     26886.2412       0.0000      5.65751     5.65751   15601.4496     4.30966      0 -
     1      994       0.1015     26766.0120    -120.2292      5.64485     5.64485   15601.4496     4.30966      1 chain_01/itr_00994_trial_01.rho
     1      995       0.1013     24846.1535   -1919.8585      5.43864     5.43864   15601.4496     4.30966      1 chain_01/itr_00995_trial_01.rho
     1      996       0.1011     24006.8689    -839.2846      5.34599     5.34599   15601.4496     4.30966      1 chain_01/itr_00996_trial_01.rho
     1      997       0.1008     23341.4085    -665.4603      5.27137     5.27137   15601.4496     4.30966      1 chain_01/itr_00997_trial_01.rho
     1      998       0.1006     23341.4085       0.0000      5.27137     5.27137   15601.4496     4.30966      0 -
     1      999       0.1004     22484.3141    -857.0944      5.17369     5.17369   15601.4496     4.30966      1 chain_01/itr_00999_trial_01.rho
     1     1000       0.1002     23172.8139     688.4999      5.25230     5.25230   15601.4496     4.30966      1 chain_01/itr_01000_trial_01.rho
     1     1001      0.09992     22718.6146    -454.1994      5.20057     5.20057   15601.4496     4.30966      1 chain_01/itr_01001_trial_01.rho
     1     1002      0.09969     22718.6146       0.0000      5.20057     5.20057   15601.4496     4.30966      0 -
     1     1003      0.09946     22744.6139      25.9993      5.20355     5.20355   15601.4496     4.30966      1 chain_01/itr_01003_trial_01.rho
     1     1004      0.09924     23675.8170     931.2031      5.30900     5.30900   15601.4496     4.30966      1 chain_01/itr_01004_trial_01.rho
     1     1005      0.09901     23675.8170       0.0000      5.30900     5.30900   15601.4496     4.30966      0 -
     1     1006      0.09878     23802.8792     127.0622      5.32323     5.32323   15601.4496     4.30966      1 chain_01/itr_01006_trial_01.rho
     1     1007      0.09855     25352.1187    1549.2394      5.49373     5.49373   15601.4496     4.30966      1 chain_01/itr_01007_trial_01.rho
     1     1008      0.09833     25162.7034    -189.4153      5.47317     5.47317   15601.4496     4.30966      1 chain_01/itr_01008_trial_01.rho
     1     1009       0.0981     25839.9766     677.2731      5.54634     5.54634   15601.4496     4.30966      1 chain_01/itr_01009_trial_01.rho
     1     1010      0.09787     28265.3934    2425.4169      5.80080     5.80080   15601.4496     4.30966      1 chain_01/itr_01010_trial_01.rho
     1     1011      0.09765     28256.3341      -9.0593      5.79987     5.79987   15601.4496     4.30966      1 chain_01/itr_01011_trial_01.rho
     1     1012      0.09742     28033.3823    -222.9519      5.77694     5.77694   15601.4496     4.30966      1 chain_01/itr_01012_trial_01.rho
     1     1013       0.0972     26929.6242   -1103.7580      5.66207     5.66207   15601.4496     4.30966      1 chain_01/itr_01013_trial_01.rho
     1     1014      0.09698     26929.6242       0.0000      5.66207     5.66207   15601.4496     4.30966      0 -
     1     1015      0.09675     28883.4231    1953.7989      5.86387     5.86387   15601.4496     4.30966      1 chain_01/itr_01015_trial_01.rho
     1     1016      0.09653     28058.8828    -824.5403      5.77957     5.77957   15601.4496     4.30966      1 chain_01/itr_01016_trial_01.rho
     1     1017      0.09631     28058.8828       0.0000      5.77957     5.77957   15601.4496     4.30966      0 -
     1     1018      0.09609     28242.1774     183.2946      5.79842     5.79842   15601.4496     4.30966      1 chain_01/itr_01018_trial_01.rho
     1     1019      0.09587     29023.9815     781.8041      5.87813     5.87813   15601.4496     4.30966      1 chain_01/itr_01019_trial_01.rho
     1     1020      0.09564     30563.1757    1539.1942      6.03198     6.03198   15601.4496     4.30966      1 chain_01/itr_01020_trial_01.rho
     1     1021      0.09542     30563.1757       0.0000      6.03198     6.03198   15601.4496     4.30966      0 -
     1     1022       0.0952     27387.0299   -3176.1459      5.70996     5.70996   15601.4496     4.30966      1 chain_01/itr_01022_trial_01.rho
     1     1023      0.09499     25963.1365   -1423.8933      5.55954     5.55954   15601.4496     4.30966      1 chain_01/itr_01023_trial_01.rho
     1     1024      0.09477     26035.6858      72.5493      5.56730     5.56730   15601.4496     4.30966      1 chain_01/itr_01024_trial_01.rho
     1     1025      0.09455     26968.9934     933.3076      5.66621     5.66621   15601.4496     4.30966      1 chain_01/itr_01025_trial_01.rho
     1     1026      0.09433     27342.7459     373.7525      5.70534     5.70534   15601.4496     4.30966      1 chain_01/itr_01026_trial_01.rho
     1     1027      0.09411     28915.6741    1572.9282      5.86715     5.86715   15601.4496     4.30966      1 chain_01/itr_01027_trial_01.rho
     1     1028       0.0939     29045.4382     129.7641      5.88030     5.88030   15601.4496     4.30966      1 chain_01/itr_01028_trial_01.rho
     1     1029      0.09368     29045.4382       0.0000      5.88030     5.88030   15601.4496     4.30966      0 -
     1     1030      0.09347     28033.4135   -1012.0247      5.77695     5.77695   15601.4496     4.30966      1 chain_01/itr_01030_trial_01.rho
     1     1031      0.09325     26569.7562   -1463.6574      5.62411     5.62411   15601.4496     4.30966      1 chain_01/itr_01031_trial_01.rho
     1     1032      0.09304     26203.9226    -365.8335      5.58526     5.58526   15601.4496     4.30966      1 chain_01/itr_01032_trial_01.rho
     1     1033      0.09282     26158.3229     -45.5997      5.58040     5.58040   15601.4496     4.30966      1 chain_01/itr_01033_trial_01.rho
     1     1034      0.09261     26735.5119     577.1890      5.64163     5.64163   15601.4496     4.30966      1 chain_01/itr_01034_trial_01.rho
     1     1035       0.0924     26288.8370    -446.6749      5.59430     5.59430   15601.4496     4.30966      1 chain_01/itr_01035_trial_01.rho
     1     1036      0.09218     25523.1481    -765.6889      5.51223     5.51223   15601.4496     4.30966      1 chain_01/itr_01036_trial_01.rho
     1     1037      0.09197     24706.8705    -816.2776      5.42337     5.42337   15601.4496     4.30966      1 chain_01/itr_01037_trial_01.rho
     1     1038      0.09176     24747.4020      40.5316      5.42782     5.42782   15601.4496     4.30966      1 chain_01/itr_01038_trial_01.rho
     1     1039      0.09155     25159.6435     412.2414      5.47284     5.47284   15601.4496     4.30966      1 chain_01/itr_01039_trial_01.rho
     1     1040      0.09134     25085.5148     -74.1287      5.46477     5.46477   15601.4496     4.30966      1 chain_01/itr_01040_trial_01.rho
     1     1041      0.09113     25085.5148       0.0000      5.46477     5.46477   15601.4496     4.30966      0 -
     1     1042      0.09092     25110.5963      25.0816      5.46750     5.46750   15601.4496     4.30966      1 chain_01/itr_01042_trial_01.rho
     1     1043      0.09071     25203.1257      92.5293      5.47757     5.47757   15601.4496     4.30966      1 chain_01/itr_01043_trial_01.rho
     1     1044       0.0905     25417.6924     214.5667      5.50083     5.50083   15601.4496     4.30966      1 chain_01/itr_01044_trial_01.rho
     1     1045      0.09029     25853.0519     435.3595      5.54774     5.54774   15601.4496     4.30966      1 chain_01/itr_01045_trial_01.rho
     1     1046      0.09008     26226.8797     373.8279      5.58771     5.58771   15601.4496     4.30966      1 chain_01/itr_01046_trial_01.rho
     1     1047      0.08988     26348.2424     121.3627      5.60062     5.60062   15601.4496     4.30966      1 chain_01/itr_01047_trial_01.rho
     1     1048      0.08967     26405.0198      56.7773      5.60665     5.60665   15601.4496     4.30966      1 chain_01/itr_01048_trial_01.rho
     1     1049      0.08946     26405.0198       0.0000      5.60665     5.60665   15601.4496     4.30966      0 -
     1     1050      0.08926     26640.8675     235.8478      5.63164     5.63164   15601.4496     4.30966      1 chain_01/itr_01050_trial_01.rho
     1     1051      0.08905     25064.4803   -1576.3872      5.46248     5.46248   15601.4496     4.30966      1 chain_01/itr_01051_trial_01.rho
     1     1052      0.08885     25151.8179      87.3376      5.47199     5.47199   15601.4496     4.30966      1 chain_01/itr_01052_trial_01.rho
     1     1053      0.08864     24146.9269   -1004.8910      5.36156     5.36156   15601.4496     4.30966      1 chain_01/itr_01053_trial_01.rho
     1     1054      0.08844     23883.8670    -263.0599      5.33228     5.33228   15601.4496     4.30966      1 chain_01/itr_01054_trial_01.rho
     1     1055      0.08824     24201.7680     317.9010      5.36765     5.36765   15601.4496     4.30966      1 chain_01/itr_01055_trial_01.rho
     1     1056      0.08803     24524.3470     322.5790      5.40330     5.40330   15601.4496     4.30966      1 chain_01/itr_01056_trial_01.rho
     1     1057      0.08783     24595.4876      71.1406      5.41113     5.41113   15601.4496     4.30966      1 chain_01/itr_01057_trial_01.rho
     1     1058      0.08763     24595.4876       0.0000      5.41113     5.41113   15601.4496     4.30966      0 -
     1     1059      0.08743     23687.1688    -908.3189      5.31027     5.31027   15601.4496     4.30966      1 chain_01/itr_01059_trial_01.rho
     1     1060      0.08723     25003.4238    1316.2551      5.45582     5.45582   15601.4496     4.30966      1 chain_01/itr_01060_trial_01.rho
     1     1061      0.08703     25003.4238       0.0000      5.45582     5.45582   15601.4496     4.30966      0 -
     1     1062      0.08683     24866.9686    -136.4553      5.44091     5.44091   15601.4496     4.30966      1 chain_01/itr_01062_trial_01.rho
     1     1063      0.08663     25209.6307     342.6621      5.47827     5.47827   15601.4496     4.30966      1 chain_01/itr_01063_trial_01.rho
     1     1064      0.08643     25560.7006     351.0699      5.51629     5.51629   15601.4496     4.30966      1 chain_01/itr_01064_trial_01.rho
     1     1065      0.08623     27186.0604    1625.3597      5.68897     5.68897   15601.4496     4.30966      1 chain_01/itr_01065_trial_01.rho
     1     1066      0.08603     26849.3933    -336.6671      5.65363     5.65363   15601.4496     4.30966      1 chain_01/itr_01066_trial_01.rho
     1     1067      0.08583     27195.4956     346.1023      5.68996     5.68996   15601.4496     4.30966      1 chain_01/itr_01067_trial_01.rho
     1     1068      0.08563     27195.4956       0.0000      5.68996     5.68996   15601.4496     4.30966      0 -
     1     1069      0.08544     25980.4336   -1215.0621      5.56139     5.56139   15601.4496     4.30966      1 chain_01/itr_01069_trial_01.rho
     1     1070      0.08524     24682.5865   -1297.8471      5.42070     5.42070   15601.4496     4.30966      1 chain_01/itr_01070_trial_01.rho
     1     1071      0.08504     24682.5865       0.0000      5.42070     5.42070   15601.4496     4.30966      0 -
     1     1072      0.08485     24682.5865       0.0000      5.42070     5.42070   15601.4496     4.30966      0 -
     1     1073      0.08465     24503.8778    -178.7087      5.40104     5.40104   15601.4496     4.30966      1 chain_01/itr_01073_trial_01.rho
     1     1074      0.08446     24352.3288    -151.5489      5.38432     5.38432   15601.4496     4.30966      1 chain_01/itr_01074_trial_01.rho
     1     1075      0.08426     24167.2425    -185.0863      5.36382     5.36382   15601.4496     4.30966      1 chain_01/itr_01075_trial_01.rho
     1     1076      0.08407     25008.3876     841.1450      5.45636     5.45636   15601.4496     4.30966      1 chain_01/itr_01076_trial_01.rho
     1     1077      0.08388     23532.3847   -1476.0028      5.29290     5.29290   15601.4496     4.30966      1 chain_01/itr_01077_trial_01.rho
     1     1078      0.08368     23532.3847       0.0000      5.29290     5.29290   15601.4496     4.30966      0 -
     1     1079      0.08349     23770.9945     238.6098      5.31966     5.31966   15601.4496     4.30966      1 chain_01/itr_01079_trial_01.rho
     1     1080       0.0833     23770.9945       0.0000      5.31966     5.31966   15601.4496     4.30966      0 -
     1     1081      0.08311     21362.6151   -2408.3795      5.04298     5.04298   15601.4496     4.30966      1 chain_01/itr_01081_trial_01.rho
     1     1082      0.08292     21258.8184    -103.7966      5.03072     5.03072   15601.4496     4.30966      1 chain_01/itr_01082_trial_01.rho
     1     1083      0.08273     21258.8184       0.0000      5.03072     5.03072   15601.4496     4.30966      0 -
     1     1084      0.08254     21635.6978     376.8794      5.07511     5.07511   15601.4496     4.30966      1 chain_01/itr_01084_trial_01.rho
     1     1085      0.08235     22863.4603    1227.7625      5.21713     5.21713   15601.4496     4.30966      1 chain_01/itr_01085_trial_01.rho
     1     1086      0.08216     23099.9551     236.4948      5.24404     5.24404   15601.4496     4.30966      1 chain_01/itr_01086_trial_01.rho
     1     1087      0.08197     21367.1772   -1732.7779      5.04352     5.04352   15601.4496     4.30966      1 chain_01/itr_01087_trial_01.rho
     1     1088      0.08178     22053.6641     686.4869      5.12390     5.12390   15601.4496     4.30966      1 chain_01/itr_01088_trial_01.rho
     1     1089      0.08159     22468.1706     414.5066      5.17183     5.17183   15601.4496     4.30966      1 chain_01/itr_01089_trial_01.rho
     1     1090       0.0814     22518.1499      49.9792      5.17758     5.17758   15601.4496     4.30966      1 chain_01/itr_01090_trial_01.rho
     1     1091      0.08122     22393.4524    -124.6975      5.16322     5.16322   15601.4496     4.30966      1 chain_01/itr_01091_trial_01.rho
     1     1092      0.08103     22168.0298    -225.4226      5.13717     5.13717   15601.4496     4.30966      1 chain_01/itr_01092_trial_01.rho
     1     1093      0.08084     21573.4710    -594.5588      5.06781     5.06781   15601.4496     4.30966      1 chain_01/itr_01093_trial_01.rho
     1     1094      0.08066     21573.4710       0.0000      5.06781     5.06781   15601.4496     4.30966      0 -
     1     1095      0.08047     21573.4710       0.0000      5.06781     5.06781   15601.4496     4.30966      0 -
     1     1096      0.08029     21573.4710       0.0000      5.06781     5.06781   15601.4496     4.30966      0 -
     1     1097       0.0801     22261.2971     687.8261      5.14797     5.14797   15601.4496     4.30966      1 chain_01/itr_01097_trial_01.rho
     1     1098      0.07992     21573.8060    -687.4911      5.06785     5.06785   15601.4496     4.30966      1 chain_01/itr_01098_trial_01.rho
     1     1099      0.07973     21002.1672    -571.6388      5.00026     5.00026   15601.4496     4.30966      1 chain_01/itr_01099_trial_01.rho
     1     1100      0.07955     19846.0354   -1156.1317      4.86068     4.86068   15601.4496     4.30966      1 chain_01/itr_01100_trial_01.rho
     1     1101      0.07937     19705.6442    -140.3913      4.84346     4.84346   15601.4496     4.30966      1 chain_01/itr_01101_trial_01.rho
     1     1102      0.07918     19705.6442       0.0000      4.84346     4.84346   15601.4496     4.30966      0 -
     1     1103        0.079     18967.1020    -738.5422      4.75183     4.75183   15601.4496     4.30966      1 chain_01/itr_01103_trial_01.rho
     1     1104      0.07882     18733.3246    -233.7774      4.72245     4.72245   15601.4496     4.30966      1 chain_01/itr_01104_trial_01.rho
     1     1105      0.07864     18486.3592    -246.9654      4.69122     4.69122   15601.4496     4.30966      1 chain_01/itr_01105_trial_01.rho
     1     1106      0.07846     18486.3592       0.0000      4.69122     4.69122   15601.4496     4.30966      0 -
     1     1107      0.07828     19359.1152     872.7560      4.80068     4.80068   15601.4496     4.30966      1 chain_01/itr_01107_trial_01.rho
     1     1108       0.0781     19709.6499     350.5347      4.84395     4.84395   15601.4496     4.30966      1 chain_01/itr_01108_trial_01.rho
     1     1109      0.07792     19709.6499       0.0000      4.84395     4.84395   15601.4496     4.30966      0 -
     1     1110      0.07774     20090.6231     380.9732      4.89054     4.89054   15601.4496     4.30966      1 chain_01/itr_01110_trial_01.rho
     1     1111      0.07756     20090.7744       0.1513      4.89056     4.89056   15601.4496     4.30966      1 chain_01/itr_01111_trial_01.rho
     1     1112      0.07738     20100.2866       9.5122      4.89172     4.89172   15601.4496     4.30966      1 chain_01/itr_01112_trial_01.rho
     1     1113       0.0772     19430.5317    -669.7549      4.80953     4.80953   15601.4496     4.30966      1 chain_01/itr_01113_trial_01.rho
     1     1114      0.07702     18946.7239    -483.8077      4.74928     4.74928   15601.4496     4.30966      1 chain_01/itr_01114_trial_01.rho
     1     1115      0.07685     19329.0167     382.2927      4.79695     4.79695   15601.4496     4.30966      1 chain_01/itr_01115_trial_01.rho
     1     1116      0.07667     19613.7071     284.6904      4.83215     4.83215   15601.4496     4.30966      1 chain_01/itr_01116_trial_01.rho
     1     1117      0.07649     19725.5505     111.8434      4.84591     4.84591   15601.4496     4.30966      1 chain_01/itr_01117_trial_01.rho
     1     1118      0.07632     19320.3029    -405.2476      4.79587     4.79587   15601.4496     4.30966      1 chain_01/itr_01118_trial_01.rho
     1     1119      0.07614     20088.1794     767.8765      4.89025     4.89025   15601.4496     4.30966      1 chain_01/itr_01119_trial_01.rho
     1     1120      0.07597     22262.8902    2174.7107      5.14815     5.14815   15601.4496     4.30966      1 chain_01/itr_01120_trial_01.rho
     1     1121      0.07579     21558.9036    -703.9865      5.06610     5.06610   15601.4496     4.30966      1 chain_01/itr_01121_trial_01.rho
     1     1122      0.07562     22640.5318    1081.6281      5.19163     5.19163   15601.4496     4.30966      1 chain_01/itr_01122_trial_01.rho
     1     1123      0.07544     22640.5318       0.0000      5.19163     5.19163   15601.4496     4.30966      0 -
     1     1124      0.07527     22793.1759     152.6441      5.20910     5.20910   15601.4496     4.30966      1 chain_01/itr_01124_trial_01.rho
     1     1125       0.0751     22793.1759       0.0000      5.20910     5.20910   15601.4496     4.30966      0 -
     1     1126      0.07492     22615.9516    -177.2243      5.18881     5.18881   15601.4496     4.30966      1 chain_01/itr_01126_trial_01.rho
     1     1127      0.07475     23356.9381     740.9865      5.27313     5.27313   15601.4496     4.30966      1 chain_01/itr_01127_trial_01.rho
     1     1128      0.07458     24263.4461     906.5080      5.37448     5.37448   15601.4496     4.30966      1 chain_01/itr_01128_trial_01.rho
     1     1129      0.07441     23586.4542    -676.9919      5.29897     5.29897   15601.4496     4.30966      1 chain_01/itr_01129_trial_01.rho
     1     1130      0.07424     22584.3774   -1002.0768      5.18519     5.18519   15601.4496     4.30966      1 chain_01/itr_01130_trial_01.rho
     1     1131      0.07407     23097.4068     513.0293      5.24375     5.24375   15601.4496     4.30966      1 chain_01/itr_01131_trial_01.rho
     1     1132       0.0739     23638.9443     541.5376      5.30487     5.30487   15601.4496     4.30966      1 chain_01/itr_01132_trial_01.rho
     1     1133      0.07373     24154.0768     515.1325      5.36236     5.36236   15601.4496     4.30966      1 chain_01/itr_01133_trial_01.rho
     1     1134      0.07356     24117.9457     -36.1311      5.35834     5.35834   15601.4496     4.30966      1 chain_01/itr_01134_trial_01.rho
     1     1135      0.07339     22699.3911   -1418.5546      5.19837     5.19837   15601.4496     4.30966      1 chain_01/itr_01135_trial_01.rho
     1     1136      0.07322     23021.8036     322.4125      5.23516     5.23516   15601.4496     4.30966      1 chain_01/itr_01136_trial_01.rho
     1     1137      0.07305     23021.8036       0.0000      5.23516     5.23516   15601.4496     4.30966      0 -
     1     1138      0.07288     22880.5939    -141.2097      5.21908     5.21908   15601.4496     4.30966      1 chain_01/itr_01138_trial_01.rho
     1     1139      0.07271     23622.3801     741.7862      5.30301     5.30301   15601.4496     4.30966      1 chain_01/itr_01139_trial_01.rho
     1     1140      0.07255     23622.3801       0.0000      5.30301     5.30301   15601.4496     4.30966      0 -
     1     1141      0.07238     23622.3801       0.0000      5.30301     5.30301   15601.4496     4.30966      0 -
     1     1142      0.07221     23560.7438     -61.6363      5.29608     5.29608   15601.4496     4.30966      1 chain_01/itr_01142_trial_01.rho
     1     1143      0.07205     23943.3866     382.6428      5.33892     5.33892   15601.4496     4.30966      1 chain_01/itr_01143_trial_01.rho
     1     1144      0.07188     24534.4678     591.0812      5.40441     5.40441   15601.4496     4.30966      1 chain_01/itr_01144_trial_01.rho
     1     1145      0.07172     22409.8794   -2124.5884      5.16512     5.16512   15601.4496     4.30966      1 chain_01/itr_01145_trial_01.rho
     1     1146      0.07155     22409.8794       0.0000      5.16512     5.16512   15601.4496     4.30966      0 -
     1     1147      0.07139     23698.0589    1288.1795      5.31149     5.31149   15601.4496     4.30966      1 chain_01/itr_01147_trial_01.rho
     1     1148      0.07122     23698.0589       0.0000      5.31149     5.31149   15601.4496     4.30966      0 -
     1     1149      0.07106     23698.0589       0.0000      5.31149     5.31149   15601.4496     4.30966      0 -
     1     1150       0.0709     22825.8073    -872.2516      5.21283     5.21283   15601.4496     4.30966      1 chain_01/itr_01150_trial_01.rho
     1     1151      0.07073     22717.8356    -107.9717      5.20048     5.20048   15601.4496     4.30966      1 chain_01/itr_01151_trial_01.rho
     1     1152      0.07057     20850.2804   -1867.5552      4.98214     4.98214   15601.4496     4.30966      1 chain_01/itr_01152_trial_01.rho
     1     1153      0.07041     19344.8409   -1505.4394      4.79891     4.79891   15601.4496     4.30966      1 chain_01/itr_01153_trial_01.rho
     1     1154      0.07025     19647.9081     303.0672      4.83636     4.83636   15601.4496     4.30966      1 chain_01/itr_01154_trial_01.rho
     1     1155      0.07008     19892.7104     244.8023      4.86639     4.86639   15601.4496     4.30966      1 chain_01/itr_01155_trial_01.rho
     1     1156      0.06992     19380.9899    -511.7205      4.80340     4.80340   15601.4496     4.30966      1 chain_01/itr_01156_trial_01.rho
     1     1157      0.06976     18630.3609    -750.6290      4.70946     4.70946   15601.4496     4.30966      1 chain_01/itr_01157_trial_01.rho
     1     1158       0.0696     18630.3609       0.0000      4.70946     4.70946   15601.4496     4.30966      0 -
     1     1159      0.06944     18630.3609       0.0000      4.70946     4.70946   15601.4496     4.30966      0 -
     1     1160      0.06928     18630.3609       0.0000      4.70946     4.70946   15601.4496     4.30966      0 -
     1     1161      0.06912     18630.3609       0.0000      4.70946     4.70946   15601.4496     4.30966      0 -
     1     1162      0.06896     18630.3609       0.0000      4.70946     4.70946   15601.4496     4.30966      0 -
     1     1163       0.0688     18308.5533    -321.8077      4.66861     4.66861   15601.4496     4.30966      1 chain_01/itr_01163_trial_01.rho
     1     1164      0.06865     17730.8984    -577.6549      4.59437     4.59437   15601.4496     4.30966      1 chain_01/itr_01164_trial_01.rho
     1     1165      0.06849     17209.8044    -521.0940      4.52635     4.52635   15601.4496     4.30966      1 chain_01/itr_01165_trial_01.rho
     1     1166      0.06833     17712.6536     502.8492      4.59200     4.59200   15601.4496     4.30966      1 chain_01/itr_01166_trial_01.rho
     1     1167      0.06817     17712.6536       0.0000      4.59200     4.59200   15601.4496     4.30966      0 -
     1     1168      0.06802     18063.5919     350.9384      4.63727     4.63727   15601.4496     4.30966      1 chain_01/itr_01168_trial_01.rho
     1     1169      0.06786     17057.4029   -1006.1891      4.50627     4.50627   15601.4496     4.30966      1 chain_01/itr_01169_trial_01.rho
     1     1170       0.0677     17057.4029       0.0000      4.50627     4.50627   15601.4496     4.30966      0 -
     1     1171      0.06755     17057.4029       0.0000      4.50627     4.50627   15601.4496     4.30966      0 -
     1     1172      0.06739     16747.4525    -309.9503      4.46514     4.46514   15601.4496     4.30966      1 chain_01/itr_01172_trial_01.rho
     1     1173      0.06724     17918.8233    1171.3708      4.61865     4.61865   15601.4496     4.30966      1 chain_01/itr_01173_trial_01.rho
     1     1174      0.06708     17411.9796    -506.8437      4.55286     4.55286   15601.4496     4.30966      1 chain_01/itr_01174_trial_01.rho
     1     1175      0.06693     17007.3176    -404.6621      4.49965     4.49965   15601.4496     4.30966      1 chain_01/itr_01175_trial_01.rho
     1     1176      0.06677     16387.8253    -619.4922      4.41694     4.41694   15601.4496     4.30966      1 chain_01/itr_01176_trial_01.rho
     1     1177      0.06662     17422.2511    1034.4258      4.55420     4.55420   15601.4496     4.30966      1 chain_01/itr_01177_trial_01.rho
     1     1178      0.06647     17422.2511       0.0000      4.55420     4.55420   15601.4496     4.30966      0 -
     1     1179      0.06631     17552.8956     130.6444      4.57125     4.57125   15601.4496     4.30966      1 chain_01/itr_01179_trial_01.rho
     1     1180      0.06616     18207.6891     654.7936      4.65573     4.65573   15601.4496     4.30966      1 chain_01/itr_01180_trial_01.rho
     1     1181      0.06601     18732.5490     524.8599      4.72236     4.72236   15601.4496     4.30966      1 chain_01/itr_01181_trial_01.rho
     1     1182      0.06586     18532.9005    -199.6486      4.69712     4.69712   15601.4496     4.30966      1 chain_01/itr_01182_trial_01.rho
     1     1183      0.06571     18532.9005       0.0000      4.69712     4.69712   15601.4496     4.30966      0 -
     1     1184      0.06555     18532.9005       0.0000      4.69712     4.69712   15601.4496     4.30966      0 -
     1     1185       0.0654     18355.4942    -177.4062      4.67459     4.67459   15601.4496     4.30966      1 chain_01/itr_01185_trial_01.rho
     1     1186      0.06525     18355.4942       0.0000      4.67459     4.67459   15601.4496     4.30966      0 -
     1     1187       0.0651     18699.7643     344.2700      4.71822     4.71822   15601.4496     4.30966      1 chain_01/itr_01187_trial_01.rho
     1     1188      0.06495     19842.0704    1142.3061      4.86020     4.86020   15601.4496     4.30966      1 chain_01/itr_01188_trial_01.rho
     1     1189       0.0648     20430.0782     588.0079      4.93169     4.93169   15601.4496     4.30966      1 chain_01/itr_01189_trial_01.rho
     1     1190      0.06466     20430.0782       0.0000      4.93169     4.93169   15601.4496     4.30966      0 -
     1     1191      0.06451     21087.1722     657.0940      5.01037     5.01037   15601.4496     4.30966      1 chain_01/itr_01191_trial_01.rho
     1     1192      0.06436     21804.0566     716.8844      5.09482     5.09482   15601.4496     4.30966      1 chain_01/itr_01192_trial_01.rho
     1     1193      0.06421     22094.6243     290.5677      5.12866     5.12866   15601.4496     4.30966      1 chain_01/itr_01193_trial_01.rho
     1     1194      0.06406     23413.1278    1318.5035      5.27947     5.27947   15601.4496     4.30966      1 chain_01/itr_01194_trial_01.rho
     1     1195      0.06391     22586.9122    -826.2157      5.18548     5.18548   15601.4496     4.30966      1 chain_01/itr_01195_trial_01.rho
     1     1196      0.06377     23541.8792     954.9670      5.29396     5.29396   15601.4496     4.30966      1 chain_01/itr_01196_trial_01.rho
     1     1197      0.06362     23541.8792       0.0000      5.29396     5.29396   15601.4496     4.30966      0 -
     1     1198      0.06347     23541.8792       0.0000      5.29396     5.29396   15601.4496     4.30966      0 -
     1     1199      0.06333     22215.6425   -1326.2367      5.14268     5.14268   15601.4496     4.30966      1 chain_01/itr_01199_trial_01.rho
     1     1200      0.06318     22070.3122    -145.3303      5.12583     5.12583   15601.4496     4.30966      1 chain_01/itr_01200_trial_01.rho
     1     1201      0.06304     23809.0084    1738.6962      5.32391     5.32391   15601.4496     4.30966      1 chain_01/itr_01201_trial_01.rho
     1     1202      0.06289     23819.1691      10.1607      5.32505     5.32505   15601.4496     4.30966      1 chain_01/itr_01202_trial_01.rho
     1     1203      0.06275     23183.0591    -636.1100      5.25346     5.25346   15601.4496     4.30966      1 chain_01/itr_01203_trial_01.rho
     1     1204       0.0626     24120.8027     937.7436      5.35866     5.35866   15601.4496     4.30966      1 chain_01/itr_01204_trial_01.rho
     1     1205      0.06246     23596.5763    -524.2264      5.30011     5.30011   15601.4496     4.30966      1 chain_01/itr_01205_trial_01.rho
     1     1206      0.06232     23008.5570    -588.0193      5.23365     5.23365   15601.4496     4.30966      1 chain_01/itr_01206_trial_01.rho
     1     1207      0.06217     23008.5570       0.0000      5.23365     5.23365   15601.4496     4.30966      0 -
     1     1208      0.06203     23008.5570       0.0000      5.23365     5.23365   15601.4496     4.30966      0 -
     1     1209      0.06189     23008.5570       0.0000      5.23365     5.23365   15601.4496     4.30966      0 -
     1     1210      0.06174     22577.0909    -431.4661      5.18435     5.18435   15601.4496     4.30966      1 chain_01/itr_01210_trial_01.rho
     1     1211       0.0616     22088.6658    -488.4251      5.12797     5.12797   15601.4496     4.30966      1 chain_01/itr_01211_trial_01.rho
     1     1212      0.06146     21953.5795    -135.0864      5.11226     5.11226   15601.4496     4.30966      1 chain_01/itr_01212_trial_01.rho
     1     1213      0.06132     22110.7240     157.1445      5.13053     5.13053   15601.4496     4.30966      1 chain_01/itr_01213_trial_01.rho
     1     1214      0.06118     22484.4496     373.7257      5.17370     5.17370   15601.4496     4.30966      1 chain_01/itr_01214_trial_01.rho
     1     1215      0.06104     22627.4148     142.9652      5.19013     5.19013   15601.4496     4.30966      1 chain_01/itr_01215_trial_01.rho
     1     1216       0.0609     23091.0406     463.6257      5.24303     5.24303   15601.4496     4.30966      1 chain_01/itr_01216_trial_01.rho
     1     1217      0.06076     22508.0802    -582.9604      5.17642     5.17642   15601.4496     4.30966      1 chain_01/itr_01217_trial_01.rho
     1     1218      0.06062     22345.7587    -162.3215      5.15772     5.15772   15601.4496     4.30966      1 chain_01/itr_01218_trial_01.rho
     1     1219      0.06048     21953.4234    -392.3353      5.11224     5.11224   15601.4496     4.30966      1 chain_01/itr_01219_trial_01.rho
     1     1220      0.06034     22144.2906     190.8672      5.13442     5.13442   15601.4496     4.30966      1 chain_01/itr_01220_trial_01.rho
     1     1221       0.0602     23851.8105    1707.5199      5.32870     5.32870   15601.4496     4.30966      1 chain_01/itr_01221_trial_01.rho
     1     1222      0.06006     23834.3299     -17.4806      5.32674     5.32674   15601.4496     4.30966      1 chain_01/itr_01222_trial_01.rho
     1     1223      0.05992     23740.3541     -93.9758      5.31623     5.31623   15601.4496     4.30966      1 chain_01/itr_01223_trial_01.rho
     1     1224      0.05978     23184.8393    -555.5147      5.25367     5.25367   15601.4496     4.30966      1 chain_01/itr_01224_trial_01.rho
     1     1225      0.05965     23184.8393       0.0000      5.25367     5.25367   15601.4496     4.30966      0 -
     1     1226      0.05951     24378.3871    1193.5478      5.38720     5.38720   15601.4496     4.30966      1 chain_01/itr_01226_trial_01.rho
     1     1227      0.05937     23770.2656    -608.1215      5.31958     5.31958   15601.4496     4.30966      1 chain_01/itr_01227_trial_01.rho
     1     1228      0.05924     23409.5372    -360.7284      5.27906     5.27906   15601.4496     4.30966      1 chain_01/itr_01228_trial_01.rho
     1     1229       0.0591     23377.8230     -31.7142      5.27548     5.27548   15601.4496     4.30966      1 chain_01/itr_01229_trial_01.rho
     1     1230      0.05896     24674.7310    1296.9079      5.41984     5.41984   15601.4496     4.30966      1 chain_01/itr_01230_trial_01.rho
     1     1231      0.05883     25119.7409     445.0099      5.46850     5.46850   15601.4496     4.30966      1 chain_01/itr_01231_trial_01.rho
     1     1232      0.05869     25994.8735     875.1326      5.56294     5.56294   15601.4496     4.30966      1 chain_01/itr_01232_trial_01.rho
     1     1233      0.05856     25445.7958    -549.0777      5.50387     5.50387   15601.4496     4.30966      1 chain_01/itr_01233_trial_01.rho
     1     1234      0.05842     25106.5929    -339.2030      5.46707     5.46707   15601.4496     4.30966      1 chain_01/itr_01234_trial_01.rho
     1     1235      0.05829     25106.5929       0.0000      5.46707     5.46707   15601.4496     4.30966      0 -
     1     1236      0.05816     24303.1310    -803.4618      5.37888     5.37888   15601.4496     4.30966      1 chain_01/itr_01236_trial_01.rho
     1     1237      0.05802     24418.1727     115.0417      5.39159     5.39159   15601.4496     4.30966      1 chain_01/itr_01237_trial_01.rho
     1     1238      0.05789     24408.6494      -9.5233      5.39054     5.39054   15601.4496     4.30966      1 chain_01/itr_01238_trial_01.rho
     1     1239      0.05775     23863.9560    -544.6934      5.33005     5.33005   15601.4496     4.30966      1 chain_01/itr_01239_trial_01.rho
     1     1240      0.05762     23863.9560       0.0000      5.33005     5.33005   15601.4496     4.30966      0 -
     1     1241      0.05749     23830.7123     -33.2437      5.32634     5.32634   15601.4496     4.30966      1 chain_01/itr_01241_trial_01.rho
     1     1242      0.05736     23834.7748       4.0625      5.32679     5.32679   15601.4496     4.30966      1 chain_01/itr_01242_trial_01.rho
     1     1243      0.05723     24408.5297     573.7549      5.39053     5.39053   15601.4496     4.30966      1 chain_01/itr_01243_trial_01.rho
     1     1244      0.05709     24161.3627    -247.1669      5.36316     5.36316   15601.4496     4.30966      1 chain_01/itr_01244_trial_01.rho
     1     1245      0.05696     24161.3627       0.0000      5.36316     5.36316   15601.4496     4.30966      0 -
     1     1246      0.05683     24568.7795     407.4168      5.40819     5.40819   15601.4496     4.30966      1 chain_01/itr_01246_trial_01.rho
     1     1247       0.0567     24097.3548    -471.4247      5.35606     5.35606   15601.4496     4.30966      1 chain_01/itr_01247_trial_01.rho
     1     1248      0.05657     24455.0645     357.7097      5.39566     5.39566   15601.4496     4.30966      1 chain_01/itr_01248_trial_01.rho
     1     1249      0.05644     24776.9476     321.8831      5.43106     5.43106   15601.4496     4.30966      1 chain_01/itr_01249_trial_01.rho
     1     1250      0.05631     24620.5736    -156.3740      5.41389     5.41389   15601.4496     4.30966      1 chain_01/itr_01250_trial_01.rho
     1     1251      0.05618     24589.1359     -31.4377      5.41043     5.41043   15601.4496     4.30966      1 chain_01/itr_01251_trial_01.rho
     1     1252      0.05605     24952.2001     363.0642      5.45023     5.45023   15601.4496     4.30966      1 chain_01/itr_01252_trial_01.rho
     1     1253      0.05592     24952.2001       0.0000      5.45023     5.45023   15601.4496     4.30966      0 -
     1     1254      0.05579     27824.3002    2872.1001      5.75536     5.75536   15601.4496     4.30966      1 chain_01/itr_01254_trial_01.rho
     1     1255      0.05566     27824.3002       0.0000      5.75536     5.75536   15601.4496     4.30966      0 -
     1     1256      0.05554     27824.3002       0.0000      5.75536     5.75536   15601.4496     4.30966      0 -
     1     1257      0.05541     27824.3002       0.0000      5.75536     5.75536   15601.4496     4.30966      0 -
     1     1258      0.05528     27863.2729      38.9727      5.75939     5.75939   15601.4496     4.30966      1 chain_01/itr_01258_trial_01.rho
     1     1259      0.05515     27259.7213    -603.5516      5.69667     5.69667   15601.4496     4.30966      1 chain_01/itr_01259_trial_01.rho
     1     1260      0.05503     27259.7213       0.0000      5.69667     5.69667   15601.4496     4.30966      0 -
     1     1261       0.0549     26859.7144    -400.0069      5.65472     5.65472   15601.4496     4.30966      1 chain_01/itr_01261_trial_01.rho
     1     1262      0.05477     26859.7144       0.0000      5.65472     5.65472   15601.4496     4.30966      0 -
     1     1263      0.05465     26674.5089    -185.2055      5.63519     5.63519   15601.4496     4.30966      1 chain_01/itr_01263_trial_01.rho
     1     1264      0.05452     26035.3129    -639.1960      5.56726     5.56726   15601.4496     4.30966      1 chain_01/itr_01264_trial_01.rho
     1     1265       0.0544     26035.3129       0.0000      5.56726     5.56726   15601.4496     4.30966      0 -
     1     1266      0.05427     25112.1613    -923.1516      5.46767     5.46767   15601.4496     4.30966      1 chain_01/itr_01266_trial_01.rho
     1     1267      0.05415     25927.2295     815.0682      5.55570     5.55570   15601.4496     4.30966      1 chain_01/itr_01267_trial_01.rho
     1     1268      0.05402     25927.2295       0.0000      5.55570     5.55570   15601.4496     4.30966      0 -
     1     1269       0.0539     25330.9111    -596.3184      5.49143     5.49143   15601.4496     4.30966      1 chain_01/itr_01269_trial_01.rho
     1     1270      0.05377     25330.9111       0.0000      5.49143     5.49143   15601.4496     4.30966      0 -
     1     1271      0.05365     25330.9111       0.0000      5.49143     5.49143   15601.4496     4.30966      0 -
     1     1272      0.05353     25541.7202     210.8090      5.51424     5.51424   15601.4496     4.30966      1 chain_01/itr_01272_trial_01.rho
     1     1273       0.0534     24692.8123    -848.9079      5.42183     5.42183   15601.4496     4.30966      1 chain_01/itr_01273_trial_01.rho
     1     1274      0.05328     24692.8123       0.0000      5.42183     5.42183   15601.4496     4.30966      0 -
     1     1275      0.05316     23915.0027    -777.8096      5.33575     5.33575   15601.4496     4.30966      1 chain_01/itr_01275_trial_01.rho
     1     1276      0.05304     24656.0832     741.0804      5.41779     5.41779   15601.4496     4.30966      1 chain_01/itr_01276_trial_01.rho
     1     1277      0.05291     24579.2949     -76.7883      5.40935     5.40935   15601.4496     4.30966      1 chain_01/itr_01277_trial_01.rho
     1     1278      0.05279     24710.9405     131.6456      5.42382     5.42382   15601.4496     4.30966      1 chain_01/itr_01278_trial_01.rho
     1     1279      0.05267     24632.5002     -78.4403      5.41520     5.41520   15601.4496     4.30966      1 chain_01/itr_01279_trial_01.rho
     1     1280      0.05255     25060.9696     428.4694      5.46210     5.46210   15601.4496     4.30966      1 chain_01/itr_01280_trial_01.rho
     1     1281      0.05243     25081.7527      20.7832      5.46436     5.46436   15601.4496     4.30966      1 chain_01/itr_01281_trial_01.rho
     1     1282      0.05231     24671.7072    -410.0455      5.41951     5.41951   15601.4496     4.30966      1 chain_01/itr_01282_trial_01.rho
     1     1283      0.05219     23851.1040    -820.6032      5.32862     5.32862   15601.4496     4.30966      1 chain_01/itr_01283_trial_01.rho
     1     1284      0.05207     23698.5510    -152.5530      5.31155     5.31155   15601.4496     4.30966      1 chain_01/itr_01284_trial_01.rho
     1     1285      0.05195     23350.5028    -348.0482      5.27240     5.27240   15601.4496     4.30966      1 chain_01/itr_01285_trial_01.rho
     1     1286      0.05183     23298.5102     -51.9926      5.26653     5.26653   15601.4496     4.30966      1 chain_01/itr_01286_trial_01.rho
     1     1287      0.05171     22394.9574    -903.5528      5.16340     5.16340   15601.4496     4.30966      1 chain_01/itr_01287_trial_01.rho
     1     1288      0.05159     22210.9069    -184.0505      5.14214     5.14214   15601.4496     4.30966      1 chain_01/itr_01288_trial_01.rho
     1     1289      0.05147     21752.3579    -458.5490      5.08878     5.08878   15601.4496     4.30966      1 chain_01/itr_01289_trial_01.rho
     1     1290      0.05135     20072.3739   -1679.9841      4.88832     4.88832   15601.4496     4.30966      1 chain_01/itr_01290_trial_01.rho
     1     1291      0.05124     20072.3739       0.0000      4.88832     4.88832   15601.4496     4.30966      0 -
     1     1292      0.05112     20072.3739       0.0000      4.88832     4.88832   15601.4496     4.30966      0 -
     1     1293        0.051     20471.0757     398.7018      4.93663     4.93663   15601.4496     4.30966      1 chain_01/itr_01293_trial_01.rho
     1     1294      0.05088     20471.0757       0.0000      4.93663     4.93663   15601.4496     4.30966      0 -
     1     1295      0.05077     20178.9614    -292.1143      4.90128     4.90128   15601.4496     4.30966      1 chain_01/itr_01295_trial_01.rho
     1     1296      0.05065     20622.4622     443.5008      4.95485     4.95485   15601.4496     4.30966      1 chain_01/itr_01296_trial_01.rho
     1     1297      0.05053     21632.3336    1009.8714      5.07472     5.07472   15601.4496     4.30966      1 chain_01/itr_01297_trial_01.rho
     1     1298      0.05042     20867.4783    -764.8553      4.98420     4.98420   15601.4496     4.30966      1 chain_01/itr_01298_trial_01.rho
     1     1299       0.0503     21176.6913     309.2130      5.02099     5.02099   15601.4496     4.30966      1 chain_01/itr_01299_trial_01.rho
     1     1300      0.05018     21689.7251     513.0338      5.08145     5.08145   15601.4496     4.30966      1 chain_01/itr_01300_trial_01.rho
     1     1301      0.05007     21689.7251       0.0000      5.08145     5.08145   15601.4496     4.30966      0 -
     1     1302      0.04995     21704.2891      14.5640      5.08315     5.08315   15601.4496     4.30966      1 chain_01/itr_01302_trial_01.rho
     1     1303      0.04984     21024.5346    -679.7545      5.00292     5.00292   15601.4496     4.30966      1 chain_01/itr_01303_trial_01.rho
     1     1304      0.04972     21378.8992     354.3646      5.04491     5.04491   15601.4496     4.30966      1 chain_01/itr_01304_trial_01.rho
     1     1305      0.04961     21378.8992       0.0000      5.04491     5.04491   15601.4496     4.30966      0 -
     1     1306       0.0495     20342.0302   -1036.8690      4.92105     4.92105   15601.4496     4.30966      1 chain_01/itr_01306_trial_01.rho
     1     1307      0.04938     20304.4463     -37.5839      4.91650     4.91650   15601.4496     4.30966      1 chain_01/itr_01307_trial_01.rho
     1     1308      0.04927     20418.0478     113.6015      4.93023     4.93023   15601.4496     4.30966      1 chain_01/itr_01308_trial_01.rho
     1     1309      0.04915     20794.6372     376.5894      4.97549     4.97549   15601.4496     4.30966      1 chain_01/itr_01309_trial_01.rho
     1     1310      0.04904     21313.5581     518.9209      5.03719     5.03719   15601.4496     4.30966      1 chain_01/itr_01310_trial_01.rho
     1     1311      0.04893     21313.5581       0.0000      5.03719     5.03719   15601.4496     4.30966      0 -
     1     1312      0.04882     20774.7398    -538.8183      4.97311     4.97311   15601.4496     4.30966      1 chain_01/itr_01312_trial_01.rho
     1     1313       0.0487     20229.5297    -545.2101      4.90742     4.90742   15601.4496     4.30966      1 chain_01/itr_01313_trial_01.rho
     1     1314      0.04859     19788.6898    -440.8399      4.85365     4.85365   15601.4496     4.30966      1 chain_01/itr_01314_trial_01.rho
     1     1315      0.04848     20566.4691     777.7793      4.94812     4.94812   15601.4496     4.30966      1 chain_01/itr_01315_trial_01.rho
     1     1316      0.04837     19930.9691    -635.5000      4.87107     4.87107   15601.4496     4.30966      1 chain_01/itr_01316_trial_01.rho
     1     1317      0.04826     19930.9691       0.0000      4.87107     4.87107   15601.4496     4.30966      0 -
     1     1318      0.04815     20158.4197     227.4506      4.89879     4.89879   15601.4496     4.30966      1 chain_01/itr_01318_trial_01.rho
     1     1319      0.04804     20432.2972     273.8776      4.93195     4.93195   15601.4496     4.30966      1 chain_01/itr_01319_trial_01.rho
     1     1320      0.04792     20906.6993     474.4021      4.98888     4.98888   15601.4496     4.30966      1 chain_01/itr_01320_trial_01.rho
     1     1321      0.04781     20906.6993       0.0000      4.98888     4.98888   15601.4496     4.30966      0 -
     1     1322       0.0477     20906.6993       0.0000      4.98888     4.98888   15601.4496     4.30966      0 -
     1     1323      0.04759     20502.6416    -404.0577      4.94044     4.94044   15601.4496     4.30966      1 chain_01/itr_01323_trial_01.rho
     1     1324      0.04749     20429.5033     -73.1383      4.93162     4.93162   15601.4496     4.30966      1 chain_01/itr_01324_trial_01.rho
     1     1325      0.04738     20262.4004    -167.1029      4.91141     4.91141   15601.4496     4.30966      1 chain_01/itr_01325_trial_01.rho
     1     1326      0.04727     20053.8742    -208.5261      4.88607     4.88607   15601.4496     4.30966      1 chain_01/itr_01326_trial_01.rho
     1     1327      0.04716     20053.8742       0.0000      4.88607     4.88607   15601.4496     4.30966      0 -
     1     1328      0.04705     20053.8742       0.0000      4.88607     4.88607   15601.4496     4.30966      0 -
     1     1329      0.04694     20053.8742       0.0000      4.88607     4.88607   15601.4496     4.30966      0 -
     1     1330      0.04683     19517.8679    -536.0063      4.82033     4.82033   15601.4496     4.30966      1 chain_01/itr_01330_trial_01.rho
     1     1331      0.04673     19810.7446     292.8767      4.85636     4.85636   15601.4496     4.30966      1 chain_01/itr_01331_trial_01.rho
     1     1332      0.04662     19785.6359     -25.1087      4.85328     4.85328   15601.4496     4.30966      1 chain_01/itr_01332_trial_01.rho
     1     1333      0.04651     19785.6359       0.0000      4.85328     4.85328   15601.4496     4.30966      0 -
     1     1334       0.0464     20263.0932     477.4573      4.91149     4.91149   15601.4496     4.30966      1 chain_01/itr_01334_trial_01.rho
     1     1335       0.0463     20263.0932       0.0000      4.91149     4.91149   15601.4496     4.30966      0 -
     1     1336      0.04619     20263.0932       0.0000      4.91149     4.91149   15601.4496     4.30966      0 -
     1     1337      0.04608     20337.9127      74.8195      4.92055     4.92055   15601.4496     4.30966      1 chain_01/itr_01337_trial_01.rho
     1     1338      0.04598     20679.3437     341.4311      4.96168     4.96168   15601.4496     4.30966      1 chain_01/itr_01338_trial_01.rho
     1     1339      0.04587     20435.7544    -243.5893      4.93237     4.93237   15601.4496     4.30966      1 chain_01/itr_01339_trial_01.rho
     1     1340      0.04577     20375.2506     -60.5038      4.92506     4.92506   15601.4496     4.30966      1 chain_01/itr_01340_trial_01.rho
     1     1341      0.04566     21072.4773     697.2267      5.00862     5.00862   15601.4496     4.30966      1 chain_01/itr_01341_trial_01.rho
     1     1342      0.04556     21072.4773       0.0000      5.00862     5.00862   15601.4496     4.30966      0 -
     1     1343      0.04545     21201.9158     129.4384      5.02398     5.02398   15601.4496     4.30966      1 chain_01/itr_01343_trial_01.rho
     1     1344      0.04535     21201.9158       0.0000      5.02398     5.02398   15601.4496     4.30966      0 -
     1     1345      0.04524     21201.9158       0.0000      5.02398     5.02398   15601.4496     4.30966      0 -
     1     1346      0.04514     21201.9158       0.0000      5.02398     5.02398   15601.4496     4.30966      0 -
     1     1347      0.04504     21201.9158       0.0000      5.02398     5.02398   15601.4496     4.30966      0 -
     1     1348      0.04493     21201.9158       0.0000      5.02398     5.02398   15601.4496     4.30966      0 -
     1     1349      0.04483     20424.3436    -777.5722      4.93099     4.93099   15601.4496     4.30966      1 chain_01/itr_01349_trial_01.rho
     1     1350      0.04472     19805.6170    -618.7266      4.85573     4.85573   15601.4496     4.30966      1 chain_01/itr_01350_trial_01.rho
     1     1351      0.04462     19805.6170       0.0000      4.85573     4.85573   15601.4496     4.30966      0 -
     1     1352      0.04452     19805.6170       0.0000      4.85573     4.85573   15601.4496     4.30966      0 -
     1     1353      0.04442     20198.2380     392.6210      4.90362     4.90362   15601.4496     4.30966      1 chain_01/itr_01353_trial_01.rho
     1     1354      0.04431     20588.6756     390.4376      4.95079     4.95079   15601.4496     4.30966      1 chain_01/itr_01354_trial_01.rho
     1     1355      0.04421     20179.3831    -409.2925      4.90133     4.90133   15601.4496     4.30966      1 chain_01/itr_01355_trial_01.rho
     1     1356      0.04411     20179.3831       0.0000      4.90133     4.90133   15601.4496     4.30966      0 -
     1     1357      0.04401     19875.2193    -304.1638      4.86425     4.86425   15601.4496     4.30966      1 chain_01/itr_01357_trial_01.rho
     1     1358      0.04391     19106.7186    -768.5007      4.76929     4.76929   15601.4496     4.30966      1 chain_01/itr_01358_trial_01.rho
     1     1359      0.04381     19237.0640     130.3454      4.78553     4.78553   15601.4496     4.30966      1 chain_01/itr_01359_trial_01.rho
     1     1360      0.04371     19720.0715     483.0075      4.84523     4.84523   15601.4496     4.30966      1 chain_01/itr_01360_trial_01.rho
     1     1361      0.04361     19720.0715       0.0000      4.84523     4.84523   15601.4496     4.30966      0 -
     1     1362      0.04351     19720.0715       0.0000      4.84523     4.84523   15601.4496     4.30966      0 -
     1     1363      0.04341     19563.0302    -157.0413      4.82590     4.82590   15601.4496     4.30966      1 chain_01/itr_01363_trial_01.rho
     1     1364      0.04331     19358.3073    -204.7229      4.80058     4.80058   15601.4496     4.30966      1 chain_01/itr_01364_trial_01.rho
     1     1365      0.04321     19358.3073       0.0000      4.80058     4.80058   15601.4496     4.30966      0 -
     1     1366      0.04311     19231.6140    -126.6933      4.78485     4.78485   15601.4496     4.30966      1 chain_01/itr_01366_trial_01.rho
     1     1367      0.04301     19530.1535     298.5395      4.82184     4.82184   15601.4496     4.30966      1 chain_01/itr_01367_trial_01.rho
     1     1368      0.04291     19257.2085    -272.9450      4.78803     4.78803   15601.4496     4.30966      1 chain_01/itr_01368_trial_01.rho
     1     1369      0.04281     19360.3653     103.1568      4.80084     4.80084   15601.4496     4.30966      1 chain_01/itr_01369_trial_01.rho
     1     1370      0.04271     19442.0829      81.7176      4.81096     4.81096   15601.4496     4.30966      1 chain_01/itr_01370_trial_01.rho
     1     1371      0.04261     19770.7346     328.6517      4.85145     4.85145   15601.4496     4.30966      1 chain_01/itr_01371_trial_01.rho
     1     1372      0.04252     19761.0388      -9.6959      4.85026     4.85026   15601.4496     4.30966      1 chain_01/itr_01372_trial_01.rho
     1     1373      0.04242     19761.0388       0.0000      4.85026     4.85026   15601.4496     4.30966      0 -
     1     1374      0.04232     19875.3512     114.3125      4.86427     4.86427   15601.4496     4.30966      1 chain_01/itr_01374_trial_01.rho
     1     1375      0.04222     19875.3512       0.0000      4.86427     4.86427   15601.4496     4.30966      0 -
     1     1376      0.04213     19599.2840    -276.0672      4.83037     4.83037   15601.4496     4.30966      1 chain_01/itr_01376_trial_01.rho
     1     1377      0.04203     19599.2840       0.0000      4.83037     4.83037   15601.4496     4.30966      0 -
     1     1378      0.04193     19246.0595    -353.2245      4.78665     4.78665   15601.4496     4.30966      1 chain_01/itr_01378_trial_01.rho
     1     1379      0.04184     19246.0595       0.0000      4.78665     4.78665   15601.4496     4.30966      0 -
     1     1380      0.04174     19132.2625    -113.7970      4.77247     4.77247   15601.4496     4.30966      1 chain_01/itr_01380_trial_01.rho
     1     1381      0.04164     18855.5240    -276.7385      4.73783     4.73783   15601.4496     4.30966      1 chain_01/itr_01381_trial_01.rho
     1     1382      0.04155     18613.7840    -241.7400      4.70736     4.70736   15601.4496     4.30966      1 chain_01/itr_01382_trial_01.rho
     1     1383      0.04145     18951.6157     337.8317      4.74989     4.74989   15601.4496     4.30966      1 chain_01/itr_01383_trial_01.rho
     1     1384      0.04136     18171.0004    -780.6153      4.65104     4.65104   15601.4496     4.30966      1 chain_01/itr_01384_trial_01.rho
     1     1385      0.04126     18673.3757     502.3754      4.71489     4.71489   15601.4496     4.30966      1 chain_01/itr_01385_trial_01.rho
     1     1386      0.04117     18971.8776     298.5019      4.75243     4.75243   15601.4496     4.30966      1 chain_01/itr_01386_trial_01.rho
     1     1387      0.04107     19433.0279     461.1503      4.80984     4.80984   15601.4496     4.30966      1 chain_01/itr_01387_trial_01.rho
     1     1388      0.04098     20475.3628    1042.3348      4.93715     4.93715   15601.4496     4.30966      1 chain_01/itr_01388_trial_01.rho
     1     1389      0.04088     20600.7768     125.4140      4.95225     4.95225   15601.4496     4.30966      1 chain_01/itr_01389_trial_01.rho
     1     1390      0.04079     20334.7971    -265.9797      4.92017     4.92017   15601.4496     4.30966      1 chain_01/itr_01390_trial_01.rho
     1     1391      0.04069     20334.7971       0.0000      4.92017     4.92017   15601.4496     4.30966      0 -
     1     1392       0.0406     20497.1896     162.3925      4.93978     4.93978   15601.4496     4.30966      1 chain_01/itr_01392_trial_01.rho
     1     1393      0.04051     20289.6286    -207.5610      4.91470     4.91470   15601.4496     4.30966      1 chain_01/itr_01393_trial_01.rho
     1     1394      0.04041     18936.6156   -1353.0130      4.74801     4.74801   15601.4496     4.30966      1 chain_01/itr_01394_trial_01.rho
     1     1395      0.04032     18304.0474    -632.5682      4.66803     4.66803   15601.4496     4.30966      1 chain_01/itr_01395_trial_01.rho
     1     1396      0.04023     18304.0474       0.0000      4.66803     4.66803   15601.4496     4.30966      0 -
     1     1397      0.04014     18510.7208     206.6734      4.69431     4.69431   15601.4496     4.30966      1 chain_01/itr_01397_trial_01.rho
     1     1398      0.04004     18510.7208       0.0000      4.69431     4.69431   15601.4496     4.30966      0 -
     1     1399      0.03995     18340.9264    -169.7944      4.67273     4.67273   15601.4496     4.30966      1 chain_01/itr_01399_trial_01.rho
     1     1400      0.03986     18666.6680     325.7416      4.71405     4.71405   15601.4496     4.30966      1 chain_01/itr_01400_trial_01.rho
     1     1401      0.03977     17969.3648    -697.3032      4.62516     4.62516   15601.4496     4.30966      1 chain_01/itr_01401_trial_01.rho
     1     1402      0.03968     17969.3648       0.0000      4.62516     4.62516   15601.4496     4.30966      0 -
     1     1403      0.03959     17722.4471    -246.9176      4.59327     4.59327   15601.4496     4.30966      1 chain_01/itr_01403_trial_01.rho
     1     1404      0.03949     17722.4471       0.0000      4.59327     4.59327   15601.4496     4.30966      0 -
     1     1405       0.0394     18460.8206     738.3734      4.68798     4.68798   15601.4496     4.30966      1 chain_01/itr_01405_trial_01.rho
     1     1406      0.03931     19020.8408     560.0202      4.75856     4.75856   15601.4496     4.30966      1 chain_01/itr_01406_trial_01.rho
     1     1407      0.03922     18826.3892    -194.4516      4.73417     4.73417   15601.4496     4.30966      1 chain_01/itr_01407_trial_01.rho
     1     1408      0.03913     18826.3892       0.0000      4.73417     4.73417   15601.4496     4.30966      0 -
     1     1409      0.03904     18826.3892       0.0000      4.73417     4.73417   15601.4496     4.30966      0 -
     1     1410      0.03895     18594.0420    -232.3472      4.70487     4.70487   15601.4496     4.30966      1 chain_01/itr_01410_trial_01.rho
     1     1411      0.03886     18365.5402    -228.5018      4.67587     4.67587   15601.4496     4.30966      1 chain_01/itr_01411_trial_01.rho
     1     1412      0.03877     18365.5402       0.0000      4.67587     4.67587   15601.4496     4.30966      0 -
     1     1413      0.03868     18300.2812     -65.2591      4.66755     4.66755   15601.4496     4.30966      1 chain_01/itr_01413_trial_01.rho
     1     1414      0.03859     18300.2812       0.0000      4.66755     4.66755   15601.4496     4.30966      0 -
     1     1415      0.03851     18587.8112     287.5300      4.70408     4.70408   15601.4496     4.30966      1 chain_01/itr_01415_trial_01.rho
     1     1416      0.03842     18931.7668     343.9556      4.74740     4.74740   15601.4496     4.30966      1 chain_01/itr_01416_trial_01.rho
     1     1417      0.03833     18931.7668       0.0000      4.74740     4.74740   15601.4496     4.30966      0 -
     1     1418      0.03824     18931.7668       0.0000      4.74740     4.74740   15601.4496     4.30966      0 -
     1     1419      0.03815     19205.5045     273.7377      4.78160     4.78160   15601.4496     4.30966      1 chain_01/itr_01419_trial_01.rho
     1     1420      0.03807     19746.9799     541.4754      4.84854     4.84854   15601.4496     4.30966      1 chain_01/itr_01420_trial_01.rho
     1     1421      0.03798     19746.9799       0.0000      4.84854     4.84854   15601.4496     4.30966      0 -
     1     1422      0.03789     19746.9799       0.0000      4.84854     4.84854   15601.4496     4.30966      0 -
     1     1423       0.0378     18938.9778    -808.0021      4.74831     4.74831   15601.4496     4.30966      1 chain_01/itr_01423_trial_01.rho
     1     1424      0.03772     18938.9778       0.0000      4.74831     4.74831   15601.4496     4.30966      0 -
     1     1425      0.03763     18938.9778       0.0000      4.74831     4.74831   15601.4496     4.30966      0 -
     1     1426      0.03754     18612.0330    -326.9448      4.70714     4.70714   15601.4496     4.30966      1 chain_01/itr_01426_trial_01.rho
     1     1427      0.03746     18612.0330       0.0000      4.70714     4.70714   15601.4496     4.30966      0 -
     1     1428      0.03737     18819.7977     207.7647      4.73334     4.73334   15601.4496     4.30966      1 chain_01/itr_01428_trial_01.rho
     1     1429      0.03728     18819.7977       0.0000      4.73334     4.73334   15601.4496     4.30966      0 -
     1     1430       0.0372     18874.4017      54.6040      4.74020     4.74020   15601.4496     4.30966      1 chain_01/itr_01430_trial_01.rho
     1     1431      0.03711     18568.8288    -305.5729      4.70168     4.70168   15601.4496     4.30966      1 chain_01/itr_01431_trial_01.rho
     1     1432      0.03703     18513.5074     -55.3214      4.69467     4.69467   15601.4496     4.30966      1 chain_01/itr_01432_trial_01.rho
     1     1433      0.03694     19238.8025     725.2951      4.78574     4.78574   15601.4496     4.30966      1 chain_01/itr_01433_trial_01.rho
     1     1434      0.03686     19085.5461    -153.2564      4.76664     4.76664   15601.4496     4.30966      1 chain_01/itr_01434_trial_01.rho
     1     1435      0.03677     19085.5461       0.0000      4.76664     4.76664   15601.4496     4.30966      0 -
     1     1436      0.03669     18732.3323    -353.2138      4.72233     4.72233   15601.4496     4.30966      1 chain_01/itr_01436_trial_01.rho
     1     1437       0.0366     18303.0234    -429.3090      4.66790     4.66790   15601.4496     4.30966      1 chain_01/itr_01437_trial_01.rho
     1     1438      0.03652     19397.3390    1094.3156      4.80542     4.80542   15601.4496     4.30966      1 chain_01/itr_01438_trial_01.rho
     1     1439      0.03644     19705.8482     308.5092      4.84348     4.84348   15601.4496     4.30966      1 chain_01/itr_01439_trial_01.rho
     1     1440      0.03635     19705.8482       0.0000      4.84348     4.84348   15601.4496     4.30966      0 -
     1     1441      0.03627     19705.8482       0.0000      4.84348     4.84348   15601.4496     4.30966      0 -
     1     1442      0.03618     20166.6933     460.8451      4.89979     4.89979   15601.4496     4.30966      1 chain_01/itr_01442_trial_01.rho
     1     1443       0.0361     20166.6933       0.0000      4.89979     4.89979   15601.4496     4.30966      0 -
     1     1444      0.03602     20113.4422     -53.2512      4.89332     4.89332   15601.4496     4.30966      1 chain_01/itr_01444_trial_01.rho
     1     1445      0.03594     19284.9946    -828.4476      4.79148     4.79148   15601.4496     4.30966      1 chain_01/itr_01445_trial_01.rho
     1     1446      0.03585     19284.9946       0.0000      4.79148     4.79148   15601.4496     4.30966      0 -
     1     1447      0.03577     20408.8974    1123.9028      4.92913     4.92913   15601.4496     4.30966      1 chain_01/itr_01447_trial_01.rho
     1     1448      0.03569     20408.8974       0.0000      4.92913     4.92913   15601.4496     4.30966      0 -
     1     1449      0.03561     19951.7520    -457.1453      4.87361     4.87361   15601.4496     4.30966      1 chain_01/itr_01449_trial_01.rho
     1     1450      0.03552     19951.7520       0.0000      4.87361     4.87361   15601.4496     4.30966      0 -
     1     1451      0.03544     19366.2511    -585.5009      4.80157     4.80157   15601.4496     4.30966      1 chain_01/itr_01451_trial_01.rho
     1     1452      0.03536     19366.2511       0.0000      4.80157     4.80157   15601.4496     4.30966      0 -
     1     1453      0.03528     18492.5023    -873.7489      4.69200     4.69200   15601.4496     4.30966      1 chain_01/itr_01453_trial_01.rho
     1     1454       0.0352     18657.3585     164.8563      4.71287     4.71287   15601.4496     4.30966      1 chain_01/itr_01454_trial_01.rho
     1     1455      0.03512     18657.3585       0.0000      4.71287     4.71287   15601.4496     4.30966      0 -
     1     1456      0.03504     18657.3585       0.0000      4.71287     4.71287   15601.4496     4.30966      0 -
     1     1457      0.03496     18770.8930     113.5345      4.72719     4.72719   15601.4496     4.30966      1 chain_01/itr_01457_trial_01.rho
     1     1458      0.03487     18770.8930       0.0000      4.72719     4.72719   15601.4496     4.30966      0 -
     1     1459      0.03479     18973.8270     202.9340      4.75267     4.75267   15601.4496     4.30966      1 chain_01/itr_01459_trial_01.rho
     1     1460      0.03471     19189.7039     215.8768      4.77963     4.77963   15601.4496     4.30966      1 chain_01/itr_01460_trial_01.rho
     1     1461      0.03463     19203.2477      13.5438      4.78132     4.78132   15601.4496     4.30966      1 chain_01/itr_01461_trial_01.rho
     1     1462      0.03456     19163.2593     -39.9884      4.77634     4.77634   15601.4496     4.30966      1 chain_01/itr_01462_trial_01.rho
     1     1463      0.03448     19734.0016     570.7423      4.84694     4.84694   15601.4496     4.30966      1 chain_01/itr_01463_trial_01.rho
     1     1464       0.0344     19579.5867    -154.4149      4.82794     4.82794   15601.4496     4.30966      1 chain_01/itr_01464_trial_01.rho
     1     1465      0.03432     19579.5867       0.0000      4.82794     4.82794   15601.4496     4.30966      0 -
     1     1466      0.03424     19579.5867       0.0000      4.82794     4.82794   15601.4496     4.30966      0 -
     1     1467      0.03416     20085.7540     506.1674      4.88995     4.88995   15601.4496     4.30966      1 chain_01/itr_01467_trial_01.rho
     1     1468      0.03408     20085.7540       0.0000      4.88995     4.88995   15601.4496     4.30966      0 -
     1     1469        0.034     19901.3804    -184.3736      4.86746     4.86746   15601.4496     4.30966      1 chain_01/itr_01469_trial_01.rho
     1     1470      0.03392     19671.0725    -230.3080      4.83921     4.83921   15601.4496     4.30966      1 chain_01/itr_01470_trial_01.rho
     1     1471      0.03385     19706.8369      35.7644      4.84361     4.84361   15601.4496     4.30966      1 chain_01/itr_01471_trial_01.rho
     1     1472      0.03377     18972.4069    -734.4300      4.75249     4.75249   15601.4496     4.30966      1 chain_01/itr_01472_trial_01.rho
     1     1473      0.03369     18782.4079    -189.9990      4.72864     4.72864   15601.4496     4.30966      1 chain_01/itr_01473_trial_01.rho
     1     1474      0.03361     18782.4079       0.0000      4.72864     4.72864   15601.4496     4.30966      0 -
     1     1475      0.03354     18782.4079       0.0000      4.72864     4.72864   15601.4496     4.30966      0 -
     1     1476      0.03346     18346.9672    -435.4407      4.67350     4.67350   15601.4496     4.30966      1 chain_01/itr_01476_trial_01.rho
     1     1477      0.03338     19114.5247     767.5576      4.77026     4.77026   15601.4496     4.30966      1 chain_01/itr_01477_trial_01.rho
     1     1478       0.0333     19301.7064     187.1817      4.79356     4.79356   15601.4496     4.30966      1 chain_01/itr_01478_trial_01.rho
     1     1479      0.03323     19286.6061     -15.1003      4.79169     4.79169   15601.4496     4.30966      1 chain_01/itr_01479_trial_01.rho
     1     1480      0.03315     19983.9767     697.3706      4.87755     4.87755   15601.4496     4.30966      1 chain_01/itr_01480_trial_01.rho
     1     1481      0.03308     19438.6061    -545.3706      4.81053     4.81053   15601.4496     4.30966      1 chain_01/itr_01481_trial_01.rho
     1     1482        0.033     19438.6061       0.0000      4.81053     4.81053   15601.4496     4.30966      0 -
     1     1483      0.03292     19269.1692    -169.4369      4.78952     4.78952   15601.4496     4.30966      1 chain_01/itr_01483_trial_01.rho
     1     1484      0.03285     19269.1692       0.0000      4.78952     4.78952   15601.4496     4.30966      0 -
     1     1485      0.03277     19381.8679     112.6987      4.80350     4.80350   15601.4496     4.30966      1 chain_01/itr_01485_trial_01.rho
     1     1486       0.0327     19213.5005    -168.3674      4.78259     4.78259   15601.4496     4.30966      1 chain_01/itr_01486_trial_01.rho
     1     1487      0.03262     19213.5005       0.0000      4.78259     4.78259   15601.4496     4.30966      0 -
     1     1488      0.03255     19213.5005       0.0000      4.78259     4.78259   15601.4496     4.30966      0 -
     1     1489      0.03247     18762.8391    -450.6614      4.72617     4.72617   15601.4496     4.30966      1 chain_01/itr_01489_trial_01.rho
     1     1490       0.0324     18548.0128    -214.8263      4.69904     4.69904   15601.4496     4.30966      1 chain_01/itr_01490_trial_01.rho
     1     1491      0.03232     18446.9874    -101.0254      4.68622     4.68622   15601.4496     4.30966      1 chain_01/itr_01491_trial_01.rho
     1     1492      0.03225     18152.2585    -294.7289      4.64864     4.64864   15601.4496     4.30966      1 chain_01/itr_01492_trial_01.rho
     1     1493      0.03217     19053.4719     901.2135      4.76264     4.76264   15601.4496     4.30966      1 chain_01/itr_01493_trial_01.rho
     1     1494       0.0321     19357.7553     304.2834      4.80052     4.80052   15601.4496     4.30966      1 chain_01/itr_01494_trial_01.rho
     1     1495      0.03203     19357.7553       0.0000      4.80052     4.80052   15601.4496     4.30966      0 -
     1     1496      0.03195     19277.7895     -79.9658      4.79059     4.79059   15601.4496     4.30966      1 chain_01/itr_01496_trial_01.rho
     1     1497      0.03188     19277.7895       0.0000      4.79059     4.79059   15601.4496     4.30966      0 -
     1     1498      0.03181     19277.7895       0.0000      4.79059     4.79059   15601.4496     4.30966      0 -
     1     1499      0.03173     19633.2830     355.4935      4.83456     4.83456   15601.4496     4.30966      1 chain_01/itr_01499_trial_01.rho
     1     1500      0.03166     19633.2830       0.0000      4.83456     4.83456   15601.4496     4.30966      0 -
     1     1501      0.03159     19612.8242     -20.4588      4.83204     4.83204   15601.4496     4.30966      1 chain_01/itr_01501_trial_01.rho
     1     1502      0.03151     19612.8242       0.0000      4.83204     4.83204   15601.4496     4.30966      0 -
     1     1503      0.03144     19612.8242       0.0000      4.83204     4.83204   15601.4496     4.30966      0 -
     1     1504      0.03137     20025.7729     412.9487      4.88264     4.88264   15601.4496     4.30966      1 chain_01/itr_01504_trial_01.rho
     1     1505       0.0313     20470.3049     444.5319      4.93654     4.93654   15601.4496     4.30966      1 chain_01/itr_01505_trial_01.rho
     1     1506      0.03122     20397.5726     -72.7323      4.92776     4.92776   15601.4496     4.30966      1 chain_01/itr_01506_trial_01.rho
     1     1507      0.03115     20397.5726       0.0000      4.92776     4.92776   15601.4496     4.30966      0 -
     1     1508      0.03108     20397.5726       0.0000      4.92776     4.92776   15601.4496     4.30966      0 -
     1     1509      0.03101     20525.8465     128.2739      4.94323     4.94323   15601.4496     4.30966      1 chain_01/itr_01509_trial_01.rho
     1     1510      0.03094     21652.3892    1126.5427      5.07707     5.07707   15601.4496     4.30966      1 chain_01/itr_01510_trial_01.rho
     1     1511      0.03087     21652.3892       0.0000      5.07707     5.07707   15601.4496     4.30966      0 -
     1     1512       0.0308     21652.3892       0.0000      5.07707     5.07707   15601.4496     4.30966      0 -
     1     1513      0.03073     21652.3892       0.0000      5.07707     5.07707   15601.4496     4.30966      0 -
     1     1514      0.03065     21652.3892       0.0000      5.07707     5.07707   15601.4496     4.30966      0 -
     1     1515      0.03058     22079.1508     426.7616      5.12686     5.12686   15601.4496     4.30966      1 chain_01/itr_01515_trial_01.rho
     1     1516      0.03051     22290.6475     211.4967      5.15136     5.15136   15601.4496     4.30966      1 chain_01/itr_01516_trial_01.rho
     1     1517      0.03044     21567.2657    -723.3818      5.06708     5.06708   15601.4496     4.30966      1 chain_01/itr_01517_trial_01.rho
     1     1518      0.03037     21567.2657       0.0000      5.06708     5.06708   15601.4496     4.30966      0 -
     1     1519       0.0303     21567.2657       0.0000      5.06708     5.06708   15601.4496     4.30966      0 -
     1     1520      0.03023     21283.1081    -284.1575      5.03359     5.03359   15601.4496     4.30966      1 chain_01/itr_01520_trial_01.rho
     1     1521      0.03016     20960.3051    -322.8031      4.99527     4.99527   15601.4496     4.30966      1 chain_01/itr_01521_trial_01.rho
     1     1522      0.03009     20677.1971    -283.1080      4.96142     4.96142   15601.4496     4.30966      1 chain_01/itr_01522_trial_01.rho
     1     1523      0.03003     21147.6365     470.4395      5.01754     5.01754   15601.4496     4.30966      1 chain_01/itr_01523_trial_01.rho
     1     1524      0.02996     21305.5339     157.8974      5.03624     5.03624   15601.4496     4.30966      1 chain_01/itr_01524_trial_01.rho
     1     1525      0.02989     20618.0168    -687.5172      4.95432     4.95432   15601.4496     4.30966      1 chain_01/itr_01525_trial_01.rho
     1     1526      0.02982     21018.8262     400.8094      5.00224     5.00224   15601.4496     4.30966      1 chain_01/itr_01526_trial_01.rho
     1     1527      0.02975     20822.4026    -196.4235      4.97881     4.97881   15601.4496     4.30966      1 chain_01/itr_01527_trial_01.rho
     1     1528      0.02968     20930.9270     108.5243      4.99177     4.99177   15601.4496     4.30966      1 chain_01/itr_01528_trial_01.rho
     1     1529      0.02961     20338.8982    -592.0288      4.92067     4.92067   15601.4496     4.30966      1 chain_01/itr_01529_trial_01.rho
     1     1530      0.02955     20338.8982       0.0000      4.92067     4.92067   15601.4496     4.30966      0 -
     1     1531      0.02948     21299.0762     960.1781      5.03548     5.03548   15601.4496     4.30966      1 chain_01/itr_01531_trial_01.rho
     1     1532      0.02941     21372.5187      73.4425      5.04415     5.04415   15601.4496     4.30966      1 chain_01/itr_01532_trial_01.rho
     1     1533      0.02934     20958.3251    -414.1936      4.99504     4.99504   15601.4496     4.30966      1 chain_01/itr_01533_trial_01.rho
     1     1534      0.02927     21593.6665     635.3414      5.07018     5.07018   15601.4496     4.30966      1 chain_01/itr_01534_trial_01.rho
     1     1535      0.02921     21593.6665       0.0000      5.07018     5.07018   15601.4496     4.30966      0 -
     1     1536      0.02914     21070.2363    -523.4303      5.00835     5.00835   15601.4496     4.30966      1 chain_01/itr_01536_trial_01.rho
     1     1537      0.02907     21070.2363       0.0000      5.00835     5.00835   15601.4496     4.30966      0 -
     1     1538      0.02901     21418.4764     348.2401      5.04957     5.04957   15601.4496     4.30966      1 chain_01/itr_01538_trial_01.rho
     1     1539      0.02894     21418.4764       0.0000      5.04957     5.04957   15601.4496     4.30966      0 -
     1     1540      0.02887     21088.2372    -330.2391      5.01049     5.01049   15601.4496     4.30966      1 chain_01/itr_01540_trial_01.rho
     1     1541      0.02881     21762.5742     674.3370      5.08997     5.08997   15601.4496     4.30966      1 chain_01/itr_01541_trial_01.rho
     1     1542      0.02874     22922.9475    1160.3733      5.22391     5.22391   15601.4496     4.30966      1 chain_01/itr_01542_trial_01.rho
     1     1543      0.02867     23232.3622     309.4147      5.25905     5.25905   15601.4496     4.30966      1 chain_01/itr_01543_trial_01.rho
     1     1544      0.02861     23746.6184     514.2562      5.31693     5.31693   15601.4496     4.30966      1 chain_01/itr_01544_trial_01.rho
     1     1545      0.02854     22370.9313   -1375.6870      5.16063     5.16063   15601.4496     4.30966      1 chain_01/itr_01545_trial_01.rho
     1     1546      0.02848     22074.7249    -296.2065      5.12635     5.12635   15601.4496     4.30966      1 chain_01/itr_01546_trial_01.rho
     1     1547      0.02841     22074.7249       0.0000      5.12635     5.12635   15601.4496     4.30966      0 -
     1     1548      0.02835     20542.0897   -1532.6351      4.94519     4.94519   15601.4496     4.30966      1 chain_01/itr_01548_trial_01.rho
     1     1549      0.02828     20542.0897       0.0000      4.94519     4.94519   15601.4496     4.30966      0 -
     1     1550      0.02822     20269.1683    -272.9214      4.91223     4.91223   15601.4496     4.30966      1 chain_01/itr_01550_trial_01.rho
     1     1551      0.02815     20269.1683       0.0000      4.91223     4.91223   15601.4496     4.30966      0 -
     1     1552      0.02809     19526.4423    -742.7260      4.82139     4.82139   15601.4496     4.30966      1 chain_01/itr_01552_trial_01.rho
     1     1553      0.02802     18849.3627    -677.0796      4.73706     4.73706   15601.4496     4.30966      1 chain_01/itr_01553_trial_01.rho
     1     1554      0.02796     18724.1179    -125.2448      4.72129     4.72129   15601.4496     4.30966      1 chain_01/itr_01554_trial_01.rho
     1     1555      0.02789     18724.1179       0.0000      4.72129     4.72129   15601.4496     4.30966      0 -
     1     1556      0.02783     18724.1179       0.0000      4.72129     4.72129   15601.4496     4.30966      0 -
     1     1557      0.02776     19156.2862     432.1683      4.77547     4.77547   15601.4496     4.30966      1 chain_01/itr_01557_trial_01.rho
     1     1558       0.0277     19207.8187      51.5325      4.78189     4.78189   15601.4496     4.30966      1 chain_01/itr_01558_trial_01.rho
     1     1559      0.02764     19207.8187       0.0000      4.78189     4.78189   15601.4496     4.30966      0 -
     1     1560      0.02757     19207.8187       0.0000      4.78189     4.78189   15601.4496     4.30966      0 -
     1     1561      0.02751     19342.2510     134.4323      4.79859     4.79859   15601.4496     4.30966      1 chain_01/itr_01561_trial_01.rho
     1     1562      0.02745     18843.9480    -498.3030      4.73638     4.73638   15601.4496     4.30966      1 chain_01/itr_01562_trial_01.rho
     1     1563      0.02738     18699.8678    -144.0802      4.71824     4.71824   15601.4496     4.30966      1 chain_01/itr_01563_trial_01.rho
     1     1564      0.02732     18568.3655    -131.5023      4.70162     4.70162   15601.4496     4.30966      1 chain_01/itr_01564_trial_01.rho
     1     1565      0.02726     18568.3655       0.0000      4.70162     4.70162   15601.4496     4.30966      0 -
     1     1566      0.02719     18568.3655       0.0000      4.70162     4.70162   15601.4496     4.30966      0 -
     1     1567      0.02713     20219.5919    1651.2264      4.90621     4.90621   15601.4496     4.30966      1 chain_01/itr_01567_trial_01.rho
     1     1568      0.02707     20219.5919       0.0000      4.90621     4.90621   15601.4496     4.30966      0 -
     1     1569      0.02701     19774.4008    -445.1911      4.85190     4.85190   15601.4496     4.30966      1 chain_01/itr_01569_trial_01.rho
     1     1570      0.02694     19475.6621    -298.7387      4.81511     4.81511   15601.4496     4.30966      1 chain_01/itr_01570_trial_01.rho
     1     1571      0.02688     19475.6621       0.0000      4.81511     4.81511   15601.4496     4.30966      0 -
     1     1572      0.02682     19389.5079     -86.1543      4.80445     4.80445   15601.4496     4.30966      1 chain_01/itr_01572_trial_01.rho
     1     1573      0.02676     19526.7367     137.2288      4.82142     4.82142   15601.4496     4.30966      1 chain_01/itr_01573_trial_01.rho
     1     1574       0.0267     20136.5249     609.7882      4.89613     4.89613   15601.4496     4.30966      1 chain_01/itr_01574_trial_01.rho
     1     1575      0.02664     20139.7543       3.2294      4.89652     4.89652   15601.4496     4.30966      1 chain_01/itr_01575_trial_01.rho
     1     1576      0.02658     20139.7543       0.0000      4.89652     4.89652   15601.4496     4.30966      0 -
     1     1577      0.02651     20139.7543       0.0000      4.89652     4.89652   15601.4496     4.30966      0 -
     1     1578      0.02645     20139.7543       0.0000      4.89652     4.89652   15601.4496     4.30966      0 -
     1     1579      0.02639     20139.7543       0.0000      4.89652     4.89652   15601.4496     4.30966      0 -
     1     1580      0.02633     20520.1874     380.4331      4.94255     4.94255   15601.4496     4.30966      1 chain_01/itr_01580_trial_01.rho
     1     1581      0.02627     20520.1874       0.0000      4.94255     4.94255   15601.4496     4.30966      0 -
     1     1582      0.02621     20533.5639      13.3765      4.94416     4.94416   15601.4496     4.30966      1 chain_01/itr_01582_trial_01.rho
     1     1583      0.02615     20533.5639       0.0000      4.94416     4.94416   15601.4496     4.30966      0 -
     1     1584      0.02609     20533.5639       0.0000      4.94416     4.94416   15601.4496     4.30966      0 -
     1     1585      0.02603     20622.0215      88.4576      4.95480     4.95480   15601.4496     4.30966      1 chain_01/itr_01585_trial_01.rho
     1     1586      0.02597     20267.6684    -354.3531      4.91204     4.91204   15601.4496     4.30966      1 chain_01/itr_01586_trial_01.rho
     1     1587      0.02591     20267.6684       0.0000      4.91204     4.91204   15601.4496     4.30966      0 -
     1     1588      0.02585     19992.3556    -275.3129      4.87857     4.87857   15601.4496     4.30966      1 chain_01/itr_01588_trial_01.rho
     1     1589      0.02579     19992.3556       0.0000      4.87857     4.87857   15601.4496     4.30966      0 -
     1     1590      0.02573     19992.3556       0.0000      4.87857     4.87857   15601.4496     4.30966      0 -
     1     1591      0.02567     19308.2475    -684.1081      4.79437     4.79437   15601.4496     4.30966      1 chain_01/itr_01591_trial_01.rho
     1     1592      0.02561     19308.2475       0.0000      4.79437     4.79437   15601.4496     4.30966      0 -
     1     1593      0.02555     19418.3258     110.0783      4.80802     4.80802   15601.4496     4.30966      1 chain_01/itr_01593_trial_01.rho
     1     1594       0.0255     19654.4659     236.1401      4.83717     4.83717   15601.4496     4.30966      1 chain_01/itr_01594_trial_01.rho
     1     1595      0.02544     19587.8175     -66.6484      4.82896     4.82896   15601.4496     4.30966      1 chain_01/itr_01595_trial_01.rho
     1     1596      0.02538     19587.8175       0.0000      4.82896     4.82896   15601.4496     4.30966      0 -
     1     1597      0.02532     18312.6736   -1275.1439      4.66913     4.66913   15601.4496     4.30966      1 chain_01/itr_01597_trial_01.rho
     1     1598      0.02526     18463.5615     150.8879      4.68833     4.68833   15601.4496     4.30966      1 chain_01/itr_01598_trial_01.rho
     1     1599       0.0252     18670.3408     206.7793      4.71451     4.71451   15601.4496     4.30966      1 chain_01/itr_01599_trial_01.rho
     1     1600      0.02515     18670.3408       0.0000      4.71451     4.71451   15601.4496     4.30966      0 -
     1     1601      0.02509     19051.8490     381.5082      4.76243     4.76243   15601.4496     4.30966      1 chain_01/itr_01601_trial_01.rho
     1     1602      0.02503     19051.8490       0.0000      4.76243     4.76243   15601.4496     4.30966      0 -
     1     1603      0.02497     19051.8490       0.0000      4.76243     4.76243   15601.4496     4.30966      0 -
     1     1604      0.02492     19051.8490       0.0000      4.76243     4.76243   15601.4496     4.30966      0 -
     1     1605      0.02486     19051.8490       0.0000      4.76243     4.76243   15601.4496     4.30966      0 -
     1     1606       0.0248     19051.8490       0.0000      4.76243     4.76243   15601.4496     4.30966      0 -
     1     1607      0.02474     18910.6350    -141.2140      4.74475     4.74475   15601.4496     4.30966      1 chain_01/itr_01607_trial_01.rho
     1     1608      0.02469     18652.8549    -257.7801      4.71230     4.71230   15601.4496     4.30966      1 chain_01/itr_01608_trial_01.rho
     1     1609      0.02463     18773.5129     120.6580      4.72752     4.72752   15601.4496     4.30966      1 chain_01/itr_01609_trial_01.rho
     1     1610      0.02457     18335.2565    -438.2564      4.67201     4.67201   15601.4496     4.30966      1 chain_01/itr_01610_trial_01.rho
     1     1611      0.02452     17580.5908    -754.6657      4.57485     4.57485   15601.4496     4.30966      1 chain_01/itr_01611_trial_01.rho
     1     1612      0.02446     18127.7216     547.1309      4.64549     4.64549   15601.4496     4.30966      1 chain_01/itr_01612_trial_01.rho
     1     1613       0.0244     17930.9709    -196.7508      4.62022     4.62022   15601.4496     4.30966      1 chain_01/itr_01613_trial_01.rho
     1     1614      0.02435     17685.6938    -245.2771      4.58851     4.58851   15601.4496     4.30966      1 chain_01/itr_01614_trial_01.rho
     1     1615      0.02429     17276.1324    -409.5615      4.53507     4.53507   15601.4496     4.30966      1 chain_01/itr_01615_trial_01.rho
     1     1616      0.02424     17211.9078     -64.2246      4.52663     4.52663   15601.4496     4.30966      1 chain_01/itr_01616_trial_01.rho
     1     1617      0.02418     17482.7827     270.8749      4.56211     4.56211   15601.4496     4.30966      1 chain_01/itr_01617_trial_01.rho
     1     1618      0.02412     17482.7827       0.0000      4.56211     4.56211   15601.4496     4.30966      0 -
     1     1619      0.02407     17641.2237     158.4410      4.58273     4.58273   15601.4496     4.30966      1 chain_01/itr_01619_trial_01.rho
     1     1620      0.02401     17814.1616     172.9380      4.60514     4.60514   15601.4496     4.30966      1 chain_01/itr_01620_trial_01.rho
     1     1621      0.02396     17524.5900    -289.5716      4.56756     4.56756   15601.4496     4.30966      1 chain_01/itr_01621_trial_01.rho
     1     1622       0.0239     17445.6858     -78.9042      4.55727     4.55727   15601.4496     4.30966      1 chain_01/itr_01622_trial_01.rho
     1     1623      0.02385     17445.6858       0.0000      4.55727     4.55727   15601.4496     4.30966      0 -
     1     1624      0.02379     17427.4185     -18.2673      4.55488     4.55488   15601.4496     4.30966      1 chain_01/itr_01624_trial_01.rho
     1     1625      0.02374     17427.4185       0.0000      4.55488     4.55488   15601.4496     4.30966      0 -
     1     1626      0.02368     16887.9609    -539.4576      4.48383     4.48383   15601.4496     4.30966      1 chain_01/itr_01626_trial_01.rho
     1     1627      0.02363     16887.9609       0.0000      4.48383     4.48383   15601.4496     4.30966      0 -
     1     1628      0.02358     16245.1028    -642.8581      4.39766     4.39766   15601.4496     4.30966      1 chain_01/itr_01628_trial_01.rho
     1     1629      0.02352     16197.9985     -47.1043      4.39128     4.39128   15601.4496     4.30966      1 chain_01/itr_01629_trial_01.rho
     1     1630      0.02347     16197.9985       0.0000      4.39128     4.39128   15601.4496     4.30966      0 -
     1     1631      0.02341     16197.9985       0.0000      4.39128     4.39128   15601.4496     4.30966      0 -
     1     1632      0.02336     16197.9985       0.0000      4.39128     4.39128   15601.4496     4.30966      0 -
     1     1633      0.02331     16063.0559    -134.9426      4.37295     4.37295   15601.4496     4.30966      1 chain_01/itr_01633_trial_01.rho
     1     1634      0.02325     16155.9909      92.9351      4.38558     4.38558   15601.4496     4.30966      1 chain_01/itr_01634_trial_01.rho
     1     1635       0.0232     16155.9909       0.0000      4.38558     4.38558   15601.4496     4.30966      0 -
     1     1636      0.02314     17237.7332    1081.7423      4.53002     4.53002   15601.4496     4.30966      1 chain_01/itr_01636_trial_01.rho
     1     1637      0.02309     17237.7332       0.0000      4.53002     4.53002   15601.4496     4.30966      0 -
     1     1638      0.02304     17051.4376    -186.2956      4.50548     4.50548   15601.4496     4.30966      1 chain_01/itr_01638_trial_01.rho
     1     1639      0.02299     17049.9260      -1.5116      4.50528     4.50528   15601.4496     4.30966      1 chain_01/itr_01639_trial_01.rho
     1     1640      0.02293     17662.5353     612.6092      4.58550     4.58550   15601.4496     4.30966      1 chain_01/itr_01640_trial_01.rho
     1     1641      0.02288     18198.7237     536.1884      4.65458     4.65458   15601.4496     4.30966      1 chain_01/itr_01641_trial_01.rho
     1     1642      0.02283     18198.7237       0.0000      4.65458     4.65458   15601.4496     4.30966      0 -
     1     1643      0.02277     18198.7237       0.0000      4.65458     4.65458   15601.4496     4.30966      0 -
     1     1644      0.02272     18381.8469     183.1232      4.67794     4.67794   15601.4496     4.30966      1 chain_01/itr_01644_trial_01.rho
     1     1645      0.02267     18381.8469       0.0000      4.67794     4.67794   15601.4496     4.30966      0 -
     1     1646      0.02262     18381.8469       0.0000      4.67794     4.67794   15601.4496     4.30966      0 -
     1     1647      0.02257     18569.5410     187.6942      4.70177     4.70177   15601.4496     4.30966      1 chain_01/itr_01647_trial_01.rho
     1     1648      0.02251     18595.5963      26.0553      4.70506     4.70506   15601.4496     4.30966      1 chain_01/itr_01648_trial_01.rho
     1     1649      0.02246     18589.4925      -6.1039      4.70429     4.70429   15601.4496     4.30966      1 chain_01/itr_01649_trial_01.rho
     1     1650      0.02241     18220.5043    -368.9881      4.65737     4.65737   15601.4496     4.30966      1 chain_01/itr_01650_trial_01.rho
     1     1651      0.02236     18220.5043       0.0000      4.65737     4.65737   15601.4496     4.30966      0 -
     1     1652      0.02231     18366.8633     146.3590      4.67604     4.67604   15601.4496     4.30966      1 chain_01/itr_01652_trial_01.rho
     1     1653      0.02226     19038.4351     671.5718      4.76076     4.76076   15601.4496     4.30966      1 chain_01/itr_01653_trial_01.rho
     1     1654       0.0222     18920.5567    -117.8783      4.74600     4.74600   15601.4496     4.30966      1 chain_01/itr_01654_trial_01.rho
     1     1655      0.02215     18920.5567       0.0000      4.74600     4.74600   15601.4496     4.30966      0 -
     1     1656       0.0221     18232.7650    -687.7917      4.65893     4.65893   15601.4496     4.30966      1 chain_01/itr_01656_trial_01.rho
     1     1657      0.02205     18232.7650       0.0000      4.65893     4.65893   15601.4496     4.30966      0 -
     1     1658        0.022     17460.5789    -772.1861      4.55921     4.55921   15601.4496     4.30966      1 chain_01/itr_01658_trial_01.rho
     1     1659      0.02195     17460.5789       0.0000      4.55921     4.55921   15601.4496     4.30966      0 -
     1     1660       0.0219     17329.0189    -131.5600      4.54200     4.54200   15601.4496     4.30966      1 chain_01/itr_01660_trial_01.rho
     1     1661      0.02185     17329.0189       0.0000      4.54200     4.54200   15601.4496     4.30966      0 -
     1     1662       0.0218     17297.7805     -31.2384      4.53791     4.53791   15601.4496     4.30966      1 chain_01/itr_01662_trial_01.rho
     1     1663      0.02175     17297.7805       0.0000      4.53791     4.53791   15601.4496     4.30966      0 -
     1     1664       0.0217     17150.9428    -146.8376      4.51860     4.51860   15601.4496     4.30966      1 chain_01/itr_01664_trial_01.rho
     1     1665      0.02165     18363.9836    1213.0408      4.67567     4.67567   15601.4496     4.30966      1 chain_01/itr_01665_trial_01.rho
     1     1666       0.0216     17937.0876    -426.8960      4.62100     4.62100   15601.4496     4.30966      1 chain_01/itr_01666_trial_01.rho
     1     1667      0.02155     17937.0876       0.0000      4.62100     4.62100   15601.4496     4.30966      0 -
     1     1668       0.0215     17937.0876       0.0000      4.62100     4.62100   15601.4496     4.30966      0 -
     1     1669      0.02145     17937.0876       0.0000      4.62100     4.62100   15601.4496     4.30966      0 -
     1     1670       0.0214     17903.2452     -33.8424      4.61664     4.61664   15601.4496     4.30966      1 chain_01/itr_01670_trial_01.rho
     1     1671      0.02135     17768.3831    -134.8621      4.59922     4.59922   15601.4496     4.30966      1 chain_01/itr_01671_trial_01.rho
     1     1672       0.0213     17768.3831       0.0000      4.59922     4.59922   15601.4496     4.30966      0 -
     1     1673      0.02125     17768.3831       0.0000      4.59922     4.59922   15601.4496     4.30966      0 -
     1     1674      0.02121     17768.3831       0.0000      4.59922     4.59922   15601.4496     4.30966      0 -
     1     1675      0.02116     17768.3831       0.0000      4.59922     4.59922   15601.4496     4.30966      0 -
     1     1676      0.02111     17768.3831       0.0000      4.59922     4.59922   15601.4496     4.30966      0 -
     1     1677      0.02106     17142.4905    -625.8926      4.51749     4.51749   15601.4496     4.30966      1 chain_01/itr_01677_trial_01.rho
     1     1678      0.02101     17223.0684      80.5779      4.52810     4.52810   15601.4496     4.30966      1 chain_01/itr_01678_trial_01.rho
     1     1679      0.02096     17243.0471      19.9787      4.53072     4.53072   15601.4496     4.30966      1 chain_01/itr_01679_trial_01.rho
     1     1680      0.02091     17465.8502     222.8031      4.55990     4.55990   15601.4496     4.30966      1 chain_01/itr_01680_trial_01.rho
     1     1681      0.02087     17120.5211    -345.3291      4.51460     4.51460   15601.4496     4.30966      1 chain_01/itr_01681_trial_01.rho
     1     1682      0.02082     17120.5211       0.0000      4.51460     4.51460   15601.4496     4.30966      0 -
     1     1683      0.02077     17120.5211       0.0000      4.51460     4.51460   15601.4496     4.30966      0 -
     1     1684      0.02072     17120.5211       0.0000      4.51460     4.51460   15601.4496     4.30966      0 -
     1     1685      0.02067     17120.5211       0.0000      4.51460     4.51460   15601.4496     4.30966      0 -
     1     1686      0.02063     16590.7508    -529.7703      4.44420     4.44420   15601.4496     4.30966      1 chain_01/itr_01686_trial_01.rho
     1     1687      0.02058     16590.7508       0.0000      4.44420     4.44420   15601.4496     4.30966      0 -
     1     1688      0.02053     16590.7508       0.0000      4.44420     4.44420   15601.4496     4.30966      0 -
     1     1689      0.02049     16590.7508       0.0000      4.44420     4.44420   15601.4496     4.30966      0 -
     1     1690      0.02044     16867.2996     276.5487      4.48108     4.48108   15601.4496     4.30966      1 chain_01/itr_01690_trial_01.rho
     1     1691      0.02039     16495.6301    -371.6695      4.43144     4.43144   15601.4496     4.30966      1 chain_01/itr_01691_trial_01.rho
     1     1692      0.02034     16495.6301       0.0000      4.43144     4.43144   15601.4496     4.30966      0 -
     1     1693       0.0203     16495.6301       0.0000      4.43144     4.43144   15601.4496     4.30966      0 -
     1     1694      0.02025     15977.1413    -518.4888      4.36124     4.36124   15601.4496     4.30966      1 chain_01/itr_01694_trial_01.rho
     1     1695       0.0202     15977.1413       0.0000      4.36124     4.36124   15601.4496     4.30966      0 -
     1     1696      0.02016     16626.8908     649.7494      4.44904     4.44904   15601.4496     4.30966      1 chain_01/itr_01696_trial_01.rho
     1     1697      0.02011     16438.2913    -188.5994      4.42373     4.42373   15601.4496     4.30966      1 chain_01/itr_01697_trial_01.rho
     1     1698      0.02006     15096.6763   -1341.6150      4.23937     4.23937   15096.6763     4.23937      1 chain_01/itr_01698_trial_01.rho
     1     1699      0.02002     15094.3382      -2.3381      4.23904     4.23904   15094.3382     4.23904      1 chain_01/itr_01699_trial_01.rho
     1     1700      0.01997     15094.3382       0.0000      4.23904     4.23904   15094.3382     4.23904      0 -
     1     1701      0.01993     14525.6866    -568.6517      4.15842     4.15842   14525.6866     4.15842      1 chain_01/itr_01701_trial_01.rho
     1     1702      0.01988     14828.2824     302.5958      4.20151     4.20151   14525.6866     4.15842      1 chain_01/itr_01702_trial_01.rho
     1     1703      0.01984     14811.0273     -17.2551      4.19907     4.19907   14525.6866     4.15842      1 chain_01/itr_01703_trial_01.rho
     1     1704      0.01979     14430.3281    -380.6992      4.14475     4.14475   14430.3281     4.14475      1 chain_01/itr_01704_trial_01.rho
     1     1705      0.01974     14567.6633     137.3352      4.16443     4.16443   14430.3281     4.14475      1 chain_01/itr_01705_trial_01.rho
     1     1706       0.0197     14567.6633       0.0000      4.16443     4.16443   14430.3281     4.14475      0 -
     1     1707      0.01965     14390.3392    -177.3241      4.13900     4.13900   14390.3392     4.13900      1 chain_01/itr_01707_trial_01.rho
     1     1708      0.01961     14158.6167    -231.7225      4.10554     4.10554   14158.6167     4.10554      1 chain_01/itr_01708_trial_01.rho
     1     1709      0.01956     14158.6167       0.0000      4.10554     4.10554   14158.6167     4.10554      0 -
     1     1710      0.01952     14292.7753     134.1586      4.12495     4.12495   14158.6167     4.10554      1 chain_01/itr_01710_trial_01.rho
     1     1711      0.01947     14311.4010      18.6257      4.12764     4.12764   14158.6167     4.10554      1 chain_01/itr_01711_trial_01.rho
     1     1712      0.01943     14311.4010       0.0000      4.12764     4.12764   14158.6167     4.10554      0 -
     1     1713      0.01938     14311.4010       0.0000      4.12764     4.12764   14158.6167     4.10554      0 -
     1     1714      0.01934     14327.3403      15.9393      4.12993     4.12993   14158.6167     4.10554      1 chain_01/itr_01714_trial_01.rho
     1     1715      0.01929     14368.0254      40.6851      4.13579     4.13579   14158.6167     4.10554      1 chain_01/itr_01715_trial_01.rho
     1     1716      0.01925     14350.5316     -17.4937      4.13328     4.13328   14158.6167     4.10554      1 chain_01/itr_01716_trial_01.rho
     1     1717      0.01921     14443.9643      93.4326      4.14671     4.14671   14158.6167     4.10554      1 chain_01/itr_01717_trial_01.rho
     1     1718      0.01916     14179.4920    -264.4723      4.10857     4.10857   14158.6167     4.10554      1 chain_01/itr_01718_trial_01.rho
     1     1719      0.01912     14624.3354     444.8434      4.17252     4.17252   14158.6167     4.10554      1 chain_01/itr_01719_trial_01.rho
     1     1720      0.01907     14363.5085    -260.8269      4.13514     4.13514   14158.6167     4.10554      1 chain_01/itr_01720_trial_01.rho
     1     1721      0.01903     14485.6167     122.1083      4.15268     4.15268   14158.6167     4.10554      1 chain_01/itr_01721_trial_01.rho
     1     1722      0.01899     14485.6167       0.0000      4.15268     4.15268   14158.6167     4.10554      0 -
     1     1723      0.01894     14485.6167       0.0000      4.15268     4.15268   14158.6167     4.10554      0 -
     1     1724       0.0189     14485.6167       0.0000      4.15268     4.15268   14158.6167     4.10554      0 -
     1     1725      0.01885     14350.5434    -135.0733      4.13328     4.13328   14158.6167     4.10554      1 chain_01/itr_01725_trial_01.rho
     1     1726      0.01881     14350.5434       0.0000      4.13328     4.13328   14158.6167     4.10554      0 -
     1     1727      0.01877     14350.5434       0.0000      4.13328     4.13328   14158.6167     4.10554      0 -
     1     1728      0.01873     14010.4436    -340.0998      4.08401     4.08401   14010.4436     4.08401      1 chain_01/itr_01728_trial_01.rho
     1     1729      0.01868     14139.4114     128.9678      4.10276     4.10276   14010.4436     4.08401      1 chain_01/itr_01729_trial_01.rho
     1     1730      0.01864     14139.4114       0.0000      4.10276     4.10276   14010.4436     4.08401      0 -
     1     1731       0.0186     14139.4114       0.0000      4.10276     4.10276   14010.4436     4.08401      0 -
     1     1732      0.01855     14139.4114       0.0000      4.10276     4.10276   14010.4436     4.08401      0 -
     1     1733      0.01851     14292.7442     153.3328      4.12495     4.12495   14010.4436     4.08401      1 chain_01/itr_01733_trial_01.rho
     1     1734      0.01847     14384.1561      91.4119      4.13811     4.13811   14010.4436     4.08401      1 chain_01/itr_01734_trial_01.rho
     1     1735      0.01843     14384.1561       0.0000      4.13811     4.13811   14010.4436     4.08401      0 -
     1     1736      0.01838     13883.9401    -500.2160      4.06553     4.06553   13883.9401     4.06553      1 chain_01/itr_01736_trial_01.rho
     1     1737      0.01834     13663.2113    -220.7288      4.03308     4.03308   13663.2113     4.03308      1 chain_01/itr_01737_trial_01.rho
     1     1738       0.0183     13663.2113       0.0000      4.03308     4.03308   13663.2113     4.03308      0 -
     1     1739      0.01826     13759.8358      96.6245      4.04731     4.04731   13663.2113     4.03308      1 chain_01/itr_01739_trial_01.rho
     1     1740      0.01821     13998.1569     238.3212      4.08221     4.08221   13663.2113     4.03308      1 chain_01/itr_01740_trial_01.rho
     1     1741      0.01817     14392.4204     394.2634      4.13930     4.13930   13663.2113     4.03308      1 chain_01/itr_01741_trial_01.rho
     1     1742      0.01813     14125.3416    -267.0788      4.10072     4.10072   13663.2113     4.03308      1 chain_01/itr_01742_trial_01.rho
     1     1743      0.01809     13266.9522    -858.3894      3.97417     3.97417   13266.9522     3.97417      1 chain_01/itr_01743_trial_01.rho
     1     1744      0.01805     13266.9522       0.0000      3.97417     3.97417   13266.9522     3.97417      0 -
     1     1745      0.01801     13266.9522       0.0000      3.97417     3.97417   13266.9522     3.97417      0 -
     1     1746      0.01796     13266.9522       0.0000      3.97417     3.97417   13266.9522     3.97417      0 -
     1     1747      0.01792     13107.4987    -159.4535      3.95021     3.95021   13107.4987     3.95021      1 chain_01/itr_01747_trial_01.rho
     1     1748      0.01788     13395.1507     287.6520      3.99332     3.99332   13107.4987     3.95021      1 chain_01/itr_01748_trial_01.rho
     1     1749      0.01784     13581.4447     186.2940      4.02099     4.02099   13107.4987     3.95021      1 chain_01/itr_01749_trial_01.rho
     1     1750       0.0178     13581.4447       0.0000      4.02099     4.02099   13107.4987     3.95021      0 -
     1     1751      0.01776     13581.4447       0.0000      4.02099     4.02099   13107.4987     3.95021      0 -
     1     1752      0.01772     13581.4447       0.0000      4.02099     4.02099   13107.4987     3.95021      0 -
     1     1753      0.01768     13581.4447       0.0000      4.02099     4.02099   13107.4987     3.95021      0 -
     1     1754      0.01764     13581.4447       0.0000      4.02099     4.02099   13107.4987     3.95021      0 -
     1     1755       0.0176     13581.4447       0.0000      4.02099     4.02099   13107.4987     3.95021      0 -
     1     1756      0.01756     13581.4447       0.0000      4.02099     4.02099   13107.4987     3.95021      0 -
     1     1757      0.01752     13581.4447       0.0000      4.02099     4.02099   13107.4987     3.95021      0 -
     1     1758      0.01747     13454.0981    -127.3466      4.00210     4.00210   13107.4987     3.95021      1 chain_01/itr_01758_trial_01.rho
     1     1759      0.01743     13186.9846    -267.1135      3.96217     3.96217   13107.4987     3.95021      1 chain_01/itr_01759_trial_01.rho
     1     1760      0.01739     13186.9846       0.0000      3.96217     3.96217   13107.4987     3.95021      0 -
     1     1761      0.01735     13186.9846       0.0000      3.96217     3.96217   13107.4987     3.95021      0 -
     1     1762      0.01731     13698.3137     511.3292      4.03826     4.03826   13107.4987     3.95021      1 chain_01/itr_01762_trial_01.rho
     1     1763      0.01727     13698.3137       0.0000      4.03826     4.03826   13107.4987     3.95021      0 -
     1     1764      0.01724     13698.3137       0.0000      4.03826     4.03826   13107.4987     3.95021      0 -
     1     1765       0.0172     13702.2932       3.9795      4.03884     4.03884   13107.4987     3.95021      1 chain_01/itr_01765_trial_01.rho
     1     1766      0.01716     13884.4213     182.1280      4.06560     4.06560   13107.4987     3.95021      1 chain_01/itr_01766_trial_01.rho
     1     1767      0.01712     13884.4213       0.0000      4.06560     4.06560   13107.4987     3.95021      0 -
     1     1768      0.01708     13728.1365    -156.2848      4.04265     4.04265   13107.4987     3.95021      1 chain_01/itr_01768_trial_01.rho
     1     1769      0.01704     13201.1626    -526.9739      3.96430     3.96430   13107.4987     3.95021      1 chain_01/itr_01769_trial_01.rho
     1     1770        0.017     13165.8699     -35.2927      3.95900     3.95900   13107.4987     3.95021      1 chain_01/itr_01770_trial_01.rho
     1     1771      0.01696     13165.8699       0.0000      3.95900     3.95900   13107.4987     3.95021      0 -
     1     1772      0.01692     13069.1815     -96.6884      3.94443     3.94443   13069.1815     3.94443      1 chain_01/itr_01772_trial_01.rho
     1     1773      0.01688     13069.1815       0.0000      3.94443     3.94443   13069.1815     3.94443      0 -
     1     1774      0.01684     13069.1815       0.0000      3.94443     3.94443   13069.1815     3.94443      0 -
     1     1775       0.0168     12936.4125    -132.7689      3.92435     3.92435   12936.4125     3.92435      1 chain_01/itr_01775_trial_01.rho
     1     1776      0.01677     12762.9427    -173.4698      3.89795     3.89795   12762.9427     3.89795      1 chain_01/itr_01776_trial_01.rho
     1     1777      0.01673     12757.3133      -5.6295      3.89709     3.89709   12757.3133     3.89709      1 chain_01/itr_01777_trial_01.rho
     1     1778      0.01669     12757.3133       0.0000      3.89709     3.89709   12757.3133     3.89709      0 -
     1     1779      0.01665     12757.3133       0.0000      3.89709     3.89709   12757.3133     3.89709      0 -
     1     1780      0.01661     12757.3133       0.0000      3.89709     3.89709   12757.3133     3.89709      0 -
     1     1781      0.01657     12757.3133       0.0000      3.89709     3.89709   12757.3133     3.89709      0 -
     1     1782      0.01654     12757.3133       0.0000      3.89709     3.89709   12757.3133     3.89709      0 -
     1     1783       0.0165     12757.3133       0.0000      3.89709     3.89709   12757.3133     3.89709      0 -
     1     1784      0.01646     12850.9572      93.6440      3.91136     3.91136   12757.3133     3.89709      1 chain_01/itr_01784_trial_01.rho
     1     1785      0.01642     12911.9527      60.9955      3.92063     3.92063   12757.3133     3.89709      1 chain_01/itr_01785_trial_01.rho
     1     1786      0.01638     13053.6310     141.6783      3.94209     3.94209   12757.3133     3.89709      1 chain_01/itr_01786_trial_01.rho
     1     1787      0.01635     12906.4297    -147.2013      3.91980     3.91980   12757.3133     3.89709      1 chain_01/itr_01787_trial_01.rho
     1     1788      0.01631     12978.9587      72.5290      3.93079     3.93079   12757.3133     3.89709      1 chain_01/itr_01788_trial_01.rho
     1     1789      0.01627     12978.9587       0.0000      3.93079     3.93079   12757.3133     3.89709      0 -
     1     1790      0.01623     12974.6443      -4.3144      3.93014     3.93014   12757.3133     3.89709      1 chain_01/itr_01790_trial_01.rho
     1     1791       0.0162     12974.6443       0.0000      3.93014     3.93014   12757.3133     3.89709      0 -
     1     1792      0.01616     12706.2394    -268.4049      3.88928     3.88928   12706.2394     3.88928      1 chain_01/itr_01792_trial_01.rho
     1     1793      0.01612     12531.2522    -174.9872      3.86240     3.86240   12531.2522     3.86240      1 chain_01/itr_01793_trial_01.rho
     1     1794      0.01608     12292.6562    -238.5960      3.82546     3.82546   12292.6562     3.82546      1 chain_01/itr_01794_trial_01.rho
     1     1795      0.01605     12292.6562       0.0000      3.82546     3.82546   12292.6562     3.82546      0 -
     1     1796      0.01601     12095.8057    -196.8505      3.79470     3.79470   12095.8057     3.79470      1 chain_01/itr_01796_trial_01.rho
     1     1797      0.01597     12095.8057       0.0000      3.79470     3.79470   12095.8057     3.79470      0 -
     1     1798      0.01594     12101.5187       5.7130      3.79560     3.79560   12095.8057     3.79470      1 chain_01/itr_01798_trial_01.rho
     1     1799       0.0159     12101.5187       0.0000      3.79560     3.79560   12095.8057     3.79470      0 -
     1     1800      0.01586     12101.5187       0.0000      3.79560     3.79560   12095.8057     3.79470      0 -
     1     1801      0.01583     12101.5187       0.0000      3.79560     3.79560   12095.8057     3.79470      0 -
     1     1802      0.01579     12101.5187       0.0000      3.79560     3.79560   12095.8057     3.79470      0 -
     1     1803      0.01575     12101.5187       0.0000      3.79560     3.79560   12095.8057     3.79470      0 -
     1     1804      0.01572     12101.5187       0.0000      3.79560     3.79560   12095.8057     3.79470      0 -
     1     1805      0.01568     12132.1460      30.6274      3.80040     3.80040   12095.8057     3.79470      1 chain_01/itr_01805_trial_01.rho
     1     1806      0.01565     12132.1460       0.0000      3.80040     3.80040   12095.8057     3.79470      0 -
     1     1807      0.01561     11968.6867    -163.4593      3.77471     3.77471   11968.6867     3.77471      1 chain_01/itr_01807_trial_01.rho
     1     1808      0.01557     11968.6867       0.0000      3.77471     3.77471   11968.6867     3.77471      0 -
     1     1809      0.01554     11968.6867       0.0000      3.77471     3.77471   11968.6867     3.77471      0 -
     1     1810       0.0155     11968.6867       0.0000      3.77471     3.77471   11968.6867     3.77471      0 -
     1     1811      0.01547     11968.6867       0.0000      3.77471     3.77471   11968.6867     3.77471      0 -
     1     1812      0.01543     11968.6867       0.0000      3.77471     3.77471   11968.6867     3.77471      0 -
     1     1813       0.0154     11968.6867       0.0000      3.77471     3.77471   11968.6867     3.77471      0 -
     1     1814      0.01536     11968.6867       0.0000      3.77471     3.77471   11968.6867     3.77471      0 -
     1     1815      0.01532     11968.6867       0.0000      3.77471     3.77471   11968.6867     3.77471      0 -
     1     1816      0.01529     11968.6867       0.0000      3.77471     3.77471   11968.6867     3.77471      0 -
     1     1817      0.01525     11968.6867       0.0000      3.77471     3.77471   11968.6867     3.77471      0 -
     1     1818      0.01522     11912.8879     -55.7989      3.76590     3.76590   11912.8879     3.76590      1 chain_01/itr_01818_trial_01.rho
     1     1819      0.01518     11912.8879       0.0000      3.76590     3.76590   11912.8879     3.76590      0 -
     1     1820      0.01515     11943.7749      30.8870      3.77078     3.77078   11912.8879     3.76590      1 chain_01/itr_01820_trial_01.rho
     1     1821      0.01511     11894.8954     -48.8795      3.76306     3.76306   11894.8954     3.76306      1 chain_01/itr_01821_trial_01.rho
     1     1822      0.01508     11351.8771    -543.0183      3.67616     3.67616   11351.8771     3.67616      1 chain_01/itr_01822_trial_01.rho
     1     1823      0.01505     11351.8771       0.0000      3.67616     3.67616   11351.8771     3.67616      0 -
     1     1824      0.01501     11391.9380      40.0609      3.68264     3.68264   11351.8771     3.67616      1 chain_01/itr_01824_trial_01.rho
     1     1825      0.01498     11523.9993     132.0613      3.70392     3.70392   11351.8771     3.67616      1 chain_01/itr_01825_trial_01.rho
     1     1826      0.01494     10950.5025    -573.4969      3.61058     3.61058   10950.5025     3.61058      1 chain_01/itr_01826_trial_01.rho
     1     1827      0.01491     10845.4597    -105.0427      3.59322     3.59322   10845.4597     3.59322      1 chain_01/itr_01827_trial_01.rho
     1     1828      0.01487     10811.0032     -34.4566      3.58751     3.58751   10811.0032     3.58751      1 chain_01/itr_01828_trial_01.rho
     1     1829      0.01484     10811.0032       0.0000      3.58751     3.58751   10811.0032     3.58751      0 -
     1     1830       0.0148     10713.6465     -97.3567      3.57132     3.57132   10713.6465     3.57132      1 chain_01/itr_01830_trial_01.rho
     1     1831      0.01477     10713.6465       0.0000      3.57132     3.57132   10713.6465     3.57132      0 -
     1     1832      0.01474     10742.7578      29.1113      3.57617     3.57617   10713.6465     3.57132      1 chain_01/itr_01832_trial_01.rho
     1     1833       0.0147     10742.7578       0.0000      3.57617     3.57617   10713.6465     3.57132      0 -
     1     1834      0.01467     10742.7578       0.0000      3.57617     3.57617   10713.6465     3.57132      0 -
     1     1835      0.01463     10286.8546    -455.9031      3.49947     3.49947   10286.8546     3.49947      1 chain_01/itr_01835_trial_01.rho
     1     1836       0.0146     10256.8505     -30.0041      3.49436     3.49436   10256.8505     3.49436      1 chain_01/itr_01836_trial_01.rho
     1     1837      0.01457     10256.8505       0.0000      3.49436     3.49436   10256.8505     3.49436      0 -
     1     1838      0.01453     10314.7705      57.9200      3.50421     3.50421   10256.8505     3.49436      1 chain_01/itr_01838_trial_01.rho
     1     1839       0.0145     10049.9129    -264.8576      3.45893     3.45893   10049.9129     3.45893      1 chain_01/itr_01839_trial_01.rho
     1     1840      0.01447     10049.9129       0.0000      3.45893     3.45893   10049.9129     3.45893      0 -
     1     1841      0.01443     10049.9129       0.0000      3.45893     3.45893   10049.9129     3.45893      0 -
     1     1842       0.0144     10049.9129       0.0000      3.45893     3.45893   10049.9129     3.45893      0 -
     1     1843      0.01437     10433.0771     383.1642      3.52425     3.52425   10049.9129     3.45893      1 chain_01/itr_01843_trial_01.rho
     1     1844      0.01433     10433.0771       0.0000      3.52425     3.52425   10049.9129     3.45893      0 -
     1     1845       0.0143     10433.0771       0.0000      3.52425     3.52425   10049.9129     3.45893      0 -
     1     1846      0.01427     10433.0771       0.0000      3.52425     3.52425   10049.9129     3.45893      0 -
     1     1847      0.01424     10433.0771       0.0000      3.52425     3.52425   10049.9129     3.45893      0 -
     1     1848       0.0142     10433.0771       0.0000      3.52425     3.52425   10049.9129     3.45893      0 -
     1     1849      0.01417     10433.0771       0.0000      3.52425     3.52425   10049.9129     3.45893      0 -
     1     1850      0.01414     10433.0771       0.0000      3.52425     3.52425   10049.9129     3.45893      0 -
     1     1851      0.01411     10438.9350       5.8579      3.52524     3.52524   10049.9129     3.45893      1 chain_01/itr_01851_trial_01.rho
     1     1852      0.01407     10405.3580     -33.5770      3.51956     3.51956   10049.9129     3.45893      1 chain_01/itr_01852_trial_01.rho
     1     1853      0.01404     10405.3580       0.0000      3.51956     3.51956   10049.9129     3.45893      0 -
     1     1854      0.01401     10405.3580       0.0000      3.51956     3.51956   10049.9129     3.45893      0 -
     1     1855      0.01398     10405.3580       0.0000      3.51956     3.51956   10049.9129     3.45893      0 -
     1     1856      0.01394     10405.3580       0.0000      3.51956     3.51956   10049.9129     3.45893      0 -
     1     1857      0.01391     10405.3580       0.0000      3.51956     3.51956   10049.9129     3.45893      0 -
     1     1858      0.01388     10405.3580       0.0000      3.51956     3.51956   10049.9129     3.45893      0 -
     1     1859      0.01385     10405.3580       0.0000      3.51956     3.51956   10049.9129     3.45893      0 -
     1     1860      0.01382     10405.3580       0.0000      3.51956     3.51956   10049.9129     3.45893      0 -
     1     1861      0.01378     10405.3580       0.0000      3.51956     3.51956   10049.9129     3.45893      0 -
     1     1862      0.01375     10422.5750      17.2170      3.52247     3.52247   10049.9129     3.45893      1 chain_01/itr_01862_trial_01.rho
     1     1863      0.01372     10532.0004     109.4254      3.54092     3.54092   10049.9129     3.45893      1 chain_01/itr_01863_trial_01.rho
     1     1864      0.01369     10326.8499    -205.1505      3.50626     3.50626   10049.9129     3.45893      1 chain_01/itr_01864_trial_01.rho
     1     1865      0.01366     10005.2517    -321.5982      3.45123     3.45123   10005.2517     3.45123      1 chain_01/itr_01865_trial_01.rho
     1     1866      0.01363     10005.2517       0.0000      3.45123     3.45123   10005.2517     3.45123      0 -
     1     1867      0.01359     10005.2517       0.0000      3.45123     3.45123   10005.2517     3.45123      0 -
     1     1868      0.01356     10005.2517       0.0000      3.45123     3.45123   10005.2517     3.45123      0 -
     1     1869      0.01353     10005.2517       0.0000      3.45123     3.45123   10005.2517     3.45123      0 -
     1     1870       0.0135     10005.2517       0.0000      3.45123     3.45123   10005.2517     3.45123      0 -
     1     1871      0.01347     10522.9427     517.6910      3.53939     3.53939   10005.2517     3.45123      1 chain_01/itr_01871_trial_01.rho
     1     1872      0.01344     10448.5060     -74.4367      3.52685     3.52685   10005.2517     3.45123      1 chain_01/itr_01872_trial_01.rho
     1     1873      0.01341     10448.5060       0.0000      3.52685     3.52685   10005.2517     3.45123      0 -
     1     1874      0.01338     10448.5060       0.0000      3.52685     3.52685   10005.2517     3.45123      0 -
     1     1875      0.01335     10448.5060       0.0000      3.52685     3.52685   10005.2517     3.45123      0 -
     1     1876      0.01332     10518.8058      70.2998      3.53870     3.53870   10005.2517     3.45123      1 chain_01/itr_01876_trial_01.rho
     1     1877      0.01329     10463.3000     -55.5058      3.52935     3.52935   10005.2517     3.45123      1 chain_01/itr_01877_trial_01.rho
     1     1878      0.01325     10517.5894      54.2894      3.53849     3.53849   10005.2517     3.45123      1 chain_01/itr_01878_trial_01.rho
     1     1879      0.01322     10517.5894       0.0000      3.53849     3.53849   10005.2517     3.45123      0 -
     1     1880      0.01319     10542.5888      24.9994      3.54270     3.54270   10005.2517     3.45123      1 chain_01/itr_01880_trial_01.rho
     1     1881      0.01316     10542.5888       0.0000      3.54270     3.54270   10005.2517     3.45123      0 -
     1     1882      0.01313     10542.5888       0.0000      3.54270     3.54270   10005.2517     3.45123      0 -
     1     1883       0.0131     10792.9890     250.4002      3.58452     3.58452   10005.2517     3.45123      1 chain_01/itr_01883_trial_01.rho
     1     1884      0.01307     10851.2656      58.2767      3.59419     3.59419   10005.2517     3.45123      1 chain_01/itr_01884_trial_01.rho
     1     1885      0.01304     10851.2656       0.0000      3.59419     3.59419   10005.2517     3.45123      0 -
     1     1886      0.01301     10851.2656       0.0000      3.59419     3.59419   10005.2517     3.45123      0 -
     1     1887      0.01298     10851.2656       0.0000      3.59419     3.59419   10005.2517     3.45123      0 -
     1     1888      0.01295     10851.2656       0.0000      3.59419     3.59419   10005.2517     3.45123      0 -
     1     1889      0.01292     10851.2656       0.0000      3.59419     3.59419   10005.2517     3.45123      0 -
     1     1890      0.01289     10851.2656       0.0000      3.59419     3.59419   10005.2517     3.45123      0 -
     1     1891      0.01286     10851.2656       0.0000      3.59419     3.59419   10005.2517     3.45123      0 -
     1     1892      0.01283     10851.2656       0.0000      3.59419     3.59419   10005.2517     3.45123      0 -
     1     1893       0.0128     10851.2656       0.0000      3.59419     3.59419   10005.2517     3.45123      0 -
     1     1894      0.01278     10851.2656       0.0000      3.59419     3.59419   10005.2517     3.45123      0 -
     1     1895      0.01275     10851.2656       0.0000      3.59419     3.59419   10005.2517     3.45123      0 -
     1     1896      0.01272     10901.9053      50.6396      3.60256     3.60256   10005.2517     3.45123      1 chain_01/itr_01896_trial_01.rho
     1     1897      0.01269     10911.6926       9.7874      3.60418     3.60418   10005.2517     3.45123      1 chain_01/itr_01897_trial_01.rho
     1     1898      0.01266     10911.6926       0.0000      3.60418     3.60418   10005.2517     3.45123      0 -
     1     1899      0.01263     10911.6926       0.0000      3.60418     3.60418   10005.2517     3.45123      0 -
     1     1900       0.0126     10911.6926       0.0000      3.60418     3.60418   10005.2517     3.45123      0 -
     1     1901      0.01257     10911.6926       0.0000      3.60418     3.60418   10005.2517     3.45123      0 -
     1     1902      0.01254     10911.6926       0.0000      3.60418     3.60418   10005.2517     3.45123      0 -
     1     1903      0.01251     10911.6926       0.0000      3.60418     3.60418   10005.2517     3.45123      0 -
     1     1904      0.01248     10911.6926       0.0000      3.60418     3.60418   10005.2517     3.45123      0 -
     1     1905      0.01246     10902.0848      -9.6078      3.60259     3.60259   10005.2517     3.45123      1 chain_01/itr_01905_trial_01.rho
     1     1906      0.01243     10902.0848       0.0000      3.60259     3.60259   10005.2517     3.45123      0 -
     1     1907       0.0124     10902.0848       0.0000      3.60259     3.60259   10005.2517     3.45123      0 -
     1     1908      0.01237     10768.6632    -133.4216      3.58048     3.58048   10005.2517     3.45123      1 chain_01/itr_01908_trial_01.rho
     1     1909      0.01234     10843.7380      75.0748      3.59294     3.59294   10005.2517     3.45123      1 chain_01/itr_01909_trial_01.rho
     1     1910      0.01231     10843.7380       0.0000      3.59294     3.59294   10005.2517     3.45123      0 -
     1     1911      0.01228     10843.7380       0.0000      3.59294     3.59294   10005.2517     3.45123      0 -
     1     1912      0.01226     10919.2456      75.5076      3.60543     3.60543   10005.2517     3.45123      1 chain_01/itr_01912_trial_01.rho
     1     1913      0.01223     10919.2456       0.0000      3.60543     3.60543   10005.2517     3.45123      0 -
     1     1914       0.0122     10494.1787    -425.0670      3.53455     3.53455   10005.2517     3.45123      1 chain_01/itr_01914_trial_01.rho
     1     1915      0.01217     10494.1787       0.0000      3.53455     3.53455   10005.2517     3.45123      0 -
     1     1916      0.01214     10286.9801    -207.1986      3.49949     3.49949   10005.2517     3.45123      1 chain_01/itr_01916_trial_01.rho
     1     1917      0.01212     10286.9801       0.0000      3.49949     3.49949   10005.2517     3.45123      0 -
     1     1918      0.01209     10286.9801       0.0000      3.49949     3.49949   10005.2517     3.45123      0 -
     1     1919      0.01206     10001.1542    -285.8259      3.45053     3.45053   10001.1542     3.45053      1 chain_01/itr_01919_trial_01.rho
     1     1920      0.01203     10001.1542       0.0000      3.45053     3.45053   10001.1542     3.45053      0 -
     1     1921        0.012      9916.8852     -84.2690      3.43596     3.43596    9916.8852     3.43596      1 chain_01/itr_01921_trial_01.rho
     1     1922      0.01198      9916.8852       0.0000      3.43596     3.43596    9916.8852     3.43596      0 -
     1     1923      0.01195     10011.4157      94.5305      3.45230     3.45230    9916.8852     3.43596      1 chain_01/itr_01923_trial_01.rho
     1     1924      0.01192     10011.4157       0.0000      3.45230     3.45230    9916.8852     3.43596      0 -
     1     1925      0.01189      9781.0414    -230.3743      3.41234     3.41234    9781.0414     3.41234      1 chain_01/itr_01925_trial_01.rho
     1     1926      0.01187      9781.0414       0.0000      3.41234     3.41234    9781.0414     3.41234      0 -
     1     1927      0.01184      9781.0414       0.0000      3.41234     3.41234    9781.0414     3.41234      0 -
     1     1928      0.01181      9781.0414       0.0000      3.41234     3.41234    9781.0414     3.41234      0 -
     1     1929      0.01179      9781.0414       0.0000      3.41234     3.41234    9781.0414     3.41234      0 -
     1     1930      0.01176      9647.8694    -133.1720      3.38904     3.38904    9647.8694     3.38904      1 chain_01/itr_01930_trial_01.rho
     1     1931      0.01173      9647.8694       0.0000      3.38904     3.38904    9647.8694     3.38904      0 -
     1     1932       0.0117      9401.4594    -246.4100      3.34548     3.34548    9401.4594     3.34548      1 chain_01/itr_01932_trial_01.rho
     1     1933      0.01168      9401.4594       0.0000      3.34548     3.34548    9401.4594     3.34548      0 -
     1     1934      0.01165      9401.4594       0.0000      3.34548     3.34548    9401.4594     3.34548      0 -
     1     1935      0.01162      9401.4594       0.0000      3.34548     3.34548    9401.4594     3.34548      0 -
     1     1936       0.0116      9401.4594       0.0000      3.34548     3.34548    9401.4594     3.34548      0 -
     1     1937      0.01157      9401.4594       0.0000      3.34548     3.34548    9401.4594     3.34548      0 -
     1     1938      0.01154      9401.4594       0.0000      3.34548     3.34548    9401.4594     3.34548      0 -
     1     1939      0.01152      9401.4594       0.0000      3.34548     3.34548    9401.4594     3.34548      0 -
     1     1940      0.01149      9400.5189      -0.9405      3.34531     3.34531    9400.5189     3.34531      1 chain_01/itr_01940_trial_01.rho
     1     1941      0.01146      9316.6596     -83.8594      3.33035     3.33035    9316.6596     3.33035      1 chain_01/itr_01941_trial_01.rho
     1     1942      0.01144      9316.6596       0.0000      3.33035     3.33035    9316.6596     3.33035      0 -
     1     1943      0.01141      9316.6596       0.0000      3.33035     3.33035    9316.6596     3.33035      0 -
     1     1944      0.01139      9508.7149     192.0554      3.36451     3.36451    9316.6596     3.33035      1 chain_01/itr_01944_trial_01.rho
     1     1945      0.01136      9508.7149       0.0000      3.36451     3.36451    9316.6596     3.33035      0 -
     1     1946      0.01133      9797.3990     288.6841      3.41520     3.41520    9316.6596     3.33035      1 chain_01/itr_01946_trial_01.rho
     1     1947      0.01131      9797.3990       0.0000      3.41520     3.41520    9316.6596     3.33035      0 -
     1     1948      0.01128      9797.3990       0.0000      3.41520     3.41520    9316.6596     3.33035      0 -
     1     1949      0.01126      9797.3990       0.0000      3.41520     3.41520    9316.6596     3.33035      0 -
     1     1950      0.01123      9797.3990       0.0000      3.41520     3.41520    9316.6596     3.33035      0 -
     1     1951       0.0112      9778.8595     -18.5395      3.41196     3.41196    9316.6596     3.33035      1 chain_01/itr_01951_trial_01.rho
     1     1952      0.01118      9778.8595       0.0000      3.41196     3.41196    9316.6596     3.33035      0 -
     1     1953      0.01115      9839.3638      60.5043      3.42250     3.42250    9316.6596     3.33035      1 chain_01/itr_01953_trial_01.rho
     1     1954      0.01113      9839.3638       0.0000      3.42250     3.42250    9316.6596     3.33035      0 -
     1     1955       0.0111      9508.1264    -331.2373      3.36440     3.36440    9316.6596     3.33035      1 chain_01/itr_01955_trial_01.rho
     1     1956      0.01108      9508.1264       0.0000      3.36440     3.36440    9316.6596     3.33035      0 -
     1     1957      0.01105      9508.1264       0.0000      3.36440     3.36440    9316.6596     3.33035      0 -
     1     1958      0.01102      9508.1264       0.0000      3.36440     3.36440    9316.6596     3.33035      0 -
     1     1959        0.011      9508.1264       0.0000      3.36440     3.36440    9316.6596     3.33035      0 -
     1     1960      0.01097      9508.1264       0.0000      3.36440     3.36440    9316.6596     3.33035      0 -
     1     1961      0.01095      9508.1264       0.0000      3.36440     3.36440    9316.6596     3.33035      0 -
     1     1962      0.01092      9508.1264       0.0000      3.36440     3.36440    9316.6596     3.33035      0 -
     1     1963       0.0109      9508.1264       0.0000      3.36440     3.36440    9316.6596     3.33035      0 -
     1     1964      0.01087      9508.1264       0.0000      3.36440     3.36440    9316.6596     3.33035      0 -
     1     1965      0.01085      9508.1264       0.0000      3.36440     3.36440    9316.6596     3.33035      0 -
     1     1966      0.01082      9483.5527     -24.5738      3.36005     3.36005    9316.6596     3.33035      1 chain_01/itr_01966_trial_01.rho
     1     1967       0.0108      9208.2743    -275.2783      3.31093     3.31093    9208.2743     3.31093      1 chain_01/itr_01967_trial_01.rho
     1     1968      0.01077      9352.1108     143.8365      3.33668     3.33668    9208.2743     3.31093      1 chain_01/itr_01968_trial_01.rho
     1     1969      0.01075      9352.1108       0.0000      3.33668     3.33668    9208.2743     3.31093      0 -
     1     1970      0.01072      9282.9707     -69.1401      3.32433     3.32433    9208.2743     3.31093      1 chain_01/itr_01970_trial_01.rho
     1     1971       0.0107      9282.9707       0.0000      3.32433     3.32433    9208.2743     3.31093      0 -
     1     1972      0.01067      9141.9936    -140.9771      3.29899     3.29899    9141.9936     3.29899      1 chain_01/itr_01972_trial_01.rho
     1     1973      0.01065      9123.1461     -18.8475      3.29559     3.29559    9123.1461     3.29559      1 chain_01/itr_01973_trial_01.rho
     1     1974      0.01063      8983.3874    -139.7587      3.27025     3.27025    8983.3874     3.27025      1 chain_01/itr_01974_trial_01.rho
     1     1975       0.0106      9222.6810     239.2936      3.31352     3.31352    8983.3874     3.27025      1 chain_01/itr_01975_trial_01.rho
     1     1976      0.01058      9077.7338    -144.9472      3.28737     3.28737    8983.3874     3.27025      1 chain_01/itr_01976_trial_01.rho
     1     1977      0.01055      9077.7338       0.0000      3.28737     3.28737    8983.3874     3.27025      0 -
     1     1978      0.01053      8946.5029    -131.2310      3.26353     3.26353    8946.5029     3.26353      1 chain_01/itr_01978_trial_01.rho
     1     1979       0.0105      8946.5029       0.0000      3.26353     3.26353    8946.5029     3.26353      0 -
     1     1980      0.01048      8811.3026    -135.2002      3.23877     3.23877    8811.3026     3.23877      1 chain_01/itr_01980_trial_01.rho
     1     1981      0.01046      8615.6431    -195.6595      3.20261     3.20261    8615.6431     3.20261      1 chain_01/itr_01981_trial_01.rho
     1     1982      0.01043      8615.6431       0.0000      3.20261     3.20261    8615.6431     3.20261      0 -
     1     1983      0.01041      8615.6431       0.0000      3.20261     3.20261    8615.6431     3.20261      0 -
     1     1984      0.01038      8615.6431       0.0000      3.20261     3.20261    8615.6431     3.20261      0 -
     1     1985      0.01036      8722.2020     106.5589      3.22236     3.22236    8615.6431     3.20261      1 chain_01/itr_01985_trial_01.rho
     1     1986      0.01034      8722.2020       0.0000      3.22236     3.22236    8615.6431     3.20261      0 -
     1     1987      0.01031      8722.2020       0.0000      3.22236     3.22236    8615.6431     3.20261      0 -
     1     1988      0.01029      8722.2020       0.0000      3.22236     3.22236    8615.6431     3.20261      0 -
     1     1989      0.01026      8722.2020       0.0000      3.22236     3.22236    8615.6431     3.20261      0 -
     1     1990      0.01024      8837.5366     115.3346      3.24359     3.24359    8615.6431     3.20261      1 chain_01/itr_01990_trial_01.rho
     1     1991      0.01022      8837.5366       0.0000      3.24359     3.24359    8615.6431     3.20261      0 -
     1     1992      0.01019      8837.5366       0.0000      3.24359     3.24359    8615.6431     3.20261      0 -
     1     1993      0.01017      8679.9884    -157.5481      3.21455     3.21455    8615.6431     3.20261      1 chain_01/itr_01993_trial_01.rho
     1     1994      0.01015      8679.9884       0.0000      3.21455     3.21455    8615.6431     3.20261      0 -
     1     1995      0.01012      8679.9884       0.0000      3.21455     3.21455    8615.6431     3.20261      0 -
     1     1996       0.0101      8679.9884       0.0000      3.21455     3.21455    8615.6431     3.20261      0 -
     1     1997      0.01008      8679.9884       0.0000      3.21455     3.21455    8615.6431     3.20261      0 -
     1     1998      0.01005      8679.9884       0.0000      3.21455     3.21455    8615.6431     3.20261      0 -
     1     1999      0.01003      8679.9884       0.0000      3.21455     3.21455    8615.6431     3.20261      0 -
     1     2000      0.01001      8679.9884       0.0000      3.21455     3.21455    8615.6431     3.20261      0 -
     1     2001     0.009985      8679.9884       0.0000      3.21455     3.21455    8615.6431     3.20261      0 -
     1     2002     0.009962      8679.9884       0.0000      3.21455     3.21455    8615.6431     3.20261      0 -
     1     2003     0.009939      8679.9884       0.0000      3.21455     3.21455    8615.6431     3.20261      0 -
     1     2004     0.009916      8627.1894     -52.7990      3.20476     3.20476    8615.6431     3.20261      1 chain_01/itr_02004_trial_01.rho
     1     2005     0.009893      8627.1894       0.0000      3.20476     3.20476    8615.6431     3.20261      0 -
     1     2006      0.00987      8512.1084    -115.0810      3.18331     3.18331    8512.1084     3.18331      1 chain_01/itr_02006_trial_01.rho
     1     2007     0.009848      8512.1084       0.0000      3.18331     3.18331    8512.1084     3.18331      0 -
     1     2008     0.009825      8512.1084       0.0000      3.18331     3.18331    8512.1084     3.18331      0 -
     1     2009     0.009802      8512.1084       0.0000      3.18331     3.18331    8512.1084     3.18331      0 -
     1     2010      0.00978      8379.8605    -132.2479      3.15848     3.15848    8379.8605     3.15848      1 chain_01/itr_02010_trial_01.rho
     1     2011     0.009757      8379.8605       0.0000      3.15848     3.15848    8379.8605     3.15848      0 -
     1     2012     0.009735      8379.8605       0.0000      3.15848     3.15848    8379.8605     3.15848      0 -
     1     2013     0.009712      8393.2481      13.3877      3.16101     3.16101    8379.8605     3.15848      1 chain_01/itr_02013_trial_01.rho
     1     2014      0.00969      8393.2481       0.0000      3.16101     3.16101    8379.8605     3.15848      0 -
     1     2015     0.009668      8393.2481       0.0000      3.16101     3.16101    8379.8605     3.15848      0 -
     1     2016     0.009646      8393.2481       0.0000      3.16101     3.16101    8379.8605     3.15848      0 -
     1     2017     0.009623      8393.2481       0.0000      3.16101     3.16101    8379.8605     3.15848      0 -
     1     2018     0.009601      8393.2481       0.0000      3.16101     3.16101    8379.8605     3.15848      0 -
     1     2019     0.009579      8393.2481       0.0000      3.16101     3.16101    8379.8605     3.15848      0 -
     1     2020     0.009557      8393.2481       0.0000      3.16101     3.16101    8379.8605     3.15848      0 -
     1     2021     0.009535      8393.2481       0.0000      3.16101     3.16101    8379.8605     3.15848      0 -
     1     2022     0.009513      8211.5221    -181.7260      3.12660     3.12660    8211.5221     3.12660      1 chain_01/itr_02022_trial_01.rho
     1     2023     0.009491      8035.8641    -175.6580      3.09298     3.09298    8035.8641     3.09298      1 chain_01/itr_02023_trial_01.rho
     1     2024     0.009469      8035.8641       0.0000      3.09298     3.09298    8035.8641     3.09298      0 -
     1     2025     0.009448      8035.8641       0.0000      3.09298     3.09298    8035.8641     3.09298      0 -
     1     2026     0.009426      8118.5482      82.6842      3.10885     3.10885    8035.8641     3.09298      1 chain_01/itr_02026_trial_01.rho
     1     2027     0.009404      8118.5482       0.0000      3.10885     3.10885    8035.8641     3.09298      0 -
     1     2028     0.009383      8118.5482       0.0000      3.10885     3.10885    8035.8641     3.09298      0 -
     1     2029     0.009361      8118.5482       0.0000      3.10885     3.10885    8035.8641     3.09298      0 -
     1     2030     0.009339      8118.5482       0.0000      3.10885     3.10885    8035.8641     3.09298      0 -
     1     2031     0.009318      8118.5482       0.0000      3.10885     3.10885    8035.8641     3.09298      0 -
     1     2032     0.009297      8118.5482       0.0000      3.10885     3.10885    8035.8641     3.09298      0 -
     1     2033     0.009275      8118.5482       0.0000      3.10885     3.10885    8035.8641     3.09298      0 -
     1     2034     0.009254      8118.5482       0.0000      3.10885     3.10885    8035.8641     3.09298      0 -
     1     2035     0.009233      8118.5482       0.0000      3.10885     3.10885    8035.8641     3.09298      0 -
     1     2036     0.009211      8118.5482       0.0000      3.10885     3.10885    8035.8641     3.09298      0 -
     1     2037      0.00919      8118.5482       0.0000      3.10885     3.10885    8035.8641     3.09298      0 -
     1     2038     0.009169      8118.5482       0.0000      3.10885     3.10885    8035.8641     3.09298      0 -
     1     2039     0.009148      8118.5482       0.0000      3.10885     3.10885    8035.8641     3.09298      0 -
     1     2040     0.009127      8118.5482       0.0000      3.10885     3.10885    8035.8641     3.09298      0 -
     1     2041     0.009106      8118.5482       0.0000      3.10885     3.10885    8035.8641     3.09298      0 -
     1     2042     0.009085      8118.5482       0.0000      3.10885     3.10885    8035.8641     3.09298      0 -
     1     2043     0.009064      8118.5482       0.0000      3.10885     3.10885    8035.8641     3.09298      0 -
     1     2044     0.009043      8118.5482       0.0000      3.10885     3.10885    8035.8641     3.09298      0 -
     1     2045     0.009022      8118.5482       0.0000      3.10885     3.10885    8035.8641     3.09298      0 -
     1     2046     0.009002      8118.5482       0.0000      3.10885     3.10885    8035.8641     3.09298      0 -
     1     2047     0.008981      8118.5482       0.0000      3.10885     3.10885    8035.8641     3.09298      0 -
     1     2048      0.00896      8118.5482       0.0000      3.10885     3.10885    8035.8641     3.09298      0 -
     1     2049      0.00894      8118.5482       0.0000      3.10885     3.10885    8035.8641     3.09298      0 -
     1     2050     0.008919      8118.5482       0.0000      3.10885     3.10885    8035.8641     3.09298      0 -
     1     2051     0.008898      8118.5482       0.0000      3.10885     3.10885    8035.8641     3.09298      0 -
     1     2052     0.008878      8118.5482       0.0000      3.10885     3.10885    8035.8641     3.09298      0 -
     1     2053     0.008858      8118.5482       0.0000      3.10885     3.10885    8035.8641     3.09298      0 -
     1     2054     0.008837      8137.5704      19.0222      3.11249     3.11249    8035.8641     3.09298      1 chain_01/itr_02054_trial_01.rho
     1     2055     0.008817      7997.0437    -140.5267      3.08550     3.08550    7997.0437     3.08550      1 chain_01/itr_02055_trial_01.rho
     1     2056     0.008797      7997.0437       0.0000      3.08550     3.08550    7997.0437     3.08550      0 -
     1     2057     0.008776      7997.0437       0.0000      3.08550     3.08550    7997.0437     3.08550      0 -
     1     2058     0.008756      7997.0437       0.0000      3.08550     3.08550    7997.0437     3.08550      0 -
     1     2059     0.008736      7997.0437       0.0000      3.08550     3.08550    7997.0437     3.08550      0 -
     1     2060     0.008716      7997.0437       0.0000      3.08550     3.08550    7997.0437     3.08550      0 -
     1     2061     0.008696      7875.8024    -121.2414      3.06202     3.06202    7875.8024     3.06202      1 chain_01/itr_02061_trial_01.rho
     1     2062     0.008676      7875.8024       0.0000      3.06202     3.06202    7875.8024     3.06202      0 -
     1     2063     0.008656      7714.6274    -161.1750      3.03052     3.03052    7714.6274     3.03052      1 chain_01/itr_02063_trial_01.rho
     1     2064     0.008636      7714.6274       0.0000      3.03052     3.03052    7714.6274     3.03052      0 -
     1     2065     0.008616      7714.6274       0.0000      3.03052     3.03052    7714.6274     3.03052      0 -
     1     2066     0.008596      7757.7838      43.1564      3.03899     3.03899    7714.6274     3.03052      1 chain_01/itr_02066_trial_01.rho
     1     2067     0.008577      7956.5804     198.7966      3.07768     3.07768    7714.6274     3.03052      1 chain_01/itr_02067_trial_01.rho
     1     2068     0.008557      7956.5804       0.0000      3.07768     3.07768    7714.6274     3.03052      0 -
     1     2069     0.008537      7859.2530     -97.3274      3.05880     3.05880    7714.6274     3.03052      1 chain_01/itr_02069_trial_01.rho
     1     2070     0.008517      7827.1130     -32.1399      3.05254     3.05254    7714.6274     3.03052      1 chain_01/itr_02070_trial_01.rho
     1     2071     0.008498      7827.1130       0.0000      3.05254     3.05254    7714.6274     3.03052      0 -
     1     2072     0.008478      7827.1130       0.0000      3.05254     3.05254    7714.6274     3.03052      0 -
     1     2073     0.008459      7712.9038    -114.2092      3.03019     3.03019    7712.9038     3.03019      1 chain_01/itr_02073_trial_01.rho
     1     2074     0.008439      7712.9038       0.0000      3.03019     3.03019    7712.9038     3.03019      0 -
     1     2075      0.00842      7712.9038       0.0000      3.03019     3.03019    7712.9038     3.03019      0 -
     1     2076     0.008401      7712.9038       0.0000      3.03019     3.03019    7712.9038     3.03019      0 -
     1     2077     0.008381      7712.9038       0.0000      3.03019     3.03019    7712.9038     3.03019      0 -
     1     2078     0.008362      7760.1923      47.2885      3.03946     3.03946    7712.9038     3.03019      1 chain_01/itr_02078_trial_01.rho
     1     2079     0.008343      7760.1923       0.0000      3.03946     3.03946    7712.9038     3.03019      0 -
     1     2080     0.008324      7885.1622     124.9700      3.06384     3.06384    7712.9038     3.03019      1 chain_01/itr_02080_trial_01.rho
     1     2081     0.008304      7885.1622       0.0000      3.06384     3.06384    7712.9038     3.03019      0 -
     1     2082     0.008285      7885.1622       0.0000      3.06384     3.06384    7712.9038     3.03019      0 -
     1     2083     0.008266      7885.1622       0.0000      3.06384     3.06384    7712.9038     3.03019      0 -
     1     2084     0.008247      7885.1622       0.0000      3.06384     3.06384    7712.9038     3.03019      0 -
     1     2085     0.008228      7885.1622       0.0000      3.06384     3.06384    7712.9038     3.03019      0 -
     1     2086     0.008209      7885.1622       0.0000      3.06384     3.06384    7712.9038     3.03019      0 -
     1     2087      0.00819      7885.1622       0.0000      3.06384     3.06384    7712.9038     3.03019      0 -
     1     2088     0.008172      7885.1622       0.0000      3.06384     3.06384    7712.9038     3.03019      0 -
     1     2089     0.008153      7885.1622       0.0000      3.06384     3.06384    7712.9038     3.03019      0 -
     1     2090     0.008134      7886.1839       1.0217      3.06404     3.06404    7712.9038     3.03019      1 chain_01/itr_02090_trial_01.rho
     1     2091     0.008115      8164.8902     278.7063      3.11771     3.11771    7712.9038     3.03019      1 chain_01/itr_02091_trial_01.rho
     1     2092     0.008097      8164.8902       0.0000      3.11771     3.11771    7712.9038     3.03019      0 -
     1     2093     0.008078      8164.8902       0.0000      3.11771     3.11771    7712.9038     3.03019      0 -
     1     2094     0.008059      8172.9129       8.0227      3.11924     3.11924    7712.9038     3.03019      1 chain_01/itr_02094_trial_01.rho
     1     2095     0.008041      8172.9129       0.0000      3.11924     3.11924    7712.9038     3.03019      0 -
     1     2096     0.008022      8342.6132     169.7003      3.15146     3.15146    7712.9038     3.03019      1 chain_01/itr_02096_trial_01.rho
     1     2097     0.008004      8342.6132       0.0000      3.15146     3.15146    7712.9038     3.03019      0 -
     1     2098     0.007985      8342.6132       0.0000      3.15146     3.15146    7712.9038     3.03019      0 -
     1     2099     0.007967      8342.6132       0.0000      3.15146     3.15146    7712.9038     3.03019      0 -
     1     2100     0.007949      8342.6132       0.0000      3.15146     3.15146    7712.9038     3.03019      0 -
     1     2101      0.00793      8342.6132       0.0000      3.15146     3.15146    7712.9038     3.03019      0 -
     1     2102     0.007912      8247.1815     -95.4317      3.13338     3.13338    7712.9038     3.03019      1 chain_01/itr_02102_trial_01.rho
     1     2103     0.007894      8247.1815       0.0000      3.13338     3.13338    7712.9038     3.03019      0 -
     1     2104     0.007876      8247.1815       0.0000      3.13338     3.13338    7712.9038     3.03019      0 -
     1     2105     0.007858      8247.1815       0.0000      3.13338     3.13338    7712.9038     3.03019      0 -
     1     2106      0.00784      8247.1815       0.0000      3.13338     3.13338    7712.9038     3.03019      0 -
     1     2107     0.007822      8247.1815       0.0000      3.13338     3.13338    7712.9038     3.03019      0 -
     1     2108     0.007804      8107.9984    -139.1831      3.10683     3.10683    7712.9038     3.03019      1 chain_01/itr_02108_trial_01.rho
     1     2109     0.007786      8107.9984       0.0000      3.10683     3.10683    7712.9038     3.03019      0 -
     1     2110     0.007768      8113.8873       5.8889      3.10796     3.10796    7712.9038     3.03019      1 chain_01/itr_02110_trial_01.rho
     1     2111      0.00775      8113.8873       0.0000      3.10796     3.10796    7712.9038     3.03019      0 -
     1     2112     0.007732      7821.4570    -292.4303      3.05144     3.05144    7712.9038     3.03019      1 chain_01/itr_02112_trial_01.rho
     1     2113     0.007714      7821.4570       0.0000      3.05144     3.05144    7712.9038     3.03019      0 -
     1     2114     0.007697      7586.2279    -235.2291      3.00520     3.00520    7586.2279     3.00520      1 chain_01/itr_02114_trial_01.rho
     1     2115     0.007679      7545.1042     -41.1237      2.99704     2.99704    7545.1042     2.99704      1 chain_01/itr_02115_trial_01.rho
     1     2116     0.007661      7545.1042       0.0000      2.99704     2.99704    7545.1042     2.99704      0 -
     1     2117     0.007644      7545.1042       0.0000      2.99704     2.99704    7545.1042     2.99704      0 -
     1     2118     0.007626      7480.8855     -64.2188      2.98426     2.98426    7480.8855     2.98426      1 chain_01/itr_02118_trial_01.rho
     1     2119     0.007608      7480.8855       0.0000      2.98426     2.98426    7480.8855     2.98426      0 -
     1     2120     0.007591      7480.8855       0.0000      2.98426     2.98426    7480.8855     2.98426      0 -
     1     2121     0.007573      7480.8855       0.0000      2.98426     2.98426    7480.8855     2.98426      0 -
     1     2122     0.007556      7480.8855       0.0000      2.98426     2.98426    7480.8855     2.98426      0 -
     1     2123     0.007539      7496.4234      15.5380      2.98736     2.98736    7480.8855     2.98426      1 chain_01/itr_02123_trial_01.rho
     1     2124     0.007521      7496.4234       0.0000      2.98736     2.98736    7480.8855     2.98426      0 -
     1     2125     0.007504      7496.4234       0.0000      2.98736     2.98736    7480.8855     2.98426      0 -
     1     2126     0.007487      7496.4234       0.0000      2.98736     2.98736    7480.8855     2.98426      0 -
     1     2127     0.007469      7496.4234       0.0000      2.98736     2.98736    7480.8855     2.98426      0 -
     1     2128     0.007452      7496.4234       0.0000      2.98736     2.98736    7480.8855     2.98426      0 -
     1     2129     0.007435      7496.4234       0.0000      2.98736     2.98736    7480.8855     2.98426      0 -
     1     2130     0.007418      7496.4234       0.0000      2.98736     2.98736    7480.8855     2.98426      0 -
     1     2131     0.007401      7496.4234       0.0000      2.98736     2.98736    7480.8855     2.98426      0 -
     1     2132     0.007384      7491.5190      -4.9044      2.98638     2.98638    7480.8855     2.98426      1 chain_01/itr_02132_trial_01.rho
     1     2133     0.007367      7491.5190       0.0000      2.98638     2.98638    7480.8855     2.98426      0 -
     1     2134      0.00735      7491.5190       0.0000      2.98638     2.98638    7480.8855     2.98426      0 -
     1     2135     0.007333      7335.7655    -155.7535      2.95517     2.95517    7335.7655     2.95517      1 chain_01/itr_02135_trial_01.rho
     1     2136     0.007316      7335.7655       0.0000      2.95517     2.95517    7335.7655     2.95517      0 -
     1     2137     0.007299      7335.7655       0.0000      2.95517     2.95517    7335.7655     2.95517      0 -
     1     2138     0.007283      7318.6446     -17.1209      2.95172     2.95172    7318.6446     2.95172      1 chain_01/itr_02138_trial_01.rho
     1     2139     0.007266      7318.6446       0.0000      2.95172     2.95172    7318.6446     2.95172      0 -
     1     2140     0.007249      7318.6446       0.0000      2.95172     2.95172    7318.6446     2.95172      0 -
     1     2141     0.007232      7337.4660      18.8214      2.95552     2.95552    7318.6446     2.95172      1 chain_01/itr_02141_trial_01.rho
     1     2142     0.007216      7337.4660       0.0000      2.95552     2.95552    7318.6446     2.95172      0 -
     1     2143     0.007199      7337.4660       0.0000      2.95552     2.95552    7318.6446     2.95172      0 -
     1     2144     0.007183      7337.4660       0.0000      2.95552     2.95552    7318.6446     2.95172      0 -
     1     2145     0.007166      7337.4660       0.0000      2.95552     2.95552    7318.6446     2.95172      0 -
     1     2146      0.00715      7337.4660       0.0000      2.95552     2.95552    7318.6446     2.95172      0 -
     1     2147     0.007133      7327.9428      -9.5232      2.95360     2.95360    7318.6446     2.95172      1 chain_01/itr_02147_trial_01.rho
     1     2148     0.007117      7327.9428       0.0000      2.95360     2.95360    7318.6446     2.95172      0 -
     1     2149       0.0071      7327.9428       0.0000      2.95360     2.95360    7318.6446     2.95172      0 -
     1     2150     0.007084      7327.9428       0.0000      2.95360     2.95360    7318.6446     2.95172      0 -
     1     2151     0.007068      7327.9428       0.0000      2.95360     2.95360    7318.6446     2.95172      0 -
     1     2152     0.007052      7327.9428       0.0000      2.95360     2.95360    7318.6446     2.95172      0 -
     1     2153     0.007035      7327.9428       0.0000      2.95360     2.95360    7318.6446     2.95172      0 -
     1     2154     0.007019      7327.9428       0.0000      2.95360     2.95360    7318.6446     2.95172      0 -
     1     2155     0.007003      7499.2353     171.2925      2.98792     2.98792    7318.6446     2.95172      1 chain_01/itr_02155_trial_01.rho
     1     2156     0.006987      7499.2353       0.0000      2.98792     2.98792    7318.6446     2.95172      0 -
     1     2157     0.006971      7499.2353       0.0000      2.98792     2.98792    7318.6446     2.95172      0 -
     1     2158     0.006955      7499.2353       0.0000      2.98792     2.98792    7318.6446     2.95172      0 -
     1     2159     0.006939      7499.2353       0.0000      2.98792     2.98792    7318.6446     2.95172      0 -
     1     2160     0.006923      7499.2353       0.0000      2.98792     2.98792    7318.6446     2.95172      0 -
     1     2161     0.006907      7499.2353       0.0000      2.98792     2.98792    7318.6446     2.95172      0 -
     1     2162     0.006891      7499.2353       0.0000      2.98792     2.98792    7318.6446     2.95172      0 -
     1     2163     0.006875      7499.2353       0.0000      2.98792     2.98792    7318.6446     2.95172      0 -
     1     2164     0.006859      7499.2353       0.0000      2.98792     2.98792    7318.6446     2.95172      0 -
     1     2165     0.006844      7499.2353       0.0000      2.98792     2.98792    7318.6446     2.95172      0 -
     1     2166     0.006828      7499.2353       0.0000      2.98792     2.98792    7318.6446     2.95172      0 -
     1     2167     0.006812      7499.2353       0.0000      2.98792     2.98792    7318.6446     2.95172      0 -
     1     2168     0.006796      7368.7347    -130.5005      2.96181     2.96181    7318.6446     2.95172      1 chain_01/itr_02168_trial_01.rho
     1     2169     0.006781      7368.7347       0.0000      2.96181     2.96181    7318.6446     2.95172      0 -
     1     2170     0.006765      7368.7347       0.0000      2.96181     2.96181    7318.6446     2.95172      0 -
     1     2171      0.00675      7368.7347       0.0000      2.96181     2.96181    7318.6446     2.95172      0 -
     1     2172     0.006734      7338.0915     -30.6433      2.95564     2.95564    7318.6446     2.95172      1 chain_01/itr_02172_trial_01.rho
     1     2173     0.006719      7338.0915       0.0000      2.95564     2.95564    7318.6446     2.95172      0 -
     1     2174     0.006703      7395.3023      57.2108      2.96714     2.96714    7318.6446     2.95172      1 chain_01/itr_02174_trial_01.rho
     1     2175     0.006688      7395.3023       0.0000      2.96714     2.96714    7318.6446     2.95172      0 -
     1     2176     0.006672      7395.3023       0.0000      2.96714     2.96714    7318.6446     2.95172      0 -
     1     2177     0.006657      7535.3005     139.9983      2.99510     2.99510    7318.6446     2.95172      1 chain_01/itr_02177_trial_01.rho
     1     2178     0.006642      7535.3005       0.0000      2.99510     2.99510    7318.6446     2.95172      0 -
     1     2179     0.006626      7535.3005       0.0000      2.99510     2.99510    7318.6446     2.95172      0 -
     1     2180     0.006611      7535.3005       0.0000      2.99510     2.99510    7318.6446     2.95172      0 -
     1     2181     0.006596      7582.4820      47.1815      3.00446     3.00446    7318.6446     2.95172      1 chain_01/itr_02181_trial_01.rho
     1     2182     0.006581      7269.5588    -312.9232      2.94181     2.94181    7269.5588     2.94181      1 chain_01/itr_02182_trial_01.rho
     1     2183     0.006566      7269.5588       0.0000      2.94181     2.94181    7269.5588     2.94181      0 -
     1     2184      0.00655      7177.1912     -92.3676      2.92306     2.92306    7177.1912     2.92306      1 chain_01/itr_02184_trial_01.rho
     1     2185     0.006535      7177.1912       0.0000      2.92306     2.92306    7177.1912     2.92306      0 -
     1     2186      0.00652      7177.1912       0.0000      2.92306     2.92306    7177.1912     2.92306      0 -
     1     2187     0.006505      7177.1912       0.0000      2.92306     2.92306    7177.1912     2.92306      0 -
     1     2188      0.00649      7177.1912       0.0000      2.92306     2.92306    7177.1912     2.92306      0 -
     1     2189     0.006475      7226.8781      49.6870      2.93316     2.93316    7177.1912     2.92306      1 chain_01/itr_02189_trial_01.rho
     1     2190     0.006461      7226.8781       0.0000      2.93316     2.93316    7177.1912     2.92306      0 -
     1     2191     0.006446      7228.6624       1.7842      2.93352     2.93352    7177.1912     2.92306      1 chain_01/itr_02191_trial_01.rho
     1     2192     0.006431      7228.6624       0.0000      2.93352     2.93352    7177.1912     2.92306      0 -
     1     2193     0.006416      7228.6624       0.0000      2.93352     2.93352    7177.1912     2.92306      0 -
     1     2194     0.006401      7214.7388     -13.9235      2.93070     2.93070    7177.1912     2.92306      1 chain_01/itr_02194_trial_01.rho
     1     2195     0.006387      7059.9809    -154.7579      2.89909     2.89909    7059.9809     2.89909      1 chain_01/itr_02195_trial_01.rho
     1     2196     0.006372      7059.9809       0.0000      2.89909     2.89909    7059.9809     2.89909      0 -
     1     2197     0.006357      7059.9809       0.0000      2.89909     2.89909    7059.9809     2.89909      0 -
     1     2198     0.006343      7059.9809       0.0000      2.89909     2.89909    7059.9809     2.89909      0 -
     1     2199     0.006328      7059.9809       0.0000      2.89909     2.89909    7059.9809     2.89909      0 -
     1     2200     0.006313      7059.9809       0.0000      2.89909     2.89909    7059.9809     2.89909      0 -
     1     2201     0.006299      7059.9809       0.0000      2.89909     2.89909    7059.9809     2.89909      0 -
     1     2202     0.006284      7059.9809       0.0000      2.89909     2.89909    7059.9809     2.89909      0 -
     1     2203      0.00627      7059.9809       0.0000      2.89909     2.89909    7059.9809     2.89909      0 -
     1     2204     0.006256      7236.6620     176.6810      2.93514     2.93514    7059.9809     2.89909      1 chain_01/itr_02204_trial_01.rho
     1     2205     0.006241      7236.6620       0.0000      2.93514     2.93514    7059.9809     2.89909      0 -
     1     2206     0.006227      7236.6620       0.0000      2.93514     2.93514    7059.9809     2.89909      0 -
     1     2207     0.006212      7236.6620       0.0000      2.93514     2.93514    7059.9809     2.89909      0 -
     1     2208     0.006198      7236.6620       0.0000      2.93514     2.93514    7059.9809     2.89909      0 -
     1     2209     0.006184      7236.6620       0.0000      2.93514     2.93514    7059.9809     2.89909      0 -
     1     2210      0.00617      7236.6620       0.0000      2.93514     2.93514    7059.9809     2.89909      0 -
     1     2211     0.006155      7236.6620       0.0000      2.93514     2.93514    7059.9809     2.89909      0 -
     1     2212     0.006141      7236.6620       0.0000      2.93514     2.93514    7059.9809     2.89909      0 -
     1     2213     0.006127      7236.6620       0.0000      2.93514     2.93514    7059.9809     2.89909      0 -
     1     2214     0.006113      7236.6620       0.0000      2.93514     2.93514    7059.9809     2.89909      0 -
     1     2215     0.006099      7181.0121     -55.6499      2.92384     2.92384    7059.9809     2.89909      1 chain_01/itr_02215_trial_01.rho
     1     2216     0.006085      7181.0121       0.0000      2.92384     2.92384    7059.9809     2.89909      0 -
     1     2217     0.006071      7181.0121       0.0000      2.92384     2.92384    7059.9809     2.89909      0 -
     1     2218     0.006057      7181.0121       0.0000      2.92384     2.92384    7059.9809     2.89909      0 -
     1     2219     0.006043      7181.0121       0.0000      2.92384     2.92384    7059.9809     2.89909      0 -
     1     2220     0.006029      7124.2069     -56.8052      2.91225     2.91225    7059.9809     2.89909      1 chain_01/itr_02220_trial_01.rho
     1     2221     0.006015      7124.2069       0.0000      2.91225     2.91225    7059.9809     2.89909      0 -
     1     2222     0.006001      7124.2069       0.0000      2.91225     2.91225    7059.9809     2.89909      0 -
     1     2223     0.005988      7088.8086     -35.3983      2.90501     2.90501    7059.9809     2.89909      1 chain_01/itr_02223_trial_01.rho
     1     2224     0.005974      7088.8086       0.0000      2.90501     2.90501    7059.9809     2.89909      0 -
     1     2225      0.00596      7071.0197     -17.7889      2.90136     2.90136    7059.9809     2.89909      1 chain_01/itr_02225_trial_01.rho
     1     2226     0.005946      7071.0197       0.0000      2.90136     2.90136    7059.9809     2.89909      0 -
     1     2227     0.005933      7071.0197       0.0000      2.90136     2.90136    7059.9809     2.89909      0 -
     1     2228     0.005919      7071.0197       0.0000      2.90136     2.90136    7059.9809     2.89909      0 -
     1     2229     0.005906      7071.0197       0.0000      2.90136     2.90136    7059.9809     2.89909      0 -
     1     2230     0.005892      7268.0589     197.0392      2.94150     2.94150    7059.9809     2.89909      1 chain_01/itr_02230_trial_01.rho
     1     2231     0.005878      7268.0589       0.0000      2.94150     2.94150    7059.9809     2.89909      0 -
     1     2232     0.005865      7268.0589       0.0000      2.94150     2.94150    7059.9809     2.89909      0 -
     1     2233     0.005851      7268.0589       0.0000      2.94150     2.94150    7059.9809     2.89909      0 -
     1     2234     0.005838      7121.8518    -146.2071      2.91177     2.91177    7059.9809     2.89909      1 chain_01/itr_02234_trial_01.rho
     1     2235     0.005824      7107.6016     -14.2502      2.90885     2.90885    7059.9809     2.89909      1 chain_01/itr_02235_trial_01.rho
     1     2236     0.005811      7107.6016       0.0000      2.90885     2.90885    7059.9809     2.89909      0 -
     1     2237     0.005798      7107.6016       0.0000      2.90885     2.90885    7059.9809     2.89909      0 -
     1     2238     0.005784      7107.6016       0.0000      2.90885     2.90885    7059.9809     2.89909      0 -
     1     2239     0.005771      7107.6016       0.0000      2.90885     2.90885    7059.9809     2.89909      0 -
     1     2240     0.005758      7107.6016       0.0000      2.90885     2.90885    7059.9809     2.89909      0 -
     1     2241     0.005745      7107.6016       0.0000      2.90885     2.90885    7059.9809     2.89909      0 -
     1     2242     0.005731      7116.7773       9.1757      2.91073     2.91073    7059.9809     2.89909      1 chain_01/itr_02242_trial_01.rho
     1     2243     0.005718      7116.7773       0.0000      2.91073     2.91073    7059.9809     2.89909      0 -
     1     2244     0.005705      7129.9806      13.2032      2.91343     2.91343    7059.9809     2.89909      1 chain_01/itr_02244_trial_01.rho
     1     2245     0.005692      7129.9806       0.0000      2.91343     2.91343    7059.9809     2.89909      0 -
     1     2246     0.005679      7129.9806       0.0000      2.91343     2.91343    7059.9809     2.89909      0 -
     1     2247     0.005666      7129.9806       0.0000      2.91343     2.91343    7059.9809     2.89909      0 -
     1     2248     0.005653      7129.9806       0.0000      2.91343     2.91343    7059.9809     2.89909      0 -
     1     2249      0.00564      7129.9806       0.0000      2.91343     2.91343    7059.9809     2.89909      0 -
     1     2250     0.005627      7129.9806       0.0000      2.91343     2.91343    7059.9809     2.89909      0 -
     1     2251     0.005614      7129.9806       0.0000      2.91343     2.91343    7059.9809     2.89909      0 -
     1     2252     0.005601      7129.9806       0.0000      2.91343     2.91343    7059.9809     2.89909      0 -
     1     2253     0.005588      7129.9806       0.0000      2.91343     2.91343    7059.9809     2.89909      0 -
     1     2254     0.005575      7176.8264      46.8459      2.92298     2.92298    7059.9809     2.89909      1 chain_01/itr_02254_trial_01.rho
     1     2255     0.005562      7176.8264       0.0000      2.92298     2.92298    7059.9809     2.89909      0 -
     1     2256     0.005549      7176.8264       0.0000      2.92298     2.92298    7059.9809     2.89909      0 -
     1     2257     0.005537      7085.3325     -91.4940      2.90429     2.90429    7059.9809     2.89909      1 chain_01/itr_02257_trial_01.rho
     1     2258     0.005524      7078.0127      -7.3198      2.90279     2.90279    7059.9809     2.89909      1 chain_01/itr_02258_trial_01.rho
     1     2259     0.005511      7078.0127       0.0000      2.90279     2.90279    7059.9809     2.89909      0 -
     1     2260     0.005499      7078.0127       0.0000      2.90279     2.90279    7059.9809     2.89909      0 -
     1     2261     0.005486      7078.0127       0.0000      2.90279     2.90279    7059.9809     2.89909      0 -
     1     2262     0.005473      7109.9387      31.9259      2.90933     2.90933    7059.9809     2.89909      1 chain_01/itr_02262_trial_01.rho
     1     2263     0.005461      7033.4940     -76.4447      2.89365     2.89365    7033.4940     2.89365      1 chain_01/itr_02263_trial_01.rho
     1     2264     0.005448      7033.4940       0.0000      2.89365     2.89365    7033.4940     2.89365      0 -
     1     2265     0.005436      7033.4940       0.0000      2.89365     2.89365    7033.4940     2.89365      0 -
     1     2266     0.005423      7033.4940       0.0000      2.89365     2.89365    7033.4940     2.89365      0 -
     1     2267     0.005411      6907.7748    -125.7191      2.86767     2.86767    6907.7748     2.86767      1 chain_01/itr_02267_trial_01.rho
     1     2268     0.005398      6907.7748       0.0000      2.86767     2.86767    6907.7748     2.86767      0 -
     1     2269     0.005386      6907.7748       0.0000      2.86767     2.86767    6907.7748     2.86767      0 -
     1     2270     0.005373      6907.7748       0.0000      2.86767     2.86767    6907.7748     2.86767      0 -
     1     2271     0.005361      6907.7748       0.0000      2.86767     2.86767    6907.7748     2.86767      0 -
     1     2272     0.005349      6907.7748       0.0000      2.86767     2.86767    6907.7748     2.86767      0 -
     1     2273     0.005336      6907.7748       0.0000      2.86767     2.86767    6907.7748     2.86767      0 -
     1     2274     0.005324      6907.7748       0.0000      2.86767     2.86767    6907.7748     2.86767      0 -
     1     2275     0.005312      6907.7748       0.0000      2.86767     2.86767    6907.7748     2.86767      0 -
     1     2276       0.0053      6907.7748       0.0000      2.86767     2.86767    6907.7748     2.86767      0 -
     1     2277     0.005287      6846.8348     -60.9400      2.85499     2.85499    6846.8348     2.85499      1 chain_01/itr_02277_trial_01.rho
     1     2278     0.005275      6846.8348       0.0000      2.85499     2.85499    6846.8348     2.85499      0 -
     1     2279     0.005263      6846.8348       0.0000      2.85499     2.85499    6846.8348     2.85499      0 -
     1     2280     0.005251      6846.8348       0.0000      2.85499     2.85499    6846.8348     2.85499      0 -
     1     2281     0.005239      6846.8348       0.0000      2.85499     2.85499    6846.8348     2.85499      0 -
     1     2282     0.005227      6846.8348       0.0000      2.85499     2.85499    6846.8348     2.85499      0 -
     1     2283     0.005215      6846.8348       0.0000      2.85499     2.85499    6846.8348     2.85499      0 -
     1     2284     0.005203      6822.9277     -23.9071      2.85001     2.85001    6822.9277     2.85001      1 chain_01/itr_02284_trial_01.rho
     1     2285     0.005191      6822.9277       0.0000      2.85001     2.85001    6822.9277     2.85001      0 -
     1     2286     0.005179      6822.9277       0.0000      2.85001     2.85001    6822.9277     2.85001      0 -
     1     2287     0.005167      6822.9277       0.0000      2.85001     2.85001    6822.9277     2.85001      0 -
     1     2288     0.005155      6822.9277       0.0000      2.85001     2.85001    6822.9277     2.85001      0 -
     1     2289     0.005143      6822.9277       0.0000      2.85001     2.85001    6822.9277     2.85001      0 -
     1     2290     0.005131      6822.9277       0.0000      2.85001     2.85001    6822.9277     2.85001      0 -
     1     2291      0.00512      6822.9277       0.0000      2.85001     2.85001    6822.9277     2.85001      0 -
     1     2292     0.005108      6822.9277       0.0000      2.85001     2.85001    6822.9277     2.85001      0 -
     1     2293     0.005096      6822.9277       0.0000      2.85001     2.85001    6822.9277     2.85001      0 -
     1     2294     0.005084      6822.9277       0.0000      2.85001     2.85001    6822.9277     2.85001      0 -
     1     2295     0.005073      6822.9277       0.0000      2.85001     2.85001    6822.9277     2.85001      0 -
     1     2296     0.005061      6822.9277       0.0000      2.85001     2.85001    6822.9277     2.85001      0 -
     1     2297     0.005049      6822.9277       0.0000      2.85001     2.85001    6822.9277     2.85001      0 -
     1     2298     0.005038      6822.9277       0.0000      2.85001     2.85001    6822.9277     2.85001      0 -
     1     2299     0.005026      6953.4936     130.5659      2.87715     2.87715    6822.9277     2.85001      1 chain_01/itr_02299_trial_01.rho
     1     2300     0.005015      6953.4936       0.0000      2.87715     2.87715    6822.9277     2.85001      0 -
     1     2301     0.005003      6953.4936       0.0000      2.87715     2.87715    6822.9277     2.85001      0 -
     1     2302     0.004992      6953.4936       0.0000      2.87715     2.87715    6822.9277     2.85001      0 -
     1     2303      0.00498      6953.4936       0.0000      2.87715     2.87715    6822.9277     2.85001      0 -
     1     2304     0.004969      6953.4936       0.0000      2.87715     2.87715    6822.9277     2.85001      0 -
     1     2305     0.004957      6953.4936       0.0000      2.87715     2.87715    6822.9277     2.85001      0 -
     1     2306     0.004946      6953.4936       0.0000      2.87715     2.87715    6822.9277     2.85001      0 -
     1     2307     0.004934      6953.4936       0.0000      2.87715     2.87715    6822.9277     2.85001      0 -
     1     2308     0.004923      6953.4936       0.0000      2.87715     2.87715    6822.9277     2.85001      0 -
     1     2309     0.004912      6925.8083     -27.6853      2.87141     2.87141    6822.9277     2.85001      1 chain_01/itr_02309_trial_01.rho
     1     2310       0.0049      6925.8083       0.0000      2.87141     2.87141    6822.9277     2.85001      0 -
     1     2311     0.004889      6925.8083       0.0000      2.87141     2.87141    6822.9277     2.85001      0 -
     1     2312     0.004878      6925.8083       0.0000      2.87141     2.87141    6822.9277     2.85001      0 -
     1     2313     0.004867      6893.9603     -31.8480      2.86480     2.86480    6822.9277     2.85001      1 chain_01/itr_02313_trial_01.rho
     1     2314     0.004855      6893.9603       0.0000      2.86480     2.86480    6822.9277     2.85001      0 -
     1     2315     0.004844      6893.9603       0.0000      2.86480     2.86480    6822.9277     2.85001      0 -
     1     2316     0.004833      6893.9603       0.0000      2.86480     2.86480    6822.9277     2.85001      0 -
     1     2317     0.004822      6893.9603       0.0000      2.86480     2.86480    6822.9277     2.85001      0 -
     1     2318     0.004811      6893.9603       0.0000      2.86480     2.86480    6822.9277     2.85001      0 -
     1     2319       0.0048      6893.9603       0.0000      2.86480     2.86480    6822.9277     2.85001      0 -
     1     2320     0.004789      6893.9603       0.0000      2.86480     2.86480    6822.9277     2.85001      0 -
     1     2321     0.004778      6962.4082      68.4479      2.87899     2.87899    6822.9277     2.85001      1 chain_01/itr_02321_trial_01.rho
     1     2322     0.004767      6962.4082       0.0000      2.87899     2.87899    6822.9277     2.85001      0 -
     1     2323     0.004756      6962.4082       0.0000      2.87899     2.87899    6822.9277     2.85001      0 -
     1     2324     0.004745      6962.4082       0.0000      2.87899     2.87899    6822.9277     2.85001      0 -
     1     2325     0.004734      6962.4082       0.0000      2.87899     2.87899    6822.9277     2.85001      0 -
     1     2326     0.004723      6962.4082       0.0000      2.87899     2.87899    6822.9277     2.85001      0 -
     1     2327     0.004712      6962.4082       0.0000      2.87899     2.87899    6822.9277     2.85001      0 -
     1     2328     0.004701      6962.4082       0.0000      2.87899     2.87899    6822.9277     2.85001      0 -
     1     2329     0.004691      6962.4082       0.0000      2.87899     2.87899    6822.9277     2.85001      0 -
     1     2330      0.00468      6962.4082       0.0000      2.87899     2.87899    6822.9277     2.85001      0 -
     1     2331     0.004669      6962.4082       0.0000      2.87899     2.87899    6822.9277     2.85001      0 -
     1     2332     0.004658      7009.4353      47.0271      2.88870     2.88870    6822.9277     2.85001      1 chain_01/itr_02332_trial_01.rho
     1     2333     0.004648      7009.4353       0.0000      2.88870     2.88870    6822.9277     2.85001      0 -
     1     2334     0.004637      7009.4353       0.0000      2.88870     2.88870    6822.9277     2.85001      0 -
     1     2335     0.004626      7009.4353       0.0000      2.88870     2.88870    6822.9277     2.85001      0 -
     1     2336     0.004616      7009.4353       0.0000      2.88870     2.88870    6822.9277     2.85001      0 -
     1     2337     0.004605      7009.4353       0.0000      2.88870     2.88870    6822.9277     2.85001      0 -
     1     2338     0.004594      6967.6009     -41.8343      2.88006     2.88006    6822.9277     2.85001      1 chain_01/itr_02338_trial_01.rho
     1     2339     0.004584      6967.6009       0.0000      2.88006     2.88006    6822.9277     2.85001      0 -
     1     2340     0.004573      6967.6009       0.0000      2.88006     2.88006    6822.9277     2.85001      0 -
     1     2341     0.004563      6967.6009       0.0000      2.88006     2.88006    6822.9277     2.85001      0 -
     1     2342     0.004552      6967.6009       0.0000      2.88006     2.88006    6822.9277     2.85001      0 -
     1     2343     0.004542      6967.6009       0.0000      2.88006     2.88006    6822.9277     2.85001      0 -
     1     2344     0.004531      6967.6009       0.0000      2.88006     2.88006    6822.9277     2.85001      0 -
     1     2345     0.004521      6967.6009       0.0000      2.88006     2.88006    6822.9277     2.85001      0 -
     1     2346      0.00451      6967.6009       0.0000      2.88006     2.88006    6822.9277     2.85001      0 -
     1     2347       0.0045      6967.6009       0.0000      2.88006     2.88006    6822.9277     2.85001      0 -
     1     2348      0.00449      6967.6009       0.0000      2.88006     2.88006    6822.9277     2.85001      0 -
     1     2349     0.004479      6967.6009       0.0000      2.88006     2.88006    6822.9277     2.85001      0 -
     1     2350     0.004469      6967.6009       0.0000      2.88006     2.88006    6822.9277     2.85001      0 -
     1     2351     0.004459      6967.6009       0.0000      2.88006     2.88006    6822.9277     2.85001      0 -
     1     2352     0.004449      6967.6009       0.0000      2.88006     2.88006    6822.9277     2.85001      0 -
     1     2353     0.004438      6967.6009       0.0000      2.88006     2.88006    6822.9277     2.85001      0 -
     1     2354     0.004428      6967.6009       0.0000      2.88006     2.88006    6822.9277     2.85001      0 -
     1     2355     0.004418      6967.6009       0.0000      2.88006     2.88006    6822.9277     2.85001      0 -
     1     2356     0.004408      6967.6009       0.0000      2.88006     2.88006    6822.9277     2.85001      0 -
     1     2357     0.004398      6967.6009       0.0000      2.88006     2.88006    6822.9277     2.85001      0 -
     1     2358     0.004387      6967.6009       0.0000      2.88006     2.88006    6822.9277     2.85001      0 -
     1     2359     0.004377      6967.6009       0.0000      2.88006     2.88006    6822.9277     2.85001      0 -
     1     2360     0.004367      6961.1509      -6.4500      2.87873     2.87873    6822.9277     2.85001      1 chain_01/itr_02360_trial_01.rho
     1     2361     0.004357      6961.1509       0.0000      2.87873     2.87873    6822.9277     2.85001      0 -
     1     2362     0.004347      6961.1509       0.0000      2.87873     2.87873    6822.9277     2.85001      0 -
     1     2363     0.004337      6961.1509       0.0000      2.87873     2.87873    6822.9277     2.85001      0 -
     1     2364     0.004327      6961.1509       0.0000      2.87873     2.87873    6822.9277     2.85001      0 -
     1     2365     0.004317      6956.7442      -4.4067      2.87782     2.87782    6822.9277     2.85001      1 chain_01/itr_02365_trial_01.rho
     1     2366     0.004307      6828.4909    -128.2533      2.85117     2.85117    6822.9277     2.85001      1 chain_01/itr_02366_trial_01.rho
     1     2367     0.004297      6828.4909       0.0000      2.85117     2.85117    6822.9277     2.85001      0 -
     1     2368     0.004288      6828.4909       0.0000      2.85117     2.85117    6822.9277     2.85001      0 -
     1     2369     0.004278      6828.4909       0.0000      2.85117     2.85117    6822.9277     2.85001      0 -
     1     2370     0.004268      6724.6599    -103.8310      2.82941     2.82941    6724.6599     2.82941      1 chain_01/itr_02370_trial_01.rho
     1     2371     0.004258      6724.6599       0.0000      2.82941     2.82941    6724.6599     2.82941      0 -
     1     2372     0.004248      6724.6599       0.0000      2.82941     2.82941    6724.6599     2.82941      0 -
     1     2373     0.004238      6724.6599       0.0000      2.82941     2.82941    6724.6599     2.82941      0 -
     1     2374     0.004229      6724.6599       0.0000      2.82941     2.82941    6724.6599     2.82941      0 -
     1     2375     0.004219      6724.6599       0.0000      2.82941     2.82941    6724.6599     2.82941      0 -
     1     2376     0.004209      6724.6599       0.0000      2.82941     2.82941    6724.6599     2.82941      0 -
     1     2377       0.0042      6724.6599       0.0000      2.82941     2.82941    6724.6599     2.82941      0 -
     1     2378      0.00419      6724.6599       0.0000      2.82941     2.82941    6724.6599     2.82941      0 -
     1     2379      0.00418      6724.6599       0.0000      2.82941     2.82941    6724.6599     2.82941      0 -
     1     2380     0.004171      6724.6599       0.0000      2.82941     2.82941    6724.6599     2.82941      0 -
     1     2381     0.004161      6724.6599       0.0000      2.82941     2.82941    6724.6599     2.82941      0 -
     1     2382     0.004152      6724.6599       0.0000      2.82941     2.82941    6724.6599     2.82941      0 -
     1     2383     0.004142      6724.6599       0.0000      2.82941     2.82941    6724.6599     2.82941      0 -
     1     2384     0.004132      6713.2668     -11.3930      2.82701     2.82701    6713.2668     2.82701      1 chain_01/itr_02384_trial_01.rho
     1     2385     0.004123      6713.2668       0.0000      2.82701     2.82701    6713.2668     2.82701      0 -
     1     2386     0.004113      6713.2668       0.0000      2.82701     2.82701    6713.2668     2.82701      0 -
     1     2387     0.004104      6713.2668       0.0000      2.82701     2.82701    6713.2668     2.82701      0 -
     1     2388     0.004095      6713.2668       0.0000      2.82701     2.82701    6713.2668     2.82701      0 -
     1     2389     0.004085      6713.2668       0.0000      2.82701     2.82701    6713.2668     2.82701      0 -
     1     2390     0.004076      6713.2668       0.0000      2.82701     2.82701    6713.2668     2.82701      0 -
     1     2391     0.004066      6713.2668       0.0000      2.82701     2.82701    6713.2668     2.82701      0 -
     1     2392     0.004057      6753.5136      40.2468      2.83547     2.83547    6713.2668     2.82701      1 chain_01/itr_02392_trial_01.rho
     1     2393     0.004048      6753.5136       0.0000      2.83547     2.83547    6713.2668     2.82701      0 -
     1     2394     0.004038      6753.5136       0.0000      2.83547     2.83547    6713.2668     2.82701      0 -
     1     2395     0.004029      6753.5136       0.0000      2.83547     2.83547    6713.2668     2.82701      0 -
     1     2396      0.00402      6753.5136       0.0000      2.83547     2.83547    6713.2668     2.82701      0 -
     1     2397     0.004011      6753.5136       0.0000      2.83547     2.83547    6713.2668     2.82701      0 -
     1     2398     0.004001      6753.5136       0.0000      2.83547     2.83547    6713.2668     2.82701      0 -
     1     2399     0.003992      6753.5136       0.0000      2.83547     2.83547    6713.2668     2.82701      0 -
     1     2400     0.003983      6753.5136       0.0000      2.83547     2.83547    6713.2668     2.82701      0 -
     1     2401     0.003974      6728.4768     -25.0368      2.83021     2.83021    6713.2668     2.82701      1 chain_01/itr_02401_trial_01.rho
     1     2402     0.003965      6728.4768       0.0000      2.83021     2.83021    6713.2668     2.82701      0 -
     1     2403     0.003955      6728.4768       0.0000      2.83021     2.83021    6713.2668     2.82701      0 -
     1     2404     0.003946      6697.1528     -31.3240      2.82361     2.82361    6697.1528     2.82361      1 chain_01/itr_02404_trial_01.rho
     1     2405     0.003937      6697.1528       0.0000      2.82361     2.82361    6697.1528     2.82361      0 -
     1     2406     0.003928      6697.1528       0.0000      2.82361     2.82361    6697.1528     2.82361      0 -
     1     2407     0.003919      6697.1528       0.0000      2.82361     2.82361    6697.1528     2.82361      0 -
     1     2408      0.00391      6697.1528       0.0000      2.82361     2.82361    6697.1528     2.82361      0 -
     1     2409     0.003901      6697.1528       0.0000      2.82361     2.82361    6697.1528     2.82361      0 -
     1     2410     0.003892      6721.0139      23.8610      2.82864     2.82864    6697.1528     2.82361      1 chain_01/itr_02410_trial_01.rho
     1     2411     0.003883      6721.0139       0.0000      2.82864     2.82864    6697.1528     2.82361      0 -
     1     2412     0.003874      6721.0139       0.0000      2.82864     2.82864    6697.1528     2.82361      0 -
     1     2413     0.003865      6691.6463     -29.3676      2.82245     2.82245    6691.6463     2.82245      1 chain_01/itr_02413_trial_01.rho
     1     2414     0.003857      6691.6463       0.0000      2.82245     2.82245    6691.6463     2.82245      0 -
     1     2415     0.003848      6691.6463       0.0000      2.82245     2.82245    6691.6463     2.82245      0 -
     1     2416     0.003839      6691.6463       0.0000      2.82245     2.82245    6691.6463     2.82245      0 -
     1     2417      0.00383      6691.6463       0.0000      2.82245     2.82245    6691.6463     2.82245      0 -
     1     2418     0.003821      6699.3383       7.6920      2.82408     2.82408    6691.6463     2.82245      1 chain_01/itr_02418_trial_01.rho
     1     2419     0.003812      6699.3383       0.0000      2.82408     2.82408    6691.6463     2.82245      0 -
     1     2420     0.003804      6739.5623      40.2240      2.83254     2.83254    6691.6463     2.82245      1 chain_01/itr_02420_trial_01.rho
     1     2421     0.003795      6739.5623       0.0000      2.83254     2.83254    6691.6463     2.82245      0 -
     1     2422     0.003786      6739.5623       0.0000      2.83254     2.83254    6691.6463     2.82245      0 -
     1     2423     0.003777      6739.5623       0.0000      2.83254     2.83254    6691.6463     2.82245      0 -
     1     2424     0.003769      6705.4449     -34.1174      2.82536     2.82536    6691.6463     2.82245      1 chain_01/itr_02424_trial_01.rho
     1     2425      0.00376      6705.4449       0.0000      2.82536     2.82536    6691.6463     2.82245      0 -
     1     2426     0.003751      6705.4449       0.0000      2.82536     2.82536    6691.6463     2.82245      0 -
     1     2427     0.003743      6705.4449       0.0000      2.82536     2.82536    6691.6463     2.82245      0 -
     1     2428     0.003734      6711.3943       5.9494      2.82662     2.82662    6691.6463     2.82245      1 chain_01/itr_02428_trial_01.rho
     1     2429     0.003726      6711.3943       0.0000      2.82662     2.82662    6691.6463     2.82245      0 -
     1     2430     0.003717      6711.3943       0.0000      2.82662     2.82662    6691.6463     2.82245      0 -
     1     2431     0.003708      6686.8726     -24.5217      2.82145     2.82145    6686.8726     2.82145      1 chain_01/itr_02431_trial_01.rho
     1     2432       0.0037      6686.8726       0.0000      2.82145     2.82145    6686.8726     2.82145      0 -
     1     2433     0.003691      6686.8726       0.0000      2.82145     2.82145    6686.8726     2.82145      0 -
     1     2434     0.003683      6686.8726       0.0000      2.82145     2.82145    6686.8726     2.82145      0 -
     1     2435     0.003674      6686.8726       0.0000      2.82145     2.82145    6686.8726     2.82145      0 -
     1     2436     0.003666      6686.8726       0.0000      2.82145     2.82145    6686.8726     2.82145      0 -
     1     2437     0.003658      6686.8726       0.0000      2.82145     2.82145    6686.8726     2.82145      0 -
     1     2438     0.003649      6686.8726       0.0000      2.82145     2.82145    6686.8726     2.82145      0 -
     1     2439     0.003641      6686.8726       0.0000      2.82145     2.82145    6686.8726     2.82145      0 -
     1     2440     0.003632      6686.8726       0.0000      2.82145     2.82145    6686.8726     2.82145      0 -
     1     2441     0.003624      6686.8726       0.0000      2.82145     2.82145    6686.8726     2.82145      0 -
     1     2442     0.003616      6686.8726       0.0000      2.82145     2.82145    6686.8726     2.82145      0 -
     1     2443     0.003607      6686.8726       0.0000      2.82145     2.82145    6686.8726     2.82145      0 -
     1     2444     0.003599      6686.8726       0.0000      2.82145     2.82145    6686.8726     2.82145      0 -
     1     2445     0.003591      6730.6153      43.7428      2.83066     2.83066    6686.8726     2.82145      1 chain_01/itr_02445_trial_01.rho
     1     2446     0.003582      6730.6153       0.0000      2.83066     2.83066    6686.8726     2.82145      0 -
     1     2447     0.003574      6730.6153       0.0000      2.83066     2.83066    6686.8726     2.82145      0 -
     1     2448     0.003566      6730.6153       0.0000      2.83066     2.83066    6686.8726     2.82145      0 -
     1     2449     0.003558      6730.6153       0.0000      2.83066     2.83066    6686.8726     2.82145      0 -
     1     2450      0.00355      6730.6153       0.0000      2.83066     2.83066    6686.8726     2.82145      0 -
     1     2451     0.003541      6730.6153       0.0000      2.83066     2.83066    6686.8726     2.82145      0 -
     1     2452     0.003533      6730.6153       0.0000      2.83066     2.83066    6686.8726     2.82145      0 -
     1     2453     0.003525      6730.6153       0.0000      2.83066     2.83066    6686.8726     2.82145      0 -
     1     2454     0.003517      6730.6153       0.0000      2.83066     2.83066    6686.8726     2.82145      0 -
     1     2455     0.003509      6730.6153       0.0000      2.83066     2.83066    6686.8726     2.82145      0 -
     1     2456     0.003501      6730.6153       0.0000      2.83066     2.83066    6686.8726     2.82145      0 -
     1     2457     0.003493      6730.6153       0.0000      2.83066     2.83066    6686.8726     2.82145      0 -
     1     2458     0.003485      6730.6153       0.0000      2.83066     2.83066    6686.8726     2.82145      0 -
     1     2459     0.003477      6730.6153       0.0000      2.83066     2.83066    6686.8726     2.82145      0 -
     1     2460     0.003469      6730.6153       0.0000      2.83066     2.83066    6686.8726     2.82145      0 -
     1     2461     0.003461      6730.6153       0.0000      2.83066     2.83066    6686.8726     2.82145      0 -
     1     2462     0.003453      6730.6153       0.0000      2.83066     2.83066    6686.8726     2.82145      0 -
     1     2463     0.003445      6730.6153       0.0000      2.83066     2.83066    6686.8726     2.82145      0 -
     1     2464     0.003437      6730.6153       0.0000      2.83066     2.83066    6686.8726     2.82145      0 -
     1     2465     0.003429      6730.6153       0.0000      2.83066     2.83066    6686.8726     2.82145      0 -
     1     2466     0.003421      6730.6153       0.0000      2.83066     2.83066    6686.8726     2.82145      0 -
     1     2467     0.003413      6730.6153       0.0000      2.83066     2.83066    6686.8726     2.82145      0 -
     1     2468     0.003405      6730.6153       0.0000      2.83066     2.83066    6686.8726     2.82145      0 -
     1     2469     0.003398      6730.6153       0.0000      2.83066     2.83066    6686.8726     2.82145      0 -
     1     2470      0.00339      6699.4778     -31.1375      2.82410     2.82410    6686.8726     2.82145      1 chain_01/itr_02470_trial_01.rho
     1     2471     0.003382      6699.4778       0.0000      2.82410     2.82410    6686.8726     2.82145      0 -
     1     2472     0.003374      6699.4778       0.0000      2.82410     2.82410    6686.8726     2.82145      0 -
     1     2473     0.003366      6699.4778       0.0000      2.82410     2.82410    6686.8726     2.82145      0 -
     1     2474     0.003359      6699.4778       0.0000      2.82410     2.82410    6686.8726     2.82145      0 -
     1     2475     0.003351      6699.4778       0.0000      2.82410     2.82410    6686.8726     2.82145      0 -
     1     2476     0.003343      6699.4778       0.0000      2.82410     2.82410    6686.8726     2.82145      0 -
     1     2477     0.003336      6699.4778       0.0000      2.82410     2.82410    6686.8726     2.82145      0 -
     1     2478     0.003328      6699.4778       0.0000      2.82410     2.82410    6686.8726     2.82145      0 -
     1     2479      0.00332      6699.4778       0.0000      2.82410     2.82410    6686.8726     2.82145      0 -
     1     2480     0.003313      6699.4778       0.0000      2.82410     2.82410    6686.8726     2.82145      0 -
     1     2481     0.003305      6699.4778       0.0000      2.82410     2.82410    6686.8726     2.82145      0 -
     1     2482     0.003297      6699.4778       0.0000      2.82410     2.82410    6686.8726     2.82145      0 -
     1     2483      0.00329      6699.4778       0.0000      2.82410     2.82410    6686.8726     2.82145      0 -
     1     2484     0.003282      6699.4778       0.0000      2.82410     2.82410    6686.8726     2.82145      0 -
     1     2485     0.003275      6699.4778       0.0000      2.82410     2.82410    6686.8726     2.82145      0 -
     1     2486     0.003267      6699.4778       0.0000      2.82410     2.82410    6686.8726     2.82145      0 -
     1     2487      0.00326      6727.1069      27.6291      2.82992     2.82992    6686.8726     2.82145      1 chain_01/itr_02487_trial_01.rho
     1     2488     0.003252      6727.1069       0.0000      2.82992     2.82992    6686.8726     2.82145      0 -
     1     2489     0.003245      6727.1069       0.0000      2.82992     2.82992    6686.8726     2.82145      0 -
     1     2490     0.003237      6727.1069       0.0000      2.82992     2.82992    6686.8726     2.82145      0 -
     1     2491      0.00323      6727.1069       0.0000      2.82992     2.82992    6686.8726     2.82145      0 -
     1     2492     0.003222      6727.1069       0.0000      2.82992     2.82992    6686.8726     2.82145      0 -
     1     2493     0.003215      6727.1069       0.0000      2.82992     2.82992    6686.8726     2.82145      0 -
     1     2494     0.003208      6727.1069       0.0000      2.82992     2.82992    6686.8726     2.82145      0 -
     1     2495       0.0032      6727.1069       0.0000      2.82992     2.82992    6686.8726     2.82145      0 -
     1     2496     0.003193      6727.1069       0.0000      2.82992     2.82992    6686.8726     2.82145      0 -
     1     2497     0.003185      6603.8992    -123.2077      2.80389     2.80389    6603.8992     2.80389      1 chain_01/itr_02497_trial_01.rho
     1     2498     0.003178      6603.8992       0.0000      2.80389     2.80389    6603.8992     2.80389      0 -
     1     2499     0.003171      6603.8992       0.0000      2.80389     2.80389    6603.8992     2.80389      0 -
     1     2500     0.003163      6603.8992       0.0000      2.80389     2.80389    6603.8992     2.80389      0 -
     1     2501     0.003156      6603.8992       0.0000      2.80389     2.80389    6603.8992     2.80389      0 -
     1     2502     0.003149      6603.8992       0.0000      2.80389     2.80389    6603.8992     2.80389      0 -
     1     2503     0.003142      6603.8992       0.0000      2.80389     2.80389    6603.8992     2.80389      0 -
     1     2504     0.003134      6603.8992       0.0000      2.80389     2.80389    6603.8992     2.80389      0 -
     1     2505     0.003127      6603.8992       0.0000      2.80389     2.80389    6603.8992     2.80389      0 -
     1     2506      0.00312      6603.8992       0.0000      2.80389     2.80389    6603.8992     2.80389      0 -
     1     2507     0.003113      6603.8992       0.0000      2.80389     2.80389    6603.8992     2.80389      0 -
     1     2508     0.003106      6603.8992       0.0000      2.80389     2.80389    6603.8992     2.80389      0 -
     1     2509     0.003099      6603.8992       0.0000      2.80389     2.80389    6603.8992     2.80389      0 -
     1     2510     0.003091      6603.8992       0.0000      2.80389     2.80389    6603.8992     2.80389      0 -
     1     2511     0.003084      6603.8992       0.0000      2.80389     2.80389    6603.8992     2.80389      0 -
     1     2512     0.003077      6603.8992       0.0000      2.80389     2.80389    6603.8992     2.80389      0 -
     1     2513      0.00307      6603.8992       0.0000      2.80389     2.80389    6603.8992     2.80389      0 -
     1     2514     0.003063      6603.8992       0.0000      2.80389     2.80389    6603.8992     2.80389      0 -
     1     2515     0.003056      6603.8992       0.0000      2.80389     2.80389    6603.8992     2.80389      0 -
     1     2516     0.003049      6585.0260     -18.8731      2.79988     2.79988    6585.0260     2.79988      1 chain_01/itr_02516_trial_01.rho
     1     2517     0.003042      6585.0260       0.0000      2.79988     2.79988    6585.0260     2.79988      0 -
     1     2518     0.003035      6585.0260       0.0000      2.79988     2.79988    6585.0260     2.79988      0 -
     1     2519     0.003028      6585.0260       0.0000      2.79988     2.79988    6585.0260     2.79988      0 -
     1     2520     0.003021      6585.0260       0.0000      2.79988     2.79988    6585.0260     2.79988      0 -
     1     2521     0.003014      6585.0260       0.0000      2.79988     2.79988    6585.0260     2.79988      0 -
     1     2522     0.003007      6585.0260       0.0000      2.79988     2.79988    6585.0260     2.79988      0 -
     1     2523        0.003      6585.0260       0.0000      2.79988     2.79988    6585.0260     2.79988      0 -
     1     2524     0.002993      6524.5403     -60.4857      2.78699     2.78699    6524.5403     2.78699      1 chain_01/itr_02524_trial_01.rho
     1     2525     0.002986      6524.5403       0.0000      2.78699     2.78699    6524.5403     2.78699      0 -
     1     2526      0.00298      6524.5403       0.0000      2.78699     2.78699    6524.5403     2.78699      0 -
     1     2527     0.002973      6524.5403       0.0000      2.78699     2.78699    6524.5403     2.78699      0 -
     1     2528     0.002966      6524.5403       0.0000      2.78699     2.78699    6524.5403     2.78699      0 -
     1     2529     0.002959      6524.5403       0.0000      2.78699     2.78699    6524.5403     2.78699      0 -
     1     2530     0.002952      6524.5403       0.0000      2.78699     2.78699    6524.5403     2.78699      0 -
     1     2531     0.002945      6524.5403       0.0000      2.78699     2.78699    6524.5403     2.78699      0 -
     1     2532     0.002939      6490.5846     -33.9556      2.77973     2.77973    6490.5846     2.77973      1 chain_01/itr_02532_trial_01.rho
     1     2533     0.002932      6481.5413      -9.0434      2.77779     2.77779    6481.5413     2.77779      1 chain_01/itr_02533_trial_01.rho
     1     2534     0.002925      6481.5413       0.0000      2.77779     2.77779    6481.5413     2.77779      0 -
     1     2535     0.002918      6481.5413       0.0000      2.77779     2.77779    6481.5413     2.77779      0 -
     1     2536     0.002912      6481.5413       0.0000      2.77779     2.77779    6481.5413     2.77779      0 -
     1     2537     0.002905      6481.5413       0.0000      2.77779     2.77779    6481.5413     2.77779      0 -
     1     2538     0.002898      6481.5413       0.0000      2.77779     2.77779    6481.5413     2.77779      0 -
     1     2539     0.002892      6481.5413       0.0000      2.77779     2.77779    6481.5413     2.77779      0 -
     1     2540     0.002885      6481.5413       0.0000      2.77779     2.77779    6481.5413     2.77779      0 -
     1     2541     0.002878      6481.5413       0.0000      2.77779     2.77779    6481.5413     2.77779      0 -
     1     2542     0.002872      6481.5413       0.0000      2.77779     2.77779    6481.5413     2.77779      0 -
     1     2543     0.002865      6481.5413       0.0000      2.77779     2.77779    6481.5413     2.77779      0 -
     1     2544     0.002859      6481.5413       0.0000      2.77779     2.77779    6481.5413     2.77779      0 -
     1     2545     0.002852      6481.5413       0.0000      2.77779     2.77779    6481.5413     2.77779      0 -
     1     2546     0.002845      6481.5413       0.0000      2.77779     2.77779    6481.5413     2.77779      0 -
     1     2547     0.002839      6481.5413       0.0000      2.77779     2.77779    6481.5413     2.77779      0 -
     1     2548     0.002832      6481.5413       0.0000      2.77779     2.77779    6481.5413     2.77779      0 -
     1     2549     0.002826      6481.5413       0.0000      2.77779     2.77779    6481.5413     2.77779      0 -
     1     2550     0.002819      6481.5413       0.0000      2.77779     2.77779    6481.5413     2.77779      0 -
     1     2551     0.002813      6481.5413       0.0000      2.77779     2.77779    6481.5413     2.77779      0 -
     1     2552     0.002806      6481.5413       0.0000      2.77779     2.77779    6481.5413     2.77779      0 -
     1     2553       0.0028      6481.5413       0.0000      2.77779     2.77779    6481.5413     2.77779      0 -
     1     2554     0.002794      6481.5413       0.0000      2.77779     2.77779    6481.5413     2.77779      0 -
     1     2555     0.002787      6481.5413       0.0000      2.77779     2.77779    6481.5413     2.77779      0 -
     1     2556     0.002781      6513.0041      31.4629      2.78452     2.78452    6481.5413     2.77779      1 chain_01/itr_02556_trial_01.rho
     1     2557     0.002774      6513.0041       0.0000      2.78452     2.78452    6481.5413     2.77779      0 -
     1     2558     0.002768      6513.0041       0.0000      2.78452     2.78452    6481.5413     2.77779      0 -
     1     2559     0.002762      6513.0041       0.0000      2.78452     2.78452    6481.5413     2.77779      0 -
     1     2560     0.002755      6513.0041       0.0000      2.78452     2.78452    6481.5413     2.77779      0 -
     1     2561     0.002749      6513.0041       0.0000      2.78452     2.78452    6481.5413     2.77779      0 -
     1     2562     0.002742      6513.0041       0.0000      2.78452     2.78452    6481.5413     2.77779      0 -
     1     2563     0.002736      6513.0041       0.0000      2.78452     2.78452    6481.5413     2.77779      0 -
     1     2564      0.00273      6485.8481     -27.1560      2.77871     2.77871    6481.5413     2.77779      1 chain_01/itr_02564_trial_01.rho
     1     2565     0.002724      6485.8481       0.0000      2.77871     2.77871    6481.5413     2.77779      0 -
     1     2566     0.002717      6485.8481       0.0000      2.77871     2.77871    6481.5413     2.77779      0 -
     1     2567     0.002711      6485.8481       0.0000      2.77871     2.77871    6481.5413     2.77779      0 -
     1     2568     0.002705      6485.8481       0.0000      2.77871     2.77871    6481.5413     2.77779      0 -
     1     2569     0.002699      6485.8481       0.0000      2.77871     2.77871    6481.5413     2.77779      0 -
     1     2570     0.002692      6485.8481       0.0000      2.77871     2.77871    6481.5413     2.77779      0 -
     1     2571     0.002686      6485.8481       0.0000      2.77871     2.77871    6481.5413     2.77779      0 -
     1     2572      0.00268      6485.8481       0.0000      2.77871     2.77871    6481.5413     2.77779      0 -
     1     2573     0.002674      6485.8481       0.0000      2.77871     2.77871    6481.5413     2.77779      0 -
     1     2574     0.002668      6485.8481       0.0000      2.77871     2.77871    6481.5413     2.77779      0 -
     1     2575     0.002662      6485.8481       0.0000      2.77871     2.77871    6481.5413     2.77779      0 -
     1     2576     0.002655      6485.8481       0.0000      2.77871     2.77871    6481.5413     2.77779      0 -
     1     2577     0.002649      6476.0899      -9.7582      2.77662     2.77662    6476.0899     2.77662      1 chain_01/itr_02577_trial_01.rho
     1     2578     0.002643      6476.0899       0.0000      2.77662     2.77662    6476.0899     2.77662      0 -
     1     2579     0.002637      6428.9076     -47.1824      2.76649     2.76649    6428.9076     2.76649      1 chain_01/itr_02579_trial_01.rho
     1     2580     0.002631      6428.9076       0.0000      2.76649     2.76649    6428.9076     2.76649      0 -
     1     2581     0.002625      6428.9076       0.0000      2.76649     2.76649    6428.9076     2.76649      0 -
     1     2582     0.002619      6428.9076       0.0000      2.76649     2.76649    6428.9076     2.76649      0 -
     1     2583     0.002613      6428.9076       0.0000      2.76649     2.76649    6428.9076     2.76649      0 -
     1     2584     0.002607      6428.9076       0.0000      2.76649     2.76649    6428.9076     2.76649      0 -
     1     2585     0.002601      6428.9076       0.0000      2.76649     2.76649    6428.9076     2.76649      0 -
     1     2586     0.002595      6414.0419     -14.8657      2.76329     2.76329    6414.0419     2.76329      1 chain_01/itr_02586_trial_01.rho
     1     2587     0.002589      6414.0419       0.0000      2.76329     2.76329    6414.0419     2.76329      0 -
     1     2588     0.002583      6414.0419       0.0000      2.76329     2.76329    6414.0419     2.76329      0 -
     1     2589     0.002577      6414.0419       0.0000      2.76329     2.76329    6414.0419     2.76329      0 -
     1     2590     0.002571      6414.0419       0.0000      2.76329     2.76329    6414.0419     2.76329      0 -
     1     2591     0.002565      6414.0419       0.0000      2.76329     2.76329    6414.0419     2.76329      0 -
     1     2592     0.002559      6414.0419       0.0000      2.76329     2.76329    6414.0419     2.76329      0 -
     1     2593     0.002553      6414.0419       0.0000      2.76329     2.76329    6414.0419     2.76329      0 -
     1     2594     0.002548      6414.0419       0.0000      2.76329     2.76329    6414.0419     2.76329      0 -
     1     2595     0.002542      6414.0419       0.0000      2.76329     2.76329    6414.0419     2.76329      0 -
     1     2596     0.002536      6414.0419       0.0000      2.76329     2.76329    6414.0419     2.76329      0 -
     1     2597      0.00253      6365.2302     -48.8117      2.75275     2.75275    6365.2302     2.75275      1 chain_01/itr_02597_trial_01.rho
     1     2598     0.002524      6365.2302       0.0000      2.75275     2.75275    6365.2302     2.75275      0 -
     1     2599     0.002518      6365.2302       0.0000      2.75275     2.75275    6365.2302     2.75275      0 -
     1     2600     0.002513      6365.2302       0.0000      2.75275     2.75275    6365.2302     2.75275      0 -
     1     2601     0.002507      6365.2302       0.0000      2.75275     2.75275    6365.2302     2.75275      0 -
     1     2602     0.002501      6365.2302       0.0000      2.75275     2.75275    6365.2302     2.75275      0 -
     1     2603     0.002495      6365.2302       0.0000      2.75275     2.75275    6365.2302     2.75275      0 -
     1     2604      0.00249      6365.2302       0.0000      2.75275     2.75275    6365.2302     2.75275      0 -
     1     2605     0.002484      6365.2302       0.0000      2.75275     2.75275    6365.2302     2.75275      0 -
     1     2606     0.002478      6365.2302       0.0000      2.75275     2.75275    6365.2302     2.75275      0 -
     1     2607     0.002472      6365.2302       0.0000      2.75275     2.75275    6365.2302     2.75275      0 -
     1     2608     0.002467      6365.2302       0.0000      2.75275     2.75275    6365.2302     2.75275      0 -
     1     2609     0.002461      6365.2302       0.0000      2.75275     2.75275    6365.2302     2.75275      0 -
     1     2610     0.002455      6365.2302       0.0000      2.75275     2.75275    6365.2302     2.75275      0 -
     1     2611      0.00245      6365.2302       0.0000      2.75275     2.75275    6365.2302     2.75275      0 -
     1     2612     0.002444      6365.2302       0.0000      2.75275     2.75275    6365.2302     2.75275      0 -
     1     2613     0.002439      6365.2302       0.0000      2.75275     2.75275    6365.2302     2.75275      0 -
     1     2614     0.002433      6365.2302       0.0000      2.75275     2.75275    6365.2302     2.75275      0 -
     1     2615     0.002427      6365.2302       0.0000      2.75275     2.75275    6365.2302     2.75275      0 -
     1     2616     0.002422      6365.2302       0.0000      2.75275     2.75275    6365.2302     2.75275      0 -
     1     2617     0.002416      6365.2302       0.0000      2.75275     2.75275    6365.2302     2.75275      0 -
     1     2618     0.002411      6365.2302       0.0000      2.75275     2.75275    6365.2302     2.75275      0 -
     1     2619     0.002405      6365.2302       0.0000      2.75275     2.75275    6365.2302     2.75275      0 -
     1     2620       0.0024      6365.2302       0.0000      2.75275     2.75275    6365.2302     2.75275      0 -
     1     2621     0.002394      6365.2302       0.0000      2.75275     2.75275    6365.2302     2.75275      0 -
     1     2622     0.002389      6365.2302       0.0000      2.75275     2.75275    6365.2302     2.75275      0 -
     1     2623     0.002383      6365.2302       0.0000      2.75275     2.75275    6365.2302     2.75275      0 -
     1     2624     0.002378      6365.2302       0.0000      2.75275     2.75275    6365.2302     2.75275      0 -
     1     2625     0.002372      6365.2302       0.0000      2.75275     2.75275    6365.2302     2.75275      0 -
     1     2626     0.002367      6365.2302       0.0000      2.75275     2.75275    6365.2302     2.75275      0 -
     1     2627     0.002361      6365.2302       0.0000      2.75275     2.75275    6365.2302     2.75275      0 -
     1     2628     0.002356      6365.2302       0.0000      2.75275     2.75275    6365.2302     2.75275      0 -
     1     2629      0.00235      6365.2302       0.0000      2.75275     2.75275    6365.2302     2.75275      0 -
     1     2630     0.002345      6365.2302       0.0000      2.75275     2.75275    6365.2302     2.75275      0 -
     1     2631     0.002339      6365.2302       0.0000      2.75275     2.75275    6365.2302     2.75275      0 -
     1     2632     0.002334      6365.2302       0.0000      2.75275     2.75275    6365.2302     2.75275      0 -
     1     2633     0.002329      6365.2302       0.0000      2.75275     2.75275    6365.2302     2.75275      0 -
     1     2634     0.002323      6381.1276      15.8974      2.75619     2.75619    6365.2302     2.75275      1 chain_01/itr_02634_trial_01.rho
     1     2635     0.002318      6381.1276       0.0000      2.75619     2.75619    6365.2302     2.75275      0 -
     1     2636     0.002313      6381.1276       0.0000      2.75619     2.75619    6365.2302     2.75275      0 -
     1     2637     0.002307      6381.1276       0.0000      2.75619     2.75619    6365.2302     2.75275      0 -
     1     2638     0.002302      6381.1276       0.0000      2.75619     2.75619    6365.2302     2.75275      0 -
     1     2639     0.002297      6381.1276       0.0000      2.75619     2.75619    6365.2302     2.75275      0 -
     1     2640     0.002292      6381.1276       0.0000      2.75619     2.75619    6365.2302     2.75275      0 -
     1     2641     0.002286      6381.1276       0.0000      2.75619     2.75619    6365.2302     2.75275      0 -
     1     2642     0.002281      6381.1276       0.0000      2.75619     2.75619    6365.2302     2.75275      0 -
     1     2643     0.002276      6381.1276       0.0000      2.75619     2.75619    6365.2302     2.75275      0 -
     1     2644      0.00227      6381.1276       0.0000      2.75619     2.75619    6365.2302     2.75275      0 -
     1     2645     0.002265      6381.1276       0.0000      2.75619     2.75619    6365.2302     2.75275      0 -
     1     2646      0.00226      6368.8011     -12.3265      2.75353     2.75353    6365.2302     2.75275      1 chain_01/itr_02646_trial_01.rho
     1     2647     0.002255      6368.8011       0.0000      2.75353     2.75353    6365.2302     2.75275      0 -
     1     2648      0.00225      6368.8011       0.0000      2.75353     2.75353    6365.2302     2.75275      0 -
     1     2649     0.002244      6368.8011       0.0000      2.75353     2.75353    6365.2302     2.75275      0 -
     1     2650     0.002239      6368.8011       0.0000      2.75353     2.75353    6365.2302     2.75275      0 -
     1     2651     0.002234      6368.8011       0.0000      2.75353     2.75353    6365.2302     2.75275      0 -
     1     2652     0.002229      6368.8011       0.0000      2.75353     2.75353    6365.2302     2.75275      0 -
     1     2653     0.002224      6368.8011       0.0000      2.75353     2.75353    6365.2302     2.75275      0 -
     1     2654     0.002219      6368.8011       0.0000      2.75353     2.75353    6365.2302     2.75275      0 -
     1     2655     0.002214      6368.8011       0.0000      2.75353     2.75353    6365.2302     2.75275      0 -
     1     2656     0.002209      6368.8011       0.0000      2.75353     2.75353    6365.2302     2.75275      0 -
     1     2657     0.002204      6368.8011       0.0000      2.75353     2.75353    6365.2302     2.75275      0 -
     1     2658     0.002198      6368.8011       0.0000      2.75353     2.75353    6365.2302     2.75275      0 -
     1     2659     0.002193      6368.8011       0.0000      2.75353     2.75353    6365.2302     2.75275      0 -
     1     2660     0.002188      6368.8011       0.0000      2.75353     2.75353    6365.2302     2.75275      0 -
     1     2661     0.002183      6365.1258      -3.6753      2.75273     2.75273    6365.1258     2.75273      1 chain_01/itr_02661_trial_01.rho
     1     2662     0.002178      6365.1258       0.0000      2.75273     2.75273    6365.1258     2.75273      0 -
     1     2663     0.002173      6365.1258       0.0000      2.75273     2.75273    6365.1258     2.75273      0 -
     1     2664     0.002168      6365.1258       0.0000      2.75273     2.75273    6365.1258     2.75273      0 -
     1     2665     0.002163      6365.1258       0.0000      2.75273     2.75273    6365.1258     2.75273      0 -
     1     2666     0.002158      6365.1258       0.0000      2.75273     2.75273    6365.1258     2.75273      0 -
     1     2667     0.002153      6365.1258       0.0000      2.75273     2.75273    6365.1258     2.75273      0 -
     1     2668     0.002148      6365.1258       0.0000      2.75273     2.75273    6365.1258     2.75273      0 -
     1     2669     0.002143      6365.1258       0.0000      2.75273     2.75273    6365.1258     2.75273      0 -
     1     2670     0.002139      6365.1258       0.0000      2.75273     2.75273    6365.1258     2.75273      0 -
     1     2671     0.002134      6365.1258       0.0000      2.75273     2.75273    6365.1258     2.75273      0 -
     1     2672     0.002129      6365.1258       0.0000      2.75273     2.75273    6365.1258     2.75273      0 -
     1     2673     0.002124      6365.1258       0.0000      2.75273     2.75273    6365.1258     2.75273      0 -
     1     2674     0.002119      6365.1258       0.0000      2.75273     2.75273    6365.1258     2.75273      0 -
     1     2675     0.002114      6365.1258       0.0000      2.75273     2.75273    6365.1258     2.75273      0 -
     1     2676     0.002109      6365.1258       0.0000      2.75273     2.75273    6365.1258     2.75273      0 -
     1     2677     0.002104      6365.1258       0.0000      2.75273     2.75273    6365.1258     2.75273      0 -
     1     2678     0.002099      6365.1258       0.0000      2.75273     2.75273    6365.1258     2.75273      0 -
     1     2679     0.002095      6365.1258       0.0000      2.75273     2.75273    6365.1258     2.75273      0 -
     1     2680      0.00209      6365.1258       0.0000      2.75273     2.75273    6365.1258     2.75273      0 -
     1     2681     0.002085      6365.1258       0.0000      2.75273     2.75273    6365.1258     2.75273      0 -
     1     2682      0.00208      6365.1258       0.0000      2.75273     2.75273    6365.1258     2.75273      0 -
     1     2683     0.002075      6365.1258       0.0000      2.75273     2.75273    6365.1258     2.75273      0 -
     1     2684     0.002071      6365.1258       0.0000      2.75273     2.75273    6365.1258     2.75273      0 -
     1     2685     0.002066      6365.1258       0.0000      2.75273     2.75273    6365.1258     2.75273      0 -
     1     2686     0.002061      6365.6443       0.5185      2.75284     2.75284    6365.1258     2.75273      1 chain_01/itr_02686_trial_01.rho
     1     2687     0.002056      6365.6443       0.0000      2.75284     2.75284    6365.1258     2.75273      0 -
     1     2688     0.002052      6365.6443       0.0000      2.75284     2.75284    6365.1258     2.75273      0 -
     1     2689     0.002047      6343.7074     -21.9368      2.74810     2.74810    6343.7074     2.74810      1 chain_01/itr_02689_trial_01.rho
     1     2690     0.002042      6343.7074       0.0000      2.74810     2.74810    6343.7074     2.74810      0 -
     1     2691     0.002038      6343.7074       0.0000      2.74810     2.74810    6343.7074     2.74810      0 -
     1     2692     0.002033      6343.7074       0.0000      2.74810     2.74810    6343.7074     2.74810      0 -
     1     2693     0.002028      6343.7074       0.0000      2.74810     2.74810    6343.7074     2.74810      0 -
     1     2694     0.002023      6338.9650      -4.7424      2.74707     2.74707    6338.9650     2.74707      1 chain_01/itr_02694_trial_01.rho
     1     2695     0.002019      6338.9650       0.0000      2.74707     2.74707    6338.9650     2.74707      0 -
     1     2696     0.002014      6338.9650       0.0000      2.74707     2.74707    6338.9650     2.74707      0 -
     1     2697      0.00201      6338.9650       0.0000      2.74707     2.74707    6338.9650     2.74707      0 -
     1     2698     0.002005      6338.9650       0.0000      2.74707     2.74707    6338.9650     2.74707      0 -
     1     2699        0.002      6338.9650       0.0000      2.74707     2.74707    6338.9650     2.74707      0 -
     1     2700     0.001996      6338.9650       0.0000      2.74707     2.74707    6338.9650     2.74707      0 -
     1     2701     0.001991      6338.9650       0.0000      2.74707     2.74707    6338.9650     2.74707      0 -
     1     2702     0.001987      6338.9650       0.0000      2.74707     2.74707    6338.9650     2.74707      0 -
     1     2703     0.001982      6338.9650       0.0000      2.74707     2.74707    6338.9650     2.74707      0 -
     1     2704     0.001977      6338.9650       0.0000      2.74707     2.74707    6338.9650     2.74707      0 -
     1     2705     0.001973      6338.9650       0.0000      2.74707     2.74707    6338.9650     2.74707      0 -
     1     2706     0.001968      6338.9650       0.0000      2.74707     2.74707    6338.9650     2.74707      0 -
     1     2707     0.001964      6338.9650       0.0000      2.74707     2.74707    6338.9650     2.74707      0 -
     1     2708     0.001959      6338.9650       0.0000      2.74707     2.74707    6338.9650     2.74707      0 -
     1     2709     0.001955      6338.9650       0.0000      2.74707     2.74707    6338.9650     2.74707      0 -
     1     2710      0.00195      6338.9650       0.0000      2.74707     2.74707    6338.9650     2.74707      0 -
     1     2711     0.001946      6314.1445     -24.8205      2.74169     2.74169    6314.1445     2.74169      1 chain_01/itr_02711_trial_01.rho
     1     2712     0.001941      6314.1445       0.0000      2.74169     2.74169    6314.1445     2.74169      0 -
     1     2713     0.001937      6320.8060       6.6614      2.74313     2.74313    6314.1445     2.74169      1 chain_01/itr_02713_trial_01.rho
     1     2714     0.001932      6320.8060       0.0000      2.74313     2.74313    6314.1445     2.74169      0 -
     1     2715     0.001928      6320.8060       0.0000      2.74313     2.74313    6314.1445     2.74169      0 -
     1     2716     0.001924      6320.8060       0.0000      2.74313     2.74313    6314.1445     2.74169      0 -
     1     2717     0.001919      6320.8060       0.0000      2.74313     2.74313    6314.1445     2.74169      0 -
     1     2718     0.001915      6260.6211     -60.1848      2.73004     2.73004    6260.6211     2.73004      1 chain_01/itr_02718_trial_01.rho
     1     2719      0.00191      6260.6211       0.0000      2.73004     2.73004    6260.6211     2.73004      0 -
     1     2720     0.001906      6260.6211       0.0000      2.73004     2.73004    6260.6211     2.73004      0 -
     1     2721     0.001901      6260.6211       0.0000      2.73004     2.73004    6260.6211     2.73004      0 -
     1     2722     0.001897      6260.6211       0.0000      2.73004     2.73004    6260.6211     2.73004      0 -
     1     2723     0.001893      6260.6211       0.0000      2.73004     2.73004    6260.6211     2.73004      0 -
     1     2724     0.001888      6260.6211       0.0000      2.73004     2.73004    6260.6211     2.73004      0 -
     1     2725     0.001884      6260.6211       0.0000      2.73004     2.73004    6260.6211     2.73004      0 -
     1     2726      0.00188      6260.6211       0.0000      2.73004     2.73004    6260.6211     2.73004      0 -
     1     2727     0.001875      6244.5480     -16.0731      2.72653     2.72653    6244.5480     2.72653      1 chain_01/itr_02727_trial_01.rho
     1     2728     0.001871      6244.5480       0.0000      2.72653     2.72653    6244.5480     2.72653      0 -
     1     2729     0.001867      6244.5480       0.0000      2.72653     2.72653    6244.5480     2.72653      0 -
     1     2730     0.001862      6244.5480       0.0000      2.72653     2.72653    6244.5480     2.72653      0 -
     1     2731     0.001858      6244.5480       0.0000      2.72653     2.72653    6244.5480     2.72653      0 -
     1     2732     0.001854      6244.5480       0.0000      2.72653     2.72653    6244.5480     2.72653      0 -
     1     2733      0.00185      6244.5480       0.0000      2.72653     2.72653    6244.5480     2.72653      0 -
     1     2734     0.001845      6244.5480       0.0000      2.72653     2.72653    6244.5480     2.72653      0 -
     1     2735     0.001841      6244.5480       0.0000      2.72653     2.72653    6244.5480     2.72653      0 -
     1     2736     0.001837      6244.5480       0.0000      2.72653     2.72653    6244.5480     2.72653      0 -
     1     2737     0.001833      6244.5480       0.0000      2.72653     2.72653    6244.5480     2.72653      0 -
     1     2738     0.001828      6244.5480       0.0000      2.72653     2.72653    6244.5480     2.72653      0 -
     1     2739     0.001824      6244.5480       0.0000      2.72653     2.72653    6244.5480     2.72653      0 -
     1     2740      0.00182      6244.5480       0.0000      2.72653     2.72653    6244.5480     2.72653      0 -
     1     2741     0.001816      6244.5480       0.0000      2.72653     2.72653    6244.5480     2.72653      0 -
     1     2742     0.001812      6244.5480       0.0000      2.72653     2.72653    6244.5480     2.72653      0 -
     1     2743     0.001808      6244.5480       0.0000      2.72653     2.72653    6244.5480     2.72653      0 -
     1     2744     0.001803      6244.5480       0.0000      2.72653     2.72653    6244.5480     2.72653      0 -
     1     2745     0.001799      6244.5480       0.0000      2.72653     2.72653    6244.5480     2.72653      0 -
     1     2746     0.001795      6211.4882     -33.0599      2.71931     2.71931    6211.4882     2.71931      1 chain_01/itr_02746_trial_01.rho
     1     2747     0.001791      6211.4882       0.0000      2.71931     2.71931    6211.4882     2.71931      0 -
     1     2748     0.001787      6211.4882       0.0000      2.71931     2.71931    6211.4882     2.71931      0 -
     1     2749     0.001783      6211.4882       0.0000      2.71931     2.71931    6211.4882     2.71931      0 -
     1     2750     0.001779      6211.4882       0.0000      2.71931     2.71931    6211.4882     2.71931      0 -
     1     2751     0.001775      6211.4882       0.0000      2.71931     2.71931    6211.4882     2.71931      0 -
     1     2752      0.00177      6211.4882       0.0000      2.71931     2.71931    6211.4882     2.71931      0 -
     1     2753     0.001766      6211.4882       0.0000      2.71931     2.71931    6211.4882     2.71931      0 -
     1     2754     0.001762      6204.1833      -7.3048      2.71771     2.71771    6204.1833     2.71771      1 chain_01/itr_02754_trial_01.rho
     1     2755     0.001758      6204.1833       0.0000      2.71771     2.71771    6204.1833     2.71771      0 -
     1     2756     0.001754      6204.1833       0.0000      2.71771     2.71771    6204.1833     2.71771      0 -
     1     2757      0.00175      6204.1833       0.0000      2.71771     2.71771    6204.1833     2.71771      0 -
     1     2758     0.001746      6204.1833       0.0000      2.71771     2.71771    6204.1833     2.71771      0 -
     1     2759     0.001742      6207.1214       2.9381      2.71835     2.71835    6204.1833     2.71771      1 chain_01/itr_02759_trial_01.rho
     1     2760     0.001738      6207.1214       0.0000      2.71835     2.71835    6204.1833     2.71771      0 -
     1     2761     0.001734      6207.1214       0.0000      2.71835     2.71835    6204.1833     2.71771      0 -
     1     2762      0.00173      6207.1214       0.0000      2.71835     2.71835    6204.1833     2.71771      0 -
     1     2763     0.001726      6207.1214       0.0000      2.71835     2.71835    6204.1833     2.71771      0 -
     1     2764     0.001722      6207.1214       0.0000      2.71835     2.71835    6204.1833     2.71771      0 -
     1     2765     0.001718      6207.1214       0.0000      2.71835     2.71835    6204.1833     2.71771      0 -
     1     2766     0.001714      6207.1214       0.0000      2.71835     2.71835    6204.1833     2.71771      0 -
     1     2767      0.00171      6207.1214       0.0000      2.71835     2.71835    6204.1833     2.71771      0 -
     1     2768     0.001706      6207.1214       0.0000      2.71835     2.71835    6204.1833     2.71771      0 -
     1     2769     0.001702      6207.1214       0.0000      2.71835     2.71835    6204.1833     2.71771      0 -
     1     2770     0.001699      6207.1214       0.0000      2.71835     2.71835    6204.1833     2.71771      0 -
     1     2771     0.001695      6207.1214       0.0000      2.71835     2.71835    6204.1833     2.71771      0 -
     1     2772     0.001691      6207.1214       0.0000      2.71835     2.71835    6204.1833     2.71771      0 -
     1     2773     0.001687      6207.1214       0.0000      2.71835     2.71835    6204.1833     2.71771      0 -
     1     2774     0.001683      6207.1214       0.0000      2.71835     2.71835    6204.1833     2.71771      0 -
     1     2775     0.001679      6207.1214       0.0000      2.71835     2.71835    6204.1833     2.71771      0 -
     1     2776     0.001675      6193.3808     -13.7406      2.71534     2.71534    6193.3808     2.71534      1 chain_01/itr_02776_trial_01.rho
     1     2777     0.001671      6193.3808       0.0000      2.71534     2.71534    6193.3808     2.71534      0 -
     1     2778     0.001668      6193.3808       0.0000      2.71534     2.71534    6193.3808     2.71534      0 -
     1     2779     0.001664      6193.3808       0.0000      2.71534     2.71534    6193.3808     2.71534      0 -
     1     2780      0.00166      6193.3808       0.0000      2.71534     2.71534    6193.3808     2.71534      0 -
     1     2781     0.001656      6193.3808       0.0000      2.71534     2.71534    6193.3808     2.71534      0 -
     1     2782     0.001652      6193.3808       0.0000      2.71534     2.71534    6193.3808     2.71534      0 -
     1     2783     0.001648      6193.3808       0.0000      2.71534     2.71534    6193.3808     2.71534      0 -
     1     2784     0.001645      6193.3808       0.0000      2.71534     2.71534    6193.3808     2.71534      0 -
     1     2785     0.001641      6193.3808       0.0000      2.71534     2.71534    6193.3808     2.71534      0 -
     1     2786     0.001637      6193.3808       0.0000      2.71534     2.71534    6193.3808     2.71534      0 -
     1     2787     0.001633      6193.3808       0.0000      2.71534     2.71534    6193.3808     2.71534      0 -
     1     2788      0.00163      6193.3808       0.0000      2.71534     2.71534    6193.3808     2.71534      0 -
     1     2789     0.001626      6193.3808       0.0000      2.71534     2.71534    6193.3808     2.71534      0 -
     1     2790     0.001622      6193.3808       0.0000      2.71534     2.71534    6193.3808     2.71534      0 -
     1     2791     0.001618      6193.3808       0.0000      2.71534     2.71534    6193.3808     2.71534      0 -
     1     2792     0.001615      6193.3808       0.0000      2.71534     2.71534    6193.3808     2.71534      0 -
     1     2793     0.001611      6193.3808       0.0000      2.71534     2.71534    6193.3808     2.71534      0 -
     1     2794     0.001607      6193.3808       0.0000      2.71534     2.71534    6193.3808     2.71534      0 -
     1     2795     0.001603      6193.3808       0.0000      2.71534     2.71534    6193.3808     2.71534      0 -
     1     2796       0.0016      6193.3808       0.0000      2.71534     2.71534    6193.3808     2.71534      0 -
     1     2797     0.001596      6205.6533      12.2725      2.71803     2.71803    6193.3808     2.71534      1 chain_01/itr_02797_trial_01.rho
     1     2798     0.001592      6205.6533       0.0000      2.71803     2.71803    6193.3808     2.71534      0 -
     1     2799     0.001589      6205.6533       0.0000      2.71803     2.71803    6193.3808     2.71534      0 -
     1     2800     0.001585      6205.6533       0.0000      2.71803     2.71803    6193.3808     2.71534      0 -
     1     2801     0.001581      6205.6533       0.0000      2.71803     2.71803    6193.3808     2.71534      0 -
     1     2802     0.001578      6205.6533       0.0000      2.71803     2.71803    6193.3808     2.71534      0 -
     1     2803     0.001574      6205.6533       0.0000      2.71803     2.71803    6193.3808     2.71534      0 -
     1     2804     0.001571      6205.6533       0.0000      2.71803     2.71803    6193.3808     2.71534      0 -
     1     2805     0.001567      6205.6533       0.0000      2.71803     2.71803    6193.3808     2.71534      0 -
     1     2806     0.001563      6205.6533       0.0000      2.71803     2.71803    6193.3808     2.71534      0 -
     1     2807      0.00156      6205.6533       0.0000      2.71803     2.71803    6193.3808     2.71534      0 -
     1     2808     0.001556      6205.6533       0.0000      2.71803     2.71803    6193.3808     2.71534      0 -
     1     2809     0.001553      6205.6533       0.0000      2.71803     2.71803    6193.3808     2.71534      0 -
     1     2810     0.001549      6205.6533       0.0000      2.71803     2.71803    6193.3808     2.71534      0 -
     1     2811     0.001545      6205.6533       0.0000      2.71803     2.71803    6193.3808     2.71534      0 -
     1     2812     0.001542      6227.8108      22.1575      2.72288     2.72288    6193.3808     2.71534      1 chain_01/itr_02812_trial_01.rho
     1     2813     0.001538      6227.8108       0.0000      2.72288     2.72288    6193.3808     2.71534      0 -
     1     2814     0.001535      6227.8108       0.0000      2.72288     2.72288    6193.3808     2.71534      0 -
     1     2815     0.001531      6227.8108       0.0000      2.72288     2.72288    6193.3808     2.71534      0 -
     1     2816     0.001528      6227.8108       0.0000      2.72288     2.72288    6193.3808     2.71534      0 -
     1     2817     0.001524      6227.8108       0.0000      2.72288     2.72288    6193.3808     2.71534      0 -
     1     2818     0.001521      6227.8108       0.0000      2.72288     2.72288    6193.3808     2.71534      0 -
     1     2819     0.001517      6227.8108       0.0000      2.72288     2.72288    6193.3808     2.71534      0 -
     1     2820     0.001514      6199.5163     -28.2944      2.71668     2.71668    6193.3808     2.71534      1 chain_01/itr_02820_trial_01.rho
     1     2821      0.00151      6191.5978      -7.9185      2.71495     2.71495    6191.5978     2.71495      1 chain_01/itr_02821_trial_01.rho
     1     2822     0.001507      6191.5978       0.0000      2.71495     2.71495    6191.5978     2.71495      0 -
     1     2823     0.001503      6191.5978       0.0000      2.71495     2.71495    6191.5978     2.71495      0 -
     1     2824       0.0015      6191.5978       0.0000      2.71495     2.71495    6191.5978     2.71495      0 -
     1     2825     0.001496      6191.5978       0.0000      2.71495     2.71495    6191.5978     2.71495      0 -
     1     2826     0.001493      6191.5978       0.0000      2.71495     2.71495    6191.5978     2.71495      0 -
     1     2827      0.00149      6191.5978       0.0000      2.71495     2.71495    6191.5978     2.71495      0 -
     1     2828     0.001486      6191.5978       0.0000      2.71495     2.71495    6191.5978     2.71495      0 -
     1     2829     0.001483      6191.5978       0.0000      2.71495     2.71495    6191.5978     2.71495      0 -
     1     2830     0.001479      6191.5978       0.0000      2.71495     2.71495    6191.5978     2.71495      0 -
     1     2831     0.001476      6101.4077     -90.1902      2.69510     2.69510    6101.4077     2.69510      1 chain_01/itr_02831_trial_01.rho
     1     2832     0.001473      6101.4077       0.0000      2.69510     2.69510    6101.4077     2.69510      0 -
     1     2833     0.001469      6101.4077       0.0000      2.69510     2.69510    6101.4077     2.69510      0 -
     1     2834     0.001466      6101.4077       0.0000      2.69510     2.69510    6101.4077     2.69510      0 -
     1     2835     0.001462      6101.4077       0.0000      2.69510     2.69510    6101.4077     2.69510      0 -
     1     2836     0.001459      6101.4077       0.0000      2.69510     2.69510    6101.4077     2.69510      0 -
     1     2837     0.001456      6101.4077       0.0000      2.69510     2.69510    6101.4077     2.69510      0 -
     1     2838     0.001452      6101.4077       0.0000      2.69510     2.69510    6101.4077     2.69510      0 -
     1     2839     0.001449      6101.4077       0.0000      2.69510     2.69510    6101.4077     2.69510      0 -
     1     2840     0.001446      6101.4077       0.0000      2.69510     2.69510    6101.4077     2.69510      0 -
     1     2841     0.001442      6101.4077       0.0000      2.69510     2.69510    6101.4077     2.69510      0 -
     1     2842     0.001439      6101.4077       0.0000      2.69510     2.69510    6101.4077     2.69510      0 -
     1     2843     0.001436      6101.4077       0.0000      2.69510     2.69510    6101.4077     2.69510      0 -
     1     2844     0.001432      6101.4077       0.0000      2.69510     2.69510    6101.4077     2.69510      0 -
     1     2845     0.001429      6101.4077       0.0000      2.69510     2.69510    6101.4077     2.69510      0 -
     1     2846     0.001426      6101.4077       0.0000      2.69510     2.69510    6101.4077     2.69510      0 -
     1     2847     0.001422      6029.3674     -72.0402      2.67915     2.67915    6029.3674     2.67915      1 chain_01/itr_02847_trial_01.rho
     1     2848     0.001419      6029.3674       0.0000      2.67915     2.67915    6029.3674     2.67915      0 -
     1     2849     0.001416      6029.3674       0.0000      2.67915     2.67915    6029.3674     2.67915      0 -
     1     2850     0.001413      6029.3674       0.0000      2.67915     2.67915    6029.3674     2.67915      0 -
     1     2851     0.001409      6029.3674       0.0000      2.67915     2.67915    6029.3674     2.67915      0 -
     1     2852     0.001406      6029.3674       0.0000      2.67915     2.67915    6029.3674     2.67915      0 -
     1     2853     0.001403      6029.3674       0.0000      2.67915     2.67915    6029.3674     2.67915      0 -
     1     2854       0.0014      6028.6989      -0.6686      2.67900     2.67900    6028.6989     2.67900      1 chain_01/itr_02854_trial_01.rho
     1     2855     0.001397      6028.6989       0.0000      2.67900     2.67900    6028.6989     2.67900      0 -
     1     2856     0.001393      6028.6989       0.0000      2.67900     2.67900    6028.6989     2.67900      0 -
     1     2857      0.00139      6028.6989       0.0000      2.67900     2.67900    6028.6989     2.67900      0 -
     1     2858     0.001387      6028.6989       0.0000      2.67900     2.67900    6028.6989     2.67900      0 -
     1     2859     0.001384      6028.6989       0.0000      2.67900     2.67900    6028.6989     2.67900      0 -
     1     2860     0.001381      6028.6989       0.0000      2.67900     2.67900    6028.6989     2.67900      0 -
     1     2861     0.001377      6028.6989       0.0000      2.67900     2.67900    6028.6989     2.67900      0 -
     1     2862     0.001374      6028.6989       0.0000      2.67900     2.67900    6028.6989     2.67900      0 -
     1     2863     0.001371      6028.6989       0.0000      2.67900     2.67900    6028.6989     2.67900      0 -
     1     2864     0.001368      6028.6989       0.0000      2.67900     2.67900    6028.6989     2.67900      0 -
     1     2865     0.001365      6028.6989       0.0000      2.67900     2.67900    6028.6989     2.67900      0 -
     1     2866     0.001362      6028.6989       0.0000      2.67900     2.67900    6028.6989     2.67900      0 -
     1     2867     0.001358      6028.6989       0.0000      2.67900     2.67900    6028.6989     2.67900      0 -
     1     2868     0.001355      6028.6989       0.0000      2.67900     2.67900    6028.6989     2.67900      0 -
     1     2869     0.001352      6028.6989       0.0000      2.67900     2.67900    6028.6989     2.67900      0 -
     1     2870     0.001349      6028.6989       0.0000      2.67900     2.67900    6028.6989     2.67900      0 -
     1     2871     0.001346      6028.6989       0.0000      2.67900     2.67900    6028.6989     2.67900      0 -
     1     2872     0.001343      6028.6989       0.0000      2.67900     2.67900    6028.6989     2.67900      0 -
     1     2873      0.00134      6028.6989       0.0000      2.67900     2.67900    6028.6989     2.67900      0 -
     1     2874     0.001337      6028.6989       0.0000      2.67900     2.67900    6028.6989     2.67900      0 -
     1     2875     0.001334      6028.6989       0.0000      2.67900     2.67900    6028.6989     2.67900      0 -
     1     2876     0.001331      6028.6989       0.0000      2.67900     2.67900    6028.6989     2.67900      0 -
     1     2877     0.001328      6028.6989       0.0000      2.67900     2.67900    6028.6989     2.67900      0 -
     1     2878     0.001324      6028.6989       0.0000      2.67900     2.67900    6028.6989     2.67900      0 -
     1     2879     0.001321      6028.6989       0.0000      2.67900     2.67900    6028.6989     2.67900      0 -
     1     2880     0.001318      6028.6989       0.0000      2.67900     2.67900    6028.6989     2.67900      0 -
     1     2881     0.001315      6028.6989       0.0000      2.67900     2.67900    6028.6989     2.67900      0 -
     1     2882     0.001312      6028.6989       0.0000      2.67900     2.67900    6028.6989     2.67900      0 -
     1     2883     0.001309      6028.6989       0.0000      2.67900     2.67900    6028.6989     2.67900      0 -
     1     2884     0.001306      6028.6989       0.0000      2.67900     2.67900    6028.6989     2.67900      0 -
     1     2885     0.001303      6028.6989       0.0000      2.67900     2.67900    6028.6989     2.67900      0 -
     1     2886       0.0013      6028.6989       0.0000      2.67900     2.67900    6028.6989     2.67900      0 -
     1     2887     0.001297      6028.6989       0.0000      2.67900     2.67900    6028.6989     2.67900      0 -
     1     2888     0.001294      6028.6989       0.0000      2.67900     2.67900    6028.6989     2.67900      0 -
     1     2889     0.001291      6028.6989       0.0000      2.67900     2.67900    6028.6989     2.67900      0 -
     1     2890     0.001288      6028.6989       0.0000      2.67900     2.67900    6028.6989     2.67900      0 -
     1     2891     0.001285      6023.9507      -4.7482      2.67794     2.67794    6023.9507     2.67794      1 chain_01/itr_02891_trial_01.rho
     1     2892     0.001282      6023.9507       0.0000      2.67794     2.67794    6023.9507     2.67794      0 -
     1     2893     0.001279      6023.9507       0.0000      2.67794     2.67794    6023.9507     2.67794      0 -
     1     2894     0.001277      6023.9507       0.0000      2.67794     2.67794    6023.9507     2.67794      0 -
     1     2895     0.001274      6023.9507       0.0000      2.67794     2.67794    6023.9507     2.67794      0 -
     1     2896     0.001271      6023.9507       0.0000      2.67794     2.67794    6023.9507     2.67794      0 -
     1     2897     0.001268      6026.6168       2.6661      2.67853     2.67853    6023.9507     2.67794      1 chain_01/itr_02897_trial_01.rho
     1     2898     0.001265      5949.3040     -77.3128      2.66130     2.66130    5949.3040     2.66130      1 chain_01/itr_02898_trial_01.rho
     1     2899     0.001262      5949.3040       0.0000      2.66130     2.66130    5949.3040     2.66130      0 -
     1     2900     0.001259      5949.3040       0.0000      2.66130     2.66130    5949.3040     2.66130      0 -
     1     2901     0.001256      5949.3040       0.0000      2.66130     2.66130    5949.3040     2.66130      0 -
     1     2902     0.001253      5949.3040       0.0000      2.66130     2.66130    5949.3040     2.66130      0 -
     1     2903      0.00125      5949.3040       0.0000      2.66130     2.66130    5949.3040     2.66130      0 -
     1     2904     0.001247      5949.3040       0.0000      2.66130     2.66130    5949.3040     2.66130      0 -
     1     2905     0.001245      5949.3040       0.0000      2.66130     2.66130    5949.3040     2.66130      0 -
     1     2906     0.001242      5949.3040       0.0000      2.66130     2.66130    5949.3040     2.66130      0 -
     1     2907     0.001239      5949.3040       0.0000      2.66130     2.66130    5949.3040     2.66130      0 -
     1     2908     0.001236      5949.3040       0.0000      2.66130     2.66130    5949.3040     2.66130      0 -
     1     2909     0.001233      5949.3040       0.0000      2.66130     2.66130    5949.3040     2.66130      0 -
     1     2910      0.00123      5949.3040       0.0000      2.66130     2.66130    5949.3040     2.66130      0 -
     1     2911     0.001228      5949.3040       0.0000      2.66130     2.66130    5949.3040     2.66130      0 -
     1     2912     0.001225      5949.3040       0.0000      2.66130     2.66130    5949.3040     2.66130      0 -
     1     2913     0.001222      5949.3040       0.0000      2.66130     2.66130    5949.3040     2.66130      0 -
     1     2914     0.001219      5948.6218      -0.6822      2.66114     2.66114    5948.6218     2.66114      1 chain_01/itr_02914_trial_01.rho
     1     2915     0.001216      5948.6218       0.0000      2.66114     2.66114    5948.6218     2.66114      0 -
     1     2916     0.001213      5877.5931     -71.0287      2.64521     2.64521    5877.5931     2.64521      1 chain_01/itr_02916_trial_01.rho
     1     2917     0.001211      5877.6405       0.0474      2.64522     2.64522    5877.5931     2.64521      1 chain_01/itr_02917_trial_01.rho
     1     2918     0.001208      5877.6405       0.0000      2.64522     2.64522    5877.5931     2.64521      0 -
     1     2919     0.001205      5877.6405       0.0000      2.64522     2.64522    5877.5931     2.64521      0 -
     1     2920     0.001202      5877.6405       0.0000      2.64522     2.64522    5877.5931     2.64521      0 -
     1     2921       0.0012      5877.6405       0.0000      2.64522     2.64522    5877.5931     2.64521      0 -
     1     2922     0.001197      5877.6405       0.0000      2.64522     2.64522    5877.5931     2.64521      0 -
     1     2923     0.001194      5877.6405       0.0000      2.64522     2.64522    5877.5931     2.64521      0 -
     1     2924     0.001191      5877.6405       0.0000      2.64522     2.64522    5877.5931     2.64521      0 -
     1     2925     0.001189      5877.6405       0.0000      2.64522     2.64522    5877.5931     2.64521      0 -
     1     2926     0.001186      5877.6405       0.0000      2.64522     2.64522    5877.5931     2.64521      0 -
     1     2927     0.001183      5877.6405       0.0000      2.64522     2.64522    5877.5931     2.64521      0 -
     1     2928      0.00118      5877.6405       0.0000      2.64522     2.64522    5877.5931     2.64521      0 -
     1     2929     0.001178      5877.6405       0.0000      2.64522     2.64522    5877.5931     2.64521      0 -
     1     2930     0.001175      5877.6405       0.0000      2.64522     2.64522    5877.5931     2.64521      0 -
     1     2931     0.001172      5877.6405       0.0000      2.64522     2.64522    5877.5931     2.64521      0 -
     1     2932      0.00117      5877.6405       0.0000      2.64522     2.64522    5877.5931     2.64521      0 -
     1     2933     0.001167      5877.6405       0.0000      2.64522     2.64522    5877.5931     2.64521      0 -
     1     2934     0.001164      5877.6405       0.0000      2.64522     2.64522    5877.5931     2.64521      0 -
     1     2935     0.001162      5877.6405       0.0000      2.64522     2.64522    5877.5931     2.64521      0 -
     1     2936     0.001159      5877.6405       0.0000      2.64522     2.64522    5877.5931     2.64521      0 -
     1     2937     0.001156      5877.6405       0.0000      2.64522     2.64522    5877.5931     2.64521      0 -
     1     2938     0.001154      5877.6405       0.0000      2.64522     2.64522    5877.5931     2.64521      0 -
     1     2939     0.001151      5877.6405       0.0000      2.64522     2.64522    5877.5931     2.64521      0 -
     1     2940     0.001148      5877.6405       0.0000      2.64522     2.64522    5877.5931     2.64521      0 -
     1     2941     0.001146      5877.6405       0.0000      2.64522     2.64522    5877.5931     2.64521      0 -
     1     2942     0.001143      5877.6405       0.0000      2.64522     2.64522    5877.5931     2.64521      0 -
     1     2943      0.00114      5877.6405       0.0000      2.64522     2.64522    5877.5931     2.64521      0 -
     1     2944     0.001138      5877.6405       0.0000      2.64522     2.64522    5877.5931     2.64521      0 -
     1     2945     0.001135      5877.6405       0.0000      2.64522     2.64522    5877.5931     2.64521      0 -
     1     2946     0.001132      5877.6405       0.0000      2.64522     2.64522    5877.5931     2.64521      0 -
     1     2947      0.00113      5877.6405       0.0000      2.64522     2.64522    5877.5931     2.64521      0 -
     1     2948     0.001127      5877.6405       0.0000      2.64522     2.64522    5877.5931     2.64521      0 -
     1     2949     0.001125      5877.6405       0.0000      2.64522     2.64522    5877.5931     2.64521      0 -
     1     2950     0.001122      5877.6405       0.0000      2.64522     2.64522    5877.5931     2.64521      0 -
     1     2951     0.001119      5883.7622       6.1217      2.64660     2.64660    5877.5931     2.64521      1 chain_01/itr_02951_trial_01.rho
     1     2952     0.001117      5883.7622       0.0000      2.64660     2.64660    5877.5931     2.64521      0 -
     1     2953     0.001114      5883.7622       0.0000      2.64660     2.64660    5877.5931     2.64521      0 -
     1     2954     0.001112      5883.7622       0.0000      2.64660     2.64660    5877.5931     2.64521      0 -
     1     2955     0.001109      5883.7622       0.0000      2.64660     2.64660    5877.5931     2.64521      0 -
     1     2956     0.001107      5883.7622       0.0000      2.64660     2.64660    5877.5931     2.64521      0 -
     1     2957     0.001104      5883.7622       0.0000      2.64660     2.64660    5877.5931     2.64521      0 -
     1     2958     0.001102      5883.7622       0.0000      2.64660     2.64660    5877.5931     2.64521      0 -
     1     2959     0.001099      5883.7622       0.0000      2.64660     2.64660    5877.5931     2.64521      0 -
     1     2960     0.001097      5883.7622       0.0000      2.64660     2.64660    5877.5931     2.64521      0 -
     1     2961     0.001094      5883.7622       0.0000      2.64660     2.64660    5877.5931     2.64521      0 -
     1     2962     0.001091      5866.8516     -16.9106      2.64279     2.64279    5866.8516     2.64279      1 chain_01/itr_02962_trial_01.rho
     1     2963     0.001089      5866.8516       0.0000      2.64279     2.64279    5866.8516     2.64279      0 -
     1     2964     0.001086      5866.8516       0.0000      2.64279     2.64279    5866.8516     2.64279      0 -
     1     2965     0.001084      5866.8516       0.0000      2.64279     2.64279    5866.8516     2.64279      0 -
     1     2966     0.001081      5866.8516       0.0000      2.64279     2.64279    5866.8516     2.64279      0 -
     1     2967     0.001079      5866.8516       0.0000      2.64279     2.64279    5866.8516     2.64279      0 -
     1     2968     0.001076      5866.8516       0.0000      2.64279     2.64279    5866.8516     2.64279      0 -
     1     2969     0.001074      5866.8516       0.0000      2.64279     2.64279    5866.8516     2.64279      0 -
     1     2970     0.001072      5866.8516       0.0000      2.64279     2.64279    5866.8516     2.64279      0 -
     1     2971     0.001069      5866.8516       0.0000      2.64279     2.64279    5866.8516     2.64279      0 -
     1     2972     0.001067      5866.8516       0.0000      2.64279     2.64279    5866.8516     2.64279      0 -
     1     2973     0.001064      5866.8516       0.0000      2.64279     2.64279    5866.8516     2.64279      0 -
     1     2974     0.001062      5866.8516       0.0000      2.64279     2.64279    5866.8516     2.64279      0 -
     1     2975     0.001059      5866.8516       0.0000      2.64279     2.64279    5866.8516     2.64279      0 -
     1     2976     0.001057      5866.8516       0.0000      2.64279     2.64279    5866.8516     2.64279      0 -
     1     2977     0.001054      5866.8516       0.0000      2.64279     2.64279    5866.8516     2.64279      0 -
     1     2978     0.001052      5866.8516       0.0000      2.64279     2.64279    5866.8516     2.64279      0 -
     1     2979      0.00105      5866.8516       0.0000      2.64279     2.64279    5866.8516     2.64279      0 -
     1     2980     0.001047      5866.8516       0.0000      2.64279     2.64279    5866.8516     2.64279      0 -
     1     2981     0.001045      5866.8516       0.0000      2.64279     2.64279    5866.8516     2.64279      0 -
     1     2982     0.001042      5866.8516       0.0000      2.64279     2.64279    5866.8516     2.64279      0 -
     1     2983      0.00104      5856.7147     -10.1368      2.64051     2.64051    5856.7147     2.64051      1 chain_01/itr_02983_trial_01.rho
     1     2984     0.001038      5856.7147       0.0000      2.64051     2.64051    5856.7147     2.64051      0 -
     1     2985     0.001035      5856.7147       0.0000      2.64051     2.64051    5856.7147     2.64051      0 -
     1     2986     0.001033      5856.7147       0.0000      2.64051     2.64051    5856.7147     2.64051      0 -
     1     2987      0.00103      5856.7147       0.0000      2.64051     2.64051    5856.7147     2.64051      0 -
     1     2988     0.001028      5856.7147       0.0000      2.64051     2.64051    5856.7147     2.64051      0 -
     1     2989     0.001026      5856.7147       0.0000      2.64051     2.64051    5856.7147     2.64051      0 -
     1     2990     0.001023      5856.7147       0.0000      2.64051     2.64051    5856.7147     2.64051      0 -
     1     2991     0.001021      5856.7147       0.0000      2.64051     2.64051    5856.7147     2.64051      0 -
     1     2992     0.001019      5856.7147       0.0000      2.64051     2.64051    5856.7147     2.64051      0 -
     1     2993     0.001016      5856.7147       0.0000      2.64051     2.64051    5856.7147     2.64051      0 -
     1     2994     0.001014      5856.7147       0.0000      2.64051     2.64051    5856.7147     2.64051      0 -
     1     2995     0.001012      5856.7147       0.0000      2.64051     2.64051    5856.7147     2.64051      0 -
     1     2996     0.001009      5856.7147       0.0000      2.64051     2.64051    5856.7147     2.64051      0 -
     1     2997     0.001007      5856.7147       0.0000      2.64051     2.64051    5856.7147     2.64051      0 -
     1     2998     0.001005      5856.7147       0.0000      2.64051     2.64051    5856.7147     2.64051      0 -
     1     2999     0.001002      5856.7147       0.0000      2.64051     2.64051    5856.7147     2.64051      0 -
     1     3000        0.001      5856.7147       0.0000      2.64051     2.64051    5856.7147     2.64051      0 -
